brand_code,machine_name_ko,machine_name_en,verified_model,verification_status,manufacturer,product_series,source_url,verified_structure,verified_adjustments,exercise_tip,exercise_tip_en
ATLANTIS,체스트 프레스,Chest Press,P140 Seated Converging Chest Press,VERIFIED,Atlantis Strength,Precision Series,https://atlantisstrength.com/app/uploads/2024/08/atlantis_catalog_strength_july-2024.pdf,Atlantis P140 Seated Converging Chest Press는 셀렉터라이즈드 수렴형 체스트 프레스입니다,"시트 높이, 시작 각도, 핀 스택","🏋️ ATLANTIS — P140 Seated Converging Chest Press · Precision Series

🎯 ONE KEY CUE
🔥 ""견갑을 고정하고 손잡이를 중앙으로 모으며 밀기""

Atlantis P140 Seated Converging Chest Press는 셀렉터라이즈드 수렴형 체스트 프레스. 안쪽으로 모이는 · 셀렉터 스택 · Atlantis plate/selector 구조입니다. 처음부터 무게 올리지 말고, 세팅부터 잡으세요.

---

⚙️ ① 기구 세팅
🪑 좌석 / 패드
시트 높이를 몸에 맞추세요. 시작 위치가 어깨·관절에 자연스럽게 오는지 확인합니다.
🤲 그립 / 손 위치
손잡이를 편안한 너비로 잡으세요. 손목이 꺾이지 않게 합니다.
⚙️ 조절 포인트
시트 높이, 시작 각도, 핀 스택을 확인하세요.

---

💪 ② 시작 자세
등과 골반을 패드에 붙이고, 손잡이가 가슴 높이에 오게 잡습니다.
이 자세에서 이것만 확인하세요.
👉 등이 패드에서 뜨지 않는지

---

🔥 ③ 운동 방법
손잡이를 앞·안쪽으로 밀었다가 천천히 복귀.
손잡이가 직선으로만 가는 게 아닙니다. 기구가 만들어 주는 안쪽 궤적을 그대로 타세요. 억지로 모으지 마세요.

---

💥 ④ 최고 수축
팔꿈치가 앞으로 나가 가슴이 수축되는 지점에서 멈춥니다. 어깨를 더 밀지 마세요.
⏱️ 1초 STOP
튕기지 말고 그 지점에서 1초만 소유하세요. 무게를 놓는 순간이 아닙니다.

---

🐌 ⑤ 천천히 돌아오기
중량을 그냥 놓지 마세요.
2~3초 동안 통제하면서 복귀합니다.
시작 자세로 돌아갈 때도 같은 궤적을 유지하세요.

---

❌ 흔한 실수
❌ 어깨를 앞으로 말며 반동으로 미는 것
템포를 늦추고 같은 궤적만 반복하세요.
❌ 허리를 과하게 아치해 가슴 대신 요추로 미는 것
깊이보다 골반 고정이 먼저입니다. 허리가 뜨면 범위를 줄이세요.
❌ 끝에서 어깨를 더 밀어 넣는 것
자세가 무너지면 무게를 낮추세요.

---

💡 MACHINE FIT PRO TIP
🔥 손잡이가 가운데로 모이는 궤적이 설계입니다. 평행으로만 밀려고 버티지 말고, 기구가 안내하는 수렴 경로를 그대로 타세요.

---

🎯 MACHINE FIT CHECK
🟢 시트/패드 → 몸에 맞춤
🟢 팔꿈치 → 미는/드는 방향
🟢 어깨 → 으쓱하지 않기
🟢 복귀 → 2~3초 통제

### 🔥 이것만 기억하세요

""견갑을 고정하고 손잡이를 중앙으로 모으며 밀기. 끝에서 1초, 복귀는 통제.""","🏋️ ATLANTIS — P140 Seated Converging Chest Press · Precision Series

🎯 ONE KEY CUE
🔥 ""Set scapulae and press handles converging to center""

Atlantis P140 Seated Converging Chest Press는 셀렉터라이즈드 수렴형 체스트 프레스입니다 Lean into the converging path / selectorized stack / Atlantis plate/selector design. Do not chase load until the setup feels locked in.

---

⚙️ ① Setup
🪑 Seat / pads
Fit the seat to your body so the start position sits naturally on the working joint.
🤲 Grip / hands
Take a comfortable grip width and keep the wrists stacked, not bent.
⚙️ Adjustments
Check 시트 높이, 시작 각도, 핀 스택.

---

💪 ② Start position
Pin back and pelvis to the pad with the handles at chest height.
Check only this:
👉 Back still on the pad

---

🔥 ③ Execution
The handles are not a straight line — ride the converging path. Do not force them together.
Press out on the machine path, then return under control.

---

💥 ④ Peak contraction
Stop where the chest is contracted — do not dump the shoulders farther forward.
⏱️ 1-second STOP
Own that position for one second. This is not where you dump the weight.

---

🐌 ⑤ Controlled return
Do not dump the load.
Take 2–3 seconds on the way back.
Return on the same path you pressed or pulled.

---

❌ Common mistakes
❌ Dumping the shoulders forward and bouncing the press
Slow the tempo and repeat one clean path.
❌ Over-arching so the low back takes over
If position breaks, cut the load.
❌ Shoving the shoulders farther at lockout
If position breaks, cut the load.

---

💡 MACHINE FIT PRO TIP
🔥 The machine is built to converge. Stop forcing a parallel press — ride the path it gives you.

---

🎯 MACHINE FIT CHECK
🟢 Seat/pad → fitted
🟢 Elbows → press/raise direction
🟢 Shoulders → not shrugged
🟢 Return → 2–3 sec control

### 🔥 Remember this

""Set scapulae and press handles converging to center. One-second peak, controlled return."""
ATLANTIS,인클라인 체스트 프레스,Incline Chest Press,P143 Incline Converging Chest Press,VERIFIED,Atlantis Strength,Precision Series,https://atlantisstrength.com/app/uploads/2024/08/atlantis_catalog_strength_july-2024.pdf,Atlantis P143 Incline Converging Chest Press는 인클라인 수렴 프레스입니다,"시트, 시작 위치, 핀 스택","🏋️ ATLANTIS — P143 Incline Converging Chest Press · Precision Series

🎯 ONE KEY CUE
🔥 ""상부 흉근 방향으로 대각선 위·앞으로 밀기""

Atlantis P143 Incline Converging Chest Press는 인클라인 수렴 프레스. 안쪽으로 모이는 · Atlantis plate/selector 구조입니다. 처음부터 무게 올리지 말고, 세팅부터 잡으세요.

---

⚙️ ① 기구 세팅
🪑 좌석 / 패드
시트를 몸에 맞추세요. 시작 위치가 어깨·관절에 자연스럽게 오는지 확인합니다.
🤲 그립 / 손 위치
손잡이를 편안한 너비로 잡으세요. 손목이 꺾이지 않게 합니다.
⚙️ 조절 포인트
시트, 시작 위치, 핀 스택을 확인하세요.

---

💪 ② 시작 자세
등과 골반을 패드에 붙이고, 손잡이가 가슴 높이에 오게 잡습니다.
이 자세에서 이것만 확인하세요.
👉 등이 패드에서 뜨지 않는지

---

🔥 ③ 운동 방법
인클라인 각도에서 손잡이를 위·앞으로 밀었다 복귀.
손잡이가 직선으로만 가는 게 아닙니다. 기구가 만들어 주는 안쪽 궤적을 그대로 타세요. 억지로 모으지 마세요.

---

💥 ④ 최고 수축
팔꿈치가 앞으로 나가 가슴이 수축되는 지점에서 멈춥니다. 어깨를 더 밀지 마세요.
⏱️ 1초 STOP
튕기지 말고 그 지점에서 1초만 소유하세요. 무게를 놓는 순간이 아닙니다.

---

🐌 ⑤ 천천히 돌아오기
중량을 그냥 놓지 마세요.
2~3초 동안 통제하면서 복귀합니다.
시작 자세로 돌아갈 때도 같은 궤적을 유지하세요.

---

❌ 흔한 실수
❌ 허리를 과도하게 아치해 요추에 힘을 주는
깊이보다 골반 고정이 먼저입니다. 허리가 뜨면 범위를 줄이세요.
❌ 어깨를 앞으로 말며 반동으로 미는 것
템포를 늦추고 같은 궤적만 반복하세요.
❌ 허리를 과하게 아치해 가슴 대신 요추로 미는 것
깊이보다 골반 고정이 먼저입니다. 허리가 뜨면 범위를 줄이세요.
❌ 끝에서 어깨를 더 밀어 넣는 것
자세가 무너지면 무게를 낮추세요.

---

💡 MACHINE FIT PRO TIP
🔥 손잡이가 가운데로 모이는 궤적이 설계입니다. 평행으로만 밀려고 버티지 말고, 기구가 안내하는 수렴 경로를 그대로 타세요.

---

🎯 MACHINE FIT CHECK
🟢 시트/패드 → 몸에 맞춤
🟢 팔꿈치 → 미는/드는 방향
🟢 어깨 → 으쓱하지 않기
🟢 복귀 → 2~3초 통제

### 🔥 이것만 기억하세요

""상부 흉근 방향으로 대각선 위·앞으로 밀기. 끝에서 1초, 복귀는 통제.""","🏋️ ATLANTIS — P143 Incline Converging Chest Press · Precision Series

🎯 ONE KEY CUE
🔥 ""Press up and forward toward the upper chest""

Atlantis P143 Incline Converging Chest Press는 인클라인 수렴 프레스입니다 Lean into the converging path / Atlantis plate/selector design. Do not chase load until the setup feels locked in.

---

⚙️ ① Setup
🪑 Seat / pads
Fit the seat to your body so the start position sits naturally on the working joint.
🤲 Grip / hands
Take a comfortable grip width and keep the wrists stacked, not bent.
⚙️ Adjustments
Check 시트, 시작 위치, 핀 스택.

---

💪 ② Start position
Pin back and pelvis to the pad with the handles at chest height.
Check only this:
👉 Back still on the pad

---

🔥 ③ Execution
The handles are not a straight line — ride the converging path. Do not force them together.
Press out on the machine path, then return under control.

---

💥 ④ Peak contraction
Stop where the chest is contracted — do not dump the shoulders farther forward.
⏱️ 1-second STOP
Own that position for one second. This is not where you dump the weight.

---

🐌 ⑤ Controlled return
Do not dump the load.
Take 2–3 seconds on the way back.
Return on the same path you pressed or pulled.

---

❌ Common mistakes
❌ Dumping the shoulders forward and bouncing the press
Slow the tempo and repeat one clean path.
❌ Over-arching so the low back takes over
If position breaks, cut the load.
❌ Shoving the shoulders farther at lockout
If position breaks, cut the load.

---

💡 MACHINE FIT PRO TIP
🔥 The machine is built to converge. Stop forcing a parallel press — ride the path it gives you.

---

🎯 MACHINE FIT CHECK
🟢 Seat/pad → fitted
🟢 Elbows → press/raise direction
🟢 Shoulders → not shrugged
🟢 Return → 2–3 sec control

### 🔥 Remember this

""Press up and forward toward the upper chest. One-second peak, controlled return."""
ATLANTIS,디클라인 체스트 프레스,Decline Chest Press,PW739 Decline Vertical Chest Press,VERIFIED,Atlantis Strength,Power Series,https://atlantisstrength.com/app/uploads/2024/08/atlantis_catalog_strength_july-2024.pdf,Atlantis PW739 Decline Vertical Chest Press는 플레이트로드 디클라인 체스트입니다,"시트/백패드, 시작 위치, 양쪽 플레이트","🏋️ ATLANTIS — PW739 Decline Vertical Chest Press · Power Series

🎯 ONE KEY CUE
🔥 ""하부 가슴을 향해 아래·앞으로 밀기""

Atlantis PW739 Decline Vertical Chest Press는 플레이트로드 디클라인 체스트. 플레이트 로딩 · Atlantis plate/selector 구조입니다. 처음부터 무게 올리지 말고, 세팅부터 잡으세요.

---

⚙️ ① 기구 세팅
🪑 좌석 / 패드
시트를 몸에 맞추세요. 시작 위치가 어깨·관절에 자연스럽게 오는지 확인합니다.
🤲 그립 / 손 위치
손잡이를 편안한 너비로 잡으세요. 손목이 꺾이지 않게 합니다.
⚙️ 조절 포인트
시트/백패드, 시작 위치, 양쪽 플레이트를 확인하세요. 양쪽 플레이트를 동일하게 맞추고, 한쪽만 먼저 올리지 마세요.

---

💪 ② 시작 자세
등과 골반을 패드에 붙이고, 손잡이가 가슴 높이에 오게 잡습니다.
이 자세에서 이것만 확인하세요.
👉 등이 패드에서 뜨지 않는지

---

🔥 ③ 운동 방법
디클라인 각도에서 손잡이를 아래·앞으로 밀었다 복귀.
손보다 팔꿈치를 앞(또는 위)으로 보내는 느낌으로 미세요. 끝에서 어깨를 앞으로 밀어 넣지 마세요.

---

💥 ④ 최고 수축
팔꿈치가 앞으로 나가 가슴이 수축되는 지점에서 멈춥니다. 어깨를 더 밀지 마세요.
⏱️ 1초 STOP
튕기지 말고 그 지점에서 1초만 소유하세요. 무게를 놓는 순간이 아닙니다.

---

🐌 ⑤ 천천히 돌아오기
중량을 그냥 놓지 마세요.
2~3초 동안 통제하면서 복귀합니다.
시작 자세로 돌아갈 때도 같은 궤적을 유지하세요.

---

❌ 흔한 실수
❌ 팔꿈치를 과하게 벌려 어깨에 부하를 주는
자세가 무너지면 무게를 낮추세요.
❌ 어깨를 앞으로 말며 반동으로 미는 것
템포를 늦추고 같은 궤적만 반복하세요.
❌ 허리를 과하게 아치해 가슴 대신 요추로 미는 것
깊이보다 골반 고정이 먼저입니다. 허리가 뜨면 범위를 줄이세요.
❌ 끝에서 어깨를 더 밀어 넣는 것
자세가 무너지면 무게를 낮추세요.
❌ 양쪽 플레이트 무게를 다르게 올리는 것
양쪽을 맞춘 뒤 가벼운 세트로 좌우를 확인하세요.

---

💡 MACHINE FIT PRO TIP
🔥 PW739 Decline Vertical Chest Press은 플레이트 로딩입니다. 좌우 원판을 동일하게 맞추고, 첫 세트는 궤적·좌우 대칭만 확인한 다음 무게를 올리세요.

---

🎯 MACHINE FIT CHECK
🟢 시트/패드 → 몸에 맞춤
🟢 팔꿈치 → 미는/드는 방향
🟢 원판 → 좌우 동일
🟢 복귀 → 2~3초 통제

### 🔥 이것만 기억하세요

""하부 가슴을 향해 아래·앞으로 밀기. 끝에서 1초, 복귀는 통제.""","🏋️ ATLANTIS — PW739 Decline Vertical Chest Press · Power Series

🎯 ONE KEY CUE
🔥 ""Press down and forward toward the lower chest""

Atlantis PW739 Decline Vertical Chest Press는 플레이트로드 디클라인 체스트입니다 Lean into the plate-loaded / Atlantis plate/selector design. Do not chase load until the setup feels locked in.

---

⚙️ ① Setup
🪑 Seat / pads
Fit the seat to your body so the start position sits naturally on the working joint.
🤲 Grip / hands
Take a comfortable grip width and keep the wrists stacked, not bent.
⚙️ Adjustments
Check 시트/백패드, 시작 위치, 양쪽 플레이트. Match plates on both sides — do not load one arm first.

---

💪 ② Start position
Pin back and pelvis to the pad with the handles at chest height.
Check only this:
👉 Back still on the pad

---

🔥 ③ Execution
Press by driving the elbows forward/up. Do not dump the shoulders forward at lockout.
Press out on the machine path, then return under control.

---

💥 ④ Peak contraction
Stop where the chest is contracted — do not dump the shoulders farther forward.
⏱️ 1-second STOP
Own that position for one second. This is not where you dump the weight.

---

🐌 ⑤ Controlled return
Do not dump the load.
Take 2–3 seconds on the way back.
Return on the same path you pressed or pulled.

---

❌ Common mistakes
❌ Dumping the shoulders forward and bouncing the press
Slow the tempo and repeat one clean path.
❌ Over-arching so the low back takes over
If position breaks, cut the load.
❌ Shoving the shoulders farther at lockout
If position breaks, cut the load.
❌ Loading unequal plates
Match both sides, then confirm with a light set.

---

💡 MACHINE FIT PRO TIP
🔥 PW739 Decline Vertical Chest Press is plate-loaded. Match plates, confirm path and left-right symmetry on set one, then add load.

---

🎯 MACHINE FIT CHECK
🟢 Seat/pad → fitted
🟢 Elbows → press/raise direction
🟢 Plates → matched
🟢 Return → 2–3 sec control

### 🔥 Remember this

""Press down and forward toward the lower chest. One-second peak, controlled return."""
ATLANTIS,컨버징 체스트 프레스,Converging Chest Press,P140 Seated Converging Chest Press,VERIFIED,Atlantis Strength,Precision Series,https://atlantisstrength.com/app/uploads/2024/08/atlantis_catalog_strength_july-2024.pdf,Atlantis P140은 Seated Converging Chest Press로 수렴 궤적이 핵심입니다,"시트, 암 시작폭, 핀 스택","🏋️ ATLANTIS — P140 Seated Converging Chest Press · Precision Series

🎯 ONE KEY CUE
🔥 ""넓은 시작에서 중앙으로 수렴하며 밀기""

Atlantis P140은 Seated Converging Chest Press로 수렴 궤적이 핵심. 안쪽으로 모이는 · Atlantis plate/selector 구조입니다. 처음부터 무게 올리지 말고, 세팅부터 잡으세요.

---

⚙️ ① 기구 세팅
🪑 좌석 / 패드
시트를 몸에 맞추세요. 시작 위치가 어깨·관절에 자연스럽게 오는지 확인합니다.
🤲 그립 / 손 위치
손잡이를 편안한 너비로 잡으세요. 손목이 꺾이지 않게 합니다.
⚙️ 조절 포인트
시트, 암 시작폭, 핀 스택을 확인하세요.

---

💪 ② 시작 자세
등과 골반을 패드에 붙이고, 손잡이가 가슴 높이에 오게 잡습니다.
이 자세에서 이것만 확인하세요.
👉 등이 패드에서 뜨지 않는지

---

🔥 ③ 운동 방법
양팔이 바깥에서 안쪽으로 모이며 프레스.
손잡이가 직선으로만 가는 게 아닙니다. 기구가 만들어 주는 안쪽 궤적을 그대로 타세요. 억지로 모으지 마세요.

---

💥 ④ 최고 수축
팔꿈치가 앞으로 나가 가슴이 수축되는 지점에서 멈춥니다. 어깨를 더 밀지 마세요.
⏱️ 1초 STOP
튕기지 말고 그 지점에서 1초만 소유하세요. 무게를 놓는 순간이 아닙니다.

---

🐌 ⑤ 천천히 돌아오기
중량을 그냥 놓지 마세요.
2~3초 동안 통제하면서 복귀합니다.
시작 자세로 돌아갈 때도 같은 궤적을 유지하세요.

---

❌ 흔한 실수
❌ 평행으로만 밀어 수렴 궤적을 무시하는
자세가 무너지면 무게를 낮추세요.
❌ 어깨를 앞으로 말며 반동으로 미는 것
템포를 늦추고 같은 궤적만 반복하세요.
❌ 허리를 과하게 아치해 가슴 대신 요추로 미는 것
깊이보다 골반 고정이 먼저입니다. 허리가 뜨면 범위를 줄이세요.
❌ 끝에서 어깨를 더 밀어 넣는 것
자세가 무너지면 무게를 낮추세요.

---

💡 MACHINE FIT PRO TIP
🔥 손잡이가 가운데로 모이는 궤적이 설계입니다. 평행으로만 밀려고 버티지 말고, 기구가 안내하는 수렴 경로를 그대로 타세요.

---

🎯 MACHINE FIT CHECK
🟢 시트/패드 → 몸에 맞춤
🟢 팔꿈치 → 미는/드는 방향
🟢 어깨 → 으쓱하지 않기
🟢 복귀 → 2~3초 통제

### 🔥 이것만 기억하세요

""넓은 시작에서 중앙으로 수렴하며 밀기. 끝에서 1초, 복귀는 통제.""","🏋️ ATLANTIS — P140 Seated Converging Chest Press · Precision Series

🎯 ONE KEY CUE
🔥 ""Start wide and converge toward center chest""

Atlantis P140은 Seated Converging Chest Press로 수렴 궤적이 핵심입니다 Lean into the converging path / Atlantis plate/selector design. Do not chase load until the setup feels locked in.

---

⚙️ ① Setup
🪑 Seat / pads
Fit the seat to your body so the start position sits naturally on the working joint.
🤲 Grip / hands
Take a comfortable grip width and keep the wrists stacked, not bent.
⚙️ Adjustments
Check 시트, 암 시작폭, 핀 스택.

---

💪 ② Start position
Pin back and pelvis to the pad with the handles at chest height.
Check only this:
👉 Back still on the pad

---

🔥 ③ Execution
The handles are not a straight line — ride the converging path. Do not force them together.
Press out on the machine path, then return under control.

---

💥 ④ Peak contraction
Stop where the chest is contracted — do not dump the shoulders farther forward.
⏱️ 1-second STOP
Own that position for one second. This is not where you dump the weight.

---

🐌 ⑤ Controlled return
Do not dump the load.
Take 2–3 seconds on the way back.
Return on the same path you pressed or pulled.

---

❌ Common mistakes
❌ Dumping the shoulders forward and bouncing the press
Slow the tempo and repeat one clean path.
❌ Over-arching so the low back takes over
If position breaks, cut the load.
❌ Shoving the shoulders farther at lockout
If position breaks, cut the load.

---

💡 MACHINE FIT PRO TIP
🔥 The machine is built to converge. Stop forcing a parallel press — ride the path it gives you.

---

🎯 MACHINE FIT CHECK
🟢 Seat/pad → fitted
🟢 Elbows → press/raise direction
🟢 Shoulders → not shrugged
🟢 Return → 2–3 sec control

### 🔥 Remember this

""Start wide and converge toward center chest. One-second peak, controlled return."""
ATLANTIS,아이소래터럴 체스트 프레스,Iso-Lateral Chest Press,P140 Seated Converging Chest Press / PW737 Vertical Chest Press,PARTIALLY_VERIFIED,Atlantis Strength,Precision / Power Series,https://atlantisstrength.com/app/uploads/2024/08/atlantis_catalog_strength_july-2024.pdf,전용 Iso-Lateral 명칭 SKU는 없고 독립 암 수렴 프레스(P140·PW737)가 가장 가깝습니다,"시트, 좌·우 암, 스택/플레이트","🏋️ ATLANTIS — P140 Seated Converging Chest Press / PW737 Vertical Chest Press · Precision / Power Series

🎯 ONE KEY CUE
🔥 ""좌우를 같은 속도로 밀며 불균형 확인""

전용 Iso-Lateral 명칭 SKU는 없고 독립 암 수렴 프레스(P140·PW737)가 가장 가깝습니다. 좌우가 독립으로 움직이는 · 안쪽으로 모이는 · Atlantis plate/selector 구조입니다. 처음부터 무게 올리지 말고, 세팅부터 잡으세요.

---

⚙️ ① 기구 세팅
🪑 좌석 / 패드
시트를 몸에 맞추세요. 시작 위치가 어깨·관절에 자연스럽게 오는지 확인합니다.
🤲 그립 / 손 위치
양손잡이 높이가 좌우 같은지 먼저 보세요. 독립 암이라 한쪽만 어긋나도 바로 느껴집니다.
⚙️ 조절 포인트
시트, 좌·우 암, 스택/플레이트를 확인하세요. 좌우 시작 위치가 같은지도 같이 봅니다.
이 카테고리는 공식 명칭이 겹칠 수 있으니, 헬스장 기구의 실제 레버·패드 배치를 우선하세요.

---

💪 ② 시작 자세
등과 골반을 패드에 붙이고, 손잡이가 가슴 높이에 오게 잡습니다.
좌우가 같은 높이에서 시작하는지 한 번 더 보세요.
이 자세에서 이것만 확인하세요.
👉 등이 패드에서 뜨지 않는지

---

🔥 ③ 운동 방법
각 팔을 독립적으로 밀었다 천천히 복귀.
손잡이가 직선으로만 가는 게 아닙니다. 기구가 만들어 주는 안쪽 궤적을 그대로 타세요. 억지로 모으지 마세요.

---

💥 ④ 최고 수축
팔꿈치가 앞으로 나가 가슴이 수축되는 지점에서 멈춥니다. 어깨를 더 밀지 마세요.
⏱️ 1초 STOP
튕기지 말고 그 지점에서 1초만 소유하세요. 무게를 놓는 순간이 아닙니다.

---

🐌 ⑤ 천천히 돌아오기
중량을 그냥 놓지 마세요.
2~3초 동안 통제하면서 복귀합니다.
시작 자세로 돌아갈 때도 같은 궤적을 유지하세요.

---

❌ 흔한 실수
❌ 한쪽만 먼저 밀어 비대칭을 키우는
약한 쪽 속도에 강한 쪽을 맞추세요.
❌ 어깨를 앞으로 말며 반동으로 미는 것
템포를 늦추고 같은 궤적만 반복하세요.
❌ 허리를 과하게 아치해 가슴 대신 요추로 미는 것
깊이보다 골반 고정이 먼저입니다. 허리가 뜨면 범위를 줄이세요.
❌ 끝에서 어깨를 더 밀어 넣는 것
자세가 무너지면 무게를 낮추세요.
❌ 한쪽만 먼저 끝내고 반대쪽을 따라가게 하는 것
약한 쪽 속도에 강한 쪽을 맞추세요.

---

💡 MACHINE FIT PRO TIP
🔥 이 기구는 좌우 암이 독립적으로 움직이는 게 장점입니다. 무게를 올리기 전에 양쪽이 같은 속도로 가는지 확인하세요. 한쪽이 먼저 끝까지 가 버리면 중량보다 밸런스가 먼저입니다.

---

🎯 MACHINE FIT CHECK
🟢 시트/패드 → 몸에 맞춤
🟢 팔꿈치 → 미는/드는 방향
🟢 좌우 → 같은 속도
🟢 복귀 → 2~3초 통제

### 🔥 이것만 기억하세요

""좌우 같은 속도, 끝에서 1초, 복귀는 통제.""","🏋️ ATLANTIS — P140 Seated Converging Chest Press / PW737 Vertical Chest Press · Precision / Power Series

🎯 ONE KEY CUE
🔥 ""Press both sides evenly and watch for imbalances""

전용 Iso-Lateral 명칭 SKU는 없고 독립 암 수렴 프레스(P140·PW737)가 가장 가깝습니다 Lean into the independent arms / converging path / Atlantis plate/selector design. Do not chase load until the setup feels locked in.

---

⚙️ ① Setup
🪑 Seat / pads
Fit the seat to your body so the start position sits naturally on the working joint.
🤲 Grip / hands
Match left and right handle height first — independent arms expose any mismatch immediately.
⚙️ Adjustments
Check 시트, 좌·우 암, 스택/플레이트. Confirm both sides start from the same position.
Naming can overlap in this category — trust the levers and pads on the unit in front of you.

---

💪 ② Start position
Pin back and pelvis to the pad with the handles at chest height.
Double-check both sides start at the same height.
Check only this:
👉 Back still on the pad

---

🔥 ③ Execution
The handles are not a straight line — ride the converging path. Do not force them together.
Press out on the machine path, then return under control. Keep both sides honest.

---

💥 ④ Peak contraction
Stop where the chest is contracted — do not dump the shoulders farther forward.
⏱️ 1-second STOP
Own that position for one second. This is not where you dump the weight.

---

🐌 ⑤ Controlled return
Do not dump the load.
Take 2–3 seconds on the way back.
Return on the same path you pressed or pulled.

---

❌ Common mistakes
❌ Dumping the shoulders forward and bouncing the press
Slow the tempo and repeat one clean path.
❌ Over-arching so the low back takes over
If position breaks, cut the load.
❌ Shoving the shoulders farther at lockout
If position breaks, cut the load.
❌ Letting one side finish early
Match the stronger side to the weaker side’s speed.

---

💡 MACHINE FIT PRO TIP
🔥 Independent arms are the point. Before you load up, confirm both sides move at the same speed. If one side finishes early, fix balance before adding plates or pins.

---

🎯 MACHINE FIT CHECK
🟢 Seat/pad → fitted
🟢 Elbows → press/raise direction
🟢 Left/right → same speed
🟢 Return → 2–3 sec control

### 🔥 Remember this

""Match sides, one-second peak, controlled return."""
ATLANTIS,플레이트로드 체스트 프레스,Plate-Loaded Chest Press,P441 Lying Converging Bench Press,VERIFIED,Atlantis Strength,Precision Series (plate-loaded),https://atlantisstrength.com/app/uploads/2024/08/atlantis_catalog_strength_july-2024.pdf,Atlantis P441 Lying Converging Bench Press는 플레이트로드 체스트 프레스입니다,"시작 위치, 양쪽 플레이트 혼","🏋️ ATLANTIS — P441 Lying Converging Bench Press · Precision Series (plate-loaded)

🎯 ONE KEY CUE
🔥 ""견갑을 벤치에 붙인 채 손잡이를 수렴하며 밀기""

Atlantis P441 Lying Converging Bench Press는 플레이트로드 체스트 프레스. 플레이트 로딩 · 안쪽으로 모이는 · Atlantis plate/selector 구조입니다. 처음부터 무게 올리지 말고, 세팅부터 잡으세요.

---

⚙️ ① 기구 세팅
🤲 그립 / 손 위치
손잡이를 편안한 너비로 잡으세요. 손목이 꺾이지 않게 합니다.
⚙️ 조절 포인트
시작 위치, 양쪽 플레이트 혼을 확인하세요. 양쪽 플레이트를 동일하게 맞추고, 한쪽만 먼저 올리지 마세요.

---

💪 ② 시작 자세
등과 골반을 패드에 붙이고, 손잡이가 가슴 높이에 오게 잡습니다.
이 자세에서 이것만 확인하세요.
👉 등이 패드에서 뜨지 않는지

---

🔥 ③ 운동 방법
누운 자세에서 손잡이를 위·안쪽으로 밀었다 복귀.
손잡이가 직선으로만 가는 게 아닙니다. 기구가 만들어 주는 안쪽 궤적을 그대로 타세요. 억지로 모으지 마세요.

---

💥 ④ 최고 수축
팔꿈치가 앞으로 나가 가슴이 수축되는 지점에서 멈춥니다. 어깨를 더 밀지 마세요.
⏱️ 1초 STOP
튕기지 말고 그 지점에서 1초만 소유하세요. 무게를 놓는 순간이 아닙니다.

---

🐌 ⑤ 천천히 돌아오기
중량을 그냥 놓지 마세요.
2~3초 동안 통제하면서 복귀합니다.
시작 자세로 돌아갈 때도 같은 궤적을 유지하세요.

---

❌ 흔한 실수
❌ 엉덩이를 들며 반동으로 치는
템포를 늦추고 같은 궤적만 반복하세요.
❌ 어깨를 앞으로 말며 반동으로 미는 것
템포를 늦추고 같은 궤적만 반복하세요.
❌ 허리를 과하게 아치해 가슴 대신 요추로 미는 것
깊이보다 골반 고정이 먼저입니다. 허리가 뜨면 범위를 줄이세요.
❌ 끝에서 어깨를 더 밀어 넣는 것
자세가 무너지면 무게를 낮추세요.
❌ 양쪽 플레이트 무게를 다르게 올리는 것
양쪽을 맞춘 뒤 가벼운 세트로 좌우를 확인하세요.

---

💡 MACHINE FIT PRO TIP
🔥 손잡이가 가운데로 모이는 궤적이 설계입니다. 평행으로만 밀려고 버티지 말고, 기구가 안내하는 수렴 경로를 그대로 타세요.

---

🎯 MACHINE FIT CHECK
🟢 시트/패드 → 몸에 맞춤
🟢 팔꿈치 → 미는/드는 방향
🟢 원판 → 좌우 동일
🟢 복귀 → 2~3초 통제

### 🔥 이것만 기억하세요

""견갑을 벤치에 붙인 채 손잡이를 수렴하며 밀기. 끝에서 1초, 복귀는 통제.""","🏋️ ATLANTIS — P441 Lying Converging Bench Press · Precision Series (plate-loaded)

🎯 ONE KEY CUE
🔥 ""Pin scapulae to the pad and press converging""

Atlantis P441 Lying Converging Bench Press는 플레이트로드 체스트 프레스입니다 Lean into the plate-loaded / converging path / Atlantis plate/selector design. Do not chase load until the setup feels locked in.

---

⚙️ ① Setup
🤲 Grip / hands
Take a comfortable grip width and keep the wrists stacked, not bent.
⚙️ Adjustments
Check 시작 위치, 양쪽 플레이트 혼. Match plates on both sides — do not load one arm first.

---

💪 ② Start position
Pin back and pelvis to the pad with the handles at chest height.
Check only this:
👉 Back still on the pad

---

🔥 ③ Execution
The handles are not a straight line — ride the converging path. Do not force them together.
Press out on the machine path, then return under control.

---

💥 ④ Peak contraction
Stop where the chest is contracted — do not dump the shoulders farther forward.
⏱️ 1-second STOP
Own that position for one second. This is not where you dump the weight.

---

🐌 ⑤ Controlled return
Do not dump the load.
Take 2–3 seconds on the way back.
Return on the same path you pressed or pulled.

---

❌ Common mistakes
❌ Dumping the shoulders forward and bouncing the press
Slow the tempo and repeat one clean path.
❌ Over-arching so the low back takes over
If position breaks, cut the load.
❌ Shoving the shoulders farther at lockout
If position breaks, cut the load.
❌ Loading unequal plates
Match both sides, then confirm with a light set.

---

💡 MACHINE FIT PRO TIP
🔥 The machine is built to converge. Stop forcing a parallel press — ride the path it gives you.

---

🎯 MACHINE FIT CHECK
🟢 Seat/pad → fitted
🟢 Elbows → press/raise direction
🟢 Plates → matched
🟢 Return → 2–3 sec control

### 🔥 Remember this

""Pin scapulae to the pad and press converging. One-second peak, controlled return."""
ATLANTIS,펙덱,Pec Deck,P242 Pec Dec,VERIFIED,Atlantis Strength,Precision Series,https://www.bcrpa.bc.ca/media/361919/atlantis_product_catalog.pdf,Atlantis P242 Pec Dec는 클래식 펙덱 셀렉터라이즈드입니다,"시트 높이, 암 시작 각도, 핀 스택","🏋️ ATLANTIS — P242 Pec Dec · Precision Series

🎯 ONE KEY CUE
🔥 ""팔꿈치 고정 느낌으로 가슴 앞에서 모으기""

Atlantis P242 Pec Dec는 클래식 펙덱 셀렉터라이즈드. 셀렉터 스택 · Atlantis plate/selector 구조입니다. 처음부터 무게 올리지 말고, 세팅부터 잡으세요.

---

⚙️ ① 기구 세팅
🪑 좌석 / 패드
시트 높이를 몸에 맞추세요. 시작 위치가 어깨·관절에 자연스럽게 오는지 확인합니다.
🤲 그립 / 손 위치
손잡이를 편안한 너비로 잡으세요. 손목이 꺾이지 않게 합니다.
⚙️ 조절 포인트
시트 높이, 암 시작 각도, 핀 스택을 확인하세요.

---

💪 ② 시작 자세
등과 골반을 패드에 붙이고, 손잡이가 가슴 높이에 오게 잡습니다.
이 자세에서 이것만 확인하세요.
👉 등이 패드에서 뜨지 않는지

---

🔥 ③ 운동 방법
양팔을 바깥에서 가슴 앞으로 모았다 펴기.
손보다 팔꿈치를 앞(또는 위)으로 보내는 느낌으로 미세요. 끝에서 어깨를 앞으로 밀어 넣지 마세요.

---

💥 ④ 최고 수축
팔꿈치가 앞으로 나가 가슴이 수축되는 지점에서 멈춥니다. 어깨를 더 밀지 마세요.
⏱️ 1초 STOP
튕기지 말고 그 지점에서 1초만 소유하세요. 무게를 놓는 순간이 아닙니다.

---

🐌 ⑤ 천천히 돌아오기
중량을 그냥 놓지 마세요.
2~3초 동안 통제하면서 복귀합니다.
시작 자세로 돌아갈 때도 같은 궤적을 유지하세요.

---

❌ 흔한 실수
❌ 팔로만 당기며 어깨를 앞으로 내미는
자세가 무너지면 무게를 낮추세요.
❌ 어깨를 앞으로 말며 반동으로 미는 것
템포를 늦추고 같은 궤적만 반복하세요.
❌ 허리를 과하게 아치해 가슴 대신 요추로 미는 것
깊이보다 골반 고정이 먼저입니다. 허리가 뜨면 범위를 줄이세요.
❌ 끝에서 어깨를 더 밀어 넣는 것
자세가 무너지면 무게를 낮추세요.

---

💡 MACHINE FIT PRO TIP
🔥 Select 라인(P242 Pec Dec)은 스택 핀 위치가 곧 시작 난이도입니다. 시트부터 맞춘 뒤 핀을 고르고, 첫 세트에서 궤적이 어깨·관절에 맞는지 확인하세요.

---

🎯 MACHINE FIT CHECK
🟢 시트/패드 → 몸에 맞춤
🟢 팔꿈치 → 미는/드는 방향
🟢 어깨 → 으쓱하지 않기
🟢 복귀 → 2~3초 통제

### 🔥 이것만 기억하세요

""팔꿈치 고정 느낌으로 가슴 앞에서 모으기. 끝에서 1초, 복귀는 통제.""","🏋️ ATLANTIS — P242 Pec Dec · Precision Series

🎯 ONE KEY CUE
🔥 ""Keep elbows soft-fixed and bring pads together""

Atlantis P242 Pec Dec는 클래식 펙덱 셀렉터라이즈드입니다 Lean into the selectorized stack / Atlantis plate/selector design. Do not chase load until the setup feels locked in.

---

⚙️ ① Setup
🪑 Seat / pads
Fit the seat to your body so the start position sits naturally on the working joint.
🤲 Grip / hands
Take a comfortable grip width and keep the wrists stacked, not bent.
⚙️ Adjustments
Check 시트 높이, 암 시작 각도, 핀 스택.

---

💪 ② Start position
Pin back and pelvis to the pad with the handles at chest height.
Check only this:
👉 Back still on the pad

---

🔥 ③ Execution
Press by driving the elbows forward/up. Do not dump the shoulders forward at lockout.
Press out on the machine path, then return under control.

---

💥 ④ Peak contraction
Stop where the chest is contracted — do not dump the shoulders farther forward.
⏱️ 1-second STOP
Own that position for one second. This is not where you dump the weight.

---

🐌 ⑤ Controlled return
Do not dump the load.
Take 2–3 seconds on the way back.
Return on the same path you pressed or pulled.

---

❌ Common mistakes
❌ Dumping the shoulders forward and bouncing the press
Slow the tempo and repeat one clean path.
❌ Over-arching so the low back takes over
If position breaks, cut the load.
❌ Shoving the shoulders farther at lockout
If position breaks, cut the load.

---

💡 MACHINE FIT PRO TIP
🔥 On Select (P242 Pec Dec), the pin is your difficulty. Fit the seat first, choose the pin second, and confirm the path on set one.

---

🎯 MACHINE FIT CHECK
🟢 Seat/pad → fitted
🟢 Elbows → press/raise direction
🟢 Shoulders → not shrugged
🟢 Return → 2–3 sec control

### 🔥 Remember this

""Keep elbows soft-fixed and bring pads together. One-second peak, controlled return."""
ATLANTIS,리어 델트 / 리버스 펙덱,Rear Delt / Reverse Pec Deck,E352 Seated Side / Rear Deltoid / P156 Pec Rear Delt Fly Combo,PARTIALLY_VERIFIED,Atlantis Strength,Precision Series,https://atlantisstrength.com/app/uploads/2024/08/atlantis_catalog_strength_july-2024.pdf,Atlantis E352·P156(리어 모드)가 리어 델트 머신 (카탈로그 '리어 델트 머신' → 카테고리 '리어 델트 / 리버스 펙덱' 매핑),"시트, 암 방향(리어), 핀 스택","🏋️ ATLANTIS — E352 Seated Side / Rear Deltoid / P156 Pec Rear Delt Fly Combo · Precision Series

🎯 ONE KEY CUE
🔥 ""가슴을 고정하고 팔꿈치를 뒤로 벌리기""

Atlantis E352·P156(리어 모드)가 리어 델트 머신 (카탈로그 '리어 델트 머신' → 카테고리 '리어 델트 / 리버스 펙덱' 매핑). Atlantis plate/selector 구조입니다. 처음부터 무게 올리지 말고, 세팅부터 잡으세요.

---

⚙️ ① 기구 세팅
🪑 좌석 / 패드
시트를 몸에 맞추세요. 시작 위치가 어깨·관절에 자연스럽게 오는지 확인합니다.
🤲 그립 / 손 위치
손잡이를 편안한 너비로 잡으세요. 손목이 꺾이지 않게 합니다.
⚙️ 조절 포인트
시트, 암 방향(리어), 핀 스택을 확인하세요.
이 카테고리는 공식 명칭이 겹칠 수 있으니, 헬스장 기구의 실제 레버·패드 배치를 우선하세요.

---

💪 ② 시작 자세
갈비뼈를 내리고 허리를 과하게 아치하지 않습니다. 팔꿈치를 시작 궤적에 올립니다.
이 자세에서 이것만 확인하세요.
👉 허리가 과하게 꺾이지 않는지

---

🔥 ③ 운동 방법
손잡이를 앞쪽에서 옆으로 벌려 후방 삼각근 수축.
반동으로 올리지 마세요. 팔꿈치가 궤적을 주도하게 둡니다.

---

💥 ④ 최고 수축
목표 근육이 가장 조여지는 끝 지점에서 멈춥니다.
⏱️ 1초 STOP
튕기지 말고 그 지점에서 1초만 소유하세요. 무게를 놓는 순간이 아닙니다.

---

🐌 ⑤ 천천히 돌아오기
중량을 그냥 놓지 마세요.
2~3초 동안 통제하면서 복귀합니다.
시작 자세로 돌아갈 때도 같은 궤적을 유지하세요.

---

❌ 흔한 실수
❌ 승모 상부로만 들어 올리는
어깨를 귀에서 멀리 두고 다시 시작하세요.
❌ 허리를 꺾어 프레스하는 것
자세가 무너지면 무게를 낮추세요.
❌ 어깨를 귀 쪽으로 으쓱하는 것
어깨를 귀에서 멀리 두고 다시 시작하세요.
❌ 반동으로 들어 올리는 것
템포를 늦추고 같은 궤적만 반복하세요.

---

💡 MACHINE FIT PRO TIP
🔥 E352 Seated Side / Rear Deltoid / P156 Pec Rear Delt Fly Combo의 가이드 궤적을 이용하세요. 첫 2세트는 천천히, 대칭이 확인된 뒤에만 무게를 올립니다.

---

🎯 MACHINE FIT CHECK
🟢 시트/패드 → 몸에 맞춤
🟢 팔꿈치 → 미는/드는 방향
🟢 어깨 → 으쓱하지 않기
🟢 복귀 → 2~3초 통제

### 🔥 이것만 기억하세요

""가슴을 고정하고 팔꿈치를 뒤로 벌리기. 끝에서 1초, 복귀는 통제.""","🏋️ ATLANTIS — E352 Seated Side / Rear Deltoid / P156 Pec Rear Delt Fly Combo · Precision Series

🎯 ONE KEY CUE
🔥 ""Brace the chest and open the elbows rearward""

Atlantis E352·P156(리어 모드)가 리어 델트 머신 (카탈로그 '리어 델트 머신' → 카테고리 '리어 델트 / 리버스 펙덱' 매핑) Lean into the Atlantis plate/selector design. Do not chase load until the setup feels locked in.

---

⚙️ ① Setup
🪑 Seat / pads
Fit the seat to your body so the start position sits naturally on the working joint.
🤲 Grip / hands
Take a comfortable grip width and keep the wrists stacked, not bent.
⚙️ Adjustments
Check 시트, 암 방향(리어), 핀 스택.
Naming can overlap in this category — trust the levers and pads on the unit in front of you.

---

💪 ② Start position
Drop the ribs — do not over-arch. Set the elbows on the press path.
Check only this:
👉 Low back not over-arched

---

🔥 ③ Execution
No bounce. Let the elbows own the path.
Press or raise on the guided path, then lower without dumping the shoulders.

---

💥 ④ Peak contraction
Stop where the target muscle is most shortened.
⏱️ 1-second STOP
Own that position for one second. This is not where you dump the weight.

---

🐌 ⑤ Controlled return
Do not dump the load.
Take 2–3 seconds on the way back.
Return on the same path you pressed or pulled.

---

❌ Common mistakes
❌ Pressing with an over-arched low back
If position breaks, cut the load.
❌ Shrugging the shoulders into the ears
Keep the shoulders away from the ears and restart.
❌ Bouncing the weight up
Slow the tempo and repeat one clean path.

---

💡 MACHINE FIT PRO TIP
🔥 Use the guided path on E352 Seated Side / Rear Deltoid / P156 Pec Rear Delt Fly Combo. Slow the first two sets, confirm symmetry, then add load.

---

🎯 MACHINE FIT CHECK
🟢 Seat/pad → fitted
🟢 Elbows → press/raise direction
🟢 Shoulders → not shrugged
🟢 Return → 2–3 sec control

### 🔥 Remember this

""Brace the chest and open the elbows rearward. One-second peak, controlled return."""
ATLANTIS,플라이 머신,Fly Machine,P356 Vertical Pec Fly / P156 Pec Rear Delt Fly Combo,VERIFIED,Atlantis Strength,Precision Series,https://atlantisstrength.com/app/uploads/2024/08/atlantis_catalog_strength_july-2024.pdf,Atlantis P356 Vertical Pec Fly와 P156 Pec/Rear Delt Fly Combo가 플라이 계열입니다,"시트, 암 각도, 핀 스택, 펙/리어 전환(P156)","🏋️ ATLANTIS — P356 Vertical Pec Fly / P156 Pec Rear Delt Fly Combo · Precision Series

🎯 ONE KEY CUE
🔥 ""팔꿈치를 살짝 굽힌 채 가슴으로 호를 그리며 모으기""

Atlantis P356 Vertical Pec Fly와 P156 Pec/Rear Delt Fly Combo가 플라이 계열. Atlantis plate/selector 구조입니다. 처음부터 무게 올리지 말고, 세팅부터 잡으세요.

---

⚙️ ① 기구 세팅
🪑 좌석 / 패드
시트를 몸에 맞추세요. 시작 위치가 어깨·관절에 자연스럽게 오는지 확인합니다.
🤲 그립 / 손 위치
손잡이를 편안한 너비로 잡으세요. 손목이 꺾이지 않게 합니다.
⚙️ 조절 포인트
시트, 암 각도, 핀 스택, 펙/리어 전환(P156)을 확인하세요.

---

💪 ② 시작 자세
등과 골반을 패드에 붙이고, 손잡이가 가슴 높이에 오게 잡습니다.
이 자세에서 이것만 확인하세요.
👉 등이 패드에서 뜨지 않는지

---

🔥 ③ 운동 방법
열린 위치에서 손잡이를 앞으로 모아 수축 후 복귀.
손보다 팔꿈치를 앞(또는 위)으로 보내는 느낌으로 미세요. 끝에서 어깨를 앞으로 밀어 넣지 마세요.

---

💥 ④ 최고 수축
팔꿈치가 앞으로 나가 가슴이 수축되는 지점에서 멈춥니다. 어깨를 더 밀지 마세요.
⏱️ 1초 STOP
튕기지 말고 그 지점에서 1초만 소유하세요. 무게를 놓는 순간이 아닙니다.

---

🐌 ⑤ 천천히 돌아오기
중량을 그냥 놓지 마세요.
2~3초 동안 통제하면서 복귀합니다.
시작 자세로 돌아갈 때도 같은 궤적을 유지하세요.

---

❌ 흔한 실수
❌ 팔꿈치를 과도하게 펴 이두·어깨로 들어올리는
자세가 무너지면 무게를 낮추세요.
❌ 어깨를 앞으로 말며 반동으로 미는 것
템포를 늦추고 같은 궤적만 반복하세요.
❌ 허리를 과하게 아치해 가슴 대신 요추로 미는 것
깊이보다 골반 고정이 먼저입니다. 허리가 뜨면 범위를 줄이세요.
❌ 끝에서 어깨를 더 밀어 넣는 것
자세가 무너지면 무게를 낮추세요.

---

💡 MACHINE FIT PRO TIP
🔥 P356 Vertical Pec Fly / P156 Pec Rear Delt Fly Combo의 가이드 궤적을 이용하세요. 첫 2세트는 천천히, 대칭이 확인된 뒤에만 무게를 올립니다.

---

🎯 MACHINE FIT CHECK
🟢 시트/패드 → 몸에 맞춤
🟢 팔꿈치 → 미는/드는 방향
🟢 어깨 → 으쓱하지 않기
🟢 복귀 → 2~3초 통제

### 🔥 이것만 기억하세요

""팔꿈치를 살짝 굽힌 채 가슴으로 호를 그리며 모으기. 끝에서 1초, 복귀는 통제.""","🏋️ ATLANTIS — P356 Vertical Pec Fly / P156 Pec Rear Delt Fly Combo · Precision Series

🎯 ONE KEY CUE
🔥 ""Slight elbow bend and arc the arms to the chest""

Atlantis P356 Vertical Pec Fly와 P156 Pec/Rear Delt Fly Combo가 플라이 계열입니다 Lean into the Atlantis plate/selector design. Do not chase load until the setup feels locked in.

---

⚙️ ① Setup
🪑 Seat / pads
Fit the seat to your body so the start position sits naturally on the working joint.
🤲 Grip / hands
Take a comfortable grip width and keep the wrists stacked, not bent.
⚙️ Adjustments
Check 시트, 암 각도, 핀 스택, 펙/리어 전환(P156).

---

💪 ② Start position
Pin back and pelvis to the pad with the handles at chest height.
Check only this:
👉 Back still on the pad

---

🔥 ③ Execution
Press by driving the elbows forward/up. Do not dump the shoulders forward at lockout.
Press out on the machine path, then return under control.

---

💥 ④ Peak contraction
Stop where the chest is contracted — do not dump the shoulders farther forward.
⏱️ 1-second STOP
Own that position for one second. This is not where you dump the weight.

---

🐌 ⑤ Controlled return
Do not dump the load.
Take 2–3 seconds on the way back.
Return on the same path you pressed or pulled.

---

❌ Common mistakes
❌ Dumping the shoulders forward and bouncing the press
Slow the tempo and repeat one clean path.
❌ Over-arching so the low back takes over
If position breaks, cut the load.
❌ Shoving the shoulders farther at lockout
If position breaks, cut the load.

---

💡 MACHINE FIT PRO TIP
🔥 Use the guided path on P356 Vertical Pec Fly / P156 Pec Rear Delt Fly Combo. Slow the first two sets, confirm symmetry, then add load.

---

🎯 MACHINE FIT CHECK
🟢 Seat/pad → fitted
🟢 Elbows → press/raise direction
🟢 Shoulders → not shrugged
🟢 Return → 2–3 sec control

### 🔥 Remember this

""Slight elbow bend and arc the arms to the chest. One-second peak, controlled return."""
ATLANTIS,딥 머신,Dip Machine,P245 Dip Bars,VERIFIED,Atlantis Strength,Precision Series,https://atlantisstrength.com/gym-equipment/d131,Atlantis P245 Dip Bars는 고정형 딥 스테이션입니다,"그립 폭, 스탠스(바디웨이트)","🏋️ ATLANTIS — P245 Dip Bars · Precision Series

🎯 ONE KEY CUE
🔥 ""어깨를 귀에서 멀리 내린 채 팔꿈치로 하강""

Atlantis P245 Dip Bars는 고정형 딥 스테이션. Atlantis plate/selector 구조입니다. 처음부터 무게 올리지 말고, 세팅부터 잡으세요.

---

⚙️ ① 기구 세팅
🤲 그립 / 손 위치
그립 폭를 편안한 너비로 잡으세요. 손목이 꺾이지 않게 합니다.
⚙️ 조절 포인트
그립 폭, 스탠스(바디웨이트)를 확인하세요.

---

💪 ② 시작 자세
등과 골반을 패드에 붙이고, 손잡이가 가슴 높이에 오게 잡습니다.
이 자세에서 이것만 확인하세요.
👉 등이 패드에서 뜨지 않는지

---

🔥 ③ 운동 방법
바를 잡고 몸을 내려 삼두·가슴으로 밀어 올리기.
손보다 팔꿈치를 앞(또는 위)으로 보내는 느낌으로 미세요. 끝에서 어깨를 앞으로 밀어 넣지 마세요.

---

💥 ④ 최고 수축
팔꿈치가 앞으로 나가 가슴이 수축되는 지점에서 멈춥니다. 어깨를 더 밀지 마세요.
⏱️ 1초 STOP
튕기지 말고 그 지점에서 1초만 소유하세요. 무게를 놓는 순간이 아닙니다.

---

🐌 ⑤ 천천히 돌아오기
중량을 그냥 놓지 마세요.
2~3초 동안 통제하면서 복귀합니다.
시작 자세로 돌아갈 때도 같은 궤적을 유지하세요.

---

❌ 흔한 실수
❌ 어깨를 으쓱하며 깊이만 억지로 파는
어깨를 귀에서 멀리 두고 다시 시작하세요.
❌ 어깨를 앞으로 말며 반동으로 미는 것
템포를 늦추고 같은 궤적만 반복하세요.
❌ 허리를 과하게 아치해 가슴 대신 요추로 미는 것
깊이보다 골반 고정이 먼저입니다. 허리가 뜨면 범위를 줄이세요.
❌ 끝에서 어깨를 더 밀어 넣는 것
자세가 무너지면 무게를 낮추세요.

---

💡 MACHINE FIT PRO TIP
🔥 P245 Dip Bars의 가이드 궤적을 이용하세요. 첫 2세트는 천천히, 대칭이 확인된 뒤에만 무게를 올립니다.

---

🎯 MACHINE FIT CHECK
🟢 시트/패드 → 몸에 맞춤
🟢 팔꿈치 → 미는/드는 방향
🟢 어깨 → 으쓱하지 않기
🟢 복귀 → 2~3초 통제

### 🔥 이것만 기억하세요

""어깨를 귀에서 멀리 내린 채 팔꿈치로 하강. 끝에서 1초, 복귀는 통제.""","🏋️ ATLANTIS — P245 Dip Bars · Precision Series

🎯 ONE KEY CUE
🔥 ""Keep shoulders down and lower through the elbows""

Atlantis P245 Dip Bars는 고정형 딥 스테이션입니다 Lean into the Atlantis plate/selector design. Do not chase load until the setup feels locked in.

---

⚙️ ① Setup
🤲 Grip / hands
Take a comfortable grip width and keep the wrists stacked, not bent.
⚙️ Adjustments
Check 그립 폭, 스탠스(바디웨이트).

---

💪 ② Start position
Pin back and pelvis to the pad with the handles at chest height.
Check only this:
👉 Back still on the pad

---

🔥 ③ Execution
Press by driving the elbows forward/up. Do not dump the shoulders forward at lockout.
Press out on the machine path, then return under control.

---

💥 ④ Peak contraction
Stop where the chest is contracted — do not dump the shoulders farther forward.
⏱️ 1-second STOP
Own that position for one second. This is not where you dump the weight.

---

🐌 ⑤ Controlled return
Do not dump the load.
Take 2–3 seconds on the way back.
Return on the same path you pressed or pulled.

---

❌ Common mistakes
❌ Dumping the shoulders forward and bouncing the press
Slow the tempo and repeat one clean path.
❌ Over-arching so the low back takes over
If position breaks, cut the load.
❌ Shoving the shoulders farther at lockout
If position breaks, cut the load.

---

💡 MACHINE FIT PRO TIP
🔥 Use the guided path on P245 Dip Bars. Slow the first two sets, confirm symmetry, then add load.

---

🎯 MACHINE FIT CHECK
🟢 Seat/pad → fitted
🟢 Elbows → press/raise direction
🟢 Shoulders → not shrugged
🟢 Return → 2–3 sec control

### 🔥 Remember this

""Keep shoulders down and lower through the elbows. One-second peak, controlled return."""
ATLANTIS,어시스트 딥,Assisted Dip,D131 Assisted Chin / Dip,VERIFIED,Atlantis Strength,Precision Series,https://atlantisstrength.com/gym-equipment/d131,Atlantis D131 Assisted Chin/Dip는 어시스트 딥·친업 겸용입니다,"무릎 패드, 어시스트 스택, 딥/친업 전환","🏋️ ATLANTIS — D131 Assisted Chin / Dip · Precision Series

🎯 ONE KEY CUE
🔥 ""어시스트에 기대되 가슴을 열고 팔꿈치로 밀기""

Atlantis D131 Assisted Chin/Dip는 어시스트 딥·친업 겸용. 아틀란티스 Plate Loaded(P)·Selectorized 궤적을 그대로 타는 게 핵심입니다. 처음부터 무게 올리지 말고, 세팅부터 잡으세요.

---

⚙️ ① 기구 세팅
🪑 좌석 / 패드
시트를 몸에 맞추세요. 시작 위치가 목표 관절 높이에 오는지 확인합니다.
🤲 그립 / 손 위치
손잡이를 편안한 너비로 잡으세요. 손목이 꺾이지 않게 합니다.
⚙️ 조절 포인트
무릎 패드, 어시스트 스택, 딥/친업 전환을 확인하세요.

---

💪 ② 시작 자세
등과 골반을 패드에 붙이고, 손잡이가 가슴 높이에 오게 잡습니다.
이 자세에서 이것만 확인하세요.
👉 등이 패드에서 뜨지 않는지

---

🔥 ③ 운동 방법
무릎 패드에 싣고 딥 하강 후 밀어 올리기.
손보다 팔꿈치를 앞(또는 위)으로 보내는 느낌으로 미세요. 끝에서 어깨를 앞으로 밀어 넣지 마세요.

---

💥 ④ 최고 수축
팔꿈치가 앞으로 나가 가슴이 수축되는 지점에서 멈춥니다. 어깨를 더 밀지 마세요.
⏱️ 1초 STOP
튕기지 말고 그 지점에서 1초만 소유하세요. 무게를 놓는 순간이 아닙니다.

---

🐌 ⑤ 천천히 돌아오기
중량을 그냥 놓지 마세요.
2~3초 동안 통제하면서 복귀합니다.
시작 자세로 돌아갈 때도 같은 궤적을 유지하세요.

---

❌ 흔한 실수
❌ 어시스트에만 앉아 가동범위를 줄이는
자세가 무너지면 무게를 낮추세요.
❌ 어깨를 앞으로 말며 반동으로 미는 것
템포를 늦추고 같은 궤적만 반복하세요.
❌ 허리를 과하게 아치해 가슴 대신 요추로 미는 것
깊이보다 골반 고정이 먼저입니다. 허리가 뜨면 범위를 줄이세요.
❌ 끝에서 어깨를 더 밀어 넣는 것
자세가 무너지면 무게를 낮추세요.

---

💡 MACHINE FIT PRO TIP
🔥 D131 Assisted Chin / Dip의 가이드 궤적을 이용하세요. 첫 2세트는 천천히, 대칭이 확인된 뒤에만 무게를 올립니다.

---

🎯 MACHINE FIT CHECK
🟢 시트/패드 → 몸에 맞춤
🟢 팔꿈치 → 미는/드는 방향
🟢 어깨 → 으쓱하지 않기
🟢 복귀 → 2~3초 통제

### 🔥 이것만 기억하세요

""어시스트에 기대되 가슴을 열고 팔꿈치로 밀기. 끝에서 1초, 복귀는 통제.""","🏋️ ATLANTIS — D131 Assisted Chin / Dip · Precision Series

🎯 ONE KEY CUE
🔥 ""Use assist lightly, open the chest, and press via elbows""

Atlantis D131 Assisted Chin/Dip는 어시스트 딥·친업 겸용입니다 Ride the Atlantis Plate Loaded (P) / Selectorized path instead of fighting it. Do not chase load until the setup feels locked in.

---

⚙️ ① Setup
🪑 Seat / pads
Fit the seat to your body so the start position sits naturally on the working joint.
🤲 Grip / hands
Take a comfortable grip width and keep the wrists stacked, not bent.
⚙️ Adjustments
Check 무릎 패드, 어시스트 스택, 딥/친업 전환.

---

💪 ② Start position
Pin back and pelvis to the pad with the handles at chest height.
Check only this:
👉 Back still on the pad

---

🔥 ③ Execution
Press by driving the elbows forward/up. Do not dump the shoulders forward at lockout.
Press out on the machine path, then return under control.

---

💥 ④ Peak contraction
Stop where the chest is contracted — do not dump the shoulders farther forward.
⏱️ 1-second STOP
Own that position for one second. This is not where you dump the weight.

---

🐌 ⑤ Controlled return
Do not dump the load.
Take 2–3 seconds on the way back.
Return on the same path you pressed or pulled.

---

❌ Common mistakes
❌ Dumping the shoulders forward and bouncing the press
Slow the tempo and repeat one clean path.
❌ Over-arching so the low back takes over
If position breaks, cut the load.
❌ Shoving the shoulders farther at lockout
If position breaks, cut the load.

---

💡 MACHINE FIT PRO TIP
🔥 Use the guided path on D131 Assisted Chin / Dip. Slow the first two sets, confirm symmetry, then add load.

---

🎯 MACHINE FIT CHECK
🟢 Seat/pad → fitted
🟢 Elbows → press/raise direction
🟢 Shoulders → not shrugged
🟢 Return → 2–3 sec control

### 🔥 Remember this

""Use assist lightly, open the chest, and press via elbows. One-second peak, controlled return."""
ATLANTIS,슈퍼 인클라인 프레스,Super Incline Press,,BRAND_MODEL_NOT_FOUND,Atlantis Strength,,https://atlantisstrength.com/app/uploads/2024/08/atlantis_catalog_strength_july-2024.pdf,Atlantis 카탈로그에 Super Incline Press 전용 SKU는 확인되지 않습니다,"시트, 각도, 중량","🏋️ ATLANTIS — 슈퍼 인클라인 프레스

🎯 ONE KEY CUE
🔥 ""높은 인클라인에서 쇄골 방향으로 밀기""

아틀란티스 전용 모델이 없는 카테고리입니다. 헬스장에 있는 실제 기구의 패드·레버·안전장치를 먼저 확인한 뒤, 아래 패턴으로 움직이세요.

---

⚙️ ① 기구 세팅
🪑 좌석 / 패드
시트를 몸에 맞추세요. 시작 위치가 어깨·관절에 자연스럽게 오는지 확인합니다.
🤲 그립 / 손 위치
손잡이를 편안한 너비로 잡으세요. 손목이 꺾이지 않게 합니다.
⚙️ 조절 포인트
시트, 각도, 중량을 확인하세요.

---

💪 ② 시작 자세
등과 골반을 패드에 붙이고, 손잡이가 가슴 높이에 오게 잡습니다.
이 자세에서 이것만 확인하세요.
👉 등이 패드에서 뜨지 않는지

---

🔥 ③ 운동 방법
가파른 인클라인에서 손잡이를 위·앞으로 밀었다 복귀.
손보다 팔꿈치를 앞(또는 위)으로 보내는 느낌으로 미세요. 끝에서 어깨를 앞으로 밀어 넣지 마세요.

---

💥 ④ 최고 수축
팔꿈치가 앞으로 나가 가슴이 수축되는 지점에서 멈춥니다. 어깨를 더 밀지 마세요.
⏱️ 1초 STOP
튕기지 말고 그 지점에서 1초만 소유하세요. 무게를 놓는 순간이 아닙니다.

---

🐌 ⑤ 천천히 돌아오기
중량을 그냥 놓지 마세요.
2~3초 동안 통제하면서 복귀합니다.
시작 자세로 돌아갈 때도 같은 궤적을 유지하세요.

---

❌ 흔한 실수
❌ 각도가 너무 높아 어깨 프레스로 바뀌는
자세가 무너지면 무게를 낮추세요.
❌ 어깨를 앞으로 말며 반동으로 미는 것
템포를 늦추고 같은 궤적만 반복하세요.
❌ 허리를 과하게 아치해 가슴 대신 요추로 미는 것
깊이보다 골반 고정이 먼저입니다. 허리가 뜨면 범위를 줄이세요.
❌ 끝에서 어깨를 더 밀어 넣는 것
자세가 무너지면 무게를 낮추세요.

---

💡 MACHINE FIT PRO TIP
🔥 이 항목은 해머 스트렝스 전용 SKU가 없습니다. ""슈퍼 인클라인 프레스""로 분류된 실제 기구의 패드·레버·안전장치만 믿고, 가벼운 무게로 5회 리허설 후 본 세트를 시작하세요.

---

🎯 MACHINE FIT CHECK
🟢 시트/패드 → 몸에 맞춤
🟢 팔꿈치 → 미는/드는 방향
🟢 어깨 → 으쓱하지 않기
🟢 복귀 → 2~3초 통제

### 🔥 이것만 기억하세요

""높은 인클라인에서 쇄골 방향으로 밀기. 끝에서 1초, 복귀는 통제.""","🏋️ ATLANTIS — Super Incline Press

🎯 ONE KEY CUE
🔥 ""At a steep incline, press toward the clavicles""

There is no dedicated Atlantis SKU for this category. Confirm pads, levers, and safeties on the unit in your gym, then follow the movement pattern below.

---

⚙️ ① Setup
🪑 Seat / pads
Fit the seat to your body so the start position sits naturally on the working joint.
🤲 Grip / hands
Take a comfortable grip width and keep the wrists stacked, not bent.
⚙️ Adjustments
Check 시트, 각도, 중량.

---

💪 ② Start position
Pin back and pelvis to the pad with the handles at chest height.
Check only this:
👉 Back still on the pad

---

🔥 ③ Execution
Press by driving the elbows forward/up. Do not dump the shoulders forward at lockout.
Press out on the machine path, then return under control.

---

💥 ④ Peak contraction
Stop where the chest is contracted — do not dump the shoulders farther forward.
⏱️ 1-second STOP
Own that position for one second. This is not where you dump the weight.

---

🐌 ⑤ Controlled return
Do not dump the load.
Take 2–3 seconds on the way back.
Return on the same path you pressed or pulled.

---

❌ Common mistakes
❌ Dumping the shoulders forward and bouncing the press
Slow the tempo and repeat one clean path.
❌ Over-arching so the low back takes over
If position breaks, cut the load.
❌ Shoving the shoulders farther at lockout
If position breaks, cut the load.

---

💡 MACHINE FIT PRO TIP
🔥 No dedicated Hammer Strength SKU for this slot. Trust the pads/levers/safeties on the unit labeled like ""Super Incline Press"", rehearse five light reps, then start working sets.

---

🎯 MACHINE FIT CHECK
🟢 Seat/pad → fitted
🟢 Elbows → press/raise direction
🟢 Shoulders → not shrugged
🟢 Return → 2–3 sec control

### 🔥 Remember this

""At a steep incline, press toward the clavicles. One-second peak, controlled return."""
ATLANTIS,랫풀다운,Lat Pulldown,D123 Lat Pulldown,VERIFIED,Atlantis Strength,Precision Series,https://atlantisstrength.com/app/uploads/2024/08/atlantis_catalog_strength_july-2024.pdf,Atlantis D123 Lat Pulldown은 표준 셀렉터라이즈드 랫풀다운입니다,"무릎 패드, 그립 바, 핀 스택","🏋️ ATLANTIS — D123 Lat Pulldown · Precision Series

🎯 ONE KEY CUE
🔥 ""어깨를 내리고 팔꿈치로 바를 쇄골 쪽으로 당기기""

Atlantis D123 Lat Pulldown은 표준 셀렉터라이즈드 랫풀다운. 셀렉터 스택 구조입니다. 처음부터 무게 올리지 말고, 세팅부터 잡으세요.

---

⚙️ ① 기구 세팅
🪑 좌석 / 패드
가슴/등 패드에 몸을 안정적으로 붙이세요. 패드에서 몸이 들리면 반동이 들어갑니다.
🤲 그립 / 손 위치
그립 바를 편안한 너비로 잡으세요. 손목이 꺾이지 않게 합니다.
⚙️ 조절 포인트
무릎 패드, 그립 바, 핀 스택을 확인하세요.

---

💪 ② 시작 자세
가슴을 세우고 어깨를 귀에서 멀리 둡니다. 팔보다 등부터 준비합니다.
이 자세에서 이것만 확인하세요.
👉 어깨가 귀 쪽으로 올라가지 않는지

---

🔥 ③ 운동 방법
바를 위에서 쇄골 앞까지 당겼다 천천히 신장.
손잡이를 당긴다고 생각하지 말고, 팔꿈치를 목표 지점으로 보내세요.

---

💥 ④ 최고 수축
팔꿈치가 목표에 도착해 등이 조여지는 지점에서 멈춥니다.
⏱️ 1초 STOP
튕기지 말고 그 지점에서 1초만 소유하세요. 무게를 놓는 순간이 아닙니다.

---

🐌 ⑤ 천천히 돌아오기
중량을 그냥 놓지 마세요.
2~3초 동안 통제하면서 복귀합니다.
팔이 펴질 때까지 등을 놓지 말고, 어깨가 앞으로 말리지 않게 버팁니다.

---

❌ 흔한 실수
❌ 상체를 크게 흔들며 반동으로 당기는
템포를 늦추고 같은 궤적만 반복하세요.
❌ 몸을 뒤로 젖혀 반동으로 당기는 것
템포를 늦추고 같은 궤적만 반복하세요.
❌ 어깨를 으쓱하며 승모근만 쓰는 것
어깨를 귀에서 멀리 두고 다시 시작하세요.
❌ 손잡이만 당기고 팔꿈치는 안 움직이는 것
자세가 무너지면 무게를 낮추세요.

---

💡 MACHINE FIT PRO TIP
🔥 Select 라인(D123 Lat Pulldown)은 스택 핀 위치가 곧 시작 난이도입니다. 시트부터 맞춘 뒤 핀을 고르고, 첫 세트에서 궤적이 어깨·관절에 맞는지 확인하세요.

---

🎯 MACHINE FIT CHECK
🟢 시트/패드 → 몸에 맞춤
🟢 팔꿈치 → 당김 방향
🟢 어깨 → 으쓱하지 않기
🟢 복귀 → 2~3초 통제

### 🔥 이것만 기억하세요

""어깨를 내리고 팔꿈치로 바를 쇄골 쪽으로 당기기. 끝에서 1초, 복귀는 통제.""","🏋️ ATLANTIS — D123 Lat Pulldown · Precision Series

🎯 ONE KEY CUE
🔥 ""Depress shoulders and pull the bar to the collarbone with elbows""

Atlantis D123 Lat Pulldown은 표준 셀렉터라이즈드 랫풀다운입니다 Lean into the selectorized stack design. Do not chase load until the setup feels locked in.

---

⚙️ ① Setup
🪑 Seat / pads
Pin yourself to the chest/back pad. If you lift off the pad, you are cheating with momentum.
🤲 Grip / hands
Take a comfortable grip width and keep the wrists stacked, not bent.
⚙️ Adjustments
Check 무릎 패드, 그립 바, 핀 스택.

---

💪 ② Start position
Lift the chest and keep the shoulders away from the ears. Prepare the back before the arms.
Check only this:
👉 Shoulders not shrugged

---

🔥 ③ Execution
Do not think “pull the handle.” Drive the elbows to the target.
Drive the elbows back/down on the row or pulldown path, then lengthen slowly.

---

💥 ④ Peak contraction
Stop where the elbows arrive and the back is squeezed.
⏱️ 1-second STOP
Own that position for one second. This is not where you dump the weight.

---

🐌 ⑤ Controlled return
Do not dump the load.
Take 2–3 seconds on the way back.
Keep the back set as the arms lengthen — do not let the shoulders dump forward.

---

❌ Common mistakes
❌ Leaning back for momentum
Slow the tempo and repeat one clean path.
❌ Shrugging and turning it into an upper-trap pull
Keep the shoulders away from the ears and restart.
❌ Yank the handles without moving the elbows
If position breaks, cut the load.

---

💡 MACHINE FIT PRO TIP
🔥 On Select (D123 Lat Pulldown), the pin is your difficulty. Fit the seat first, choose the pin second, and confirm the path on set one.

---

🎯 MACHINE FIT CHECK
🟢 Seat/pad → fitted
🟢 Elbows → pull direction
🟢 Shoulders → not shrugged
🟢 Return → 2–3 sec control

### 🔥 Remember this

""Depress shoulders and pull the bar to the collarbone with elbows. One-second peak, controlled return."""
ATLANTIS,와이드 랫풀다운,Wide Lat Pulldown,D123 Lat Pulldown / D537 Converging Fixed Lat Pulldown,PARTIALLY_VERIFIED,Atlantis Strength,Precision Series,https://www.bcrpa.bc.ca/media/361919/atlantis_product_catalog.pdf,와이드 전용 SKU는 없고 D123·D537에 와이드 그립 바로 수행합니다,"와이드 바, 무릎 패드, 핀 스택","🏋️ ATLANTIS — D123 Lat Pulldown / D537 Converging Fixed Lat Pulldown · Precision Series

🎯 ONE KEY CUE
🔥 ""넓은 그립에서도 견갑 하강부터 시작""

와이드 전용 SKU는 없고 D123·D537에 와이드 그립 바로 수행합니다. 안쪽으로 모이는 구조입니다. 처음부터 무게 올리지 말고, 세팅부터 잡으세요.

---

⚙️ ① 기구 세팅
🪑 좌석 / 패드
가슴/등 패드에 몸을 안정적으로 붙이세요. 패드에서 몸이 들리면 반동이 들어갑니다.
🤲 그립 / 손 위치
손잡이를 편안한 너비로 잡으세요. 손목이 꺾이지 않게 합니다.
⚙️ 조절 포인트
와이드 바, 무릎 패드, 핀 스택을 확인하세요.
이 카테고리는 공식 명칭이 겹칠 수 있으니, 헬스장 기구의 실제 레버·패드 배치를 우선하세요.

---

💪 ② 시작 자세
가슴을 세우고 어깨를 귀에서 멀리 둡니다. 팔보다 등부터 준비합니다.
이 자세에서 이것만 확인하세요.
👉 어깨가 귀 쪽으로 올라가지 않는지

---

🔥 ③ 운동 방법
넓은 그립으로 바를 쇄골 쪽으로 당겼다 복귀.
손잡이가 직선으로만 가는 게 아닙니다. 기구가 만들어 주는 안쪽 궤적을 그대로 타세요. 억지로 모으지 마세요.

---

💥 ④ 최고 수축
팔꿈치가 목표에 도착해 등이 조여지는 지점에서 멈춥니다.
⏱️ 1초 STOP
튕기지 말고 그 지점에서 1초만 소유하세요. 무게를 놓는 순간이 아닙니다.

---

🐌 ⑤ 천천히 돌아오기
중량을 그냥 놓지 마세요.
2~3초 동안 통제하면서 복귀합니다.
팔이 펴질 때까지 등을 놓지 말고, 어깨가 앞으로 말리지 않게 버팁니다.

---

❌ 흔한 실수
❌ 손만 벌리고 승모로만 당기는
어깨를 귀에서 멀리 두고 다시 시작하세요.
❌ 몸을 뒤로 젖혀 반동으로 당기는 것
템포를 늦추고 같은 궤적만 반복하세요.
❌ 어깨를 으쓱하며 승모근만 쓰는 것
어깨를 귀에서 멀리 두고 다시 시작하세요.
❌ 손잡이만 당기고 팔꿈치는 안 움직이는 것
자세가 무너지면 무게를 낮추세요.

---

💡 MACHINE FIT PRO TIP
🔥 손잡이가 가운데로 모이는 궤적이 설계입니다. 평행으로만 밀려고 버티지 말고, 기구가 안내하는 수렴 경로를 그대로 타세요.

---

🎯 MACHINE FIT CHECK
🟢 시트/패드 → 몸에 맞춤
🟢 팔꿈치 → 당김 방향
🟢 어깨 → 으쓱하지 않기
🟢 복귀 → 2~3초 통제

### 🔥 이것만 기억하세요

""넓은 그립에서도 견갑 하강부터 시작. 끝에서 1초, 복귀는 통제.""","🏋️ ATLANTIS — D123 Lat Pulldown / D537 Converging Fixed Lat Pulldown · Precision Series

🎯 ONE KEY CUE
🔥 ""Even with a wide grip, start by depressing the scapulae""

와이드 전용 SKU는 없고 D123·D537에 와이드 그립 바로 수행합니다 Lean into the converging path design. Do not chase load until the setup feels locked in.

---

⚙️ ① Setup
🪑 Seat / pads
Pin yourself to the chest/back pad. If you lift off the pad, you are cheating with momentum.
🤲 Grip / hands
Take a comfortable grip width and keep the wrists stacked, not bent.
⚙️ Adjustments
Check 와이드 바, 무릎 패드, 핀 스택.
Naming can overlap in this category — trust the levers and pads on the unit in front of you.

---

💪 ② Start position
Lift the chest and keep the shoulders away from the ears. Prepare the back before the arms.
Check only this:
👉 Shoulders not shrugged

---

🔥 ③ Execution
The handles are not a straight line — ride the converging path. Do not force them together.
Drive the elbows back/down on the row or pulldown path, then lengthen slowly.

---

💥 ④ Peak contraction
Stop where the elbows arrive and the back is squeezed.
⏱️ 1-second STOP
Own that position for one second. This is not where you dump the weight.

---

🐌 ⑤ Controlled return
Do not dump the load.
Take 2–3 seconds on the way back.
Keep the back set as the arms lengthen — do not let the shoulders dump forward.

---

❌ Common mistakes
❌ Leaning back for momentum
Slow the tempo and repeat one clean path.
❌ Shrugging and turning it into an upper-trap pull
Keep the shoulders away from the ears and restart.
❌ Yank the handles without moving the elbows
If position breaks, cut the load.

---

💡 MACHINE FIT PRO TIP
🔥 The machine is built to converge. Stop forcing a parallel press — ride the path it gives you.

---

🎯 MACHINE FIT CHECK
🟢 Seat/pad → fitted
🟢 Elbows → pull direction
🟢 Shoulders → not shrugged
🟢 Return → 2–3 sec control

### 🔥 Remember this

""Even with a wide grip, start by depressing the scapulae. One-second peak, controlled return."""
ATLANTIS,프론트 풀다운,Front Pulldown,PW423 Front Pulldown,VERIFIED,Atlantis Strength,Power Series,https://atlantisstrength.com/app/uploads/2024/08/atlantis_catalog_strength_july-2024.pdf,Atlantis PW423 Front Pulldown은 플레이트로드 프론트 풀다운입니다,"시트/무릎 고정, 그립, 플레이트","🏋️ ATLANTIS — PW423 Front Pulldown · Power Series

🎯 ONE KEY CUE
🔥 ""바를 얼굴·쇄골 앞으로 수직에 가깝게 당기기""

Atlantis PW423 Front Pulldown은 플레이트로드 프론트 풀다운. 플레이트 로딩 · Atlantis plate/selector 구조입니다. 처음부터 무게 올리지 말고, 세팅부터 잡으세요.

---

⚙️ ① 기구 세팅
🪑 좌석 / 패드
가슴/등 패드에 몸을 안정적으로 붙이세요. 패드에서 몸이 들리면 반동이 들어갑니다.
🤲 그립 / 손 위치
그립를 편안한 너비로 잡으세요. 손목이 꺾이지 않게 합니다.
⚙️ 조절 포인트
시트/무릎 고정, 그립, 플레이트를 확인하세요. 양쪽 플레이트를 동일하게 맞추고, 한쪽만 먼저 올리지 마세요.

---

💪 ② 시작 자세
가슴을 세우고 어깨를 귀에서 멀리 둡니다. 팔보다 등부터 준비합니다.
이 자세에서 이것만 확인하세요.
👉 어깨가 귀 쪽으로 올라가지 않는지

---

🔥 ③ 운동 방법
오버핸드로 바를 앞에서 아래로 당겼다 신장.
손잡이를 당긴다고 생각하지 말고, 팔꿈치를 목표 지점으로 보내세요.

---

💥 ④ 최고 수축
팔꿈치가 목표에 도착해 등이 조여지는 지점에서 멈춥니다.
⏱️ 1초 STOP
튕기지 말고 그 지점에서 1초만 소유하세요. 무게를 놓는 순간이 아닙니다.

---

🐌 ⑤ 천천히 돌아오기
중량을 그냥 놓지 마세요.
2~3초 동안 통제하면서 복귀합니다.
팔이 펴질 때까지 등을 놓지 말고, 어깨가 앞으로 말리지 않게 버팁니다.

---

❌ 흔한 실수
❌ 바를 뒤로 넘겨 목 뒤로 당기는
자세가 무너지면 무게를 낮추세요.
❌ 몸을 뒤로 젖혀 반동으로 당기는 것
템포를 늦추고 같은 궤적만 반복하세요.
❌ 어깨를 으쓱하며 승모근만 쓰는 것
어깨를 귀에서 멀리 두고 다시 시작하세요.
❌ 손잡이만 당기고 팔꿈치는 안 움직이는 것
자세가 무너지면 무게를 낮추세요.
❌ 양쪽 플레이트 무게를 다르게 올리는 것
양쪽을 맞춘 뒤 가벼운 세트로 좌우를 확인하세요.

---

💡 MACHINE FIT PRO TIP
🔥 PW423 Front Pulldown은 플레이트 로딩입니다. 좌우 원판을 동일하게 맞추고, 첫 세트는 궤적·좌우 대칭만 확인한 다음 무게를 올리세요.

---

🎯 MACHINE FIT CHECK
🟢 시트/패드 → 몸에 맞춤
🟢 팔꿈치 → 당김 방향
🟢 원판 → 좌우 동일
🟢 복귀 → 2~3초 통제

### 🔥 이것만 기억하세요

""바를 얼굴·쇄골 앞으로 수직에 가깝게 당기기. 끝에서 1초, 복귀는 통제.""","🏋️ ATLANTIS — PW423 Front Pulldown · Power Series

🎯 ONE KEY CUE
🔥 ""Pull the bar down in front toward the collarbone""

Atlantis PW423 Front Pulldown은 플레이트로드 프론트 풀다운입니다 Lean into the plate-loaded / Atlantis plate/selector design. Do not chase load until the setup feels locked in.

---

⚙️ ① Setup
🪑 Seat / pads
Pin yourself to the chest/back pad. If you lift off the pad, you are cheating with momentum.
🤲 Grip / hands
Take a comfortable grip width and keep the wrists stacked, not bent.
⚙️ Adjustments
Check 시트/무릎 고정, 그립, 플레이트. Match plates on both sides — do not load one arm first.

---

💪 ② Start position
Lift the chest and keep the shoulders away from the ears. Prepare the back before the arms.
Check only this:
👉 Shoulders not shrugged

---

🔥 ③ Execution
Do not think “pull the handle.” Drive the elbows to the target.
Drive the elbows back/down on the row or pulldown path, then lengthen slowly.

---

💥 ④ Peak contraction
Stop where the elbows arrive and the back is squeezed.
⏱️ 1-second STOP
Own that position for one second. This is not where you dump the weight.

---

🐌 ⑤ Controlled return
Do not dump the load.
Take 2–3 seconds on the way back.
Keep the back set as the arms lengthen — do not let the shoulders dump forward.

---

❌ Common mistakes
❌ Leaning back for momentum
Slow the tempo and repeat one clean path.
❌ Shrugging and turning it into an upper-trap pull
Keep the shoulders away from the ears and restart.
❌ Yank the handles without moving the elbows
If position breaks, cut the load.
❌ Loading unequal plates
Match both sides, then confirm with a light set.

---

💡 MACHINE FIT PRO TIP
🔥 PW423 Front Pulldown is plate-loaded. Match plates, confirm path and left-right symmetry on set one, then add load.

---

🎯 MACHINE FIT CHECK
🟢 Seat/pad → fitted
🟢 Elbows → pull direction
🟢 Plates → matched
🟢 Return → 2–3 sec control

### 🔥 Remember this

""Pull the bar down in front toward the collarbone. One-second peak, controlled return."""
ATLANTIS,아이소래터럴 랫풀다운,Iso-Lateral Lat Pulldown,NM500 Unilateral Lat Pulldown / PW623 Unilateral Lat Pulldown,VERIFIED,Atlantis Strength,Natural Motion / Power Series,https://atlantisstrength.com/gym-equipment/plate-loaded-machines,Atlantis NM500·PW623 Unilateral Lat Pulldown은 독립 암 랫풀다운입니다,"시트, 좌·우 암, 스택/플레이트","🏋️ ATLANTIS — NM500 Unilateral Lat Pulldown / PW623 Unilateral Lat Pulldown · Natural Motion / Power Series

🎯 ONE KEY CUE
🔥 ""한팔씩 팔꿈치를 옆구리로 끌어내리기""

Atlantis NM500·PW623 Unilateral Lat Pulldown은 독립 암 랫풀다운. 좌우가 독립으로 움직이는 · Atlantis plate/selector 구조입니다. 처음부터 무게 올리지 말고, 세팅부터 잡으세요.

---

⚙️ ① 기구 세팅
🪑 좌석 / 패드
가슴/등 패드에 몸을 안정적으로 붙이세요. 패드에서 몸이 들리면 반동이 들어갑니다.
🤲 그립 / 손 위치
양손잡이 높이가 좌우 같은지 먼저 보세요. 독립 암이라 한쪽만 어긋나도 바로 느껴집니다.
⚙️ 조절 포인트
시트, 좌·우 암, 스택/플레이트를 확인하세요. 좌우 시작 위치가 같은지도 같이 봅니다.

---

💪 ② 시작 자세
가슴을 세우고 어깨를 귀에서 멀리 둡니다. 팔보다 등부터 준비합니다.
좌우가 같은 높이에서 시작하는지 한 번 더 보세요.
이 자세에서 이것만 확인하세요.
👉 어깨가 귀 쪽으로 올라가지 않는지

---

🔥 ③ 운동 방법
각 팔을 독립적으로 아래로 당겼다 복귀.
양쪽을 같은 속도로 움직이세요. 한쪽이 먼저 끝나면 무게를 더 올리기 전에 밸런스부터 잡습니다.

---

💥 ④ 최고 수축
팔꿈치가 목표에 도착해 등이 조여지는 지점에서 멈춥니다.
⏱️ 1초 STOP
튕기지 말고 그 지점에서 1초만 소유하세요. 무게를 놓는 순간이 아닙니다.

---

🐌 ⑤ 천천히 돌아오기
중량을 그냥 놓지 마세요.
2~3초 동안 통제하면서 복귀합니다.
팔이 펴질 때까지 등을 놓지 말고, 어깨가 앞으로 말리지 않게 버팁니다.

---

❌ 흔한 실수
❌ 강한 쪽만 먼저 당겨 비대칭을 키우는
자세가 무너지면 무게를 낮추세요.
❌ 몸을 뒤로 젖혀 반동으로 당기는 것
템포를 늦추고 같은 궤적만 반복하세요.
❌ 어깨를 으쓱하며 승모근만 쓰는 것
어깨를 귀에서 멀리 두고 다시 시작하세요.
❌ 손잡이만 당기고 팔꿈치는 안 움직이는 것
자세가 무너지면 무게를 낮추세요.
❌ 한쪽만 먼저 끝내고 반대쪽을 따라가게 하는 것
약한 쪽 속도에 강한 쪽을 맞추세요.

---

💡 MACHINE FIT PRO TIP
🔥 이 기구는 좌우 암이 독립적으로 움직이는 게 장점입니다. 무게를 올리기 전에 양쪽이 같은 속도로 가는지 확인하세요. 한쪽이 먼저 끝까지 가 버리면 중량보다 밸런스가 먼저입니다.

---

🎯 MACHINE FIT CHECK
🟢 시트/패드 → 몸에 맞춤
🟢 팔꿈치 → 당김 방향
🟢 좌우 → 같은 속도
🟢 복귀 → 2~3초 통제

### 🔥 이것만 기억하세요

""좌우 같은 속도, 끝에서 1초, 복귀는 통제.""","🏋️ ATLANTIS — NM500 Unilateral Lat Pulldown / PW623 Unilateral Lat Pulldown · Natural Motion / Power Series

🎯 ONE KEY CUE
🔥 ""Drive each elbow down toward the side independently""

Atlantis NM500·PW623 Unilateral Lat Pulldown은 독립 암 랫풀다운입니다 Lean into the independent arms / Atlantis plate/selector design. Do not chase load until the setup feels locked in.

---

⚙️ ① Setup
🪑 Seat / pads
Pin yourself to the chest/back pad. If you lift off the pad, you are cheating with momentum.
🤲 Grip / hands
Match left and right handle height first — independent arms expose any mismatch immediately.
⚙️ Adjustments
Check 시트, 좌·우 암, 스택/플레이트. Confirm both sides start from the same position.

---

💪 ② Start position
Lift the chest and keep the shoulders away from the ears. Prepare the back before the arms.
Double-check both sides start at the same height.
Check only this:
👉 Shoulders not shrugged

---

🔥 ③ Execution
Match left-right speed. If one side finishes early, fix balance before adding load.
Drive the elbows back/down on the row or pulldown path, then lengthen slowly. Keep both sides honest.

---

💥 ④ Peak contraction
Stop where the elbows arrive and the back is squeezed.
⏱️ 1-second STOP
Own that position for one second. This is not where you dump the weight.

---

🐌 ⑤ Controlled return
Do not dump the load.
Take 2–3 seconds on the way back.
Keep the back set as the arms lengthen — do not let the shoulders dump forward.

---

❌ Common mistakes
❌ Leaning back for momentum
Slow the tempo and repeat one clean path.
❌ Shrugging and turning it into an upper-trap pull
Keep the shoulders away from the ears and restart.
❌ Yank the handles without moving the elbows
If position breaks, cut the load.
❌ Letting one side finish early
Match the stronger side to the weaker side’s speed.

---

💡 MACHINE FIT PRO TIP
🔥 Independent arms are the point. Before you load up, confirm both sides move at the same speed. If one side finishes early, fix balance before adding plates or pins.

---

🎯 MACHINE FIT CHECK
🟢 Seat/pad → fitted
🟢 Elbows → pull direction
🟢 Left/right → same speed
🟢 Return → 2–3 sec control

### 🔥 Remember this

""Match sides, one-second peak, controlled return."""
ATLANTIS,하이로우,High Row,D433 Vertical Row,VERIFIED,Atlantis Strength,Precision Series,https://atlantisstrength.com/app/uploads/2024/08/atlantis_catalog_strength_july-2024.pdf,Atlantis D433 Vertical Row는 수직/하이 로우 패턴의 셀렉터라이즈드입니다,"시트 높이, 흉패드, 핀 스택","🏋️ ATLANTIS — D433 Vertical Row · Precision Series

🎯 ONE KEY CUE
🔥 ""팔꿈치를 높게 유지하며 견갑을 모으기""

Atlantis D433 Vertical Row는 수직/하이 로우 패턴의 셀렉터라이즈드. 셀렉터 스택 구조입니다. 처음부터 무게 올리지 말고, 세팅부터 잡으세요.

---

⚙️ ① 기구 세팅
🪑 좌석 / 패드
가슴/등 패드에 몸을 안정적으로 붙이세요. 패드에서 몸이 들리면 반동이 들어갑니다.
🤲 그립 / 손 위치
손잡이를 편안한 너비로 잡으세요. 손목이 꺾이지 않게 합니다.
⚙️ 조절 포인트
시트 높이, 흉패드, 핀 스택을 확인하세요.

---

💪 ② 시작 자세
가슴을 세우고 어깨를 귀에서 멀리 둡니다. 팔보다 등부터 준비합니다.
이 자세에서 이것만 확인하세요.
👉 어깨가 귀 쪽으로 올라가지 않는지

---

🔥 ③ 운동 방법
손잡이를 가슴 상부쪽으로 당겼다 천천히 펴기.
손잡이를 당긴다고 생각하지 말고, 팔꿈치를 목표 지점으로 보내세요.

---

💥 ④ 최고 수축
팔꿈치가 목표에 도착해 등이 조여지는 지점에서 멈춥니다.
⏱️ 1초 STOP
튕기지 말고 그 지점에서 1초만 소유하세요. 무게를 놓는 순간이 아닙니다.

---

🐌 ⑤ 천천히 돌아오기
중량을 그냥 놓지 마세요.
2~3초 동안 통제하면서 복귀합니다.
팔이 펴질 때까지 등을 놓지 말고, 어깨가 앞으로 말리지 않게 버팁니다.

---

❌ 흔한 실수
❌ 허리를 젖혀 반동으로 당기는
템포를 늦추고 같은 궤적만 반복하세요.
❌ 몸을 뒤로 젖혀 반동으로 당기는 것
템포를 늦추고 같은 궤적만 반복하세요.
❌ 어깨를 으쓱하며 승모근만 쓰는 것
어깨를 귀에서 멀리 두고 다시 시작하세요.
❌ 손잡이만 당기고 팔꿈치는 안 움직이는 것
자세가 무너지면 무게를 낮추세요.

---

💡 MACHINE FIT PRO TIP
🔥 Select 라인(D433 Vertical Row)은 스택 핀 위치가 곧 시작 난이도입니다. 시트부터 맞춘 뒤 핀을 고르고, 첫 세트에서 궤적이 어깨·관절에 맞는지 확인하세요.

---

🎯 MACHINE FIT CHECK
🟢 시트/패드 → 몸에 맞춤
🟢 팔꿈치 → 당김 방향
🟢 어깨 → 으쓱하지 않기
🟢 복귀 → 2~3초 통제

### 🔥 이것만 기억하세요

""팔꿈치를 높게 유지하며 견갑을 모으기. 끝에서 1초, 복귀는 통제.""","🏋️ ATLANTIS — D433 Vertical Row · Precision Series

🎯 ONE KEY CUE
🔥 ""Keep elbows high and retract the scapulae""

Atlantis D433 Vertical Row는 수직/하이 로우 패턴의 셀렉터라이즈드입니다 Lean into the selectorized stack design. Do not chase load until the setup feels locked in.

---

⚙️ ① Setup
🪑 Seat / pads
Pin yourself to the chest/back pad. If you lift off the pad, you are cheating with momentum.
🤲 Grip / hands
Take a comfortable grip width and keep the wrists stacked, not bent.
⚙️ Adjustments
Check 시트 높이, 흉패드, 핀 스택.

---

💪 ② Start position
Lift the chest and keep the shoulders away from the ears. Prepare the back before the arms.
Check only this:
👉 Shoulders not shrugged

---

🔥 ③ Execution
Do not think “pull the handle.” Drive the elbows to the target.
Drive the elbows back/down on the row or pulldown path, then lengthen slowly.

---

💥 ④ Peak contraction
Stop where the elbows arrive and the back is squeezed.
⏱️ 1-second STOP
Own that position for one second. This is not where you dump the weight.

---

🐌 ⑤ Controlled return
Do not dump the load.
Take 2–3 seconds on the way back.
Keep the back set as the arms lengthen — do not let the shoulders dump forward.

---

❌ Common mistakes
❌ Leaning back for momentum
Slow the tempo and repeat one clean path.
❌ Shrugging and turning it into an upper-trap pull
Keep the shoulders away from the ears and restart.
❌ Yank the handles without moving the elbows
If position breaks, cut the load.

---

💡 MACHINE FIT PRO TIP
🔥 On Select (D433 Vertical Row), the pin is your difficulty. Fit the seat first, choose the pin second, and confirm the path on set one.

---

🎯 MACHINE FIT CHECK
🟢 Seat/pad → fitted
🟢 Elbows → pull direction
🟢 Shoulders → not shrugged
🟢 Return → 2–3 sec control

### 🔥 Remember this

""Keep elbows high and retract the scapulae. One-second peak, controlled return."""
ATLANTIS,아이소래터럴 하이로우,Iso-Lateral High Row,,BRAND_MODEL_NOT_FOUND,Atlantis Strength,,https://atlantisstrength.com/app/uploads/2024/08/atlantis_catalog_strength_july-2024.pdf,Atlantis 카탈로그에 Iso-Lateral High Row 전용 SKU는 확인되지 않습니다,"시트, 독립 암, 중량","🏋️ ATLANTIS — 아이소래터럴 하이로우

🎯 ONE KEY CUE
🔥 ""높은 팔꿈치로 좌우를 균등히 당기기""

아틀란티스 전용 모델이 없는 카테고리입니다. 헬스장에 있는 실제 기구의 패드·레버·안전장치를 먼저 확인한 뒤, 아래 패턴으로 움직이세요.

---

⚙️ ① 기구 세팅
🪑 좌석 / 패드
가슴/등 패드에 몸을 안정적으로 붙이세요. 패드에서 몸이 들리면 반동이 들어갑니다.
🤲 그립 / 손 위치
양손잡이 높이가 좌우 같은지 먼저 보세요. 독립 암이라 한쪽만 어긋나도 바로 느껴집니다.
⚙️ 조절 포인트
시트, 독립 암, 중량을 확인하세요. 좌우 시작 위치가 같은지도 같이 봅니다.

---

💪 ② 시작 자세
가슴을 세우고 어깨를 귀에서 멀리 둡니다. 팔보다 등부터 준비합니다.
좌우가 같은 높이에서 시작하는지 한 번 더 보세요.
이 자세에서 이것만 확인하세요.
👉 어깨가 귀 쪽으로 올라가지 않는지

---

🔥 ③ 운동 방법
각 팔을 가슴 상부로 독립적으로 당겼다 복귀.
양쪽을 같은 속도로 움직이세요. 한쪽이 먼저 끝나면 무게를 더 올리기 전에 밸런스부터 잡습니다.

---

💥 ④ 최고 수축
팔꿈치가 목표에 도착해 등이 조여지는 지점에서 멈춥니다.
⏱️ 1초 STOP
튕기지 말고 그 지점에서 1초만 소유하세요. 무게를 놓는 순간이 아닙니다.

---

🐌 ⑤ 천천히 돌아오기
중량을 그냥 놓지 마세요.
2~3초 동안 통제하면서 복귀합니다.
팔이 펴질 때까지 등을 놓지 말고, 어깨가 앞으로 말리지 않게 버팁니다.

---

❌ 흔한 실수
❌ 한쪽만 먼저 당겨 몸통이 회전하는
약한 쪽 속도에 강한 쪽을 맞추세요.
❌ 몸을 뒤로 젖혀 반동으로 당기는 것
템포를 늦추고 같은 궤적만 반복하세요.
❌ 어깨를 으쓱하며 승모근만 쓰는 것
어깨를 귀에서 멀리 두고 다시 시작하세요.
❌ 손잡이만 당기고 팔꿈치는 안 움직이는 것
자세가 무너지면 무게를 낮추세요.
❌ 한쪽만 먼저 끝내고 반대쪽을 따라가게 하는 것
약한 쪽 속도에 강한 쪽을 맞추세요.

---

💡 MACHINE FIT PRO TIP
🔥 이 항목은 해머 스트렝스 전용 SKU가 없습니다. ""아이소래터럴 하이로우""로 분류된 실제 기구의 패드·레버·안전장치만 믿고, 가벼운 무게로 5회 리허설 후 본 세트를 시작하세요.

---

🎯 MACHINE FIT CHECK
🟢 시트/패드 → 몸에 맞춤
🟢 팔꿈치 → 당김 방향
🟢 좌우 → 같은 속도
🟢 복귀 → 2~3초 통제

### 🔥 이것만 기억하세요

""좌우 같은 속도, 끝에서 1초, 복귀는 통제.""","🏋️ ATLANTIS — Iso-Lateral High Row

🎯 ONE KEY CUE
🔥 ""Pull evenly with high elbows on both sides""

There is no dedicated Atlantis SKU for this category. Confirm pads, levers, and safeties on the unit in your gym, then follow the movement pattern below.

---

⚙️ ① Setup
🪑 Seat / pads
Pin yourself to the chest/back pad. If you lift off the pad, you are cheating with momentum.
🤲 Grip / hands
Match left and right handle height first — independent arms expose any mismatch immediately.
⚙️ Adjustments
Check 시트, 독립 암, 중량. Confirm both sides start from the same position.

---

💪 ② Start position
Lift the chest and keep the shoulders away from the ears. Prepare the back before the arms.
Double-check both sides start at the same height.
Check only this:
👉 Shoulders not shrugged

---

🔥 ③ Execution
Match left-right speed. If one side finishes early, fix balance before adding load.
Drive the elbows back/down on the row or pulldown path, then lengthen slowly. Keep both sides honest.

---

💥 ④ Peak contraction
Stop where the elbows arrive and the back is squeezed.
⏱️ 1-second STOP
Own that position for one second. This is not where you dump the weight.

---

🐌 ⑤ Controlled return
Do not dump the load.
Take 2–3 seconds on the way back.
Keep the back set as the arms lengthen — do not let the shoulders dump forward.

---

❌ Common mistakes
❌ Leaning back for momentum
Slow the tempo and repeat one clean path.
❌ Shrugging and turning it into an upper-trap pull
Keep the shoulders away from the ears and restart.
❌ Yank the handles without moving the elbows
If position breaks, cut the load.
❌ Letting one side finish early
Match the stronger side to the weaker side’s speed.

---

💡 MACHINE FIT PRO TIP
🔥 No dedicated Hammer Strength SKU for this slot. Trust the pads/levers/safeties on the unit labeled like ""Iso-Lateral High Row"", rehearse five light reps, then start working sets.

---

🎯 MACHINE FIT CHECK
🟢 Seat/pad → fitted
🟢 Elbows → pull direction
🟢 Left/right → same speed
🟢 Return → 2–3 sec control

### 🔥 Remember this

""Match sides, one-second peak, controlled return."""
ATLANTIS,시티드 로우,Seated Row,PW437 Row,VERIFIED,Atlantis Strength,Power Series,https://atlantisstrength.com/app/uploads/2024/08/atlantis_catalog_strength_july-2024.pdf,Atlantis PW437 Row는 플레이트로드 시티드 로우입니다,"시트/흉패드, 그립, 플레이트","🏋️ ATLANTIS — PW437 Row · Power Series

🎯 ONE KEY CUE
🔥 ""가슴을 패드에 붙이고 팔꿈치로 당기기""

Atlantis PW437 Row는 플레이트로드 시티드 로우. 플레이트 로딩 · Atlantis plate/selector 구조입니다. 처음부터 무게 올리지 말고, 세팅부터 잡으세요.

---

⚙️ ① 기구 세팅
🪑 좌석 / 패드
가슴/등 패드에 몸을 안정적으로 붙이세요. 패드에서 몸이 들리면 반동이 들어갑니다.
🤲 그립 / 손 위치
그립를 편안한 너비로 잡으세요. 손목이 꺾이지 않게 합니다.
⚙️ 조절 포인트
시트/흉패드, 그립, 플레이트를 확인하세요. 양쪽 플레이트를 동일하게 맞추고, 한쪽만 먼저 올리지 마세요.

---

💪 ② 시작 자세
가슴을 세우고 어깨를 귀에서 멀리 둡니다. 팔보다 등부터 준비합니다.
이 자세에서 이것만 확인하세요.
👉 어깨가 귀 쪽으로 올라가지 않는지

---

🔥 ③ 운동 방법
손잡이를 복부·하흉 쪽으로 당겼다 신장.
손잡이를 당긴다고 생각하지 말고, 팔꿈치를 목표 지점으로 보내세요.

---

💥 ④ 최고 수축
팔꿈치가 목표에 도착해 등이 조여지는 지점에서 멈춥니다.
⏱️ 1초 STOP
튕기지 말고 그 지점에서 1초만 소유하세요. 무게를 놓는 순간이 아닙니다.

---

🐌 ⑤ 천천히 돌아오기
중량을 그냥 놓지 마세요.
2~3초 동안 통제하면서 복귀합니다.
팔이 펴질 때까지 등을 놓지 말고, 어깨가 앞으로 말리지 않게 버팁니다.

---

❌ 흔한 실수
❌ 상체를 뒤로 크게 젖혀 반동을 쓰는
템포를 늦추고 같은 궤적만 반복하세요.
❌ 몸을 뒤로 젖혀 반동으로 당기는 것
템포를 늦추고 같은 궤적만 반복하세요.
❌ 어깨를 으쓱하며 승모근만 쓰는 것
어깨를 귀에서 멀리 두고 다시 시작하세요.
❌ 손잡이만 당기고 팔꿈치는 안 움직이는 것
자세가 무너지면 무게를 낮추세요.
❌ 양쪽 플레이트 무게를 다르게 올리는 것
양쪽을 맞춘 뒤 가벼운 세트로 좌우를 확인하세요.

---

💡 MACHINE FIT PRO TIP
🔥 PW437 Row은 플레이트 로딩입니다. 좌우 원판을 동일하게 맞추고, 첫 세트는 궤적·좌우 대칭만 확인한 다음 무게를 올리세요.

---

🎯 MACHINE FIT CHECK
🟢 시트/패드 → 몸에 맞춤
🟢 팔꿈치 → 당김 방향
🟢 원판 → 좌우 동일
🟢 복귀 → 2~3초 통제

### 🔥 이것만 기억하세요

""가슴을 패드에 붙이고 팔꿈치로 당기기. 끝에서 1초, 복귀는 통제.""","🏋️ ATLANTIS — PW437 Row · Power Series

🎯 ONE KEY CUE
🔥 ""Keep the chest on the pad and pull with the elbows""

Atlantis PW437 Row는 플레이트로드 시티드 로우입니다 Lean into the plate-loaded / Atlantis plate/selector design. Do not chase load until the setup feels locked in.

---

⚙️ ① Setup
🪑 Seat / pads
Pin yourself to the chest/back pad. If you lift off the pad, you are cheating with momentum.
🤲 Grip / hands
Take a comfortable grip width and keep the wrists stacked, not bent.
⚙️ Adjustments
Check 시트/흉패드, 그립, 플레이트. Match plates on both sides — do not load one arm first.

---

💪 ② Start position
Lift the chest and keep the shoulders away from the ears. Prepare the back before the arms.
Check only this:
👉 Shoulders not shrugged

---

🔥 ③ Execution
Do not think “pull the handle.” Drive the elbows to the target.
Drive the elbows back/down on the row or pulldown path, then lengthen slowly.

---

💥 ④ Peak contraction
Stop where the elbows arrive and the back is squeezed.
⏱️ 1-second STOP
Own that position for one second. This is not where you dump the weight.

---

🐌 ⑤ Controlled return
Do not dump the load.
Take 2–3 seconds on the way back.
Keep the back set as the arms lengthen — do not let the shoulders dump forward.

---

❌ Common mistakes
❌ Leaning back for momentum
Slow the tempo and repeat one clean path.
❌ Shrugging and turning it into an upper-trap pull
Keep the shoulders away from the ears and restart.
❌ Yank the handles without moving the elbows
If position breaks, cut the load.
❌ Loading unequal plates
Match both sides, then confirm with a light set.

---

💡 MACHINE FIT PRO TIP
🔥 PW437 Row is plate-loaded. Match plates, confirm path and left-right symmetry on set one, then add load.

---

🎯 MACHINE FIT CHECK
🟢 Seat/pad → fitted
🟢 Elbows → pull direction
🟢 Plates → matched
🟢 Return → 2–3 sec control

### 🔥 Remember this

""Keep the chest on the pad and pull with the elbows. One-second peak, controlled return."""
ATLANTIS,로우 머신,Row Machine,D337 Diverging Row,VERIFIED,Atlantis Strength,Precision Series,https://atlantisstrength.com/app/uploads/2024/08/atlantis_catalog_strength_july-2024.pdf,Atlantis D337 Diverging Row는 발산형 로우 머신입니다,"시트, 흉패드, 핀 스택","🏋️ ATLANTIS — D337 Diverging Row · Precision Series

🎯 ONE KEY CUE
🔥 ""견갑을 모은 뒤 손잡이를 바깥·뒤로 당기기""

Atlantis D337 Diverging Row는 발산형 로우 머신. 아틀란티스 Plate Loaded(P)·Selectorized 궤적을 그대로 타는 게 핵심입니다. 처음부터 무게 올리지 말고, 세팅부터 잡으세요.

---

⚙️ ① 기구 세팅
🪑 좌석 / 패드
가슴/등 패드에 몸을 안정적으로 붙이세요. 패드에서 몸이 들리면 반동이 들어갑니다.
🤲 그립 / 손 위치
손잡이를 편안한 너비로 잡으세요. 손목이 꺾이지 않게 합니다.
⚙️ 조절 포인트
시트, 흉패드, 핀 스택을 확인하세요.

---

💪 ② 시작 자세
가슴을 세우고 어깨를 귀에서 멀리 둡니다. 팔보다 등부터 준비합니다.
이 자세에서 이것만 확인하세요.
👉 어깨가 귀 쪽으로 올라가지 않는지

---

🔥 ③ 운동 방법
손잡이를 몸통 옆으로 당겼다 천천히 펴기.
손잡이를 당긴다고 생각하지 말고, 팔꿈치를 목표 지점으로 보내세요.

---

💥 ④ 최고 수축
팔꿈치가 목표에 도착해 등이 조여지는 지점에서 멈춥니다.
⏱️ 1초 STOP
튕기지 말고 그 지점에서 1초만 소유하세요. 무게를 놓는 순간이 아닙니다.

---

🐌 ⑤ 천천히 돌아오기
중량을 그냥 놓지 마세요.
2~3초 동안 통제하면서 복귀합니다.
팔이 펴질 때까지 등을 놓지 말고, 어깨가 앞으로 말리지 않게 버팁니다.

---

❌ 흔한 실수
❌ 팔만 구부리고 등 수축을 생략하는
자세가 무너지면 무게를 낮추세요.
❌ 몸을 뒤로 젖혀 반동으로 당기는 것
템포를 늦추고 같은 궤적만 반복하세요.
❌ 어깨를 으쓱하며 승모근만 쓰는 것
어깨를 귀에서 멀리 두고 다시 시작하세요.
❌ 손잡이만 당기고 팔꿈치는 안 움직이는 것
자세가 무너지면 무게를 낮추세요.

---

💡 MACHINE FIT PRO TIP
🔥 D337 Diverging Row의 가이드 궤적을 이용하세요. 첫 2세트는 천천히, 대칭이 확인된 뒤에만 무게를 올립니다.

---

🎯 MACHINE FIT CHECK
🟢 시트/패드 → 몸에 맞춤
🟢 팔꿈치 → 당김 방향
🟢 어깨 → 으쓱하지 않기
🟢 복귀 → 2~3초 통제

### 🔥 이것만 기억하세요

""견갑을 모은 뒤 손잡이를 바깥·뒤로 당기기. 끝에서 1초, 복귀는 통제.""","🏋️ ATLANTIS — D337 Diverging Row · Precision Series

🎯 ONE KEY CUE
🔥 ""Retract scapulae then pull handles back and out""

Atlantis D337 Diverging Row는 발산형 로우 머신입니다 Ride the Atlantis Plate Loaded (P) / Selectorized path instead of fighting it. Do not chase load until the setup feels locked in.

---

⚙️ ① Setup
🪑 Seat / pads
Pin yourself to the chest/back pad. If you lift off the pad, you are cheating with momentum.
🤲 Grip / hands
Take a comfortable grip width and keep the wrists stacked, not bent.
⚙️ Adjustments
Check 시트, 흉패드, 핀 스택.

---

💪 ② Start position
Lift the chest and keep the shoulders away from the ears. Prepare the back before the arms.
Check only this:
👉 Shoulders not shrugged

---

🔥 ③ Execution
Do not think “pull the handle.” Drive the elbows to the target.
Drive the elbows back/down on the row or pulldown path, then lengthen slowly.

---

💥 ④ Peak contraction
Stop where the elbows arrive and the back is squeezed.
⏱️ 1-second STOP
Own that position for one second. This is not where you dump the weight.

---

🐌 ⑤ Controlled return
Do not dump the load.
Take 2–3 seconds on the way back.
Keep the back set as the arms lengthen — do not let the shoulders dump forward.

---

❌ Common mistakes
❌ Leaning back for momentum
Slow the tempo and repeat one clean path.
❌ Shrugging and turning it into an upper-trap pull
Keep the shoulders away from the ears and restart.
❌ Yank the handles without moving the elbows
If position breaks, cut the load.

---

💡 MACHINE FIT PRO TIP
🔥 Use the guided path on D337 Diverging Row. Slow the first two sets, confirm symmetry, then add load.

---

🎯 MACHINE FIT CHECK
🟢 Seat/pad → fitted
🟢 Elbows → pull direction
🟢 Shoulders → not shrugged
🟢 Return → 2–3 sec control

### 🔥 Remember this

""Retract scapulae then pull handles back and out. One-second peak, controlled return."""
ATLANTIS,로우 로우,Low Row,D124 Low Row / PW637 Low Row,VERIFIED,Atlantis Strength,Precision / Power Series,https://atlantisstrength.com/app/uploads/2024/08/atlantis_catalog_strength_july-2024.pdf,Atlantis D124·PW637 Low Row는 로우 로우(케이블/플레이트)입니다,"풋 지지, 그립, 스택/플레이트","🏋️ ATLANTIS — D124 Low Row / PW637 Low Row · Precision / Power Series

🎯 ONE KEY CUE
🔥 ""몸통을 세우고 손잡이를 하복부로 당기기""

Atlantis D124·PW637 Low Row는 로우 로우(케이블/플레이트). 플레이트 로딩 · Atlantis plate/selector 구조입니다. 처음부터 무게 올리지 말고, 세팅부터 잡으세요.

---

⚙️ ① 기구 세팅
🤲 그립 / 손 위치
그립를 편안한 너비로 잡으세요. 손목이 꺾이지 않게 합니다.
⚙️ 조절 포인트
풋 지지, 그립, 스택/플레이트를 확인하세요. 양쪽 플레이트를 동일하게 맞추고, 한쪽만 먼저 올리지 마세요.

---

💪 ② 시작 자세
가슴을 세우고 어깨를 귀에서 멀리 둡니다. 팔보다 등부터 준비합니다.
이 자세에서 이것만 확인하세요.
👉 어깨가 귀 쪽으로 올라가지 않는지

---

🔥 ③ 운동 방법
케이블/암을 앞에서 복부로 당겼다 신장.
손잡이를 당긴다고 생각하지 말고, 팔꿈치를 목표 지점으로 보내세요.

---

💥 ④ 최고 수축
팔꿈치가 목표에 도착해 등이 조여지는 지점에서 멈춥니다.
⏱️ 1초 STOP
튕기지 말고 그 지점에서 1초만 소유하세요. 무게를 놓는 순간이 아닙니다.

---

🐌 ⑤ 천천히 돌아오기
중량을 그냥 놓지 마세요.
2~3초 동안 통제하면서 복귀합니다.
팔이 펴질 때까지 등을 놓지 말고, 어깨가 앞으로 말리지 않게 버팁니다.

---

❌ 흔한 실수
❌ 상체를 크게 흔들며 무게만 올리는
자세가 무너지면 무게를 낮추세요.
❌ 몸을 뒤로 젖혀 반동으로 당기는 것
템포를 늦추고 같은 궤적만 반복하세요.
❌ 어깨를 으쓱하며 승모근만 쓰는 것
어깨를 귀에서 멀리 두고 다시 시작하세요.
❌ 손잡이만 당기고 팔꿈치는 안 움직이는 것
자세가 무너지면 무게를 낮추세요.
❌ 양쪽 플레이트 무게를 다르게 올리는 것
양쪽을 맞춘 뒤 가벼운 세트로 좌우를 확인하세요.

---

💡 MACHINE FIT PRO TIP
🔥 D124 Low Row / PW637 Low Row은 플레이트 로딩입니다. 좌우 원판을 동일하게 맞추고, 첫 세트는 궤적·좌우 대칭만 확인한 다음 무게를 올리세요.

---

🎯 MACHINE FIT CHECK
🟢 시트/패드 → 몸에 맞춤
🟢 팔꿈치 → 당김 방향
🟢 원판 → 좌우 동일
🟢 복귀 → 2~3초 통제

### 🔥 이것만 기억하세요

""몸통을 세우고 손잡이를 하복부로 당기기. 끝에서 1초, 복귀는 통제.""","🏋️ ATLANTIS — D124 Low Row / PW637 Low Row · Precision / Power Series

🎯 ONE KEY CUE
🔥 ""Stay tall and pull the handle to the lower abdomen""

Atlantis D124·PW637 Low Row는 로우 로우(케이블/플레이트)입니다 Lean into the plate-loaded / Atlantis plate/selector design. Do not chase load until the setup feels locked in.

---

⚙️ ① Setup
🤲 Grip / hands
Take a comfortable grip width and keep the wrists stacked, not bent.
⚙️ Adjustments
Check 풋 지지, 그립, 스택/플레이트. Match plates on both sides — do not load one arm first.

---

💪 ② Start position
Lift the chest and keep the shoulders away from the ears. Prepare the back before the arms.
Check only this:
👉 Shoulders not shrugged

---

🔥 ③ Execution
Do not think “pull the handle.” Drive the elbows to the target.
Drive the elbows back/down on the row or pulldown path, then lengthen slowly.

---

💥 ④ Peak contraction
Stop where the elbows arrive and the back is squeezed.
⏱️ 1-second STOP
Own that position for one second. This is not where you dump the weight.

---

🐌 ⑤ Controlled return
Do not dump the load.
Take 2–3 seconds on the way back.
Keep the back set as the arms lengthen — do not let the shoulders dump forward.

---

❌ Common mistakes
❌ Leaning back for momentum
Slow the tempo and repeat one clean path.
❌ Shrugging and turning it into an upper-trap pull
Keep the shoulders away from the ears and restart.
❌ Yank the handles without moving the elbows
If position breaks, cut the load.
❌ Loading unequal plates
Match both sides, then confirm with a light set.

---

💡 MACHINE FIT PRO TIP
🔥 D124 Low Row / PW637 Low Row is plate-loaded. Match plates, confirm path and left-right symmetry on set one, then add load.

---

🎯 MACHINE FIT CHECK
🟢 Seat/pad → fitted
🟢 Elbows → pull direction
🟢 Plates → matched
🟢 Return → 2–3 sec control

### 🔥 Remember this

""Stay tall and pull the handle to the lower abdomen. One-second peak, controlled return."""
ATLANTIS,미드 로우,Mid Row,D337 Diverging Row / D132 Incline Row,PARTIALLY_VERIFIED,Atlantis Strength,Precision Series,https://atlantisstrength.com/app/uploads/2024/08/atlantis_catalog_strength_july-2024.pdf,Mid Row 명칭 SKU는 없고 D337·D132가 중부 등 로우에 해당합니다,"시트/흉패드, 핀 스택","🏋️ ATLANTIS — D337 Diverging Row / D132 Incline Row · Precision Series

🎯 ONE KEY CUE
🔥 ""팔꿈치를 몸통 옆에 붙여 중부 광배·능형근 수축""

Mid Row 명칭 SKU는 없고 D337·D132가 중부 등 로우에 해당합니다. 아틀란티스 Plate Loaded(P)·Selectorized 궤적을 그대로 타는 게 핵심입니다. 처음부터 무게 올리지 말고, 세팅부터 잡으세요.

---

⚙️ ① 기구 세팅
🪑 좌석 / 패드
가슴/등 패드에 몸을 안정적으로 붙이세요. 패드에서 몸이 들리면 반동이 들어갑니다.
🤲 그립 / 손 위치
손잡이를 편안한 너비로 잡으세요. 손목이 꺾이지 않게 합니다.
⚙️ 조절 포인트
시트/흉패드, 핀 스택을 확인하세요.
이 카테고리는 공식 명칭이 겹칠 수 있으니, 헬스장 기구의 실제 레버·패드 배치를 우선하세요.

---

💪 ② 시작 자세
가슴을 세우고 어깨를 귀에서 멀리 둡니다. 팔보다 등부터 준비합니다.
이 자세에서 이것만 확인하세요.
👉 어깨가 귀 쪽으로 올라가지 않는지

---

🔥 ③ 운동 방법
손잡이를 가슴 중부 높이로 당겼다 복귀.
손잡이를 당긴다고 생각하지 말고, 팔꿈치를 목표 지점으로 보내세요.

---

💥 ④ 최고 수축
팔꿈치가 목표에 도착해 등이 조여지는 지점에서 멈춥니다.
⏱️ 1초 STOP
튕기지 말고 그 지점에서 1초만 소유하세요. 무게를 놓는 순간이 아닙니다.

---

🐌 ⑤ 천천히 돌아오기
중량을 그냥 놓지 마세요.
2~3초 동안 통제하면서 복귀합니다.
팔이 펴질 때까지 등을 놓지 말고, 어깨가 앞으로 말리지 않게 버팁니다.

---

❌ 흔한 실수
❌ 어깨만 으쓱하며 승모 상부로만 드는
어깨를 귀에서 멀리 두고 다시 시작하세요.
❌ 몸을 뒤로 젖혀 반동으로 당기는 것
템포를 늦추고 같은 궤적만 반복하세요.
❌ 어깨를 으쓱하며 승모근만 쓰는 것
어깨를 귀에서 멀리 두고 다시 시작하세요.
❌ 손잡이만 당기고 팔꿈치는 안 움직이는 것
자세가 무너지면 무게를 낮추세요.

---

💡 MACHINE FIT PRO TIP
🔥 D337 Diverging Row / D132 Incline Row의 가이드 궤적을 이용하세요. 첫 2세트는 천천히, 대칭이 확인된 뒤에만 무게를 올립니다.

---

🎯 MACHINE FIT CHECK
🟢 시트/패드 → 몸에 맞춤
🟢 팔꿈치 → 당김 방향
🟢 어깨 → 으쓱하지 않기
🟢 복귀 → 2~3초 통제

### 🔥 이것만 기억하세요

""팔꿈치를 몸통 옆에 붙여 중부 광배·능형근 수축. 끝에서 1초, 복귀는 통제.""","🏋️ ATLANTIS — D337 Diverging Row / D132 Incline Row · Precision Series

🎯 ONE KEY CUE
🔥 ""Keep elbows by the ribs and squeeze mid-back""

Mid Row 명칭 SKU는 없고 D337·D132가 중부 등 로우에 해당합니다 Ride the Atlantis Plate Loaded (P) / Selectorized path instead of fighting it. Do not chase load until the setup feels locked in.

---

⚙️ ① Setup
🪑 Seat / pads
Pin yourself to the chest/back pad. If you lift off the pad, you are cheating with momentum.
🤲 Grip / hands
Take a comfortable grip width and keep the wrists stacked, not bent.
⚙️ Adjustments
Check 시트/흉패드, 핀 스택.
Naming can overlap in this category — trust the levers and pads on the unit in front of you.

---

💪 ② Start position
Lift the chest and keep the shoulders away from the ears. Prepare the back before the arms.
Check only this:
👉 Shoulders not shrugged

---

🔥 ③ Execution
Do not think “pull the handle.” Drive the elbows to the target.
Drive the elbows back/down on the row or pulldown path, then lengthen slowly.

---

💥 ④ Peak contraction
Stop where the elbows arrive and the back is squeezed.
⏱️ 1-second STOP
Own that position for one second. This is not where you dump the weight.

---

🐌 ⑤ Controlled return
Do not dump the load.
Take 2–3 seconds on the way back.
Keep the back set as the arms lengthen — do not let the shoulders dump forward.

---

❌ Common mistakes
❌ Leaning back for momentum
Slow the tempo and repeat one clean path.
❌ Shrugging and turning it into an upper-trap pull
Keep the shoulders away from the ears and restart.
❌ Yank the handles without moving the elbows
If position breaks, cut the load.

---

💡 MACHINE FIT PRO TIP
🔥 Use the guided path on D337 Diverging Row / D132 Incline Row. Slow the first two sets, confirm symmetry, then add load.

---

🎯 MACHINE FIT CHECK
🟢 Seat/pad → fitted
🟢 Elbows → pull direction
🟢 Shoulders → not shrugged
🟢 Return → 2–3 sec control

### 🔥 Remember this

""Keep elbows by the ribs and squeeze mid-back. One-second peak, controlled return."""
ATLANTIS,아이소래터럴 로우,Iso-Lateral Row,NM510 Unilateral Low Row,VERIFIED,Atlantis Strength,Natural Motion Series,https://atlantisstrength.com/app/uploads/2024/08/atlantis_catalog_strength_july-2024.pdf,Atlantis NM510 Unilateral Low Row는 독립 암 로우입니다,"시트, 좌·우 암, 핀 스택","🏋️ ATLANTIS — NM510 Unilateral Low Row · Natural Motion Series

🎯 ONE KEY CUE
🔥 ""좌우를 같은 궤적으로 당기며 비대칭 확인""

Atlantis NM510 Unilateral Low Row는 독립 암 로우. 좌우가 독립으로 움직이는 · Atlantis plate/selector 구조입니다. 처음부터 무게 올리지 말고, 세팅부터 잡으세요.

---

⚙️ ① 기구 세팅
🪑 좌석 / 패드
가슴/등 패드에 몸을 안정적으로 붙이세요. 패드에서 몸이 들리면 반동이 들어갑니다.
🤲 그립 / 손 위치
양손잡이 높이가 좌우 같은지 먼저 보세요. 독립 암이라 한쪽만 어긋나도 바로 느껴집니다.
⚙️ 조절 포인트
시트, 좌·우 암, 핀 스택을 확인하세요. 좌우 시작 위치가 같은지도 같이 봅니다.

---

💪 ② 시작 자세
가슴을 세우고 어깨를 귀에서 멀리 둡니다. 팔보다 등부터 준비합니다.
좌우가 같은 높이에서 시작하는지 한 번 더 보세요.
이 자세에서 이것만 확인하세요.
👉 어깨가 귀 쪽으로 올라가지 않는지

---

🔥 ③ 운동 방법
각 팔을 독립적으로 몸통 쪽으로 당겼다 복귀.
양쪽을 같은 속도로 움직이세요. 한쪽이 먼저 끝나면 무게를 더 올리기 전에 밸런스부터 잡습니다.

---

💥 ④ 최고 수축
팔꿈치가 목표에 도착해 등이 조여지는 지점에서 멈춥니다.
⏱️ 1초 STOP
튕기지 말고 그 지점에서 1초만 소유하세요. 무게를 놓는 순간이 아닙니다.

---

🐌 ⑤ 천천히 돌아오기
중량을 그냥 놓지 마세요.
2~3초 동안 통제하면서 복귀합니다.
팔이 펴질 때까지 등을 놓지 말고, 어깨가 앞으로 말리지 않게 버팁니다.

---

❌ 흔한 실수
❌ 강한 팔만으로 몸통을 비트는
자세가 무너지면 무게를 낮추세요.
❌ 몸을 뒤로 젖혀 반동으로 당기는 것
템포를 늦추고 같은 궤적만 반복하세요.
❌ 어깨를 으쓱하며 승모근만 쓰는 것
어깨를 귀에서 멀리 두고 다시 시작하세요.
❌ 손잡이만 당기고 팔꿈치는 안 움직이는 것
자세가 무너지면 무게를 낮추세요.
❌ 한쪽만 먼저 끝내고 반대쪽을 따라가게 하는 것
약한 쪽 속도에 강한 쪽을 맞추세요.

---

💡 MACHINE FIT PRO TIP
🔥 이 기구는 좌우 암이 독립적으로 움직이는 게 장점입니다. 무게를 올리기 전에 양쪽이 같은 속도로 가는지 확인하세요. 한쪽이 먼저 끝까지 가 버리면 중량보다 밸런스가 먼저입니다.

---

🎯 MACHINE FIT CHECK
🟢 시트/패드 → 몸에 맞춤
🟢 팔꿈치 → 당김 방향
🟢 좌우 → 같은 속도
🟢 복귀 → 2~3초 통제

### 🔥 이것만 기억하세요

""좌우 같은 속도, 끝에서 1초, 복귀는 통제.""","🏋️ ATLANTIS — NM510 Unilateral Low Row · Natural Motion Series

🎯 ONE KEY CUE
🔥 ""Match both sides’ paths and check for asymmetry""

Atlantis NM510 Unilateral Low Row는 독립 암 로우입니다 Lean into the independent arms / Atlantis plate/selector design. Do not chase load until the setup feels locked in.

---

⚙️ ① Setup
🪑 Seat / pads
Pin yourself to the chest/back pad. If you lift off the pad, you are cheating with momentum.
🤲 Grip / hands
Match left and right handle height first — independent arms expose any mismatch immediately.
⚙️ Adjustments
Check 시트, 좌·우 암, 핀 스택. Confirm both sides start from the same position.

---

💪 ② Start position
Lift the chest and keep the shoulders away from the ears. Prepare the back before the arms.
Double-check both sides start at the same height.
Check only this:
👉 Shoulders not shrugged

---

🔥 ③ Execution
Match left-right speed. If one side finishes early, fix balance before adding load.
Drive the elbows back/down on the row or pulldown path, then lengthen slowly. Keep both sides honest.

---

💥 ④ Peak contraction
Stop where the elbows arrive and the back is squeezed.
⏱️ 1-second STOP
Own that position for one second. This is not where you dump the weight.

---

🐌 ⑤ Controlled return
Do not dump the load.
Take 2–3 seconds on the way back.
Keep the back set as the arms lengthen — do not let the shoulders dump forward.

---

❌ Common mistakes
❌ Leaning back for momentum
Slow the tempo and repeat one clean path.
❌ Shrugging and turning it into an upper-trap pull
Keep the shoulders away from the ears and restart.
❌ Yank the handles without moving the elbows
If position breaks, cut the load.
❌ Letting one side finish early
Match the stronger side to the weaker side’s speed.

---

💡 MACHINE FIT PRO TIP
🔥 Independent arms are the point. Before you load up, confirm both sides move at the same speed. If one side finishes early, fix balance before adding plates or pins.

---

🎯 MACHINE FIT CHECK
🟢 Seat/pad → fitted
🟢 Elbows → pull direction
🟢 Left/right → same speed
🟢 Return → 2–3 sec control

### 🔥 Remember this

""Match sides, one-second peak, controlled return."""
ATLANTIS,아이소래터럴 로우 로우,Iso-Lateral Low Row,NM510 Unilateral Low Row,VERIFIED,Atlantis Strength,Natural Motion Series,https://atlantisstrength.com/app/uploads/2024/08/atlantis_catalog_strength_july-2024.pdf,Atlantis NM510 Unilateral Low Row가 아이소래터럴 로우 로우에 해당합니다,"시트 높이, 독립 암, 핀 스택","🏋️ ATLANTIS — NM510 Unilateral Low Row · Natural Motion Series

🎯 ONE KEY CUE
🔥 ""하복부 높이로 한팔씩 낮게 당기기""

Atlantis NM510 Unilateral Low Row가 아이소래터럴 로우 로우에 해당합니다. 좌우가 독립으로 움직이는 · Atlantis plate/selector 구조입니다. 처음부터 무게 올리지 말고, 세팅부터 잡으세요.

---

⚙️ ① 기구 세팅
🪑 좌석 / 패드
가슴/등 패드에 몸을 안정적으로 붙이세요. 패드에서 몸이 들리면 반동이 들어갑니다.
🤲 그립 / 손 위치
양손잡이 높이가 좌우 같은지 먼저 보세요. 독립 암이라 한쪽만 어긋나도 바로 느껴집니다.
⚙️ 조절 포인트
시트 높이, 독립 암, 핀 스택을 확인하세요. 좌우 시작 위치가 같은지도 같이 봅니다.

---

💪 ② 시작 자세
가슴을 세우고 어깨를 귀에서 멀리 둡니다. 팔보다 등부터 준비합니다.
좌우가 같은 높이에서 시작하는지 한 번 더 보세요.
이 자세에서 이것만 확인하세요.
👉 어깨가 귀 쪽으로 올라가지 않는지

---

🔥 ③ 운동 방법
낮은 경로로 각 팔을 당겼다 천천히 신장.
양쪽을 같은 속도로 움직이세요. 한쪽이 먼저 끝나면 무게를 더 올리기 전에 밸런스부터 잡습니다.

---

💥 ④ 최고 수축
팔꿈치가 목표에 도착해 등이 조여지는 지점에서 멈춥니다.
⏱️ 1초 STOP
튕기지 말고 그 지점에서 1초만 소유하세요. 무게를 놓는 순간이 아닙니다.

---

🐌 ⑤ 천천히 돌아오기
중량을 그냥 놓지 마세요.
2~3초 동안 통제하면서 복귀합니다.
팔이 펴질 때까지 등을 놓지 말고, 어깨가 앞으로 말리지 않게 버팁니다.

---

❌ 흔한 실수
❌ 팔꿈치를 너무 벌려 어깨로 올리는
자세가 무너지면 무게를 낮추세요.
❌ 몸을 뒤로 젖혀 반동으로 당기는 것
템포를 늦추고 같은 궤적만 반복하세요.
❌ 어깨를 으쓱하며 승모근만 쓰는 것
어깨를 귀에서 멀리 두고 다시 시작하세요.
❌ 손잡이만 당기고 팔꿈치는 안 움직이는 것
자세가 무너지면 무게를 낮추세요.
❌ 한쪽만 먼저 끝내고 반대쪽을 따라가게 하는 것
약한 쪽 속도에 강한 쪽을 맞추세요.

---

💡 MACHINE FIT PRO TIP
🔥 이 기구는 좌우 암이 독립적으로 움직이는 게 장점입니다. 무게를 올리기 전에 양쪽이 같은 속도로 가는지 확인하세요. 한쪽이 먼저 끝까지 가 버리면 중량보다 밸런스가 먼저입니다.

---

🎯 MACHINE FIT CHECK
🟢 시트/패드 → 몸에 맞춤
🟢 팔꿈치 → 당김 방향
🟢 좌우 → 같은 속도
🟢 복귀 → 2~3초 통제

### 🔥 이것만 기억하세요

""좌우 같은 속도, 끝에서 1초, 복귀는 통제.""","🏋️ ATLANTIS — NM510 Unilateral Low Row · Natural Motion Series

🎯 ONE KEY CUE
🔥 ""Pull each arm low toward the lower abdomen""

Atlantis NM510 Unilateral Low Row가 아이소래터럴 로우 로우에 해당합니다 Lean into the independent arms / Atlantis plate/selector design. Do not chase load until the setup feels locked in.

---

⚙️ ① Setup
🪑 Seat / pads
Pin yourself to the chest/back pad. If you lift off the pad, you are cheating with momentum.
🤲 Grip / hands
Match left and right handle height first — independent arms expose any mismatch immediately.
⚙️ Adjustments
Check 시트 높이, 독립 암, 핀 스택. Confirm both sides start from the same position.

---

💪 ② Start position
Lift the chest and keep the shoulders away from the ears. Prepare the back before the arms.
Double-check both sides start at the same height.
Check only this:
👉 Shoulders not shrugged

---

🔥 ③ Execution
Match left-right speed. If one side finishes early, fix balance before adding load.
Drive the elbows back/down on the row or pulldown path, then lengthen slowly. Keep both sides honest.

---

💥 ④ Peak contraction
Stop where the elbows arrive and the back is squeezed.
⏱️ 1-second STOP
Own that position for one second. This is not where you dump the weight.

---

🐌 ⑤ Controlled return
Do not dump the load.
Take 2–3 seconds on the way back.
Keep the back set as the arms lengthen — do not let the shoulders dump forward.

---

❌ Common mistakes
❌ Leaning back for momentum
Slow the tempo and repeat one clean path.
❌ Shrugging and turning it into an upper-trap pull
Keep the shoulders away from the ears and restart.
❌ Yank the handles without moving the elbows
If position breaks, cut the load.
❌ Letting one side finish early
Match the stronger side to the weaker side’s speed.

---

💡 MACHINE FIT PRO TIP
🔥 Independent arms are the point. Before you load up, confirm both sides move at the same speed. If one side finishes early, fix balance before adding plates or pins.

---

🎯 MACHINE FIT CHECK
🟢 Seat/pad → fitted
🟢 Elbows → pull direction
🟢 Left/right → same speed
🟢 Return → 2–3 sec control

### 🔥 Remember this

""Match sides, one-second peak, controlled return."""
ATLANTIS,체스트 서포티드 로우,Chest Supported Row,D533 Seal Row,VERIFIED,Atlantis Strength,Power Series,https://atlantisstrength.com/app/uploads/2024/08/atlantis_catalog_strength_july-2024.pdf,Atlantis D533 Seal Row는 가슴 지지형(씰) 로우입니다,"흉패드 높이, 그립, 플레이트","🏋️ ATLANTIS — D533 Seal Row · Power Series

🎯 ONE KEY CUE
🔥 ""가슴을 패드에 완전히 붙이고 팔꿈치로만 당기기""

Atlantis D533 Seal Row는 가슴 지지형(씰) 로우. 가슴 지지 구조입니다. 처음부터 무게 올리지 말고, 세팅부터 잡으세요.

---

⚙️ ① 기구 세팅
🪑 좌석 / 패드
가슴/등 패드에 몸을 안정적으로 붙이세요. 패드에서 몸이 들리면 반동이 들어갑니다.
🤲 그립 / 손 위치
그립를 편안한 너비로 잡으세요. 손목이 꺾이지 않게 합니다.
⚙️ 조절 포인트
흉패드 높이, 그립, 플레이트를 확인하세요.

---

💪 ② 시작 자세
가슴을 세우고 어깨를 귀에서 멀리 둡니다. 팔보다 등부터 준비합니다.
이 자세에서 이것만 확인하세요.
👉 어깨가 귀 쪽으로 올라가지 않는지

---

🔥 ③ 운동 방법
엎드린 채 손잡이를 위로 당겼다 내리기.
손잡이를 당긴다고 생각하지 말고, 팔꿈치를 목표 지점으로 보내세요.

---

💥 ④ 최고 수축
팔꿈치가 목표에 도착해 등이 조여지는 지점에서 멈춥니다.
⏱️ 1초 STOP
튕기지 말고 그 지점에서 1초만 소유하세요. 무게를 놓는 순간이 아닙니다.

---

🐌 ⑤ 천천히 돌아오기
중량을 그냥 놓지 마세요.
2~3초 동안 통제하면서 복귀합니다.
팔이 펴질 때까지 등을 놓지 말고, 어깨가 앞으로 말리지 않게 버팁니다.

---

❌ 흔한 실수
❌ 가슴을 떼고 상체를 흔드는
자세가 무너지면 무게를 낮추세요.
❌ 몸을 뒤로 젖혀 반동으로 당기는 것
템포를 늦추고 같은 궤적만 반복하세요.
❌ 어깨를 으쓱하며 승모근만 쓰는 것
어깨를 귀에서 멀리 두고 다시 시작하세요.
❌ 손잡이만 당기고 팔꿈치는 안 움직이는 것
자세가 무너지면 무게를 낮추세요.

---

💡 MACHINE FIT PRO TIP
🔥 가슴 패드가 있는 이유가 반동을 끊기 위해서입니다. 패드를 밀고 일어서지 말고, 가슴을 붙인 채 팔꿈치만 움직이세요.

---

🎯 MACHINE FIT CHECK
🟢 시트/패드 → 몸에 맞춤
🟢 가슴 → 패드에 고정
🟢 어깨 → 으쓱하지 않기
🟢 복귀 → 2~3초 통제

### 🔥 이것만 기억하세요

""가슴은 패드에, 팔꿈치는 뒤로, 끝에서 1초.""","🏋️ ATLANTIS — D533 Seal Row · Power Series

🎯 ONE KEY CUE
🔥 ""Glue the chest to the pad and pull with the elbows""

Atlantis D533 Seal Row는 가슴 지지형(씰) 로우입니다 Lean into the chest-supported design. Do not chase load until the setup feels locked in.

---

⚙️ ① Setup
🪑 Seat / pads
Pin yourself to the chest/back pad. If you lift off the pad, you are cheating with momentum.
🤲 Grip / hands
Take a comfortable grip width and keep the wrists stacked, not bent.
⚙️ Adjustments
Check 흉패드 높이, 그립, 플레이트.

---

💪 ② Start position
Lift the chest and keep the shoulders away from the ears. Prepare the back before the arms.
Check only this:
👉 Shoulders not shrugged

---

🔥 ③ Execution
Do not think “pull the handle.” Drive the elbows to the target.
Drive the elbows back/down on the row or pulldown path, then lengthen slowly.

---

💥 ④ Peak contraction
Stop where the elbows arrive and the back is squeezed.
⏱️ 1-second STOP
Own that position for one second. This is not where you dump the weight.

---

🐌 ⑤ Controlled return
Do not dump the load.
Take 2–3 seconds on the way back.
Keep the back set as the arms lengthen — do not let the shoulders dump forward.

---

❌ Common mistakes
❌ Leaning back for momentum
Slow the tempo and repeat one clean path.
❌ Shrugging and turning it into an upper-trap pull
Keep the shoulders away from the ears and restart.
❌ Yank the handles without moving the elbows
If position breaks, cut the load.

---

💡 MACHINE FIT PRO TIP
🔥 The chest pad exists to kill momentum. Stay glued to it and move only through the elbows.

---

🎯 MACHINE FIT CHECK
🟢 Seat/pad → fitted
🟢 Chest → glued to pad
🟢 Shoulders → not shrugged
🟢 Return → 2–3 sec control

### 🔥 Remember this

""Chest on the pad, elbows back, one-second squeeze."""
ATLANTIS,T바 로우 머신,T-Bar Row,D126 T-Bar Row with Handles / D125 Incline T-Bar Row,VERIFIED,Atlantis Strength,Power Series,https://atlantisstrength.com/app/uploads/2024/08/atlantis_catalog_strength_july-2024.pdf,Atlantis D126·D125는 T-바 로우 플레이트로드입니다,"흉패드(인클라인), 핸들, 플레이트","🏋️ ATLANTIS — D126 T-Bar Row with Handles / D125 Incline T-Bar Row · Power Series

🎯 ONE KEY CUE
🔥 ""가슴을 고정하고 바를 복부로 당기기""

Atlantis D126·D125는 T-바 로우 플레이트로드. 플레이트 로딩 구조입니다. 처음부터 무게 올리지 말고, 세팅부터 잡으세요.

---

⚙️ ① 기구 세팅
🪑 좌석 / 패드
가슴/등 패드에 몸을 안정적으로 붙이세요. 패드에서 몸이 들리면 반동이 들어갑니다.
🤲 그립 / 손 위치
손잡이를 편안한 너비로 잡으세요. 손목이 꺾이지 않게 합니다.
⚙️ 조절 포인트
흉패드(인클라인), 핸들, 플레이트를 확인하세요. 양쪽 플레이트를 동일하게 맞추고, 한쪽만 먼저 올리지 마세요.

---

💪 ② 시작 자세
가슴을 세우고 어깨를 귀에서 멀리 둡니다. 팔보다 등부터 준비합니다.
이 자세에서 이것만 확인하세요.
👉 어깨가 귀 쪽으로 올라가지 않는지

---

🔥 ③ 운동 방법
T바를 아래에서 몸통 쪽으로 당겼다 복귀.
손잡이를 당긴다고 생각하지 말고, 팔꿈치를 목표 지점으로 보내세요.

---

💥 ④ 최고 수축
팔꿈치가 목표에 도착해 등이 조여지는 지점에서 멈춥니다.
⏱️ 1초 STOP
튕기지 말고 그 지점에서 1초만 소유하세요. 무게를 놓는 순간이 아닙니다.

---

🐌 ⑤ 천천히 돌아오기
중량을 그냥 놓지 마세요.
2~3초 동안 통제하면서 복귀합니다.
팔이 펴질 때까지 등을 놓지 말고, 어깨가 앞으로 말리지 않게 버팁니다.

---

❌ 흔한 실수
❌ 허리만 펴며 반동으로 들어올리는
템포를 늦추고 같은 궤적만 반복하세요.
❌ 몸을 뒤로 젖혀 반동으로 당기는 것
템포를 늦추고 같은 궤적만 반복하세요.
❌ 어깨를 으쓱하며 승모근만 쓰는 것
어깨를 귀에서 멀리 두고 다시 시작하세요.
❌ 손잡이만 당기고 팔꿈치는 안 움직이는 것
자세가 무너지면 무게를 낮추세요.
❌ 양쪽 플레이트 무게를 다르게 올리는 것
양쪽을 맞춘 뒤 가벼운 세트로 좌우를 확인하세요.

---

💡 MACHINE FIT PRO TIP
🔥 D126 T-Bar Row with Handles / D125 Incline T-Bar Row은 플레이트 로딩입니다. 좌우 원판을 동일하게 맞추고, 첫 세트는 궤적·좌우 대칭만 확인한 다음 무게를 올리세요.

---

🎯 MACHINE FIT CHECK
🟢 시트/패드 → 몸에 맞춤
🟢 팔꿈치 → 당김 방향
🟢 원판 → 좌우 동일
🟢 복귀 → 2~3초 통제

### 🔥 이것만 기억하세요

""가슴을 고정하고 바를 복부로 당기기. 끝에서 1초, 복귀는 통제.""","🏋️ ATLANTIS — D126 T-Bar Row with Handles / D125 Incline T-Bar Row · Power Series

🎯 ONE KEY CUE
🔥 ""Brace the chest and pull the bar toward the belly""

Atlantis D126·D125는 T-바 로우 플레이트로드입니다 Lean into the plate-loaded design. Do not chase load until the setup feels locked in.

---

⚙️ ① Setup
🪑 Seat / pads
Pin yourself to the chest/back pad. If you lift off the pad, you are cheating with momentum.
🤲 Grip / hands
Take a comfortable grip width and keep the wrists stacked, not bent.
⚙️ Adjustments
Check 흉패드(인클라인), 핸들, 플레이트. Match plates on both sides — do not load one arm first.

---

💪 ② Start position
Lift the chest and keep the shoulders away from the ears. Prepare the back before the arms.
Check only this:
👉 Shoulders not shrugged

---

🔥 ③ Execution
Do not think “pull the handle.” Drive the elbows to the target.
Drive the elbows back/down on the row or pulldown path, then lengthen slowly.

---

💥 ④ Peak contraction
Stop where the elbows arrive and the back is squeezed.
⏱️ 1-second STOP
Own that position for one second. This is not where you dump the weight.

---

🐌 ⑤ Controlled return
Do not dump the load.
Take 2–3 seconds on the way back.
Keep the back set as the arms lengthen — do not let the shoulders dump forward.

---

❌ Common mistakes
❌ Leaning back for momentum
Slow the tempo and repeat one clean path.
❌ Shrugging and turning it into an upper-trap pull
Keep the shoulders away from the ears and restart.
❌ Yank the handles without moving the elbows
If position breaks, cut the load.
❌ Loading unequal plates
Match both sides, then confirm with a light set.

---

💡 MACHINE FIT PRO TIP
🔥 D126 T-Bar Row with Handles / D125 Incline T-Bar Row is plate-loaded. Match plates, confirm path and left-right symmetry on set one, then add load.

---

🎯 MACHINE FIT CHECK
🟢 Seat/pad → fitted
🟢 Elbows → pull direction
🟢 Plates → matched
🟢 Return → 2–3 sec control

### 🔥 Remember this

""Brace the chest and pull the bar toward the belly. One-second peak, controlled return."""
ATLANTIS,풀오버,Pullover,P144 Pullover,VERIFIED,Atlantis Strength,Precision Series,https://atlantisstrength.com/app/uploads/2024/08/atlantis_catalog_strength_july-2024.pdf,Atlantis P144 Pullover는 셀렉터라이즈드 풀오버입니다,"시트 높이, 암 시작 각도, 핀 스택","🏋️ ATLANTIS — P144 Pullover · Precision Series

🎯 ONE KEY CUE
🔥 ""갈비뼈를 내린 채 바를 호를 그리며 내리기""

Atlantis P144 Pullover는 셀렉터라이즈드 풀오버. 셀렉터 스택 · Atlantis plate/selector 구조입니다. 처음부터 무게 올리지 말고, 세팅부터 잡으세요.

---

⚙️ ① 기구 세팅
🪑 좌석 / 패드
가슴/등 패드에 몸을 안정적으로 붙이세요. 패드에서 몸이 들리면 반동이 들어갑니다.
🤲 그립 / 손 위치
손잡이를 편안한 너비로 잡으세요. 손목이 꺾이지 않게 합니다.
⚙️ 조절 포인트
시트 높이, 암 시작 각도, 핀 스택을 확인하세요.

---

💪 ② 시작 자세
가슴을 세우고 어깨를 귀에서 멀리 둡니다. 팔보다 등부터 준비합니다.
이 자세에서 이것만 확인하세요.
👉 어깨가 귀 쪽으로 올라가지 않는지

---

🔥 ③ 운동 방법
머리 위쪽에서 바를 복부 앞으로 아크 이동.
손잡이를 당긴다고 생각하지 말고, 팔꿈치를 목표 지점으로 보내세요.

---

💥 ④ 최고 수축
팔꿈치가 목표에 도착해 등이 조여지는 지점에서 멈춥니다.
⏱️ 1초 STOP
튕기지 말고 그 지점에서 1초만 소유하세요. 무게를 놓는 순간이 아닙니다.

---

🐌 ⑤ 천천히 돌아오기
중량을 그냥 놓지 마세요.
2~3초 동안 통제하면서 복귀합니다.
팔이 펴질 때까지 등을 놓지 말고, 어깨가 앞으로 말리지 않게 버팁니다.

---

❌ 흔한 실수
❌ 허리를 과신전하며 어깨만 흔드는
자세가 무너지면 무게를 낮추세요.
❌ 몸을 뒤로 젖혀 반동으로 당기는 것
템포를 늦추고 같은 궤적만 반복하세요.
❌ 어깨를 으쓱하며 승모근만 쓰는 것
어깨를 귀에서 멀리 두고 다시 시작하세요.
❌ 손잡이만 당기고 팔꿈치는 안 움직이는 것
자세가 무너지면 무게를 낮추세요.

---

💡 MACHINE FIT PRO TIP
🔥 Select 라인(P144 Pullover)은 스택 핀 위치가 곧 시작 난이도입니다. 시트부터 맞춘 뒤 핀을 고르고, 첫 세트에서 궤적이 어깨·관절에 맞는지 확인하세요.

---

🎯 MACHINE FIT CHECK
🟢 시트/패드 → 몸에 맞춤
🟢 팔꿈치 → 당김 방향
🟢 어깨 → 으쓱하지 않기
🟢 복귀 → 2~3초 통제

### 🔥 이것만 기억하세요

""갈비뼈를 내린 채 바를 호를 그리며 내리기. 끝에서 1초, 복귀는 통제.""","🏋️ ATLANTIS — P144 Pullover · Precision Series

🎯 ONE KEY CUE
🔥 ""Keep ribs down and arc the bar through the range""

Atlantis P144 Pullover는 셀렉터라이즈드 풀오버입니다 Lean into the selectorized stack / Atlantis plate/selector design. Do not chase load until the setup feels locked in.

---

⚙️ ① Setup
🪑 Seat / pads
Pin yourself to the chest/back pad. If you lift off the pad, you are cheating with momentum.
🤲 Grip / hands
Take a comfortable grip width and keep the wrists stacked, not bent.
⚙️ Adjustments
Check 시트 높이, 암 시작 각도, 핀 스택.

---

💪 ② Start position
Lift the chest and keep the shoulders away from the ears. Prepare the back before the arms.
Check only this:
👉 Shoulders not shrugged

---

🔥 ③ Execution
Do not think “pull the handle.” Drive the elbows to the target.
Drive the elbows back/down on the row or pulldown path, then lengthen slowly.

---

💥 ④ Peak contraction
Stop where the elbows arrive and the back is squeezed.
⏱️ 1-second STOP
Own that position for one second. This is not where you dump the weight.

---

🐌 ⑤ Controlled return
Do not dump the load.
Take 2–3 seconds on the way back.
Keep the back set as the arms lengthen — do not let the shoulders dump forward.

---

❌ Common mistakes
❌ Leaning back for momentum
Slow the tempo and repeat one clean path.
❌ Shrugging and turning it into an upper-trap pull
Keep the shoulders away from the ears and restart.
❌ Yank the handles without moving the elbows
If position breaks, cut the load.

---

💡 MACHINE FIT PRO TIP
🔥 On Select (P144 Pullover), the pin is your difficulty. Fit the seat first, choose the pin second, and confirm the path on set one.

---

🎯 MACHINE FIT CHECK
🟢 Seat/pad → fitted
🟢 Elbows → pull direction
🟢 Shoulders → not shrugged
🟢 Return → 2–3 sec control

### 🔥 Remember this

""Keep ribs down and arc the bar through the range. One-second peak, controlled return."""
ATLANTIS,어시스트 풀업 / 친업,Assisted Pull-up / Chin-up,D131 Assisted Chin / Dip,PARTIALLY_VERIFIED,Atlantis Strength,Precision Series,https://atlantisstrength.com/gym-equipment/d131,Atlantis D131 Assisted Chin/Dip의 친업 모드 (카탈로그 '어시스트 친업' → 카테고리 '어시스트 풀업 / 친업' 매핑),"무릎 패드, 어시스트 스택, 그립","🏋️ ATLANTIS — D131 Assisted Chin / Dip · Precision Series

🎯 ONE KEY CUE
🔥 ""어깨를 내리고 가슴을 바 쪽으로 끌어올리기""

Atlantis D131 Assisted Chin/Dip의 친업 모드 (카탈로그 '어시스트 친업' → 카테고리 '어시스트 풀업 / 친업' 매핑). 아틀란티스 Plate Loaded(P)·Selectorized 궤적을 그대로 타는 게 핵심입니다. 처음부터 무게 올리지 말고, 세팅부터 잡으세요.

---

⚙️ ① 기구 세팅
🪑 좌석 / 패드
가슴/등 패드에 몸을 안정적으로 붙이세요. 패드에서 몸이 들리면 반동이 들어갑니다.
🤲 그립 / 손 위치
그립를 편안한 너비로 잡으세요. 손목이 꺾이지 않게 합니다.
⚙️ 조절 포인트
무릎 패드, 어시스트 스택, 그립을 확인하세요.
이 카테고리는 공식 명칭이 겹칠 수 있으니, 헬스장 기구의 실제 레버·패드 배치를 우선하세요.

---

💪 ② 시작 자세
가슴을 세우고 어깨를 귀에서 멀리 둡니다. 팔보다 등부터 준비합니다.
이 자세에서 이것만 확인하세요.
👉 어깨가 귀 쪽으로 올라가지 않는지

---

🔥 ③ 운동 방법
무릎 패드 지원으로 친업 후 제어 하강.
손잡이를 당긴다고 생각하지 말고, 팔꿈치를 목표 지점으로 보내세요.

---

💥 ④ 최고 수축
팔꿈치가 목표에 도착해 등이 조여지는 지점에서 멈춥니다.
⏱️ 1초 STOP
튕기지 말고 그 지점에서 1초만 소유하세요. 무게를 놓는 순간이 아닙니다.

---

🐌 ⑤ 천천히 돌아오기
중량을 그냥 놓지 마세요.
2~3초 동안 통제하면서 복귀합니다.
팔이 펴질 때까지 등을 놓지 말고, 어깨가 앞으로 말리지 않게 버팁니다.

---

❌ 흔한 실수
❌ 어시스트에만 앉아 반동으로 오르는
템포를 늦추고 같은 궤적만 반복하세요.
❌ 몸을 뒤로 젖혀 반동으로 당기는 것
템포를 늦추고 같은 궤적만 반복하세요.
❌ 어깨를 으쓱하며 승모근만 쓰는 것
어깨를 귀에서 멀리 두고 다시 시작하세요.
❌ 손잡이만 당기고 팔꿈치는 안 움직이는 것
자세가 무너지면 무게를 낮추세요.

---

💡 MACHINE FIT PRO TIP
🔥 D131 Assisted Chin / Dip의 가이드 궤적을 이용하세요. 첫 2세트는 천천히, 대칭이 확인된 뒤에만 무게를 올립니다.

---

🎯 MACHINE FIT CHECK
🟢 시트/패드 → 몸에 맞춤
🟢 팔꿈치 → 당김 방향
🟢 어깨 → 으쓱하지 않기
🟢 복귀 → 2~3초 통제

### 🔥 이것만 기억하세요

""어깨를 내리고 가슴을 바 쪽으로 끌어올리기. 끝에서 1초, 복귀는 통제.""","🏋️ ATLANTIS — D131 Assisted Chin / Dip · Precision Series

🎯 ONE KEY CUE
🔥 ""Depress shoulders and pull the chest to the bar""

Atlantis D131 Assisted Chin/Dip의 친업 모드 (카탈로그 '어시스트 친업' → 카테고리 '어시스트 풀업 / 친업' 매핑) Ride the Atlantis Plate Loaded (P) / Selectorized path instead of fighting it. Do not chase load until the setup feels locked in.

---

⚙️ ① Setup
🪑 Seat / pads
Pin yourself to the chest/back pad. If you lift off the pad, you are cheating with momentum.
🤲 Grip / hands
Take a comfortable grip width and keep the wrists stacked, not bent.
⚙️ Adjustments
Check 무릎 패드, 어시스트 스택, 그립.
Naming can overlap in this category — trust the levers and pads on the unit in front of you.

---

💪 ② Start position
Lift the chest and keep the shoulders away from the ears. Prepare the back before the arms.
Check only this:
👉 Shoulders not shrugged

---

🔥 ③ Execution
Do not think “pull the handle.” Drive the elbows to the target.
Drive the elbows back/down on the row or pulldown path, then lengthen slowly.

---

💥 ④ Peak contraction
Stop where the elbows arrive and the back is squeezed.
⏱️ 1-second STOP
Own that position for one second. This is not where you dump the weight.

---

🐌 ⑤ Controlled return
Do not dump the load.
Take 2–3 seconds on the way back.
Keep the back set as the arms lengthen — do not let the shoulders dump forward.

---

❌ Common mistakes
❌ Leaning back for momentum
Slow the tempo and repeat one clean path.
❌ Shrugging and turning it into an upper-trap pull
Keep the shoulders away from the ears and restart.
❌ Yank the handles without moving the elbows
If position breaks, cut the load.

---

💡 MACHINE FIT PRO TIP
🔥 Use the guided path on D131 Assisted Chin / Dip. Slow the first two sets, confirm symmetry, then add load.

---

🎯 MACHINE FIT CHECK
🟢 Seat/pad → fitted
🟢 Elbows → pull direction
🟢 Shoulders → not shrugged
🟢 Return → 2–3 sec control

### 🔥 Remember this

""Depress shoulders and pull the chest to the bar. One-second peak, controlled return."""
ATLANTIS,숄더 프레스,Shoulder Press,E149 Converging Shoulder Press / PW449 Shoulder Press,VERIFIED,Atlantis Strength,Precision / Power Series,https://atlantisstrength.com/app/uploads/2024/08/atlantis_catalog_strength_july-2024.pdf,Atlantis E149·PW449는 숄더 프레스(수렴/플레이트)입니다,"시트, 시작 위치, 스택/플레이트","🏋️ ATLANTIS — E149 Converging Shoulder Press / PW449 Shoulder Press · Precision / Power Series

🎯 ONE KEY CUE
🔥 ""코어를 조이고 귀 옆으로 수직에 가깝게 밀기""

Atlantis E149·PW449는 숄더 프레스(수렴/플레이트). 플레이트 로딩 · 안쪽으로 모이는 · Atlantis plate/selector 구조입니다. 처음부터 무게 올리지 말고, 세팅부터 잡으세요.

---

⚙️ ① 기구 세팅
🪑 좌석 / 패드
시트를 몸에 맞추세요. 시작 위치가 어깨·관절에 자연스럽게 오는지 확인합니다.
🤲 그립 / 손 위치
손잡이를 편안한 너비로 잡으세요. 손목이 꺾이지 않게 합니다.
⚙️ 조절 포인트
시트, 시작 위치, 스택/플레이트를 확인하세요. 양쪽 플레이트를 동일하게 맞추고, 한쪽만 먼저 올리지 마세요.

---

💪 ② 시작 자세
갈비뼈를 내리고 허리를 과하게 아치하지 않습니다. 팔꿈치를 시작 궤적에 올립니다.
이 자세에서 이것만 확인하세요.
👉 허리가 과하게 꺾이지 않는지

---

🔥 ③ 운동 방법
손잡이를 어깨 높이에서 머리 위로 밀었다 복귀.
손잡이가 직선으로만 가는 게 아닙니다. 기구가 만들어 주는 안쪽 궤적을 그대로 타세요. 억지로 모으지 마세요.

---

💥 ④ 최고 수축
목표 근육이 가장 조여지는 끝 지점에서 멈춥니다.
⏱️ 1초 STOP
튕기지 말고 그 지점에서 1초만 소유하세요. 무게를 놓는 순간이 아닙니다.

---

🐌 ⑤ 천천히 돌아오기
중량을 그냥 놓지 마세요.
2~3초 동안 통제하면서 복귀합니다.
시작 자세로 돌아갈 때도 같은 궤적을 유지하세요.

---

❌ 흔한 실수
❌ 허리를 과도하게 젖혀 요추로 미는
깊이보다 골반 고정이 먼저입니다. 허리가 뜨면 범위를 줄이세요.
❌ 허리를 꺾어 프레스하는 것
자세가 무너지면 무게를 낮추세요.
❌ 어깨를 귀 쪽으로 으쓱하는 것
어깨를 귀에서 멀리 두고 다시 시작하세요.
❌ 반동으로 들어 올리는 것
템포를 늦추고 같은 궤적만 반복하세요.
❌ 양쪽 플레이트 무게를 다르게 올리는 것
양쪽을 맞춘 뒤 가벼운 세트로 좌우를 확인하세요.

---

💡 MACHINE FIT PRO TIP
🔥 손잡이가 가운데로 모이는 궤적이 설계입니다. 평행으로만 밀려고 버티지 말고, 기구가 안내하는 수렴 경로를 그대로 타세요.

---

🎯 MACHINE FIT CHECK
🟢 시트/패드 → 몸에 맞춤
🟢 팔꿈치 → 미는/드는 방향
🟢 원판 → 좌우 동일
🟢 복귀 → 2~3초 통제

### 🔥 이것만 기억하세요

""코어를 조이고 귀 옆으로 수직에 가깝게 밀기. 끝에서 1초, 복귀는 통제.""","🏋️ ATLANTIS — E149 Converging Shoulder Press / PW449 Shoulder Press · Precision / Power Series

🎯 ONE KEY CUE
🔥 ""Brace the core and press nearly vertical by the ears""

Atlantis E149·PW449는 숄더 프레스(수렴/플레이트)입니다 Lean into the plate-loaded / converging path / Atlantis plate/selector design. Do not chase load until the setup feels locked in.

---

⚙️ ① Setup
🪑 Seat / pads
Fit the seat to your body so the start position sits naturally on the working joint.
🤲 Grip / hands
Take a comfortable grip width and keep the wrists stacked, not bent.
⚙️ Adjustments
Check 시트, 시작 위치, 스택/플레이트. Match plates on both sides — do not load one arm first.

---

💪 ② Start position
Drop the ribs — do not over-arch. Set the elbows on the press path.
Check only this:
👉 Low back not over-arched

---

🔥 ③ Execution
The handles are not a straight line — ride the converging path. Do not force them together.
Press or raise on the guided path, then lower without dumping the shoulders.

---

💥 ④ Peak contraction
Stop where the target muscle is most shortened.
⏱️ 1-second STOP
Own that position for one second. This is not where you dump the weight.

---

🐌 ⑤ Controlled return
Do not dump the load.
Take 2–3 seconds on the way back.
Return on the same path you pressed or pulled.

---

❌ Common mistakes
❌ Pressing with an over-arched low back
If position breaks, cut the load.
❌ Shrugging the shoulders into the ears
Keep the shoulders away from the ears and restart.
❌ Bouncing the weight up
Slow the tempo and repeat one clean path.
❌ Loading unequal plates
Match both sides, then confirm with a light set.

---

💡 MACHINE FIT PRO TIP
🔥 The machine is built to converge. Stop forcing a parallel press — ride the path it gives you.

---

🎯 MACHINE FIT CHECK
🟢 Seat/pad → fitted
🟢 Elbows → press/raise direction
🟢 Plates → matched
🟢 Return → 2–3 sec control

### 🔥 Remember this

""Brace the core and press nearly vertical by the ears. One-second peak, controlled return."""
ATLANTIS,아이소래터럴 숄더 프레스,Iso-Lateral Shoulder Press,PW549 Viking Press,PARTIALLY_VERIFIED,Atlantis Strength,Power Series,https://atlantisstrength.com/app/uploads/2024/08/atlantis_catalog_strength_july-2024.pdf,Military Press 명칭 SKU는 없고 PW549 Viking Press가 오버헤드 프레스 계열 (카탈로그 '밀리터리 프레스' → 카테고리 '아이소래터럴 숄더 프레스' 매핑),"스탠스, 핸들, 플레이트","🏋️ ATLANTIS — PW549 Viking Press · Power Series

🎯 ONE KEY CUE
🔥 ""몸통을 세워 손잡이를 머리 위로 밀기""

Military Press 명칭 SKU는 없고 PW549 Viking Press가 오버헤드 프레스 계열 (카탈로그 '밀리터리 프레스' → 카테고리 '아이소래터럴 숄더 프레스' 매핑). 좌우가 독립으로 움직이는 · Atlantis plate/selector 구조입니다. 처음부터 무게 올리지 말고, 세팅부터 잡으세요.

---

⚙️ ① 기구 세팅
🤲 그립 / 손 위치
양손잡이 높이가 좌우 같은지 먼저 보세요. 독립 암이라 한쪽만 어긋나도 바로 느껴집니다.
⚙️ 조절 포인트
스탠스, 핸들, 플레이트를 확인하세요. 좌우 시작 위치가 같은지도 같이 봅니다.
이 카테고리는 공식 명칭이 겹칠 수 있으니, 헬스장 기구의 실제 레버·패드 배치를 우선하세요.

---

💪 ② 시작 자세
갈비뼈를 내리고 허리를 과하게 아치하지 않습니다. 팔꿈치를 시작 궤적에 올립니다.
좌우가 같은 높이에서 시작하는지 한 번 더 보세요.
이 자세에서 이것만 확인하세요.
👉 허리가 과하게 꺾이지 않는지

---

🔥 ③ 운동 방법
어깨 높이에서 머리 위로 밀었다 천천히 내리기.
양쪽을 같은 속도로 움직이세요. 한쪽이 먼저 끝나면 무게를 더 올리기 전에 밸런스부터 잡습니다.

---

💥 ④ 최고 수축
목표 근육이 가장 조여지는 끝 지점에서 멈춥니다.
⏱️ 1초 STOP
튕기지 말고 그 지점에서 1초만 소유하세요. 무게를 놓는 순간이 아닙니다.

---

🐌 ⑤ 천천히 돌아오기
중량을 그냥 놓지 마세요.
2~3초 동안 통제하면서 복귀합니다.
시작 자세로 돌아갈 때도 같은 궤적을 유지하세요.

---

❌ 흔한 실수
❌ 무릎·엉덩이 반동으로만 올리는
템포를 늦추고 같은 궤적만 반복하세요.
❌ 허리를 꺾어 프레스하는 것
자세가 무너지면 무게를 낮추세요.
❌ 어깨를 귀 쪽으로 으쓱하는 것
어깨를 귀에서 멀리 두고 다시 시작하세요.
❌ 반동으로 들어 올리는 것
템포를 늦추고 같은 궤적만 반복하세요.
❌ 한쪽만 먼저 끝내고 반대쪽을 따라가게 하는 것
약한 쪽 속도에 강한 쪽을 맞추세요.

---

💡 MACHINE FIT PRO TIP
🔥 이 기구는 좌우 암이 독립적으로 움직이는 게 장점입니다. 무게를 올리기 전에 양쪽이 같은 속도로 가는지 확인하세요. 한쪽이 먼저 끝까지 가 버리면 중량보다 밸런스가 먼저입니다.

---

🎯 MACHINE FIT CHECK
🟢 시트/패드 → 몸에 맞춤
🟢 팔꿈치 → 미는/드는 방향
🟢 좌우 → 같은 속도
🟢 복귀 → 2~3초 통제

### 🔥 이것만 기억하세요

""좌우 같은 속도, 끝에서 1초, 복귀는 통제.""","🏋️ ATLANTIS — PW549 Viking Press · Power Series

🎯 ONE KEY CUE
🔥 ""Stay tall and press the handles overhead""

Military Press 명칭 SKU는 없고 PW549 Viking Press가 오버헤드 프레스 계열 (카탈로그 '밀리터리 프레스' → 카테고리 '아이소래터럴 숄더 프레스' 매핑) Lean into the independent arms / Atlantis plate/selector design. Do not chase load until the setup feels locked in.

---

⚙️ ① Setup
🤲 Grip / hands
Match left and right handle height first — independent arms expose any mismatch immediately.
⚙️ Adjustments
Check 스탠스, 핸들, 플레이트. Confirm both sides start from the same position.
Naming can overlap in this category — trust the levers and pads on the unit in front of you.

---

💪 ② Start position
Drop the ribs — do not over-arch. Set the elbows on the press path.
Double-check both sides start at the same height.
Check only this:
👉 Low back not over-arched

---

🔥 ③ Execution
Match left-right speed. If one side finishes early, fix balance before adding load.
Press or raise on the guided path, then lower without dumping the shoulders. Keep both sides honest.

---

💥 ④ Peak contraction
Stop where the target muscle is most shortened.
⏱️ 1-second STOP
Own that position for one second. This is not where you dump the weight.

---

🐌 ⑤ Controlled return
Do not dump the load.
Take 2–3 seconds on the way back.
Return on the same path you pressed or pulled.

---

❌ Common mistakes
❌ Pressing with an over-arched low back
If position breaks, cut the load.
❌ Shrugging the shoulders into the ears
Keep the shoulders away from the ears and restart.
❌ Bouncing the weight up
Slow the tempo and repeat one clean path.
❌ Letting one side finish early
Match the stronger side to the weaker side’s speed.

---

💡 MACHINE FIT PRO TIP
🔥 Independent arms are the point. Before you load up, confirm both sides move at the same speed. If one side finishes early, fix balance before adding plates or pins.

---

🎯 MACHINE FIT CHECK
🟢 Seat/pad → fitted
🟢 Elbows → press/raise direction
🟢 Left/right → same speed
🟢 Return → 2–3 sec control

### 🔥 Remember this

""Match sides, one-second peak, controlled return."""
ATLANTIS,플레이트로드 숄더 프레스,Plate-Loaded Shoulder Press,PW549 Viking Press,PARTIALLY_VERIFIED,Atlantis Strength,Power Series,https://atlantisstrength.com/app/uploads/2024/08/atlantis_catalog_strength_july-2024.pdf,Atlantis PW549 Viking Press는 플레이트로드 오버헤드 프레스 (카탈로그 '오버헤드 프레스' → 카테고리 '플레이트로드 숄더 프레스' 매핑),"스탠스, 그립, 플레이트","🏋️ ATLANTIS — PW549 Viking Press · Power Series

🎯 ONE KEY CUE
🔥 ""머리를 살짝 피하며 바 경로를 직선에 가깝게""

Atlantis PW549 Viking Press는 플레이트로드 오버헤드 프레스 (카탈로그 '오버헤드 프레스' → 카테고리 '플레이트로드 숄더 프레스' 매핑). 플레이트 로딩 · Atlantis plate/selector 구조입니다. 처음부터 무게 올리지 말고, 세팅부터 잡으세요.

---

⚙️ ① 기구 세팅
🤲 그립 / 손 위치
그립를 편안한 너비로 잡으세요. 손목이 꺾이지 않게 합니다.
⚙️ 조절 포인트
스탠스, 그립, 플레이트를 확인하세요. 양쪽 플레이트를 동일하게 맞추고, 한쪽만 먼저 올리지 마세요.
이 카테고리는 공식 명칭이 겹칠 수 있으니, 헬스장 기구의 실제 레버·패드 배치를 우선하세요.

---

💪 ② 시작 자세
갈비뼈를 내리고 허리를 과하게 아치하지 않습니다. 팔꿈치를 시작 궤적에 올립니다.
이 자세에서 이것만 확인하세요.
👉 허리가 과하게 꺾이지 않는지

---

🔥 ③ 운동 방법
손잡이를 머리 위로 밀어 락아웃 후 제어 하강.
반동으로 올리지 마세요. 팔꿈치가 궤적을 주도하게 둡니다.

---

💥 ④ 최고 수축
목표 근육이 가장 조여지는 끝 지점에서 멈춥니다.
⏱️ 1초 STOP
튕기지 말고 그 지점에서 1초만 소유하세요. 무게를 놓는 순간이 아닙니다.

---

🐌 ⑤ 천천히 돌아오기
중량을 그냥 놓지 마세요.
2~3초 동안 통제하면서 복귀합니다.
시작 자세로 돌아갈 때도 같은 궤적을 유지하세요.

---

❌ 흔한 실수
❌ 팔꿈치가 앞으로 무너지며 전면 어깨만 쓰는
자세가 무너지면 무게를 낮추세요.
❌ 허리를 꺾어 프레스하는 것
자세가 무너지면 무게를 낮추세요.
❌ 어깨를 귀 쪽으로 으쓱하는 것
어깨를 귀에서 멀리 두고 다시 시작하세요.
❌ 반동으로 들어 올리는 것
템포를 늦추고 같은 궤적만 반복하세요.
❌ 양쪽 플레이트 무게를 다르게 올리는 것
양쪽을 맞춘 뒤 가벼운 세트로 좌우를 확인하세요.

---

💡 MACHINE FIT PRO TIP
🔥 PW549 Viking Press은 플레이트 로딩입니다. 좌우 원판을 동일하게 맞추고, 첫 세트는 궤적·좌우 대칭만 확인한 다음 무게를 올리세요.

---

🎯 MACHINE FIT CHECK
🟢 시트/패드 → 몸에 맞춤
🟢 팔꿈치 → 미는/드는 방향
🟢 원판 → 좌우 동일
🟢 복귀 → 2~3초 통제

### 🔥 이것만 기억하세요

""머리를 살짝 피하며 바 경로를 직선에 가깝게. 끝에서 1초, 복귀는 통제.""","🏋️ ATLANTIS — PW549 Viking Press · Power Series

🎯 ONE KEY CUE
🔥 ""Slight head clearance and keep a near-linear bar path""

Atlantis PW549 Viking Press는 플레이트로드 오버헤드 프레스 (카탈로그 '오버헤드 프레스' → 카테고리 '플레이트로드 숄더 프레스' 매핑) Lean into the plate-loaded / Atlantis plate/selector design. Do not chase load until the setup feels locked in.

---

⚙️ ① Setup
🤲 Grip / hands
Take a comfortable grip width and keep the wrists stacked, not bent.
⚙️ Adjustments
Check 스탠스, 그립, 플레이트. Match plates on both sides — do not load one arm first.
Naming can overlap in this category — trust the levers and pads on the unit in front of you.

---

💪 ② Start position
Drop the ribs — do not over-arch. Set the elbows on the press path.
Check only this:
👉 Low back not over-arched

---

🔥 ③ Execution
No bounce. Let the elbows own the path.
Press or raise on the guided path, then lower without dumping the shoulders.

---

💥 ④ Peak contraction
Stop where the target muscle is most shortened.
⏱️ 1-second STOP
Own that position for one second. This is not where you dump the weight.

---

🐌 ⑤ Controlled return
Do not dump the load.
Take 2–3 seconds on the way back.
Return on the same path you pressed or pulled.

---

❌ Common mistakes
❌ Pressing with an over-arched low back
If position breaks, cut the load.
❌ Shrugging the shoulders into the ears
Keep the shoulders away from the ears and restart.
❌ Bouncing the weight up
Slow the tempo and repeat one clean path.
❌ Loading unequal plates
Match both sides, then confirm with a light set.

---

💡 MACHINE FIT PRO TIP
🔥 PW549 Viking Press is plate-loaded. Match plates, confirm path and left-right symmetry on set one, then add load.

---

🎯 MACHINE FIT CHECK
🟢 Seat/pad → fitted
🟢 Elbows → press/raise direction
🟢 Plates → matched
🟢 Return → 2–3 sec control

### 🔥 Remember this

""Slight head clearance and keep a near-linear bar path. One-second peak, controlled return."""
ATLANTIS,레터럴 레이즈,Lateral Raise,E252 Standing Lateral Raise / E157 Seated Lateral Raise,PARTIALLY_VERIFIED,Atlantis Strength,Precision Series,https://atlantisstrength.com/app/uploads/2024/08/atlantis_catalog_strength_july-2024.pdf,Atlantis E252·E157은 사이드 레터럴 레이즈 머신 (카탈로그 '사이드 레터럴 레이즈' → 카테고리 '레터럴 레이즈' 매핑),"패드 높이, 암 시작, 핀 스택","🏋️ ATLANTIS — E252 Standing Lateral Raise / E157 Seated Lateral Raise · Precision Series

🎯 ONE KEY CUE
🔥 ""팔꿈치 주도로 측면으로 들어올리기""

Atlantis E252·E157은 사이드 레터럴 레이즈 머신 (카탈로그 '사이드 레터럴 레이즈' → 카테고리 '레터럴 레이즈' 매핑). 아틀란티스 Plate Loaded(P)·Selectorized 궤적을 그대로 타는 게 핵심입니다. 처음부터 무게 올리지 말고, 세팅부터 잡으세요.

---

⚙️ ① 기구 세팅
🪑 좌석 / 패드
시트를 몸에 맞추세요. 시작 위치가 목표 관절 높이에 오는지 확인합니다.
🤲 그립 / 손 위치
손잡이를 편안한 너비로 잡으세요. 손목이 꺾이지 않게 합니다.
⚙️ 조절 포인트
패드 높이, 암 시작, 핀 스택을 확인하세요.
이 카테고리는 공식 명칭이 겹칠 수 있으니, 헬스장 기구의 실제 레버·패드 배치를 우선하세요.

---

💪 ② 시작 자세
갈비뼈를 내리고 허리를 과하게 아치하지 않습니다. 팔꿈치를 시작 궤적에 올립니다.
이 자세에서 이것만 확인하세요.
👉 허리가 과하게 꺾이지 않는지

---

🔥 ③ 운동 방법
팔을 옆에서 어깨 높이까지 올렸다 내리기.
반동으로 올리지 마세요. 팔꿈치가 궤적을 주도하게 둡니다.

---

💥 ④ 최고 수축
목표 근육이 가장 조여지는 끝 지점에서 멈춥니다.
⏱️ 1초 STOP
튕기지 말고 그 지점에서 1초만 소유하세요. 무게를 놓는 순간이 아닙니다.

---

🐌 ⑤ 천천히 돌아오기
중량을 그냥 놓지 마세요.
2~3초 동안 통제하면서 복귀합니다.
시작 자세로 돌아갈 때도 같은 궤적을 유지하세요.

---

❌ 흔한 실수
❌ 승모로 으쓱하며 무게를 들어올리는
어깨를 귀에서 멀리 두고 다시 시작하세요.
❌ 허리를 꺾어 프레스하는 것
자세가 무너지면 무게를 낮추세요.
❌ 어깨를 귀 쪽으로 으쓱하는 것
어깨를 귀에서 멀리 두고 다시 시작하세요.
❌ 반동으로 들어 올리는 것
템포를 늦추고 같은 궤적만 반복하세요.

---

💡 MACHINE FIT PRO TIP
🔥 E252 Standing Lateral Raise / E157 Seated Lateral Raise의 가이드 궤적을 이용하세요. 첫 2세트는 천천히, 대칭이 확인된 뒤에만 무게를 올립니다.

---

🎯 MACHINE FIT CHECK
🟢 시트/패드 → 몸에 맞춤
🟢 팔꿈치 → 미는/드는 방향
🟢 어깨 → 으쓱하지 않기
🟢 복귀 → 2~3초 통제

### 🔥 이것만 기억하세요

""팔꿈치 주도로 측면으로 들어올리기. 끝에서 1초, 복귀는 통제.""","🏋️ ATLANTIS — E252 Standing Lateral Raise / E157 Seated Lateral Raise · Precision Series

🎯 ONE KEY CUE
🔥 ""Lead with the elbows and raise out to the sides""

Atlantis E252·E157은 사이드 레터럴 레이즈 머신 (카탈로그 '사이드 레터럴 레이즈' → 카테고리 '레터럴 레이즈' 매핑) Ride the Atlantis Plate Loaded (P) / Selectorized path instead of fighting it. Do not chase load until the setup feels locked in.

---

⚙️ ① Setup
🪑 Seat / pads
Fit the seat to your body so the start position sits naturally on the working joint.
🤲 Grip / hands
Take a comfortable grip width and keep the wrists stacked, not bent.
⚙️ Adjustments
Check 패드 높이, 암 시작, 핀 스택.
Naming can overlap in this category — trust the levers and pads on the unit in front of you.

---

💪 ② Start position
Drop the ribs — do not over-arch. Set the elbows on the press path.
Check only this:
👉 Low back not over-arched

---

🔥 ③ Execution
No bounce. Let the elbows own the path.
Press or raise on the guided path, then lower without dumping the shoulders.

---

💥 ④ Peak contraction
Stop where the target muscle is most shortened.
⏱️ 1-second STOP
Own that position for one second. This is not where you dump the weight.

---

🐌 ⑤ Controlled return
Do not dump the load.
Take 2–3 seconds on the way back.
Return on the same path you pressed or pulled.

---

❌ Common mistakes
❌ Pressing with an over-arched low back
If position breaks, cut the load.
❌ Shrugging the shoulders into the ears
Keep the shoulders away from the ears and restart.
❌ Bouncing the weight up
Slow the tempo and repeat one clean path.

---

💡 MACHINE FIT PRO TIP
🔥 Use the guided path on E252 Standing Lateral Raise / E157 Seated Lateral Raise. Slow the first two sets, confirm symmetry, then add load.

---

🎯 MACHINE FIT CHECK
🟢 Seat/pad → fitted
🟢 Elbows → press/raise direction
🟢 Shoulders → not shrugged
🟢 Return → 2–3 sec control

### 🔥 Remember this

""Lead with the elbows and raise out to the sides. One-second peak, controlled return."""
ATLANTIS,머신 레터럴 레이즈,Machine Lateral Raise,E252 Standing Lateral Raise / E157 Seated Lateral Raise,PARTIALLY_VERIFIED,Atlantis Strength,Precision Series,https://atlantisstrength.com/app/uploads/2024/08/atlantis_catalog_strength_july-2024.pdf,Atlantis E252·E157은 사이드 레터럴 레이즈 머신 (카탈로그 '사이드 레터럴 레이즈' → 카테고리 '머신 레터럴 레이즈' 매핑),"패드 높이, 암 시작, 핀 스택","🏋️ ATLANTIS — E252 Standing Lateral Raise / E157 Seated Lateral Raise · Precision Series

🎯 ONE KEY CUE
🔥 ""팔꿈치 주도로 측면으로 들어올리기""

Atlantis E252·E157은 사이드 레터럴 레이즈 머신 (카탈로그 '사이드 레터럴 레이즈' → 카테고리 '머신 레터럴 레이즈' 매핑). 아틀란티스 Plate Loaded(P)·Selectorized 궤적을 그대로 타는 게 핵심입니다. 처음부터 무게 올리지 말고, 세팅부터 잡으세요.

---

⚙️ ① 기구 세팅
🪑 좌석 / 패드
시트를 몸에 맞추세요. 시작 위치가 목표 관절 높이에 오는지 확인합니다.
🤲 그립 / 손 위치
손잡이를 편안한 너비로 잡으세요. 손목이 꺾이지 않게 합니다.
⚙️ 조절 포인트
패드 높이, 암 시작, 핀 스택을 확인하세요.
이 카테고리는 공식 명칭이 겹칠 수 있으니, 헬스장 기구의 실제 레버·패드 배치를 우선하세요.

---

💪 ② 시작 자세
갈비뼈를 내리고 허리를 과하게 아치하지 않습니다. 팔꿈치를 시작 궤적에 올립니다.
이 자세에서 이것만 확인하세요.
👉 허리가 과하게 꺾이지 않는지

---

🔥 ③ 운동 방법
팔을 옆에서 어깨 높이까지 올렸다 내리기.
반동으로 올리지 마세요. 팔꿈치가 궤적을 주도하게 둡니다.

---

💥 ④ 최고 수축
목표 근육이 가장 조여지는 끝 지점에서 멈춥니다.
⏱️ 1초 STOP
튕기지 말고 그 지점에서 1초만 소유하세요. 무게를 놓는 순간이 아닙니다.

---

🐌 ⑤ 천천히 돌아오기
중량을 그냥 놓지 마세요.
2~3초 동안 통제하면서 복귀합니다.
시작 자세로 돌아갈 때도 같은 궤적을 유지하세요.

---

❌ 흔한 실수
❌ 승모로 으쓱하며 무게를 들어올리는
어깨를 귀에서 멀리 두고 다시 시작하세요.
❌ 허리를 꺾어 프레스하는 것
자세가 무너지면 무게를 낮추세요.
❌ 어깨를 귀 쪽으로 으쓱하는 것
어깨를 귀에서 멀리 두고 다시 시작하세요.
❌ 반동으로 들어 올리는 것
템포를 늦추고 같은 궤적만 반복하세요.

---

💡 MACHINE FIT PRO TIP
🔥 E252 Standing Lateral Raise / E157 Seated Lateral Raise의 가이드 궤적을 이용하세요. 첫 2세트는 천천히, 대칭이 확인된 뒤에만 무게를 올립니다.

---

🎯 MACHINE FIT CHECK
🟢 시트/패드 → 몸에 맞춤
🟢 팔꿈치 → 미는/드는 방향
🟢 어깨 → 으쓱하지 않기
🟢 복귀 → 2~3초 통제

### 🔥 이것만 기억하세요

""팔꿈치 주도로 측면으로 들어올리기. 끝에서 1초, 복귀는 통제.""","🏋️ ATLANTIS — E252 Standing Lateral Raise / E157 Seated Lateral Raise · Precision Series

🎯 ONE KEY CUE
🔥 ""Lead with the elbows and raise out to the sides""

Atlantis E252·E157은 사이드 레터럴 레이즈 머신 (카탈로그 '사이드 레터럴 레이즈' → 카테고리 '머신 레터럴 레이즈' 매핑) Ride the Atlantis Plate Loaded (P) / Selectorized path instead of fighting it. Do not chase load until the setup feels locked in.

---

⚙️ ① Setup
🪑 Seat / pads
Fit the seat to your body so the start position sits naturally on the working joint.
🤲 Grip / hands
Take a comfortable grip width and keep the wrists stacked, not bent.
⚙️ Adjustments
Check 패드 높이, 암 시작, 핀 스택.
Naming can overlap in this category — trust the levers and pads on the unit in front of you.

---

💪 ② Start position
Drop the ribs — do not over-arch. Set the elbows on the press path.
Check only this:
👉 Low back not over-arched

---

🔥 ③ Execution
No bounce. Let the elbows own the path.
Press or raise on the guided path, then lower without dumping the shoulders.

---

💥 ④ Peak contraction
Stop where the target muscle is most shortened.
⏱️ 1-second STOP
Own that position for one second. This is not where you dump the weight.

---

🐌 ⑤ Controlled return
Do not dump the load.
Take 2–3 seconds on the way back.
Return on the same path you pressed or pulled.

---

❌ Common mistakes
❌ Pressing with an over-arched low back
If position breaks, cut the load.
❌ Shrugging the shoulders into the ears
Keep the shoulders away from the ears and restart.
❌ Bouncing the weight up
Slow the tempo and repeat one clean path.

---

💡 MACHINE FIT PRO TIP
🔥 Use the guided path on E252 Standing Lateral Raise / E157 Seated Lateral Raise. Slow the first two sets, confirm symmetry, then add load.

---

🎯 MACHINE FIT CHECK
🟢 Seat/pad → fitted
🟢 Elbows → press/raise direction
🟢 Shoulders → not shrugged
🟢 Return → 2–3 sec control

### 🔥 Remember this

""Lead with the elbows and raise out to the sides. One-second peak, controlled return."""
ATLANTIS,리어 델트,Rear Delt,E352 Seated Side / Rear Deltoid / P156 Pec Rear Delt Fly Combo,PARTIALLY_VERIFIED,Atlantis Strength,Precision Series,https://atlantisstrength.com/app/uploads/2024/08/atlantis_catalog_strength_july-2024.pdf,Atlantis E352·P156(리어 모드)가 리어 델트 머신 (카탈로그 '리어 델트 머신' → 카테고리 '리어 델트' 매핑),"시트, 암 방향(리어), 핀 스택","🏋️ ATLANTIS — E352 Seated Side / Rear Deltoid / P156 Pec Rear Delt Fly Combo · Precision Series

🎯 ONE KEY CUE
🔥 ""가슴을 고정하고 팔꿈치를 뒤로 벌리기""

Atlantis E352·P156(리어 모드)가 리어 델트 머신 (카탈로그 '리어 델트 머신' → 카테고리 '리어 델트' 매핑). Atlantis plate/selector 구조입니다. 처음부터 무게 올리지 말고, 세팅부터 잡으세요.

---

⚙️ ① 기구 세팅
🪑 좌석 / 패드
시트를 몸에 맞추세요. 시작 위치가 어깨·관절에 자연스럽게 오는지 확인합니다.
🤲 그립 / 손 위치
손잡이를 편안한 너비로 잡으세요. 손목이 꺾이지 않게 합니다.
⚙️ 조절 포인트
시트, 암 방향(리어), 핀 스택을 확인하세요.
이 카테고리는 공식 명칭이 겹칠 수 있으니, 헬스장 기구의 실제 레버·패드 배치를 우선하세요.

---

💪 ② 시작 자세
갈비뼈를 내리고 허리를 과하게 아치하지 않습니다. 팔꿈치를 시작 궤적에 올립니다.
이 자세에서 이것만 확인하세요.
👉 허리가 과하게 꺾이지 않는지

---

🔥 ③ 운동 방법
손잡이를 앞쪽에서 옆으로 벌려 후방 삼각근 수축.
반동으로 올리지 마세요. 팔꿈치가 궤적을 주도하게 둡니다.

---

💥 ④ 최고 수축
목표 근육이 가장 조여지는 끝 지점에서 멈춥니다.
⏱️ 1초 STOP
튕기지 말고 그 지점에서 1초만 소유하세요. 무게를 놓는 순간이 아닙니다.

---

🐌 ⑤ 천천히 돌아오기
중량을 그냥 놓지 마세요.
2~3초 동안 통제하면서 복귀합니다.
시작 자세로 돌아갈 때도 같은 궤적을 유지하세요.

---

❌ 흔한 실수
❌ 승모 상부로만 들어 올리는
어깨를 귀에서 멀리 두고 다시 시작하세요.
❌ 허리를 꺾어 프레스하는 것
자세가 무너지면 무게를 낮추세요.
❌ 어깨를 귀 쪽으로 으쓱하는 것
어깨를 귀에서 멀리 두고 다시 시작하세요.
❌ 반동으로 들어 올리는 것
템포를 늦추고 같은 궤적만 반복하세요.

---

💡 MACHINE FIT PRO TIP
🔥 E352 Seated Side / Rear Deltoid / P156 Pec Rear Delt Fly Combo의 가이드 궤적을 이용하세요. 첫 2세트는 천천히, 대칭이 확인된 뒤에만 무게를 올립니다.

---

🎯 MACHINE FIT CHECK
🟢 시트/패드 → 몸에 맞춤
🟢 팔꿈치 → 미는/드는 방향
🟢 어깨 → 으쓱하지 않기
🟢 복귀 → 2~3초 통제

### 🔥 이것만 기억하세요

""가슴을 고정하고 팔꿈치를 뒤로 벌리기. 끝에서 1초, 복귀는 통제.""","🏋️ ATLANTIS — E352 Seated Side / Rear Deltoid / P156 Pec Rear Delt Fly Combo · Precision Series

🎯 ONE KEY CUE
🔥 ""Brace the chest and open the elbows rearward""

Atlantis E352·P156(리어 모드)가 리어 델트 머신 (카탈로그 '리어 델트 머신' → 카테고리 '리어 델트' 매핑) Lean into the Atlantis plate/selector design. Do not chase load until the setup feels locked in.

---

⚙️ ① Setup
🪑 Seat / pads
Fit the seat to your body so the start position sits naturally on the working joint.
🤲 Grip / hands
Take a comfortable grip width and keep the wrists stacked, not bent.
⚙️ Adjustments
Check 시트, 암 방향(리어), 핀 스택.
Naming can overlap in this category — trust the levers and pads on the unit in front of you.

---

💪 ② Start position
Drop the ribs — do not over-arch. Set the elbows on the press path.
Check only this:
👉 Low back not over-arched

---

🔥 ③ Execution
No bounce. Let the elbows own the path.
Press or raise on the guided path, then lower without dumping the shoulders.

---

💥 ④ Peak contraction
Stop where the target muscle is most shortened.
⏱️ 1-second STOP
Own that position for one second. This is not where you dump the weight.

---

🐌 ⑤ Controlled return
Do not dump the load.
Take 2–3 seconds on the way back.
Return on the same path you pressed or pulled.

---

❌ Common mistakes
❌ Pressing with an over-arched low back
If position breaks, cut the load.
❌ Shrugging the shoulders into the ears
Keep the shoulders away from the ears and restart.
❌ Bouncing the weight up
Slow the tempo and repeat one clean path.

---

💡 MACHINE FIT PRO TIP
🔥 Use the guided path on E352 Seated Side / Rear Deltoid / P156 Pec Rear Delt Fly Combo. Slow the first two sets, confirm symmetry, then add load.

---

🎯 MACHINE FIT CHECK
🟢 Seat/pad → fitted
🟢 Elbows → press/raise direction
🟢 Shoulders → not shrugged
🟢 Return → 2–3 sec control

### 🔥 Remember this

""Brace the chest and open the elbows rearward. One-second peak, controlled return."""
ATLANTIS,프론트 레이즈,Front Raise,,BRAND_MODEL_NOT_FOUND,Atlantis Strength,,https://atlantisstrength.com/app/uploads/2024/08/atlantis_catalog_strength_july-2024.pdf,Atlantis Strength 카탈로그에서 프론트 레이즈 전용 SKU를 확인하지 못했습니다,"패드 높이, 암 시작, 핀 스택","🏋️ ATLANTIS — 프론트 레이즈

🎯 ONE KEY CUE
🔥 ""팔꿈치 주도로 측면으로 들어올리기""

아틀란티스 전용 모델이 없는 카테고리입니다. 헬스장에 있는 실제 기구의 패드·레버·안전장치를 먼저 확인한 뒤, 아래 패턴으로 움직이세요.

---

⚙️ ① 기구 세팅
🪑 좌석 / 패드
시트를 몸에 맞추세요. 시작 위치가 목표 관절 높이에 오는지 확인합니다.
🤲 그립 / 손 위치
손잡이를 편안한 너비로 잡으세요. 손목이 꺾이지 않게 합니다.
⚙️ 조절 포인트
패드 높이, 암 시작, 핀 스택을 확인하세요.

---

💪 ② 시작 자세
갈비뼈를 내리고 허리를 과하게 아치하지 않습니다. 팔꿈치를 시작 궤적에 올립니다.
이 자세에서 이것만 확인하세요.
👉 허리가 과하게 꺾이지 않는지

---

🔥 ③ 운동 방법
팔을 옆에서 어깨 높이까지 올렸다 내리기.
반동으로 올리지 마세요. 팔꿈치가 궤적을 주도하게 둡니다.

---

💥 ④ 최고 수축
목표 근육이 가장 조여지는 끝 지점에서 멈춥니다.
⏱️ 1초 STOP
튕기지 말고 그 지점에서 1초만 소유하세요. 무게를 놓는 순간이 아닙니다.

---

🐌 ⑤ 천천히 돌아오기
중량을 그냥 놓지 마세요.
2~3초 동안 통제하면서 복귀합니다.
시작 자세로 돌아갈 때도 같은 궤적을 유지하세요.

---

❌ 흔한 실수
❌ 승모로 으쓱하며 무게를 들어올리는
어깨를 귀에서 멀리 두고 다시 시작하세요.
❌ 허리를 꺾어 프레스하는 것
자세가 무너지면 무게를 낮추세요.
❌ 어깨를 귀 쪽으로 으쓱하는 것
어깨를 귀에서 멀리 두고 다시 시작하세요.
❌ 반동으로 들어 올리는 것
템포를 늦추고 같은 궤적만 반복하세요.

---

💡 MACHINE FIT PRO TIP
🔥 이 항목은 해머 스트렝스 전용 SKU가 없습니다. ""프론트 레이즈""로 분류된 실제 기구의 패드·레버·안전장치만 믿고, 가벼운 무게로 5회 리허설 후 본 세트를 시작하세요.

---

🎯 MACHINE FIT CHECK
🟢 시트/패드 → 몸에 맞춤
🟢 팔꿈치 → 미는/드는 방향
🟢 어깨 → 으쓱하지 않기
🟢 복귀 → 2~3초 통제

### 🔥 이것만 기억하세요

""팔꿈치 주도로 측면으로 들어올리기. 끝에서 1초, 복귀는 통제.""","🏋️ ATLANTIS — Front Raise

🎯 ONE KEY CUE
🔥 ""Lead with the elbows and raise out to the sides""

There is no dedicated Atlantis SKU for this category. Confirm pads, levers, and safeties on the unit in your gym, then follow the movement pattern below.

---

⚙️ ① Setup
🪑 Seat / pads
Fit the seat to your body so the start position sits naturally on the working joint.
🤲 Grip / hands
Take a comfortable grip width and keep the wrists stacked, not bent.
⚙️ Adjustments
Check 패드 높이, 암 시작, 핀 스택.

---

💪 ② Start position
Drop the ribs — do not over-arch. Set the elbows on the press path.
Check only this:
👉 Low back not over-arched

---

🔥 ③ Execution
No bounce. Let the elbows own the path.
Press or raise on the guided path, then lower without dumping the shoulders.

---

💥 ④ Peak contraction
Stop where the target muscle is most shortened.
⏱️ 1-second STOP
Own that position for one second. This is not where you dump the weight.

---

🐌 ⑤ Controlled return
Do not dump the load.
Take 2–3 seconds on the way back.
Return on the same path you pressed or pulled.

---

❌ Common mistakes
❌ Pressing with an over-arched low back
If position breaks, cut the load.
❌ Shrugging the shoulders into the ears
Keep the shoulders away from the ears and restart.
❌ Bouncing the weight up
Slow the tempo and repeat one clean path.

---

💡 MACHINE FIT PRO TIP
🔥 No dedicated Hammer Strength SKU for this slot. Trust the pads/levers/safeties on the unit labeled like ""Front Raise"", rehearse five light reps, then start working sets.

---

🎯 MACHINE FIT CHECK
🟢 Seat/pad → fitted
🟢 Elbows → press/raise direction
🟢 Shoulders → not shrugged
🟢 Return → 2–3 sec control

### 🔥 Remember this

""Lead with the elbows and raise out to the sides. One-second peak, controlled return."""
ATLANTIS,업라이트 로우,Upright Row,,BRAND_MODEL_NOT_FOUND,Atlantis Strength,,https://atlantisstrength.com/,Atlantis Strength 카탈로그에서 이 카테고리 전용 SKU를 확인하지 못했습니다,"시트, 손잡이, 중량","🏋️ ATLANTIS — 업라이트 로우

🎯 ONE KEY CUE
🔥 ""헬스장 실물 기구의 패드·레버를 확인한 뒤 목표 근육 패턴으로 움직이기""

아틀란티스 전용 모델이 없는 카테고리입니다. 헬스장에 있는 실제 기구의 패드·레버·안전장치를 먼저 확인한 뒤, 아래 패턴으로 움직이세요.

---

⚙️ ① 기구 세팅
🪑 좌석 / 패드
시트를 몸에 맞추세요. 시작 위치가 어깨·관절에 자연스럽게 오는지 확인합니다.
🤲 그립 / 손 위치
손잡이를 편안한 너비로 잡으세요. 손목이 꺾이지 않게 합니다.
⚙️ 조절 포인트
시트, 손잡이, 중량을 확인하세요.

---

💪 ② 시작 자세
갈비뼈를 내리고 허리를 과하게 아치하지 않습니다. 팔꿈치를 시작 궤적에 올립니다.
이 자세에서 이것만 확인하세요.
👉 허리가 과하게 꺾이지 않는지

---

🔥 ③ 운동 방법
해당 카테고리의 표준 가동 범위로 천천히 반복.
반동으로 올리지 마세요. 팔꿈치가 궤적을 주도하게 둡니다.

---

💥 ④ 최고 수축
목표 근육이 가장 조여지는 끝 지점에서 멈춥니다.
⏱️ 1초 STOP
튕기지 말고 그 지점에서 1초만 소유하세요. 무게를 놓는 순간이 아닙니다.

---

🐌 ⑤ 천천히 돌아오기
중량을 그냥 놓지 마세요.
2~3초 동안 통제하면서 복귀합니다.
시작 자세로 돌아갈 때도 같은 궤적을 유지하세요.

---

❌ 흔한 실수
❌ 확인되지 않은 모델명에 맞춰 억지로 세팅하는
자세가 무너지면 무게를 낮추세요.
❌ 허리를 꺾어 프레스하는 것
자세가 무너지면 무게를 낮추세요.
❌ 어깨를 귀 쪽으로 으쓱하는 것
어깨를 귀에서 멀리 두고 다시 시작하세요.
❌ 반동으로 들어 올리는 것
템포를 늦추고 같은 궤적만 반복하세요.

---

💡 MACHINE FIT PRO TIP
🔥 이 항목은 해머 스트렝스 전용 SKU가 없습니다. ""업라이트 로우""로 분류된 실제 기구의 패드·레버·안전장치만 믿고, 가벼운 무게로 5회 리허설 후 본 세트를 시작하세요.

---

🎯 MACHINE FIT CHECK
🟢 시트/패드 → 몸에 맞춤
🟢 팔꿈치 → 미는/드는 방향
🟢 어깨 → 으쓱하지 않기
🟢 복귀 → 2~3초 통제

### 🔥 이것만 기억하세요

""헬스장 실물 기구의 패드·레버를 확인한 뒤 목표 근육 패턴으로 움직이기. 끝에서 1초, 복귀는 통제.""","🏋️ ATLANTIS — Upright Row

🎯 ONE KEY CUE
🔥 ""Confirm pads and levers on the unit in your gym, then follow the movement pattern""

There is no dedicated Atlantis SKU for this category. Confirm pads, levers, and safeties on the unit in your gym, then follow the movement pattern below.

---

⚙️ ① Setup
🪑 Seat / pads
Fit the seat to your body so the start position sits naturally on the working joint.
🤲 Grip / hands
Take a comfortable grip width and keep the wrists stacked, not bent.
⚙️ Adjustments
Check 시트, 손잡이, 중량.

---

💪 ② Start position
Drop the ribs — do not over-arch. Set the elbows on the press path.
Check only this:
👉 Low back not over-arched

---

🔥 ③ Execution
No bounce. Let the elbows own the path.
Press or raise on the guided path, then lower without dumping the shoulders.

---

💥 ④ Peak contraction
Stop where the target muscle is most shortened.
⏱️ 1-second STOP
Own that position for one second. This is not where you dump the weight.

---

🐌 ⑤ Controlled return
Do not dump the load.
Take 2–3 seconds on the way back.
Return on the same path you pressed or pulled.

---

❌ Common mistakes
❌ Pressing with an over-arched low back
If position breaks, cut the load.
❌ Shrugging the shoulders into the ears
Keep the shoulders away from the ears and restart.
❌ Bouncing the weight up
Slow the tempo and repeat one clean path.

---

💡 MACHINE FIT PRO TIP
🔥 No dedicated Hammer Strength SKU for this slot. Trust the pads/levers/safeties on the unit labeled like ""Upright Row"", rehearse five light reps, then start working sets.

---

🎯 MACHINE FIT CHECK
🟢 Seat/pad → fitted
🟢 Elbows → press/raise direction
🟢 Shoulders → not shrugged
🟢 Return → 2–3 sec control

### 🔥 Remember this

""Confirm pads and levers on the unit in your gym, then follow the movement pattern. One-second peak, controlled return."""
ATLANTIS,로테이터 머신,Rotator Machine,,BRAND_MODEL_NOT_FOUND,Atlantis Strength,,https://atlantisstrength.com/,Atlantis Strength 카탈로그에서 이 카테고리 전용 SKU를 확인하지 못했습니다,"시트, 손잡이, 중량","🏋️ ATLANTIS — 로테이터 머신

🎯 ONE KEY CUE
🔥 ""헬스장 실물 기구의 패드·레버를 확인한 뒤 목표 근육 패턴으로 움직이기""

아틀란티스 전용 모델이 없는 카테고리입니다. 헬스장에 있는 실제 기구의 패드·레버·안전장치를 먼저 확인한 뒤, 아래 패턴으로 움직이세요.

---

⚙️ ① 기구 세팅
🪑 좌석 / 패드
시트를 몸에 맞추세요. 시작 위치가 어깨·관절에 자연스럽게 오는지 확인합니다.
🤲 그립 / 손 위치
손잡이를 편안한 너비로 잡으세요. 손목이 꺾이지 않게 합니다.
⚙️ 조절 포인트
시트, 손잡이, 중량을 확인하세요.

---

💪 ② 시작 자세
갈비뼈를 내리고 허리를 과하게 아치하지 않습니다. 팔꿈치를 시작 궤적에 올립니다.
이 자세에서 이것만 확인하세요.
👉 허리가 과하게 꺾이지 않는지

---

🔥 ③ 운동 방법
해당 카테고리의 표준 가동 범위로 천천히 반복.
반동으로 올리지 마세요. 팔꿈치가 궤적을 주도하게 둡니다.

---

💥 ④ 최고 수축
목표 근육이 가장 조여지는 끝 지점에서 멈춥니다.
⏱️ 1초 STOP
튕기지 말고 그 지점에서 1초만 소유하세요. 무게를 놓는 순간이 아닙니다.

---

🐌 ⑤ 천천히 돌아오기
중량을 그냥 놓지 마세요.
2~3초 동안 통제하면서 복귀합니다.
시작 자세로 돌아갈 때도 같은 궤적을 유지하세요.

---

❌ 흔한 실수
❌ 확인되지 않은 모델명에 맞춰 억지로 세팅하는
자세가 무너지면 무게를 낮추세요.
❌ 허리를 꺾어 프레스하는 것
자세가 무너지면 무게를 낮추세요.
❌ 어깨를 귀 쪽으로 으쓱하는 것
어깨를 귀에서 멀리 두고 다시 시작하세요.
❌ 반동으로 들어 올리는 것
템포를 늦추고 같은 궤적만 반복하세요.

---

💡 MACHINE FIT PRO TIP
🔥 이 항목은 해머 스트렝스 전용 SKU가 없습니다. ""로테이터 머신""로 분류된 실제 기구의 패드·레버·안전장치만 믿고, 가벼운 무게로 5회 리허설 후 본 세트를 시작하세요.

---

🎯 MACHINE FIT CHECK
🟢 시트/패드 → 몸에 맞춤
🟢 팔꿈치 → 미는/드는 방향
🟢 어깨 → 으쓱하지 않기
🟢 복귀 → 2~3초 통제

### 🔥 이것만 기억하세요

""헬스장 실물 기구의 패드·레버를 확인한 뒤 목표 근육 패턴으로 움직이기. 끝에서 1초, 복귀는 통제.""","🏋️ ATLANTIS — Rotator Machine

🎯 ONE KEY CUE
🔥 ""Confirm pads and levers on the unit in your gym, then follow the movement pattern""

There is no dedicated Atlantis SKU for this category. Confirm pads, levers, and safeties on the unit in your gym, then follow the movement pattern below.

---

⚙️ ① Setup
🪑 Seat / pads
Fit the seat to your body so the start position sits naturally on the working joint.
🤲 Grip / hands
Take a comfortable grip width and keep the wrists stacked, not bent.
⚙️ Adjustments
Check 시트, 손잡이, 중량.

---

💪 ② Start position
Drop the ribs — do not over-arch. Set the elbows on the press path.
Check only this:
👉 Low back not over-arched

---

🔥 ③ Execution
No bounce. Let the elbows own the path.
Press or raise on the guided path, then lower without dumping the shoulders.

---

💥 ④ Peak contraction
Stop where the target muscle is most shortened.
⏱️ 1-second STOP
Own that position for one second. This is not where you dump the weight.

---

🐌 ⑤ Controlled return
Do not dump the load.
Take 2–3 seconds on the way back.
Return on the same path you pressed or pulled.

---

❌ Common mistakes
❌ Pressing with an over-arched low back
If position breaks, cut the load.
❌ Shrugging the shoulders into the ears
Keep the shoulders away from the ears and restart.
❌ Bouncing the weight up
Slow the tempo and repeat one clean path.

---

💡 MACHINE FIT PRO TIP
🔥 No dedicated Hammer Strength SKU for this slot. Trust the pads/levers/safeties on the unit labeled like ""Rotator Machine"", rehearse five light reps, then start working sets.

---

🎯 MACHINE FIT CHECK
🟢 Seat/pad → fitted
🟢 Elbows → press/raise direction
🟢 Shoulders → not shrugged
🟢 Return → 2–3 sec control

### 🔥 Remember this

""Confirm pads and levers on the unit in your gym, then follow the movement pattern. One-second peak, controlled return."""
ATLANTIS,숄더 프레스 / 레터럴 복합 머신,Shoulder Press / Lateral Combo,P250 Multi-Press,PARTIALLY_VERIFIED,Atlantis Strength,Precision Series,https://atlantisstrength.com/app/uploads/2024/08/atlantis_catalog_strength_july-2024.pdf,Atlantis P250 Multi-Press는 각도 전환형 멀티 프레스 (카탈로그 '멀티 프레스' → 카테고리 '숄더 프레스 / 레터럴 복합 머신' 매핑),"프레스 각도, 시트, 핀 스택","🏋️ ATLANTIS — P250 Multi-Press · Precision Series

🎯 ONE KEY CUE
🔥 ""선택한 각도에 맞춰 견갑을 고정하고 밀기""

Atlantis P250 Multi-Press는 각도 전환형 멀티 프레스 (카탈로그 '멀티 프레스' → 카테고리 '숄더 프레스 / 레터럴 복합 머신' 매핑). Atlantis plate/selector 구조입니다. 처음부터 무게 올리지 말고, 세팅부터 잡으세요.

---

⚙️ ① 기구 세팅
🪑 좌석 / 패드
시트를 몸에 맞추세요. 시작 위치가 어깨·관절에 자연스럽게 오는지 확인합니다.
🤲 그립 / 손 위치
손잡이를 편안한 너비로 잡으세요. 손목이 꺾이지 않게 합니다.
⚙️ 조절 포인트
프레스 각도, 시트, 핀 스택을 확인하세요.
이 카테고리는 공식 명칭이 겹칠 수 있으니, 헬스장 기구의 실제 레버·패드 배치를 우선하세요.

---

💪 ② 시작 자세
갈비뼈를 내리고 허리를 과하게 아치하지 않습니다. 팔꿈치를 시작 궤적에 올립니다.
이 자세에서 이것만 확인하세요.
👉 허리가 과하게 꺾이지 않는지

---

🔥 ③ 운동 방법
설정 각도에서 손잡이를 밀었다 복귀.
반동으로 올리지 마세요. 팔꿈치가 궤적을 주도하게 둡니다.

---

💥 ④ 최고 수축
목표 근육이 가장 조여지는 끝 지점에서 멈춥니다.
⏱️ 1초 STOP
튕기지 말고 그 지점에서 1초만 소유하세요. 무게를 놓는 순간이 아닙니다.

---

🐌 ⑤ 천천히 돌아오기
중량을 그냥 놓지 마세요.
2~3초 동안 통제하면서 복귀합니다.
시작 자세로 돌아갈 때도 같은 궤적을 유지하세요.

---

❌ 흔한 실수
❌ 각도 설정을 바꾸지 않고 억지로 궤적을 맞추는
자세가 무너지면 무게를 낮추세요.
❌ 허리를 꺾어 프레스하는 것
자세가 무너지면 무게를 낮추세요.
❌ 어깨를 귀 쪽으로 으쓱하는 것
어깨를 귀에서 멀리 두고 다시 시작하세요.
❌ 반동으로 들어 올리는 것
템포를 늦추고 같은 궤적만 반복하세요.

---

💡 MACHINE FIT PRO TIP
🔥 P250 Multi-Press의 가이드 궤적을 이용하세요. 첫 2세트는 천천히, 대칭이 확인된 뒤에만 무게를 올립니다.

---

🎯 MACHINE FIT CHECK
🟢 시트/패드 → 몸에 맞춤
🟢 팔꿈치 → 미는/드는 방향
🟢 어깨 → 으쓱하지 않기
🟢 복귀 → 2~3초 통제

### 🔥 이것만 기억하세요

""선택한 각도에 맞춰 견갑을 고정하고 밀기. 끝에서 1초, 복귀는 통제.""","🏋️ ATLANTIS — P250 Multi-Press · Precision Series

🎯 ONE KEY CUE
🔥 ""Set scapulae for the chosen angle and press""

Atlantis P250 Multi-Press는 각도 전환형 멀티 프레스 (카탈로그 '멀티 프레스' → 카테고리 '숄더 프레스 / 레터럴 복합 머신' 매핑) Lean into the Atlantis plate/selector design. Do not chase load until the setup feels locked in.

---

⚙️ ① Setup
🪑 Seat / pads
Fit the seat to your body so the start position sits naturally on the working joint.
🤲 Grip / hands
Take a comfortable grip width and keep the wrists stacked, not bent.
⚙️ Adjustments
Check 프레스 각도, 시트, 핀 스택.
Naming can overlap in this category — trust the levers and pads on the unit in front of you.

---

💪 ② Start position
Drop the ribs — do not over-arch. Set the elbows on the press path.
Check only this:
👉 Low back not over-arched

---

🔥 ③ Execution
No bounce. Let the elbows own the path.
Press or raise on the guided path, then lower without dumping the shoulders.

---

💥 ④ Peak contraction
Stop where the target muscle is most shortened.
⏱️ 1-second STOP
Own that position for one second. This is not where you dump the weight.

---

🐌 ⑤ Controlled return
Do not dump the load.
Take 2–3 seconds on the way back.
Return on the same path you pressed or pulled.

---

❌ Common mistakes
❌ Pressing with an over-arched low back
If position breaks, cut the load.
❌ Shrugging the shoulders into the ears
Keep the shoulders away from the ears and restart.
❌ Bouncing the weight up
Slow the tempo and repeat one clean path.

---

💡 MACHINE FIT PRO TIP
🔥 Use the guided path on P250 Multi-Press. Slow the first two sets, confirm symmetry, then add load.

---

🎯 MACHINE FIT CHECK
🟢 Seat/pad → fitted
🟢 Elbows → press/raise direction
🟢 Shoulders → not shrugged
🟢 Return → 2–3 sec control

### 🔥 Remember this

""Set scapulae for the chosen angle and press. One-second peak, controlled return."""
ATLANTIS,레그 프레스,Leg Press,C401 40 Degree Leg Press / C403 Horizontal Leg Press,VERIFIED,Atlantis Strength,Precision Series,https://atlantisstrength.com/app/uploads/2024/08/atlantis_catalog_strength_july-2024.pdf,Atlantis C401·C403은 레그 프레스(40도/수평)입니다,"등판/시트, 발 위치, 안전 스톱, 플레이트/스택","🏋️ ATLANTIS — C401 40 Degree Leg Press / C403 Horizontal Leg Press · Precision Series

🎯 ONE KEY CUE
🔥 ""무릎이 발끝 방향으로 나가게 밀기""

Atlantis C401·C403은 레그 프레스(40도/수평). 아틀란티스 Plate Loaded(P)·Selectorized 궤적을 그대로 타는 게 핵심입니다. 처음부터 무게 올리지 말고, 세팅부터 잡으세요.

---

⚙️ ① 기구 세팅
🪑 좌석 / 패드
시트부터 맞추세요. 밀었을 때 골반이 말리거나 허리가 뜨지 않는 깊이가 시작점입니다.
🦶 발 위치
수평 궤적에 맞춰 발판 중앙에 발을 안정적으로 두세요. 무릎·발끝 방향을 맞춥니다.
⚙️ 조절 포인트
등판/시트, 발 위치, 안전 스톱, 플레이트/스택을 확인하세요.

---

💪 ② 시작 자세
골반을 시트/패드에 붙이고 발 전체로 발판을 느낍니다. 무릎·발끝 방향을 맞춥니다.
이 자세에서 이것만 확인하세요.
👉 골반이 말리지 않는 깊이인지

---

🔥 ③ 운동 방법
발판을 밀어 신전했다가 제어하며 굽히기.
발판을 “발로 차듯” 밀지 말고, 발 전체로 멀리 보낸다는 느낌으로 밀어요. 무릎은 발끝 방향을 따라갑니다.

---

💥 ④ 최고 수축
무릎을 완전히 잠그기 직전, 허벅지·둔근이 일을 받는 지점에서 멈춥니다.
⏱️ 1초 STOP
튕기지 말고 그 지점에서 1초만 소유하세요. 무게를 놓는 순간이 아닙니다.

---

🐌 ⑤ 천천히 돌아오기
중량을 그냥 놓지 마세요.
2~3초 동안 통제하면서 복귀합니다.
내려올 때 골반이 말리는 깊이 직전에서 방향을 바꾸세요.

---

❌ 흔한 실수
❌ 엉덩이가 들리고 허리가 둥글어지는
자세가 무너지면 깊이·무게를 줄이세요.
❌ 무릎이 안쪽으로 무너지는 것
발끝 방향으로 무릎을 보내세요. 안쪽으로 모이면 바로 중량을 낮춥니다.
❌ 하부 범위에서 요추가 뜨거나 골반이 말리는 것
깊이보다 골반 고정이 먼저입니다. 허리가 뜨면 범위를 줄이세요.
❌ 무릎을 강하게 잠그며 튕기는 것
자세가 무너지면 깊이·무게를 줄이세요.

---

💡 MACHINE FIT PRO TIP
🔥 수평(리니어) 궤적은 45° 레그 프레스와 골반 느낌이 다릅니다. 시트에 골반을 붙인 채 수평으로 민다는 감각을 먼저 만드세요.

---

🎯 MACHINE FIT CHECK
🟢 시트/패드 → 골반 고정
🟢 발 → 발판 중앙·방향 정렬
🟢 무릎 → 발끝 방향
🟢 복귀 → 2~3초 통제

### 🔥 이것만 기억하세요

""골반은 시트에, 발 전체로 수평으로 밀고, 복귀는 2~3초.""","🏋️ ATLANTIS — C401 40 Degree Leg Press / C403 Horizontal Leg Press · Precision Series

🎯 ONE KEY CUE
🔥 ""Drive so knees track over the toes""

Atlantis C401·C403은 레그 프레스(40도/수평)입니다 Ride the Atlantis Plate Loaded (P) / Selectorized path instead of fighting it. Do not chase load until the setup feels locked in.

---

⚙️ ① Setup
🪑 Seat / pads
Set the seat/back pad first. Your start depth is where the pelvis stays planted and the low back does not peel up.
🦶 Feet
Center the feet on the horizontal path and keep knees tracking with toes.
⚙️ Adjustments
Check 등판/시트, 발 위치, 안전 스톱, 플레이트/스택.

---

💪 ② Start position
Plant the pelvis and feel the whole foot on the platform. Align knees with toes.
Check only this:
👉 Pelvis not curling under

---

🔥 ③ Execution
Do not kick the platform. Drive it away through the whole foot and let the knees track the toes.
Bend, press through the mid-foot, and return without bouncing the knees.

---

💥 ④ Peak contraction
Stop just short of hard lockout where quads/glutes still own the load.
⏱️ 1-second STOP
Own that position for one second. This is not where you dump the weight.

---

🐌 ⑤ Controlled return
Do not dump the load.
Take 2–3 seconds on the way back.
Reverse before the pelvis curls under.

---

❌ Common mistakes
❌ Knees collapsing inward
Drive knees with the toes. Reduce load immediately if they cave.
❌ Pelvis curling / low back peeling at the bottom
Own pelvis position before depth.
❌ Snapping into a hard knee lockout
If position breaks, cut the load.

---

💡 MACHINE FIT PRO TIP
🔥 Linear/horizontal paths feel different from a 45° sled. Keep the pelvis glued and press on the horizontal line.

---

🎯 MACHINE FIT CHECK
🟢 Seat/pad → pelvis planted
🟢 Feet → centered and aligned
🟢 Knees → track toes
🟢 Return → 2–3 sec control

### 🔥 Remember this

""Pelvis glued, whole-foot horizontal drive, 2–3 sec return."""
ATLANTIS,45도 레그 프레스,45° Leg Press,,BRAND_MODEL_NOT_FOUND,Atlantis Strength,,https://atlantisstrength.com/app/uploads/2024/08/atlantis_catalog_strength_july-2024.pdf,Atlantis 카탈로그에 V-Squat 전용 SKU는 확인되지 않습니다(펜듈럼·파워스쿼트는 별도) (카탈로그 '브이 스쿼트' → 카테고리 '45도 레그 프레스' 매핑),"어깨 패드, 발 위치, 안전 스톱","🏋️ ATLANTIS — 45도 레그 프레스

🎯 ONE KEY CUE
🔥 ""등판에 밀착해 무릎 궤도를 일관되게""

아틀란티스 전용 모델이 없는 카테고리입니다. 헬스장에 있는 실제 기구의 패드·레버·안전장치를 먼저 확인한 뒤, 아래 패턴으로 움직이세요.

---

⚙️ ① 기구 세팅
🪑 좌석 / 패드
시트·백패드를 먼저 맞추세요. 밀었을 때 골반이 말리거나 허리가 뜨지 않는 깊이가 시작점입니다.
🦶 발 위치
발판 중앙에 발을 두고, 무릎이 발끝 방향으로 가게 맞추세요. 너무 높거나 낮으면 골반이 먼저 뜹니다.
⚙️ 조절 포인트
어깨 패드, 발 위치, 안전 스톱을 확인하세요.

---

💪 ② 시작 자세
골반을 시트/패드에 붙이고 발 전체로 발판을 느낍니다. 무릎·발끝 방향을 맞춥니다.
이 자세에서 이것만 확인하세요.
👉 골반이 말리지 않는 깊이인지

---

🔥 ③ 운동 방법
슬레드를 따라 하강 후 밀어 상승.
발판을 “발로 차듯” 밀지 말고, 발 전체로 멀리 보낸다는 느낌으로 밀어요. 무릎은 발끝 방향을 따라갑니다.

---

💥 ④ 최고 수축
무릎을 완전히 잠그기 직전, 허벅지·둔근이 일을 받는 지점에서 멈춥니다.
⏱️ 1초 STOP
튕기지 말고 그 지점에서 1초만 소유하세요. 무게를 놓는 순간이 아닙니다.

---

🐌 ⑤ 천천히 돌아오기
중량을 그냥 놓지 마세요.
2~3초 동안 통제하면서 복귀합니다.
내려올 때 골반이 말리는 깊이 직전에서 방향을 바꾸세요.

---

❌ 흔한 실수
❌ 발 위치가 너무 앞뒤 치우쳐 무릎만 과부하되는
자세가 무너지면 깊이·무게를 줄이세요.
❌ 무릎이 안쪽으로 무너지는 것
발끝 방향으로 무릎을 보내세요. 안쪽으로 모이면 바로 중량을 낮춥니다.
❌ 하부 범위에서 요추가 뜨거나 골반이 말리는 것
깊이보다 골반 고정이 먼저입니다. 허리가 뜨면 범위를 줄이세요.
❌ 무릎을 강하게 잠그며 튕기는 것
자세가 무너지면 깊이·무게를 줄이세요.

---

💡 MACHINE FIT PRO TIP
🔥 이 항목은 해머 스트렝스 전용 SKU가 없습니다. ""45도 레그 프레스""로 분류된 실제 기구의 패드·레버·안전장치만 믿고, 가벼운 무게로 5회 리허설 후 본 세트를 시작하세요.

---

🎯 MACHINE FIT CHECK
🟢 시트/패드 → 골반 고정
🟢 발 → 발판 중앙·방향 정렬
🟢 무릎 → 발끝 방향
🟢 복귀 → 2~3초 통제

### 🔥 이것만 기억하세요

""발 전체로 밀고, 골반은 끝까지 안정적으로.""","🏋️ ATLANTIS — 45° Leg Press

🎯 ONE KEY CUE
🔥 ""Stay glued to the back pad with consistent knee tracking""

There is no dedicated Atlantis SKU for this category. Confirm pads, levers, and safeties on the unit in your gym, then follow the movement pattern below.

---

⚙️ ① Setup
🪑 Seat / pads
Set the seat/back pad first. Your start depth is where the pelvis stays planted and the low back does not peel up.
🦶 Feet
Center the feet. If placement is too high or low, the pelvis lifts first.
⚙️ Adjustments
Check 어깨 패드, 발 위치, 안전 스톱.

---

💪 ② Start position
Plant the pelvis and feel the whole foot on the platform. Align knees with toes.
Check only this:
👉 Pelvis not curling under

---

🔥 ③ Execution
Do not kick the platform. Drive it away through the whole foot and let the knees track the toes.
Bend, press through the mid-foot, and return without bouncing the knees.

---

💥 ④ Peak contraction
Stop just short of hard lockout where quads/glutes still own the load.
⏱️ 1-second STOP
Own that position for one second. This is not where you dump the weight.

---

🐌 ⑤ Controlled return
Do not dump the load.
Take 2–3 seconds on the way back.
Reverse before the pelvis curls under.

---

❌ Common mistakes
❌ Knees collapsing inward
Drive knees with the toes. Reduce load immediately if they cave.
❌ Pelvis curling / low back peeling at the bottom
Own pelvis position before depth.
❌ Snapping into a hard knee lockout
If position breaks, cut the load.

---

💡 MACHINE FIT PRO TIP
🔥 No dedicated Hammer Strength SKU for this slot. Trust the pads/levers/safeties on the unit labeled like ""45° Leg Press"", rehearse five light reps, then start working sets.

---

🎯 MACHINE FIT CHECK
🟢 Seat/pad → pelvis planted
🟢 Feet → centered and aligned
🟢 Knees → track toes
🟢 Return → 2–3 sec control

### 🔥 Remember this

""Whole-foot drive, pelvis stays honest."""
ATLANTIS,수평 레그 프레스,Horizontal Leg Press,C212 Pendulum Squat / PW212 Pendulum Squat Pro,PARTIALLY_VERIFIED,Atlantis Strength,Precision / Pro Series,https://atlantisstrength.com/gym-equipment/plate-loaded-machines,Atlantis C212·PW212는 펜듈럼 스쿼트 (카탈로그 '펜듈럼 스쿼트' → 카테고리 '수평 레그 프레스' 매핑),"어깨 패드, 발 위치, 시작 저항, 플레이트","🏋️ ATLANTIS — C212 Pendulum Squat / PW212 Pendulum Squat Pro · Precision / Pro Series

🎯 ONE KEY CUE
🔥 ""진자 궤도에 맞춰 무릎이 발끝 위로 가게""

Atlantis C212·PW212는 펜듈럼 스쿼트 (카탈로그 '펜듈럼 스쿼트' → 카테고리 '수평 레그 프레스' 매핑). Atlantis plate/selector 구조입니다. 처음부터 무게 올리지 말고, 세팅부터 잡으세요.

---

⚙️ ① 기구 세팅
🪑 좌석 / 패드
시트·백패드를 먼저 맞추세요. 밀었을 때 골반이 말리거나 허리가 뜨지 않는 깊이가 시작점입니다.
🦶 발 위치
수평 궤적에 맞춰 발판 중앙에 발을 안정적으로 두세요. 무릎·발끝 방향을 맞춥니다.
⚙️ 조절 포인트
어깨 패드, 발 위치, 시작 저항, 플레이트를 확인하세요.
이 카테고리는 공식 명칭이 겹칠 수 있으니, 헬스장 기구의 실제 레버·패드 배치를 우선하세요.

---

💪 ② 시작 자세
골반을 시트/패드에 붙이고 발 전체로 발판을 느낍니다. 무릎·발끝 방향을 맞춥니다.
이 자세에서 이것만 확인하세요.
👉 골반이 말리지 않는 깊이인지

---

🔥 ③ 운동 방법
펜듈럼 암을 따라 하강 후 밀어 상승.
발판을 “발로 차듯” 밀지 말고, 발 전체로 멀리 보낸다는 느낌으로 밀어요. 무릎은 발끝 방향을 따라갑니다.

---

💥 ④ 최고 수축
무릎을 완전히 잠그기 직전, 허벅지·둔근이 일을 받는 지점에서 멈춥니다.
⏱️ 1초 STOP
튕기지 말고 그 지점에서 1초만 소유하세요. 무게를 놓는 순간이 아닙니다.

---

🐌 ⑤ 천천히 돌아오기
중량을 그냥 놓지 마세요.
2~3초 동안 통제하면서 복귀합니다.
내려올 때 골반이 말리는 깊이 직전에서 방향을 바꾸세요.

---

❌ 흔한 실수
❌ 발꿈치를 들고 전족만으로 버티는
자세가 무너지면 깊이·무게를 줄이세요.
❌ 무릎이 안쪽으로 무너지는 것
발끝 방향으로 무릎을 보내세요. 안쪽으로 모이면 바로 중량을 낮춥니다.
❌ 하부 범위에서 요추가 뜨거나 골반이 말리는 것
깊이보다 골반 고정이 먼저입니다. 허리가 뜨면 범위를 줄이세요.
❌ 무릎을 강하게 잠그며 튕기는 것
자세가 무너지면 깊이·무게를 줄이세요.

---

💡 MACHINE FIT PRO TIP
🔥 수평(리니어) 궤적은 45° 레그 프레스와 골반 느낌이 다릅니다. 시트에 골반을 붙인 채 수평으로 민다는 감각을 먼저 만드세요.

---

🎯 MACHINE FIT CHECK
🟢 시트/패드 → 골반 고정
🟢 발 → 발판 중앙·방향 정렬
🟢 무릎 → 발끝 방향
🟢 복귀 → 2~3초 통제

### 🔥 이것만 기억하세요

""골반은 시트에, 발 전체로 수평으로 밀고, 복귀는 2~3초.""","🏋️ ATLANTIS — C212 Pendulum Squat / PW212 Pendulum Squat Pro · Precision / Pro Series

🎯 ONE KEY CUE
🔥 ""Follow the pendulum arc with knees over toes""

Atlantis C212·PW212는 펜듈럼 스쿼트 (카탈로그 '펜듈럼 스쿼트' → 카테고리 '수평 레그 프레스' 매핑) Lean into the Atlantis plate/selector design. Do not chase load until the setup feels locked in.

---

⚙️ ① Setup
🪑 Seat / pads
Set the seat/back pad first. Your start depth is where the pelvis stays planted and the low back does not peel up.
🦶 Feet
Center the feet on the horizontal path and keep knees tracking with toes.
⚙️ Adjustments
Check 어깨 패드, 발 위치, 시작 저항, 플레이트.
Naming can overlap in this category — trust the levers and pads on the unit in front of you.

---

💪 ② Start position
Plant the pelvis and feel the whole foot on the platform. Align knees with toes.
Check only this:
👉 Pelvis not curling under

---

🔥 ③ Execution
Do not kick the platform. Drive it away through the whole foot and let the knees track the toes.
Bend, press through the mid-foot, and return without bouncing the knees.

---

💥 ④ Peak contraction
Stop just short of hard lockout where quads/glutes still own the load.
⏱️ 1-second STOP
Own that position for one second. This is not where you dump the weight.

---

🐌 ⑤ Controlled return
Do not dump the load.
Take 2–3 seconds on the way back.
Reverse before the pelvis curls under.

---

❌ Common mistakes
❌ Knees collapsing inward
Drive knees with the toes. Reduce load immediately if they cave.
❌ Pelvis curling / low back peeling at the bottom
Own pelvis position before depth.
❌ Snapping into a hard knee lockout
If position breaks, cut the load.

---

💡 MACHINE FIT PRO TIP
🔥 Linear/horizontal paths feel different from a 45° sled. Keep the pelvis glued and press on the horizontal line.

---

🎯 MACHINE FIT CHECK
🟢 Seat/pad → pelvis planted
🟢 Feet → centered and aligned
🟢 Knees → track toes
🟢 Return → 2–3 sec control

### 🔥 Remember this

""Pelvis glued, whole-foot horizontal drive, 2–3 sec return."""
ATLANTIS,핵 스쿼트,Hack Squat,C412 Hack Squat / PW412 Hack Squat Pro,PARTIALLY_VERIFIED,Atlantis Strength,Precision / Pro Series,https://atlantisstrength.com/gym-equipment/plate-loaded-machines,Atlantis C412·PW412는 해크 스쿼트(플레이트로드/프로) (카탈로그 '해크 스쿼트' → 카테고리 '핵 스쿼트' 매핑),"어깨 패드, 발 위치, 안전 스톱, 플레이트","🏋️ ATLANTIS — C412 Hack Squat / PW412 Hack Squat Pro · Precision / Pro Series

🎯 ONE KEY CUE
🔥 ""발판에 무게중심을 두고 무릎을 궤도에 맞게 굽히기""

Atlantis C412·PW412는 해크 스쿼트(플레이트로드/프로) (카탈로그 '해크 스쿼트' → 카테고리 '핵 스쿼트' 매핑). 플레이트 로딩 · Atlantis plate/selector 구조입니다. 처음부터 무게 올리지 말고, 세팅부터 잡으세요.

---

⚙️ ① 기구 세팅
🪑 좌석 / 패드
시트·백패드를 먼저 맞추세요. 밀었을 때 골반이 말리거나 허리가 뜨지 않는 깊이가 시작점입니다.
🦶 발 위치
발판 중앙에 발을 두고, 무릎이 발끝 방향으로 가게 맞추세요. 너무 높거나 낮으면 골반이 먼저 뜹니다.
⚙️ 조절 포인트
어깨 패드, 발 위치, 안전 스톱, 플레이트를 확인하세요. 양쪽 플레이트를 동일하게 맞추고, 한쪽만 먼저 올리지 마세요.
이 카테고리는 공식 명칭이 겹칠 수 있으니, 헬스장 기구의 실제 레버·패드 배치를 우선하세요.

---

💪 ② 시작 자세
골반을 시트/패드에 붙이고 발 전체로 발판을 느낍니다. 무릎·발끝 방향을 맞춥니다.
이 자세에서 이것만 확인하세요.
👉 골반이 말리지 않는 깊이인지

---

🔥 ③ 운동 방법
슬레드를 내려 스쿼트 후 밀어 올리기.
발판을 “발로 차듯” 밀지 말고, 발 전체로 멀리 보낸다는 느낌으로 밀어요. 무릎은 발끝 방향을 따라갑니다.

---

💥 ④ 최고 수축
무릎을 완전히 잠그기 직전, 허벅지·둔근이 일을 받는 지점에서 멈춥니다.
⏱️ 1초 STOP
튕기지 말고 그 지점에서 1초만 소유하세요. 무게를 놓는 순간이 아닙니다.

---

🐌 ⑤ 천천히 돌아오기
중량을 그냥 놓지 마세요.
2~3초 동안 통제하면서 복귀합니다.
내려올 때 골반이 말리는 깊이 직전에서 방향을 바꾸세요.

---

❌ 흔한 실수
❌ 발꿈치를 들고 무릎만 과도하게 앞으로 내미는
자세가 무너지면 깊이·무게를 줄이세요.
❌ 무릎이 안쪽으로 무너지는 것
발끝 방향으로 무릎을 보내세요. 안쪽으로 모이면 바로 중량을 낮춥니다.
❌ 하부 범위에서 요추가 뜨거나 골반이 말리는 것
깊이보다 골반 고정이 먼저입니다. 허리가 뜨면 범위를 줄이세요.
❌ 무릎을 강하게 잠그며 튕기는 것
자세가 무너지면 깊이·무게를 줄이세요.
❌ 양쪽 플레이트 무게를 다르게 올리는 것
양쪽을 맞춘 뒤 가벼운 세트로 좌우를 확인하세요.

---

💡 MACHINE FIT PRO TIP
🔥 C412 Hack Squat / PW412 Hack Squat Pro은 플레이트 로딩 레그 프레스입니다. 양쪽 원판을 맞춘 뒤, 안전 스톱을 내 가동범위에 먼저 걸고 시작하세요. 첫 2세트는 템포를 늦춰 골반이 뜨는지 확인합니다.

---

🎯 MACHINE FIT CHECK
🟢 시트/패드 → 골반 고정
🟢 발 → 발판 중앙·방향 정렬
🟢 원판 → 좌우 동일
🟢 복귀 → 2~3초 통제

### 🔥 이것만 기억하세요

""발 전체로 밀고, 골반은 끝까지 안정적으로.""","🏋️ ATLANTIS — C412 Hack Squat / PW412 Hack Squat Pro · Precision / Pro Series

🎯 ONE KEY CUE
🔥 ""Keep weight on the platform and track the knees""

Atlantis C412·PW412는 해크 스쿼트(플레이트로드/프로) (카탈로그 '해크 스쿼트' → 카테고리 '핵 스쿼트' 매핑) Lean into the plate-loaded / Atlantis plate/selector design. Do not chase load until the setup feels locked in.

---

⚙️ ① Setup
🪑 Seat / pads
Set the seat/back pad first. Your start depth is where the pelvis stays planted and the low back does not peel up.
🦶 Feet
Center the feet. If placement is too high or low, the pelvis lifts first.
⚙️ Adjustments
Check 어깨 패드, 발 위치, 안전 스톱, 플레이트. Match plates on both sides — do not load one arm first.
Naming can overlap in this category — trust the levers and pads on the unit in front of you.

---

💪 ② Start position
Plant the pelvis and feel the whole foot on the platform. Align knees with toes.
Check only this:
👉 Pelvis not curling under

---

🔥 ③ Execution
Do not kick the platform. Drive it away through the whole foot and let the knees track the toes.
Bend, press through the mid-foot, and return without bouncing the knees.

---

💥 ④ Peak contraction
Stop just short of hard lockout where quads/glutes still own the load.
⏱️ 1-second STOP
Own that position for one second. This is not where you dump the weight.

---

🐌 ⑤ Controlled return
Do not dump the load.
Take 2–3 seconds on the way back.
Reverse before the pelvis curls under.

---

❌ Common mistakes
❌ Knees collapsing inward
Drive knees with the toes. Reduce load immediately if they cave.
❌ Pelvis curling / low back peeling at the bottom
Own pelvis position before depth.
❌ Snapping into a hard knee lockout
If position breaks, cut the load.
❌ Loading unequal plates
Match both sides, then confirm with a light set.

---

💡 MACHINE FIT PRO TIP
🔥 C412 Hack Squat / PW412 Hack Squat Pro is plate-loaded. Match both sides, set the safety stops to your range first, and use the first two sets to confirm the pelvis stays down.

---

🎯 MACHINE FIT CHECK
🟢 Seat/pad → pelvis planted
🟢 Feet → centered and aligned
🟢 Plates → matched
🟢 Return → 2–3 sec control

### 🔥 Remember this

""Whole-foot drive, pelvis stays honest."""
ATLANTIS,스쿼트 프레스,Squat Press,C111 Power Squat / PW611 Power Squat Pro,PARTIALLY_VERIFIED,Atlantis Strength,Precision / Pro Series,https://atlantisstrength.com/gym-equipment/plate-loaded-machines,Atlantis C111·PW611 Power Squat는 대표 스쿼트 머신 (카탈로그 '스쿼트 머신' → 카테고리 '스쿼트 프레스' 매핑),"어깨/등 패드, 스탠스, 시작 저항, 플레이트","🏋️ ATLANTIS — C111 Power Squat / PW611 Power Squat Pro · Precision / Pro Series

🎯 ONE KEY CUE
🔥 ""가슴을 연 채 엉덩이를 뒤로 보내며 하강""

Atlantis C111·PW611 Power Squat는 대표 스쿼트 머신 (카탈로그 '스쿼트 머신' → 카테고리 '스쿼트 프레스' 매핑). Atlantis plate/selector 구조입니다. 처음부터 무게 올리지 말고, 세팅부터 잡으세요.

---

⚙️ ① 기구 세팅
🪑 좌석 / 패드
시트·백패드를 먼저 맞추세요. 밀었을 때 골반이 말리거나 허리가 뜨지 않는 깊이가 시작점입니다.
🦶 발 위치
발판 중앙에 발을 두고, 무릎이 발끝 방향으로 가게 맞추세요. 너무 높거나 낮으면 골반이 먼저 뜹니다.
⚙️ 조절 포인트
어깨/등 패드, 스탠스, 시작 저항, 플레이트를 확인하세요.
이 카테고리는 공식 명칭이 겹칠 수 있으니, 헬스장 기구의 실제 레버·패드 배치를 우선하세요.

---

💪 ② 시작 자세
골반을 시트/패드에 붙이고 발 전체로 발판을 느낍니다. 무릎·발끝 방향을 맞춥니다.
이 자세에서 이것만 확인하세요.
👉 골반이 말리지 않는 깊이인지

---

🔥 ③ 운동 방법
가이드를 따라 하강 후 발바닥으로 밀어 상승.
발판을 “발로 차듯” 밀지 말고, 발 전체로 멀리 보낸다는 느낌으로 밀어요. 무릎은 발끝 방향을 따라갑니다.

---

💥 ④ 최고 수축
무릎을 완전히 잠그기 직전, 허벅지·둔근이 일을 받는 지점에서 멈춥니다.
⏱️ 1초 STOP
튕기지 말고 그 지점에서 1초만 소유하세요. 무게를 놓는 순간이 아닙니다.

---

🐌 ⑤ 천천히 돌아오기
중량을 그냥 놓지 마세요.
2~3초 동안 통제하면서 복귀합니다.
내려올 때 골반이 말리는 깊이 직전에서 방향을 바꾸세요.

---

❌ 흔한 실수
❌ 무릎만 굽혀 대퇴 전면만 과부하하는
자세가 무너지면 깊이·무게를 줄이세요.
❌ 무릎이 안쪽으로 무너지는 것
발끝 방향으로 무릎을 보내세요. 안쪽으로 모이면 바로 중량을 낮춥니다.
❌ 하부 범위에서 요추가 뜨거나 골반이 말리는 것
깊이보다 골반 고정이 먼저입니다. 허리가 뜨면 범위를 줄이세요.
❌ 무릎을 강하게 잠그며 튕기는 것
자세가 무너지면 깊이·무게를 줄이세요.

---

💡 MACHINE FIT PRO TIP
🔥 C111 Power Squat / PW611 Power Squat Pro의 가이드 궤적을 이용하세요. 첫 2세트는 천천히, 대칭이 확인된 뒤에만 무게를 올립니다.

---

🎯 MACHINE FIT CHECK
🟢 시트/패드 → 골반 고정
🟢 발 → 발판 중앙·방향 정렬
🟢 무릎 → 발끝 방향
🟢 복귀 → 2~3초 통제

### 🔥 이것만 기억하세요

""발 전체로 밀고, 골반은 끝까지 안정적으로.""","🏋️ ATLANTIS — C111 Power Squat / PW611 Power Squat Pro · Precision / Pro Series

🎯 ONE KEY CUE
🔥 ""Keep the chest up and sit the hips back""

Atlantis C111·PW611 Power Squat는 대표 스쿼트 머신 (카탈로그 '스쿼트 머신' → 카테고리 '스쿼트 프레스' 매핑) Lean into the Atlantis plate/selector design. Do not chase load until the setup feels locked in.

---

⚙️ ① Setup
🪑 Seat / pads
Set the seat/back pad first. Your start depth is where the pelvis stays planted and the low back does not peel up.
🦶 Feet
Center the feet. If placement is too high or low, the pelvis lifts first.
⚙️ Adjustments
Check 어깨/등 패드, 스탠스, 시작 저항, 플레이트.
Naming can overlap in this category — trust the levers and pads on the unit in front of you.

---

💪 ② Start position
Plant the pelvis and feel the whole foot on the platform. Align knees with toes.
Check only this:
👉 Pelvis not curling under

---

🔥 ③ Execution
Do not kick the platform. Drive it away through the whole foot and let the knees track the toes.
Bend, press through the mid-foot, and return without bouncing the knees.

---

💥 ④ Peak contraction
Stop just short of hard lockout where quads/glutes still own the load.
⏱️ 1-second STOP
Own that position for one second. This is not where you dump the weight.

---

🐌 ⑤ Controlled return
Do not dump the load.
Take 2–3 seconds on the way back.
Reverse before the pelvis curls under.

---

❌ Common mistakes
❌ Knees collapsing inward
Drive knees with the toes. Reduce load immediately if they cave.
❌ Pelvis curling / low back peeling at the bottom
Own pelvis position before depth.
❌ Snapping into a hard knee lockout
If position breaks, cut the load.

---

💡 MACHINE FIT PRO TIP
🔥 Use the guided path on C111 Power Squat / PW611 Power Squat Pro. Slow the first two sets, confirm symmetry, then add load.

---

🎯 MACHINE FIT CHECK
🟢 Seat/pad → pelvis planted
🟢 Feet → centered and aligned
🟢 Knees → track toes
🟢 Return → 2–3 sec control

### 🔥 Remember this

""Whole-foot drive, pelvis stays honest."""
ATLANTIS,벨트 스쿼트,Belt Squat,PW511 Belt Squat,VERIFIED,Atlantis Strength,Power Series,https://atlantisstrength.com/app/uploads/2024/08/atlantis_catalog_strength_july-2024.pdf,Atlantis PW511 Belt Squat는 플레이트로드 벨트 스쿼트입니다,"벨트 길이, 발판 스탠스, 플레이트","🏋️ ATLANTIS — PW511 Belt Squat · Power Series

🎯 ONE KEY CUE
🔥 ""벨트로 하중을 받고 척추 중립 스쿼트""

Atlantis PW511 Belt Squat는 플레이트로드 벨트 스쿼트. 플레이트 로딩 · Atlantis plate/selector 구조입니다. 처음부터 무게 올리지 말고, 세팅부터 잡으세요.

---

⚙️ ① 기구 세팅
🦶 발 위치
발판 중앙에 발을 두고, 무릎이 발끝 방향으로 가게 맞추세요. 너무 높거나 낮으면 골반이 먼저 뜹니다.
⚙️ 조절 포인트
벨트 길이, 발판 스탠스, 플레이트를 확인하세요. 양쪽 플레이트를 동일하게 맞추고, 한쪽만 먼저 올리지 마세요.

---

💪 ② 시작 자세
골반을 시트/패드에 붙이고 발 전체로 발판을 느낍니다. 무릎·발끝 방향을 맞춥니다.
이 자세에서 이것만 확인하세요.
👉 골반이 말리지 않는 깊이인지

---

🔥 ③ 운동 방법
벨트를 차고 앉았다 일어서기.
발판을 “발로 차듯” 밀지 말고, 발 전체로 멀리 보낸다는 느낌으로 밀어요. 무릎은 발끝 방향을 따라갑니다.

---

💥 ④ 최고 수축
무릎을 완전히 잠그기 직전, 허벅지·둔근이 일을 받는 지점에서 멈춥니다.
⏱️ 1초 STOP
튕기지 말고 그 지점에서 1초만 소유하세요. 무게를 놓는 순간이 아닙니다.

---

🐌 ⑤ 천천히 돌아오기
중량을 그냥 놓지 마세요.
2~3초 동안 통제하면서 복귀합니다.
내려올 때 골반이 말리는 깊이 직전에서 방향을 바꾸세요.

---

❌ 흔한 실수
❌ 벨트가 느슨해 하중이 흔들리는
자세가 무너지면 깊이·무게를 줄이세요.
❌ 무릎이 안쪽으로 무너지는 것
발끝 방향으로 무릎을 보내세요. 안쪽으로 모이면 바로 중량을 낮춥니다.
❌ 하부 범위에서 요추가 뜨거나 골반이 말리는 것
깊이보다 골반 고정이 먼저입니다. 허리가 뜨면 범위를 줄이세요.
❌ 무릎을 강하게 잠그며 튕기는 것
자세가 무너지면 깊이·무게를 줄이세요.
❌ 양쪽 플레이트 무게를 다르게 올리는 것
양쪽을 맞춘 뒤 가벼운 세트로 좌우를 확인하세요.

---

💡 MACHINE FIT PRO TIP
🔥 PW511 Belt Squat은 플레이트 로딩 레그 프레스입니다. 양쪽 원판을 맞춘 뒤, 안전 스톱을 내 가동범위에 먼저 걸고 시작하세요. 첫 2세트는 템포를 늦춰 골반이 뜨는지 확인합니다.

---

🎯 MACHINE FIT CHECK
🟢 시트/패드 → 골반 고정
🟢 발 → 발판 중앙·방향 정렬
🟢 원판 → 좌우 동일
🟢 복귀 → 2~3초 통제

### 🔥 이것만 기억하세요

""발 전체로 밀고, 골반은 끝까지 안정적으로.""","🏋️ ATLANTIS — PW511 Belt Squat · Power Series

🎯 ONE KEY CUE
🔥 ""Load through the belt and squat with a neutral spine""

Atlantis PW511 Belt Squat는 플레이트로드 벨트 스쿼트입니다 Lean into the plate-loaded / Atlantis plate/selector design. Do not chase load until the setup feels locked in.

---

⚙️ ① Setup
🦶 Feet
Center the feet. If placement is too high or low, the pelvis lifts first.
⚙️ Adjustments
Check 벨트 길이, 발판 스탠스, 플레이트. Match plates on both sides — do not load one arm first.

---

💪 ② Start position
Plant the pelvis and feel the whole foot on the platform. Align knees with toes.
Check only this:
👉 Pelvis not curling under

---

🔥 ③ Execution
Do not kick the platform. Drive it away through the whole foot and let the knees track the toes.
Bend, press through the mid-foot, and return without bouncing the knees.

---

💥 ④ Peak contraction
Stop just short of hard lockout where quads/glutes still own the load.
⏱️ 1-second STOP
Own that position for one second. This is not where you dump the weight.

---

🐌 ⑤ Controlled return
Do not dump the load.
Take 2–3 seconds on the way back.
Reverse before the pelvis curls under.

---

❌ Common mistakes
❌ Knees collapsing inward
Drive knees with the toes. Reduce load immediately if they cave.
❌ Pelvis curling / low back peeling at the bottom
Own pelvis position before depth.
❌ Snapping into a hard knee lockout
If position breaks, cut the load.
❌ Loading unequal plates
Match both sides, then confirm with a light set.

---

💡 MACHINE FIT PRO TIP
🔥 PW511 Belt Squat is plate-loaded. Match both sides, set the safety stops to your range first, and use the first two sets to confirm the pelvis stays down.

---

🎯 MACHINE FIT CHECK
🟢 Seat/pad → pelvis planted
🟢 Feet → centered and aligned
🟢 Plates → matched
🟢 Return → 2–3 sec control

### 🔥 Remember this

""Whole-foot drive, pelvis stays honest."""
ATLANTIS,레그 익스텐션,Leg Extension,C105 Leg Extension,VERIFIED,Atlantis Strength,Precision Series,https://atlantisstrength.com/app/uploads/2024/08/atlantis_catalog_strength_july-2024.pdf,Atlantis C105 Leg Extension은 셀렉터라이즈드 레그 익스텐션입니다,"등판, 발목 패드, ROM 핀, 스택","🏋️ ATLANTIS — C105 Leg Extension · Precision Series

🎯 ONE KEY CUE
🔥 ""무릎을 펴며 대퇴사두를 끝까지 수축""

Atlantis C105 Leg Extension은 셀렉터라이즈드 레그 익스텐션. 셀렉터 스택 구조입니다. 처음부터 무게 올리지 말고, 세팅부터 잡으세요.

---

⚙️ ① 기구 세팅
🪑 좌석 / 패드
시트·백패드를 먼저 맞추세요. 밀었을 때 골반이 말리거나 허리가 뜨지 않는 깊이가 시작점입니다.
🦶 발 위치
발판 중앙에 발을 두고, 무릎이 발끝 방향으로 가게 맞추세요. 너무 높거나 낮으면 골반이 먼저 뜹니다.
⚙️ 조절 포인트
등판, 발목 패드, ROM 핀, 스택을 확인하세요.

---

💪 ② 시작 자세
골반을 시트/패드에 붙이고 발 전체로 발판을 느낍니다. 무릎·발끝 방향을 맞춥니다.
이 자세에서 이것만 확인하세요.
👉 골반이 말리지 않는 깊이인지

---

🔥 ③ 운동 방법
발목 패드를 위로 펴 올렸다 천천히 내리기.
발판을 “발로 차듯” 밀지 말고, 발 전체로 멀리 보낸다는 느낌으로 밀어요. 무릎은 발끝 방향을 따라갑니다.

---

💥 ④ 최고 수축
무릎을 완전히 잠그기 직전, 허벅지·둔근이 일을 받는 지점에서 멈춥니다.
⏱️ 1초 STOP
튕기지 말고 그 지점에서 1초만 소유하세요. 무게를 놓는 순간이 아닙니다.

---

🐌 ⑤ 천천히 돌아오기
중량을 그냥 놓지 마세요.
2~3초 동안 통제하면서 복귀합니다.
내려올 때 골반이 말리는 깊이 직전에서 방향을 바꾸세요.

---

❌ 흔한 실수
❌ 엉덩이를 들며 반동으로 차는
템포를 늦추고 같은 궤적만 반복하세요.
❌ 무릎이 안쪽으로 무너지는 것
발끝 방향으로 무릎을 보내세요. 안쪽으로 모이면 바로 중량을 낮춥니다.
❌ 하부 범위에서 요추가 뜨거나 골반이 말리는 것
깊이보다 골반 고정이 먼저입니다. 허리가 뜨면 범위를 줄이세요.
❌ 무릎을 강하게 잠그며 튕기는 것
자세가 무너지면 깊이·무게를 줄이세요.

---

💡 MACHINE FIT PRO TIP
🔥 Select 라인(C105 Leg Extension)은 스택 핀 위치가 곧 시작 난이도입니다. 시트부터 맞춘 뒤 핀을 고르고, 첫 세트에서 궤적이 어깨·관절에 맞는지 확인하세요.

---

🎯 MACHINE FIT CHECK
🟢 시트/패드 → 골반 고정
🟢 발 → 발판 중앙·방향 정렬
🟢 무릎 → 발끝 방향
🟢 복귀 → 2~3초 통제

### 🔥 이것만 기억하세요

""발 전체로 밀고, 골반은 끝까지 안정적으로.""","🏋️ ATLANTIS — C105 Leg Extension · Precision Series

🎯 ONE KEY CUE
🔥 ""Extend the knees and fully squeeze the quads""

Atlantis C105 Leg Extension은 셀렉터라이즈드 레그 익스텐션입니다 Lean into the selectorized stack design. Do not chase load until the setup feels locked in.

---

⚙️ ① Setup
🪑 Seat / pads
Set the seat/back pad first. Your start depth is where the pelvis stays planted and the low back does not peel up.
🦶 Feet
Center the feet. If placement is too high or low, the pelvis lifts first.
⚙️ Adjustments
Check 등판, 발목 패드, ROM 핀, 스택.

---

💪 ② Start position
Plant the pelvis and feel the whole foot on the platform. Align knees with toes.
Check only this:
👉 Pelvis not curling under

---

🔥 ③ Execution
Do not kick the platform. Drive it away through the whole foot and let the knees track the toes.
Bend, press through the mid-foot, and return without bouncing the knees.

---

💥 ④ Peak contraction
Stop just short of hard lockout where quads/glutes still own the load.
⏱️ 1-second STOP
Own that position for one second. This is not where you dump the weight.

---

🐌 ⑤ Controlled return
Do not dump the load.
Take 2–3 seconds on the way back.
Reverse before the pelvis curls under.

---

❌ Common mistakes
❌ Knees collapsing inward
Drive knees with the toes. Reduce load immediately if they cave.
❌ Pelvis curling / low back peeling at the bottom
Own pelvis position before depth.
❌ Snapping into a hard knee lockout
If position breaks, cut the load.

---

💡 MACHINE FIT PRO TIP
🔥 On Select (C105 Leg Extension), the pin is your difficulty. Fit the seat first, choose the pin second, and confirm the path on set one.

---

🎯 MACHINE FIT CHECK
🟢 Seat/pad → pelvis planted
🟢 Feet → centered and aligned
🟢 Knees → track toes
🟢 Return → 2–3 sec control

### 🔥 Remember this

""Whole-foot drive, pelvis stays honest."""
ATLANTIS,시티드 레그 컬,Seated Leg Curl,C108 Seated Leg Curl,VERIFIED,Atlantis Strength,Precision Series,https://atlantisstrength.com/app/uploads/2024/08/atlantis_catalog_strength_july-2024.pdf,Atlantis C108 Seated Leg Curl은 시티드 레그 컬입니다,"시트 깊이, 허벅지 고정, 발목 롤러, 스택","🏋️ ATLANTIS — C108 Seated Leg Curl · Precision Series

🎯 ONE KEY CUE
🔥 ""허벅지 패드를 밀착하고 발뒤꿈치로 컬""

Atlantis C108 Seated Leg Curl은 시티드 레그 컬. 아틀란티스 Plate Loaded(P)·Selectorized 궤적을 그대로 타는 게 핵심입니다. 처음부터 무게 올리지 말고, 세팅부터 잡으세요.

---

⚙️ ① 기구 세팅
🪑 좌석 / 패드
시트 깊이부터 맞추세요. 밀었을 때 골반이 말리거나 허리가 뜨지 않는 깊이가 시작점입니다.
🦶 발 위치
발판 중앙에 발을 두고, 무릎이 발끝 방향으로 가게 맞추세요. 너무 높거나 낮으면 골반이 먼저 뜹니다.
⚙️ 조절 포인트
시트 깊이, 허벅지 고정, 발목 롤러, 스택을 확인하세요.

---

💪 ② 시작 자세
골반을 시트/패드에 붙이고 발 전체로 발판을 느낍니다. 무릎·발끝 방향을 맞춥니다.
이 자세에서 이것만 확인하세요.
👉 골반이 말리지 않는 깊이인지

---

🔥 ③ 운동 방법
앉은 자세에서 무릎을 굽혀 당겼다 신장.
발판을 “발로 차듯” 밀지 말고, 발 전체로 멀리 보낸다는 느낌으로 밀어요. 무릎은 발끝 방향을 따라갑니다.

---

💥 ④ 최고 수축
무릎을 완전히 잠그기 직전, 허벅지·둔근이 일을 받는 지점에서 멈춥니다.
⏱️ 1초 STOP
튕기지 말고 그 지점에서 1초만 소유하세요. 무게를 놓는 순간이 아닙니다.

---

🐌 ⑤ 천천히 돌아오기
중량을 그냥 놓지 마세요.
2~3초 동안 통제하면서 복귀합니다.
내려올 때 골반이 말리는 깊이 직전에서 방향을 바꾸세요.

---

❌ 흔한 실수
❌ 상체를 앞으로 숙이며 반동을 쓰는
템포를 늦추고 같은 궤적만 반복하세요.
❌ 무릎이 안쪽으로 무너지는 것
발끝 방향으로 무릎을 보내세요. 안쪽으로 모이면 바로 중량을 낮춥니다.
❌ 하부 범위에서 요추가 뜨거나 골반이 말리는 것
깊이보다 골반 고정이 먼저입니다. 허리가 뜨면 범위를 줄이세요.
❌ 무릎을 강하게 잠그며 튕기는 것
자세가 무너지면 깊이·무게를 줄이세요.

---

💡 MACHINE FIT PRO TIP
🔥 C108 Seated Leg Curl의 가이드 궤적을 이용하세요. 첫 2세트는 천천히, 대칭이 확인된 뒤에만 무게를 올립니다.

---

🎯 MACHINE FIT CHECK
🟢 시트/패드 → 골반 고정
🟢 발 → 발판 중앙·방향 정렬
🟢 무릎 → 발끝 방향
🟢 복귀 → 2~3초 통제

### 🔥 이것만 기억하세요

""발 전체로 밀고, 골반은 끝까지 안정적으로.""","🏋️ ATLANTIS — C108 Seated Leg Curl · Precision Series

🎯 ONE KEY CUE
🔥 ""Clamp the thigh pad and curl with the heels""

Atlantis C108 Seated Leg Curl은 시티드 레그 컬입니다 Ride the Atlantis Plate Loaded (P) / Selectorized path instead of fighting it. Do not chase load until the setup feels locked in.

---

⚙️ ① Setup
🪑 Seat / pads
Set the seat/back pad first. Your start depth is where the pelvis stays planted and the low back does not peel up.
🦶 Feet
Center the feet. If placement is too high or low, the pelvis lifts first.
⚙️ Adjustments
Check 시트 깊이, 허벅지 고정, 발목 롤러, 스택.

---

💪 ② Start position
Plant the pelvis and feel the whole foot on the platform. Align knees with toes.
Check only this:
👉 Pelvis not curling under

---

🔥 ③ Execution
Do not kick the platform. Drive it away through the whole foot and let the knees track the toes.
Bend, press through the mid-foot, and return without bouncing the knees.

---

💥 ④ Peak contraction
Stop just short of hard lockout where quads/glutes still own the load.
⏱️ 1-second STOP
Own that position for one second. This is not where you dump the weight.

---

🐌 ⑤ Controlled return
Do not dump the load.
Take 2–3 seconds on the way back.
Reverse before the pelvis curls under.

---

❌ Common mistakes
❌ Knees collapsing inward
Drive knees with the toes. Reduce load immediately if they cave.
❌ Pelvis curling / low back peeling at the bottom
Own pelvis position before depth.
❌ Snapping into a hard knee lockout
If position breaks, cut the load.

---

💡 MACHINE FIT PRO TIP
🔥 Use the guided path on C108 Seated Leg Curl. Slow the first two sets, confirm symmetry, then add load.

---

🎯 MACHINE FIT CHECK
🟢 Seat/pad → pelvis planted
🟢 Feet → centered and aligned
🟢 Knees → track toes
🟢 Return → 2–3 sec control

### 🔥 Remember this

""Whole-foot drive, pelvis stays honest."""
ATLANTIS,라잉 레그 컬,Lying Leg Curl,C106 Lying Leg Curl,VERIFIED,Atlantis Strength,Precision Series,https://atlantisstrength.com/app/uploads/2024/08/atlantis_catalog_strength_july-2024.pdf,Atlantis C106 Lying Leg Curl은 라잉 레그 컬입니다,"고관절 패드, 발목 롤러, 스택","🏋️ ATLANTIS — C106 Lying Leg Curl · Precision Series

🎯 ONE KEY CUE
🔥 ""골반을 패드에 붙인 채 발뒤꿈치를 엉덩이로""

Atlantis C106 Lying Leg Curl은 라잉 레그 컬. 아틀란티스 Plate Loaded(P)·Selectorized 궤적을 그대로 타는 게 핵심입니다. 처음부터 무게 올리지 말고, 세팅부터 잡으세요.

---

⚙️ ① 기구 세팅
🪑 좌석 / 패드
시트·백패드를 먼저 맞추세요. 밀었을 때 골반이 말리거나 허리가 뜨지 않는 깊이가 시작점입니다.
🦶 발 위치
발판 중앙에 발을 두고, 무릎이 발끝 방향으로 가게 맞추세요. 너무 높거나 낮으면 골반이 먼저 뜹니다.
⚙️ 조절 포인트
고관절 패드, 발목 롤러, 스택을 확인하세요.

---

💪 ② 시작 자세
골반을 시트/패드에 붙이고 발 전체로 발판을 느낍니다. 무릎·발끝 방향을 맞춥니다.
이 자세에서 이것만 확인하세요.
👉 골반이 말리지 않는 깊이인지

---

🔥 ③ 운동 방법
엎드린 채 무릎을 굽혀 올렸다 천천히 펴기.
발판을 “발로 차듯” 밀지 말고, 발 전체로 멀리 보낸다는 느낌으로 밀어요. 무릎은 발끝 방향을 따라갑니다.

---

💥 ④ 최고 수축
무릎을 완전히 잠그기 직전, 허벅지·둔근이 일을 받는 지점에서 멈춥니다.
⏱️ 1초 STOP
튕기지 말고 그 지점에서 1초만 소유하세요. 무게를 놓는 순간이 아닙니다.

---

🐌 ⑤ 천천히 돌아오기
중량을 그냥 놓지 마세요.
2~3초 동안 통제하면서 복귀합니다.
내려올 때 골반이 말리는 깊이 직전에서 방향을 바꾸세요.

---

❌ 흔한 실수
❌ 엉덩이를 들어 요추로 들어올리는
깊이보다 골반 고정이 먼저입니다. 허리가 뜨면 범위를 줄이세요.
❌ 무릎이 안쪽으로 무너지는 것
발끝 방향으로 무릎을 보내세요. 안쪽으로 모이면 바로 중량을 낮춥니다.
❌ 하부 범위에서 요추가 뜨거나 골반이 말리는 것
깊이보다 골반 고정이 먼저입니다. 허리가 뜨면 범위를 줄이세요.
❌ 무릎을 강하게 잠그며 튕기는 것
자세가 무너지면 깊이·무게를 줄이세요.

---

💡 MACHINE FIT PRO TIP
🔥 C106 Lying Leg Curl의 가이드 궤적을 이용하세요. 첫 2세트는 천천히, 대칭이 확인된 뒤에만 무게를 올립니다.

---

🎯 MACHINE FIT CHECK
🟢 시트/패드 → 골반 고정
🟢 발 → 발판 중앙·방향 정렬
🟢 무릎 → 발끝 방향
🟢 복귀 → 2~3초 통제

### 🔥 이것만 기억하세요

""발 전체로 밀고, 골반은 끝까지 안정적으로.""","🏋️ ATLANTIS — C106 Lying Leg Curl · Precision Series

🎯 ONE KEY CUE
🔥 ""Keep hips glued down and curl heels to glutes""

Atlantis C106 Lying Leg Curl은 라잉 레그 컬입니다 Ride the Atlantis Plate Loaded (P) / Selectorized path instead of fighting it. Do not chase load until the setup feels locked in.

---

⚙️ ① Setup
🪑 Seat / pads
Set the seat/back pad first. Your start depth is where the pelvis stays planted and the low back does not peel up.
🦶 Feet
Center the feet. If placement is too high or low, the pelvis lifts first.
⚙️ Adjustments
Check 고관절 패드, 발목 롤러, 스택.

---

💪 ② Start position
Plant the pelvis and feel the whole foot on the platform. Align knees with toes.
Check only this:
👉 Pelvis not curling under

---

🔥 ③ Execution
Do not kick the platform. Drive it away through the whole foot and let the knees track the toes.
Bend, press through the mid-foot, and return without bouncing the knees.

---

💥 ④ Peak contraction
Stop just short of hard lockout where quads/glutes still own the load.
⏱️ 1-second STOP
Own that position for one second. This is not where you dump the weight.

---

🐌 ⑤ Controlled return
Do not dump the load.
Take 2–3 seconds on the way back.
Reverse before the pelvis curls under.

---

❌ Common mistakes
❌ Knees collapsing inward
Drive knees with the toes. Reduce load immediately if they cave.
❌ Pelvis curling / low back peeling at the bottom
Own pelvis position before depth.
❌ Snapping into a hard knee lockout
If position breaks, cut the load.

---

💡 MACHINE FIT PRO TIP
🔥 Use the guided path on C106 Lying Leg Curl. Slow the first two sets, confirm symmetry, then add load.

---

🎯 MACHINE FIT CHECK
🟢 Seat/pad → pelvis planted
🟢 Feet → centered and aligned
🟢 Knees → track toes
🟢 Return → 2–3 sec control

### 🔥 Remember this

""Whole-foot drive, pelvis stays honest."""
ATLANTIS,스탠딩 레그 컬,Standing Leg Curl,C108 Seated Leg Curl,PARTIALLY_VERIFIED,Atlantis Strength,Precision Series,https://atlantisstrength.com/app/uploads/2024/08/atlantis_catalog_strength_july-2024.pdf,Atlantis C108 Seated Leg Curl이 기본 레그 컬 라인 (카탈로그 '레그 컬' → 카테고리 '스탠딩 레그 컬' 매핑),"시트, 허벅지 패드, 발목 롤러, 스택","🏋️ ATLANTIS — C108 Seated Leg Curl · Precision Series

🎯 ONE KEY CUE
🔥 ""골반을 고정하고 발뒤꿈치로 당기기""

Atlantis C108 Seated Leg Curl이 기본 레그 컬 라인 (카탈로그 '레그 컬' → 카테고리 '스탠딩 레그 컬' 매핑). 아틀란티스 Plate Loaded(P)·Selectorized 궤적을 그대로 타는 게 핵심입니다. 처음부터 무게 올리지 말고, 세팅부터 잡으세요.

---

⚙️ ① 기구 세팅
🪑 좌석 / 패드
시트부터 맞추세요. 밀었을 때 골반이 말리거나 허리가 뜨지 않는 깊이가 시작점입니다.
🦶 발 위치
발판 중앙에 발을 두고, 무릎이 발끝 방향으로 가게 맞추세요. 너무 높거나 낮으면 골반이 먼저 뜹니다.
⚙️ 조절 포인트
시트, 허벅지 패드, 발목 롤러, 스택을 확인하세요.
이 카테고리는 공식 명칭이 겹칠 수 있으니, 헬스장 기구의 실제 레버·패드 배치를 우선하세요.

---

💪 ② 시작 자세
골반을 시트/패드에 붙이고 발 전체로 발판을 느낍니다. 무릎·발끝 방향을 맞춥니다.
이 자세에서 이것만 확인하세요.
👉 골반이 말리지 않는 깊이인지

---

🔥 ③ 운동 방법
무릎을 굽혀 롤러를 당겼다 제어 신장.
발판을 “발로 차듯” 밀지 말고, 발 전체로 멀리 보낸다는 느낌으로 밀어요. 무릎은 발끝 방향을 따라갑니다.

---

💥 ④ 최고 수축
무릎을 완전히 잠그기 직전, 허벅지·둔근이 일을 받는 지점에서 멈춥니다.
⏱️ 1초 STOP
튕기지 말고 그 지점에서 1초만 소유하세요. 무게를 놓는 순간이 아닙니다.

---

🐌 ⑤ 천천히 돌아오기
중량을 그냥 놓지 마세요.
2~3초 동안 통제하면서 복귀합니다.
내려올 때 골반이 말리는 깊이 직전에서 방향을 바꾸세요.

---

❌ 흔한 실수
❌ 허리를 들썩이며 반동으로 당기는
템포를 늦추고 같은 궤적만 반복하세요.
❌ 무릎이 안쪽으로 무너지는 것
발끝 방향으로 무릎을 보내세요. 안쪽으로 모이면 바로 중량을 낮춥니다.
❌ 하부 범위에서 요추가 뜨거나 골반이 말리는 것
깊이보다 골반 고정이 먼저입니다. 허리가 뜨면 범위를 줄이세요.
❌ 무릎을 강하게 잠그며 튕기는 것
자세가 무너지면 깊이·무게를 줄이세요.

---

💡 MACHINE FIT PRO TIP
🔥 C108 Seated Leg Curl의 가이드 궤적을 이용하세요. 첫 2세트는 천천히, 대칭이 확인된 뒤에만 무게를 올립니다.

---

🎯 MACHINE FIT CHECK
🟢 시트/패드 → 골반 고정
🟢 발 → 발판 중앙·방향 정렬
🟢 무릎 → 발끝 방향
🟢 복귀 → 2~3초 통제

### 🔥 이것만 기억하세요

""발 전체로 밀고, 골반은 끝까지 안정적으로.""","🏋️ ATLANTIS — C108 Seated Leg Curl · Precision Series

🎯 ONE KEY CUE
🔥 ""Lock the hips and curl with the heels""

Atlantis C108 Seated Leg Curl이 기본 레그 컬 라인 (카탈로그 '레그 컬' → 카테고리 '스탠딩 레그 컬' 매핑) Ride the Atlantis Plate Loaded (P) / Selectorized path instead of fighting it. Do not chase load until the setup feels locked in.

---

⚙️ ① Setup
🪑 Seat / pads
Set the seat/back pad first. Your start depth is where the pelvis stays planted and the low back does not peel up.
🦶 Feet
Center the feet. If placement is too high or low, the pelvis lifts first.
⚙️ Adjustments
Check 시트, 허벅지 패드, 발목 롤러, 스택.
Naming can overlap in this category — trust the levers and pads on the unit in front of you.

---

💪 ② Start position
Plant the pelvis and feel the whole foot on the platform. Align knees with toes.
Check only this:
👉 Pelvis not curling under

---

🔥 ③ Execution
Do not kick the platform. Drive it away through the whole foot and let the knees track the toes.
Bend, press through the mid-foot, and return without bouncing the knees.

---

💥 ④ Peak contraction
Stop just short of hard lockout where quads/glutes still own the load.
⏱️ 1-second STOP
Own that position for one second. This is not where you dump the weight.

---

🐌 ⑤ Controlled return
Do not dump the load.
Take 2–3 seconds on the way back.
Reverse before the pelvis curls under.

---

❌ Common mistakes
❌ Knees collapsing inward
Drive knees with the toes. Reduce load immediately if they cave.
❌ Pelvis curling / low back peeling at the bottom
Own pelvis position before depth.
❌ Snapping into a hard knee lockout
If position breaks, cut the load.

---

💡 MACHINE FIT PRO TIP
🔥 Use the guided path on C108 Seated Leg Curl. Slow the first two sets, confirm symmetry, then add load.

---

🎯 MACHINE FIT CHECK
🟢 Seat/pad → pelvis planted
🟢 Feet → centered and aligned
🟢 Knees → track toes
🟢 Return → 2–3 sec control

### 🔥 Remember this

""Whole-foot drive, pelvis stays honest."""
ATLANTIS,싱글 레그 컬,Single Leg Curl,C108 Seated Leg Curl,PARTIALLY_VERIFIED,Atlantis Strength,Precision Series,https://atlantisstrength.com/app/uploads/2024/08/atlantis_catalog_strength_july-2024.pdf,Atlantis C108 Seated Leg Curl은 시티드 레그 컬 (단측 레그 컬 패턴 매핑),"시트 깊이, 허벅지 고정, 발목 롤러, 스택","🏋️ ATLANTIS — C108 Seated Leg Curl · Precision Series

🎯 ONE KEY CUE
🔥 ""허벅지 패드를 밀착하고 발뒤꿈치로 컬""

Atlantis C108 Seated Leg Curl은 시티드 레그 컬 (단측 레그 컬 패턴 매핑). 아틀란티스 Plate Loaded(P)·Selectorized 궤적을 그대로 타는 게 핵심입니다. 처음부터 무게 올리지 말고, 세팅부터 잡으세요.

---

⚙️ ① 기구 세팅
🪑 좌석 / 패드
시트 깊이부터 맞추세요. 밀었을 때 골반이 말리거나 허리가 뜨지 않는 깊이가 시작점입니다.
🦶 발 위치
발판 중앙에 발을 두고, 무릎이 발끝 방향으로 가게 맞추세요. 너무 높거나 낮으면 골반이 먼저 뜹니다.
⚙️ 조절 포인트
시트 깊이, 허벅지 고정, 발목 롤러, 스택을 확인하세요.
이 카테고리는 공식 명칭이 겹칠 수 있으니, 헬스장 기구의 실제 레버·패드 배치를 우선하세요.

---

💪 ② 시작 자세
골반을 시트/패드에 붙이고 발 전체로 발판을 느낍니다. 무릎·발끝 방향을 맞춥니다.
이 자세에서 이것만 확인하세요.
👉 골반이 말리지 않는 깊이인지

---

🔥 ③ 운동 방법
앉은 자세에서 무릎을 굽혀 당겼다 신장.
발판을 “발로 차듯” 밀지 말고, 발 전체로 멀리 보낸다는 느낌으로 밀어요. 무릎은 발끝 방향을 따라갑니다.

---

💥 ④ 최고 수축
무릎을 완전히 잠그기 직전, 허벅지·둔근이 일을 받는 지점에서 멈춥니다.
⏱️ 1초 STOP
튕기지 말고 그 지점에서 1초만 소유하세요. 무게를 놓는 순간이 아닙니다.

---

🐌 ⑤ 천천히 돌아오기
중량을 그냥 놓지 마세요.
2~3초 동안 통제하면서 복귀합니다.
내려올 때 골반이 말리는 깊이 직전에서 방향을 바꾸세요.

---

❌ 흔한 실수
❌ 상체를 앞으로 숙이며 반동을 쓰는
템포를 늦추고 같은 궤적만 반복하세요.
❌ 무릎이 안쪽으로 무너지는 것
발끝 방향으로 무릎을 보내세요. 안쪽으로 모이면 바로 중량을 낮춥니다.
❌ 하부 범위에서 요추가 뜨거나 골반이 말리는 것
깊이보다 골반 고정이 먼저입니다. 허리가 뜨면 범위를 줄이세요.
❌ 무릎을 강하게 잠그며 튕기는 것
자세가 무너지면 깊이·무게를 줄이세요.

---

💡 MACHINE FIT PRO TIP
🔥 C108 Seated Leg Curl의 가이드 궤적을 이용하세요. 첫 2세트는 천천히, 대칭이 확인된 뒤에만 무게를 올립니다.

---

🎯 MACHINE FIT CHECK
🟢 시트/패드 → 골반 고정
🟢 발 → 발판 중앙·방향 정렬
🟢 무릎 → 발끝 방향
🟢 복귀 → 2~3초 통제

### 🔥 이것만 기억하세요

""발 전체로 밀고, 골반은 끝까지 안정적으로.""","🏋️ ATLANTIS — C108 Seated Leg Curl · Precision Series

🎯 ONE KEY CUE
🔥 ""Clamp the thigh pad and curl with the heels""

Atlantis C108 Seated Leg Curl은 시티드 레그 컬 (단측 레그 컬 패턴 매핑) Ride the Atlantis Plate Loaded (P) / Selectorized path instead of fighting it. Do not chase load until the setup feels locked in.

---

⚙️ ① Setup
🪑 Seat / pads
Set the seat/back pad first. Your start depth is where the pelvis stays planted and the low back does not peel up.
🦶 Feet
Center the feet. If placement is too high or low, the pelvis lifts first.
⚙️ Adjustments
Check 시트 깊이, 허벅지 고정, 발목 롤러, 스택.
Naming can overlap in this category — trust the levers and pads on the unit in front of you.

---

💪 ② Start position
Plant the pelvis and feel the whole foot on the platform. Align knees with toes.
Check only this:
👉 Pelvis not curling under

---

🔥 ③ Execution
Do not kick the platform. Drive it away through the whole foot and let the knees track the toes.
Bend, press through the mid-foot, and return without bouncing the knees.

---

💥 ④ Peak contraction
Stop just short of hard lockout where quads/glutes still own the load.
⏱️ 1-second STOP
Own that position for one second. This is not where you dump the weight.

---

🐌 ⑤ Controlled return
Do not dump the load.
Take 2–3 seconds on the way back.
Reverse before the pelvis curls under.

---

❌ Common mistakes
❌ Knees collapsing inward
Drive knees with the toes. Reduce load immediately if they cave.
❌ Pelvis curling / low back peeling at the bottom
Own pelvis position before depth.
❌ Snapping into a hard knee lockout
If position breaks, cut the load.

---

💡 MACHINE FIT PRO TIP
🔥 Use the guided path on C108 Seated Leg Curl. Slow the first two sets, confirm symmetry, then add load.

---

🎯 MACHINE FIT CHECK
🟢 Seat/pad → pelvis planted
🟢 Feet → centered and aligned
🟢 Knees → track toes
🟢 Return → 2–3 sec control

### 🔥 Remember this

""Whole-foot drive, pelvis stays honest."""
ATLANTIS,힙 쓰러스트,Hip Thrust,PW702 Hip Thruster Pro / PW602 Hip Thruster,PARTIALLY_VERIFIED,Atlantis Strength,Pro / Power Series,https://atlantisstrength.com/gym-equipment/hip-exercise-machines,Atlantis PW702·PW602 Hip Thruster는 플레이트로드 힙 쓰러스트 (카탈로그 '힙 쓰러스트 머신' → 카테고리 '힙 쓰러스트' 매핑),"힙 롤러 위치, 발판, 밴드 페그, 플레이트","🏋️ ATLANTIS — PW702 Hip Thruster Pro / PW602 Hip Thruster · Pro / Power Series

🎯 ONE KEY CUE
🔥 ""턱을 들고 둔근으로 골반을 위로 밀어 올리기""

Atlantis PW702·PW602 Hip Thruster는 플레이트로드 힙 쓰러스트 (카탈로그 '힙 쓰러스트 머신' → 카테고리 '힙 쓰러스트' 매핑). 플레이트 로딩 · Atlantis plate/selector 구조입니다. 처음부터 무게 올리지 말고, 세팅부터 잡으세요.

---

⚙️ ① 기구 세팅
🦶 발 위치
지지하는 발을 먼저 고정하세요. 흔들리면 중량을 낮춥니다.
⚙️ 조절 포인트
힙 롤러 위치, 발판, 밴드 페그, 플레이트를 확인하세요. 양쪽 플레이트를 동일하게 맞추고, 한쪽만 먼저 올리지 마세요.
이 카테고리는 공식 명칭이 겹칠 수 있으니, 헬스장 기구의 실제 레버·패드 배치를 우선하세요.

---

💪 ② 시작 자세
골반 위치를 먼저 고정합니다. 허리로 높이 만들 준비를 하지 마세요.
이 자세에서 이것만 확인하세요.
👉 허리가 아니라 엉덩이가 일을 받을 준비인지

---

🔥 ③ 운동 방법
엉덩이를 내려 두었다가 위로 밀어 수축.
허리로 높이를 만들지 말고 골반·엉덩이로 밀어 마무리하세요.

---

💥 ④ 최고 수축
목표 근육이 가장 조여지는 끝 지점에서 멈춥니다.
⏱️ 1초 STOP
튕기지 말고 그 지점에서 1초만 소유하세요. 무게를 놓는 순간이 아닙니다.

---

🐌 ⑤ 천천히 돌아오기
중량을 그냥 놓지 마세요.
2~3초 동안 통제하면서 복귀합니다.
시작 자세로 돌아갈 때도 같은 궤적을 유지하세요.

---

❌ 흔한 실수
❌ 과신전으로 허리를 꺾는
자세가 무너지면 무게를 낮추세요.
❌ 허리로 높이 만드는 것
자세가 무너지면 무게를 낮추세요.
❌ 골반이 돌아가며 한쪽만 미는 것
약한 쪽 속도에 강한 쪽을 맞추세요.
❌ 반동으로 올리는 것
템포를 늦추고 같은 궤적만 반복하세요.
❌ 양쪽 플레이트 무게를 다르게 올리는 것
양쪽을 맞춘 뒤 가벼운 세트로 좌우를 확인하세요.

---

💡 MACHINE FIT PRO TIP
🔥 PW702 Hip Thruster Pro / PW602 Hip Thruster은 플레이트 로딩입니다. 좌우 원판을 동일하게 맞추고, 첫 세트는 궤적·좌우 대칭만 확인한 다음 무게를 올리세요.

---

🎯 MACHINE FIT CHECK
🟢 발 → 발판 중앙·방향 정렬
🟢 원판 → 좌우 동일
🟢 복귀 → 2~3초 통제

### 🔥 이것만 기억하세요

""턱을 들고 둔근으로 골반을 위로 밀어 올리기. 끝에서 1초, 복귀는 통제.""","🏋️ ATLANTIS — PW702 Hip Thruster Pro / PW602 Hip Thruster · Pro / Power Series

🎯 ONE KEY CUE
🔥 ""Chin soft-up and drive the hips up with the glutes""

Atlantis PW702·PW602 Hip Thruster는 플레이트로드 힙 쓰러스트 (카탈로그 '힙 쓰러스트 머신' → 카테고리 '힙 쓰러스트' 매핑) Lean into the plate-loaded / Atlantis plate/selector design. Do not chase load until the setup feels locked in.

---

⚙️ ① Setup
🦶 Feet
Lock in the support foot before you move. Reduce load if you wobble.
⚙️ Adjustments
Check 힙 롤러 위치, 발판, 밴드 페그, 플레이트. Match plates on both sides — do not load one arm first.
Naming can overlap in this category — trust the levers and pads on the unit in front of you.

---

💪 ② Start position
Set the pelvis first. Do not plan to create height with the lower back.
Check only this:
👉 Glutes ready to drive, not the lumbar spine

---

🔥 ③ Execution
Finish with the hips/glutes — do not manufacture height with the lumbar spine.
Drive the hips, squeeze, then lower without lumbar snap.

---

💥 ④ Peak contraction
Stop where the target muscle is most shortened.
⏱️ 1-second STOP
Own that position for one second. This is not where you dump the weight.

---

🐌 ⑤ Controlled return
Do not dump the load.
Take 2–3 seconds on the way back.
Return on the same path you pressed or pulled.

---

❌ Common mistakes
❌ Creating height with the lumbar spine
If position breaks, cut the load.
❌ Rotating the pelvis and favoring one side
If position breaks, cut the load.
❌ Bouncing the lockout
Slow the tempo and repeat one clean path.
❌ Loading unequal plates
Match both sides, then confirm with a light set.

---

💡 MACHINE FIT PRO TIP
🔥 PW702 Hip Thruster Pro / PW602 Hip Thruster is plate-loaded. Match plates, confirm path and left-right symmetry on set one, then add load.

---

🎯 MACHINE FIT CHECK
🟢 Feet → centered and aligned
🟢 Plates → matched
🟢 Return → 2–3 sec control

### 🔥 Remember this

""Chin soft-up and drive the hips up with the glutes. One-second peak, controlled return."""
ATLANTIS,글루트 드라이브,Glute Drive,D227 Glute & Ham Developer / PW322 Assisted Glute and Ham Developer,PARTIALLY_VERIFIED,Atlantis Strength,Precision / Power Series,https://atlantisstrength.com/app/uploads/2024/08/atlantis_catalog_strength_july-2024.pdf,Atlantis D227·PW322는 GHD(어시스트 포함) (카탈로그 '글루트 햄 레이즈' → 카테고리 '글루트 드라이브' 매핑),"발목 롤러, 고관절 패드, 어시스트(PW322)","🏋️ ATLANTIS — D227 Glute & Ham Developer / PW322 Assisted Glute and Ham Developer · Precision / Power Series

🎯 ONE KEY CUE
🔥 ""햄스트링으로 몸을 펴 올리며 골반 중립""

Atlantis D227·PW322는 GHD(어시스트 포함) (카탈로그 '글루트 햄 레이즈' → 카테고리 '글루트 드라이브' 매핑). Atlantis plate/selector 구조입니다. 처음부터 무게 올리지 말고, 세팅부터 잡으세요.

---

⚙️ ① 기구 세팅
🪑 좌석 / 패드
시트·백패드를 먼저 맞추세요. 밀었을 때 골반이 말리거나 허리가 뜨지 않는 깊이가 시작점입니다.
🦶 발 위치
지지하는 발을 먼저 고정하세요. 흔들리면 중량을 낮춥니다.
⚙️ 조절 포인트
발목 롤러, 고관절 패드, 어시스트(PW322)를 확인하세요.
이 카테고리는 공식 명칭이 겹칠 수 있으니, 헬스장 기구의 실제 레버·패드 배치를 우선하세요.

---

💪 ② 시작 자세
골반 위치를 먼저 고정합니다. 허리로 높이 만들 준비를 하지 마세요.
이 자세에서 이것만 확인하세요.
👉 허리가 아니라 엉덩이가 일을 받을 준비인지

---

🔥 ③ 운동 방법
무릎을 펴며 상체를 올린 뒤 제어 하강.
허리로 높이를 만들지 말고 골반·엉덩이로 밀어 마무리하세요.

---

💥 ④ 최고 수축
목표 근육이 가장 조여지는 끝 지점에서 멈춥니다.
⏱️ 1초 STOP
튕기지 말고 그 지점에서 1초만 소유하세요. 무게를 놓는 순간이 아닙니다.

---

🐌 ⑤ 천천히 돌아오기
중량을 그냥 놓지 마세요.
2~3초 동안 통제하면서 복귀합니다.
시작 자세로 돌아갈 때도 같은 궤적을 유지하세요.

---

❌ 흔한 실수
❌ 허리만 꺾어 올라오는
자세가 무너지면 무게를 낮추세요.
❌ 허리로 높이 만드는 것
자세가 무너지면 무게를 낮추세요.
❌ 골반이 돌아가며 한쪽만 미는 것
약한 쪽 속도에 강한 쪽을 맞추세요.
❌ 반동으로 올리는 것
템포를 늦추고 같은 궤적만 반복하세요.

---

💡 MACHINE FIT PRO TIP
🔥 D227 Glute & Ham Developer / PW322 Assisted Glute and Ham Developer의 가이드 궤적을 이용하세요. 첫 2세트는 천천히, 대칭이 확인된 뒤에만 무게를 올립니다.

---

🎯 MACHINE FIT CHECK
🟢 발 → 발판 중앙·방향 정렬
🟢 어깨 → 으쓱하지 않기
🟢 복귀 → 2~3초 통제

### 🔥 이것만 기억하세요

""햄스트링으로 몸을 펴 올리며 골반 중립. 끝에서 1초, 복귀는 통제.""","🏋️ ATLANTIS — D227 Glute & Ham Developer / PW322 Assisted Glute and Ham Developer · Precision / Power Series

🎯 ONE KEY CUE
🔥 ""Drive up with the hamstrings and keep a neutral pelvis""

Atlantis D227·PW322는 GHD(어시스트 포함) (카탈로그 '글루트 햄 레이즈' → 카테고리 '글루트 드라이브' 매핑) Lean into the Atlantis plate/selector design. Do not chase load until the setup feels locked in.

---

⚙️ ① Setup
🪑 Seat / pads
Set the seat/back pad first. Your start depth is where the pelvis stays planted and the low back does not peel up.
🦶 Feet
Lock in the support foot before you move. Reduce load if you wobble.
⚙️ Adjustments
Check 발목 롤러, 고관절 패드, 어시스트(PW322).
Naming can overlap in this category — trust the levers and pads on the unit in front of you.

---

💪 ② Start position
Set the pelvis first. Do not plan to create height with the lower back.
Check only this:
👉 Glutes ready to drive, not the lumbar spine

---

🔥 ③ Execution
Finish with the hips/glutes — do not manufacture height with the lumbar spine.
Drive the hips, squeeze, then lower without lumbar snap.

---

💥 ④ Peak contraction
Stop where the target muscle is most shortened.
⏱️ 1-second STOP
Own that position for one second. This is not where you dump the weight.

---

🐌 ⑤ Controlled return
Do not dump the load.
Take 2–3 seconds on the way back.
Return on the same path you pressed or pulled.

---

❌ Common mistakes
❌ Creating height with the lumbar spine
If position breaks, cut the load.
❌ Rotating the pelvis and favoring one side
If position breaks, cut the load.
❌ Bouncing the lockout
Slow the tempo and repeat one clean path.

---

💡 MACHINE FIT PRO TIP
🔥 Use the guided path on D227 Glute & Ham Developer / PW322 Assisted Glute and Ham Developer. Slow the first two sets, confirm symmetry, then add load.

---

🎯 MACHINE FIT CHECK
🟢 Feet → centered and aligned
🟢 Shoulders → not shrugged
🟢 Return → 2–3 sec control

### 🔥 Remember this

""Drive up with the hamstrings and keep a neutral pelvis. One-second peak, controlled return."""
ATLANTIS,글루트 킥백,Glute Kickback,,BRAND_MODEL_NOT_FOUND,Atlantis Strength,,https://atlantisstrength.com/,Atlantis Strength 카탈로그에서 글루트 킥백 전용 SKU를 확인하지 못했습니다,"패드, 가동 범위, 중량","🏋️ ATLANTIS — 글루트 킥백

🎯 ONE KEY CUE
🔥 ""골반을 고정한 채 엉덩이로 뒤로 차기""

아틀란티스 전용 모델이 없는 카테고리입니다. 헬스장에 있는 실제 기구의 패드·레버·안전장치를 먼저 확인한 뒤, 아래 패턴으로 움직이세요.

---

⚙️ ① 기구 세팅
🪑 좌석 / 패드
시트·백패드를 먼저 맞추세요. 밀었을 때 골반이 말리거나 허리가 뜨지 않는 깊이가 시작점입니다.
🦶 발 위치
지지하는 발을 먼저 고정하세요. 흔들리면 중량을 낮춥니다.
⚙️ 조절 포인트
패드, 가동 범위, 중량을 확인하세요.

---

💪 ② 시작 자세
골반 위치를 먼저 고정합니다. 허리로 높이 만들 준비를 하지 마세요.
이 자세에서 이것만 확인하세요.
👉 허리가 아니라 엉덩이가 일을 받을 준비인지

---

🔥 ③ 운동 방법
무릎을 약간 굽힌 채 다리를 뒤로 뻗었다 천천히 복귀.
허리로 높이를 만들지 말고 골반·엉덩이로 밀어 마무리하세요.

---

💥 ④ 최고 수축
목표 근육이 가장 조여지는 끝 지점에서 멈춥니다.
⏱️ 1초 STOP
튕기지 말고 그 지점에서 1초만 소유하세요. 무게를 놓는 순간이 아닙니다.

---

🐌 ⑤ 천천히 돌아오기
중량을 그냥 놓지 마세요.
2~3초 동안 통제하면서 복귀합니다.
시작 자세로 돌아갈 때도 같은 궤적을 유지하세요.

---

❌ 흔한 실수
❌ 허리를 과신전하며 반동으로 차는
템포를 늦추고 같은 궤적만 반복하세요.
❌ 허리로 높이 만드는 것
자세가 무너지면 무게를 낮추세요.
❌ 골반이 돌아가며 한쪽만 미는 것
약한 쪽 속도에 강한 쪽을 맞추세요.
❌ 반동으로 올리는 것
템포를 늦추고 같은 궤적만 반복하세요.

---

💡 MACHINE FIT PRO TIP
🔥 이 항목은 해머 스트렝스 전용 SKU가 없습니다. ""글루트 킥백""로 분류된 실제 기구의 패드·레버·안전장치만 믿고, 가벼운 무게로 5회 리허설 후 본 세트를 시작하세요.

---

🎯 MACHINE FIT CHECK
🟢 발 → 발판 중앙·방향 정렬
🟢 어깨 → 으쓱하지 않기
🟢 복귀 → 2~3초 통제

### 🔥 이것만 기억하세요

""골반을 고정한 채 엉덩이로 뒤로 차기. 끝에서 1초, 복귀는 통제.""","🏋️ ATLANTIS — Glute Kickback

🎯 ONE KEY CUE
🔥 ""Brace the pelvis and kick back with the glute""

There is no dedicated Atlantis SKU for this category. Confirm pads, levers, and safeties on the unit in your gym, then follow the movement pattern below.

---

⚙️ ① Setup
🪑 Seat / pads
Set the seat/back pad first. Your start depth is where the pelvis stays planted and the low back does not peel up.
🦶 Feet
Lock in the support foot before you move. Reduce load if you wobble.
⚙️ Adjustments
Check 패드, 가동 범위, 중량.

---

💪 ② Start position
Set the pelvis first. Do not plan to create height with the lower back.
Check only this:
👉 Glutes ready to drive, not the lumbar spine

---

🔥 ③ Execution
Finish with the hips/glutes — do not manufacture height with the lumbar spine.
Drive the hips, squeeze, then lower without lumbar snap.

---

💥 ④ Peak contraction
Stop where the target muscle is most shortened.
⏱️ 1-second STOP
Own that position for one second. This is not where you dump the weight.

---

🐌 ⑤ Controlled return
Do not dump the load.
Take 2–3 seconds on the way back.
Return on the same path you pressed or pulled.

---

❌ Common mistakes
❌ Creating height with the lumbar spine
If position breaks, cut the load.
❌ Rotating the pelvis and favoring one side
If position breaks, cut the load.
❌ Bouncing the lockout
Slow the tempo and repeat one clean path.

---

💡 MACHINE FIT PRO TIP
🔥 No dedicated Hammer Strength SKU for this slot. Trust the pads/levers/safeties on the unit labeled like ""Glute Kickback"", rehearse five light reps, then start working sets.

---

🎯 MACHINE FIT CHECK
🟢 Feet → centered and aligned
🟢 Shoulders → not shrugged
🟢 Return → 2–3 sec control

### 🔥 Remember this

""Brace the pelvis and kick back with the glute. One-second peak, controlled return."""
ATLANTIS,힙 어브덕션,Hip Abduction,PW429 Glute Abductor / C329 Adductor Abductor Combo,VERIFIED,Atlantis Strength,Power / Precision Series,https://atlantisstrength.com/gym-equipment/plate-loaded-machines,Atlantis PW429 Glute Abductor와 C329 콤보의 외전 모드입니다,"패드 폭, 시작 각도, 스택/플레이트","🏋️ ATLANTIS — PW429 Glute Abductor / C329 Adductor Abductor Combo · Power / Precision Series

🎯 ONE KEY CUE
🔥 ""상체를 고정하고 무릎을 바깥으로 벌리기""

Atlantis PW429 Glute Abductor와 C329 콤보의 외전 모드. Atlantis plate/selector 구조입니다. 처음부터 무게 올리지 말고, 세팅부터 잡으세요.

---

⚙️ ① 기구 세팅
🪑 좌석 / 패드
시트·백패드를 먼저 맞추세요. 밀었을 때 골반이 말리거나 허리가 뜨지 않는 깊이가 시작점입니다.
🦶 발 위치
지지하는 발을 먼저 고정하세요. 흔들리면 중량을 낮춥니다.
⚙️ 조절 포인트
패드 폭, 시작 각도, 스택/플레이트를 확인하세요.

---

💪 ② 시작 자세
골반 위치를 먼저 고정합니다. 허리로 높이 만들 준비를 하지 마세요.
이 자세에서 이것만 확인하세요.
👉 허리가 아니라 엉덩이가 일을 받을 준비인지

---

🔥 ③ 운동 방법
다리를 외전시켰다가 천천히 모으기.
허리로 높이를 만들지 말고 골반·엉덩이로 밀어 마무리하세요.

---

💥 ④ 최고 수축
목표 근육이 가장 조여지는 끝 지점에서 멈춥니다.
⏱️ 1초 STOP
튕기지 말고 그 지점에서 1초만 소유하세요. 무게를 놓는 순간이 아닙니다.

---

🐌 ⑤ 천천히 돌아오기
중량을 그냥 놓지 마세요.
2~3초 동안 통제하면서 복귀합니다.
시작 자세로 돌아갈 때도 같은 궤적을 유지하세요.

---

❌ 흔한 실수
❌ 골반을 뒤로 말며 가동만 늘리는
자세가 무너지면 무게를 낮추세요.
❌ 허리로 높이 만드는 것
자세가 무너지면 무게를 낮추세요.
❌ 골반이 돌아가며 한쪽만 미는 것
약한 쪽 속도에 강한 쪽을 맞추세요.
❌ 반동으로 올리는 것
템포를 늦추고 같은 궤적만 반복하세요.

---

💡 MACHINE FIT PRO TIP
🔥 PW429 Glute Abductor / C329 Adductor Abductor Combo의 가이드 궤적을 이용하세요. 첫 2세트는 천천히, 대칭이 확인된 뒤에만 무게를 올립니다.

---

🎯 MACHINE FIT CHECK
🟢 발 → 발판 중앙·방향 정렬
🟢 어깨 → 으쓱하지 않기
🟢 복귀 → 2~3초 통제

### 🔥 이것만 기억하세요

""상체를 고정하고 무릎을 바깥으로 벌리기. 끝에서 1초, 복귀는 통제.""","🏋️ ATLANTIS — PW429 Glute Abductor / C329 Adductor Abductor Combo · Power / Precision Series

🎯 ONE KEY CUE
🔥 ""Brace the torso and drive the knees outward""

Atlantis PW429 Glute Abductor와 C329 콤보의 외전 모드입니다 Lean into the Atlantis plate/selector design. Do not chase load until the setup feels locked in.

---

⚙️ ① Setup
🪑 Seat / pads
Set the seat/back pad first. Your start depth is where the pelvis stays planted and the low back does not peel up.
🦶 Feet
Lock in the support foot before you move. Reduce load if you wobble.
⚙️ Adjustments
Check 패드 폭, 시작 각도, 스택/플레이트.

---

💪 ② Start position
Set the pelvis first. Do not plan to create height with the lower back.
Check only this:
👉 Glutes ready to drive, not the lumbar spine

---

🔥 ③ Execution
Finish with the hips/glutes — do not manufacture height with the lumbar spine.
Drive the hips, squeeze, then lower without lumbar snap.

---

💥 ④ Peak contraction
Stop where the target muscle is most shortened.
⏱️ 1-second STOP
Own that position for one second. This is not where you dump the weight.

---

🐌 ⑤ Controlled return
Do not dump the load.
Take 2–3 seconds on the way back.
Return on the same path you pressed or pulled.

---

❌ Common mistakes
❌ Creating height with the lumbar spine
If position breaks, cut the load.
❌ Rotating the pelvis and favoring one side
If position breaks, cut the load.
❌ Bouncing the lockout
Slow the tempo and repeat one clean path.

---

💡 MACHINE FIT PRO TIP
🔥 Use the guided path on PW429 Glute Abductor / C329 Adductor Abductor Combo. Slow the first two sets, confirm symmetry, then add load.

---

🎯 MACHINE FIT CHECK
🟢 Feet → centered and aligned
🟢 Shoulders → not shrugged
🟢 Return → 2–3 sec control

### 🔥 Remember this

""Brace the torso and drive the knees outward. One-second peak, controlled return."""
ATLANTIS,힙 어덕션,Hip Adduction,C329 Adductor / Abductor Combo,VERIFIED,Atlantis Strength,Precision Series,https://atlantisstrength.com/app/uploads/2024/08/atlantis_catalog_strength_july-2024.pdf,Atlantis C329 Adductor/Abductor Combo의 내전 모드입니다,"패드 시작 폭, 핀 스택, 내전/외전 전환","🏋️ ATLANTIS — C329 Adductor / Abductor Combo · Precision Series

🎯 ONE KEY CUE
🔥 ""무릎으로 패드를 안쪽으로 모으기""

Atlantis C329 Adductor/Abductor Combo의 내전 모드. 아틀란티스 Plate Loaded(P)·Selectorized 궤적을 그대로 타는 게 핵심입니다. 처음부터 무게 올리지 말고, 세팅부터 잡으세요.

---

⚙️ ① 기구 세팅
🪑 좌석 / 패드
시트·백패드를 먼저 맞추세요. 밀었을 때 골반이 말리거나 허리가 뜨지 않는 깊이가 시작점입니다.
🦶 발 위치
지지하는 발을 먼저 고정하세요. 흔들리면 중량을 낮춥니다.
⚙️ 조절 포인트
패드 시작 폭, 핀 스택, 내전/외전 전환을 확인하세요.

---

💪 ② 시작 자세
골반 위치를 먼저 고정합니다. 허리로 높이 만들 준비를 하지 마세요.
이 자세에서 이것만 확인하세요.
👉 허리가 아니라 엉덩이가 일을 받을 준비인지

---

🔥 ③ 운동 방법
벌어진 다리에서 내전으로 모았다 제어 복귀.
허리로 높이를 만들지 말고 골반·엉덩이로 밀어 마무리하세요.

---

💥 ④ 최고 수축
목표 근육이 가장 조여지는 끝 지점에서 멈춥니다.
⏱️ 1초 STOP
튕기지 말고 그 지점에서 1초만 소유하세요. 무게를 놓는 순간이 아닙니다.

---

🐌 ⑤ 천천히 돌아오기
중량을 그냥 놓지 마세요.
2~3초 동안 통제하면서 복귀합니다.
시작 자세로 돌아갈 때도 같은 궤적을 유지하세요.

---

❌ 흔한 실수
❌ 상체를 숙여 반동으로 모으는
템포를 늦추고 같은 궤적만 반복하세요.
❌ 허리로 높이 만드는 것
자세가 무너지면 무게를 낮추세요.
❌ 골반이 돌아가며 한쪽만 미는 것
약한 쪽 속도에 강한 쪽을 맞추세요.
❌ 반동으로 올리는 것
템포를 늦추고 같은 궤적만 반복하세요.

---

💡 MACHINE FIT PRO TIP
🔥 C329 Adductor / Abductor Combo의 가이드 궤적을 이용하세요. 첫 2세트는 천천히, 대칭이 확인된 뒤에만 무게를 올립니다.

---

🎯 MACHINE FIT CHECK
🟢 발 → 발판 중앙·방향 정렬
🟢 어깨 → 으쓱하지 않기
🟢 복귀 → 2~3초 통제

### 🔥 이것만 기억하세요

""무릎으로 패드를 안쪽으로 모으기. 끝에서 1초, 복귀는 통제.""","🏋️ ATLANTIS — C329 Adductor / Abductor Combo · Precision Series

🎯 ONE KEY CUE
🔥 ""Squeeze the pads inward through the knees""

Atlantis C329 Adductor/Abductor Combo의 내전 모드입니다 Ride the Atlantis Plate Loaded (P) / Selectorized path instead of fighting it. Do not chase load until the setup feels locked in.

---

⚙️ ① Setup
🪑 Seat / pads
Set the seat/back pad first. Your start depth is where the pelvis stays planted and the low back does not peel up.
🦶 Feet
Lock in the support foot before you move. Reduce load if you wobble.
⚙️ Adjustments
Check 패드 시작 폭, 핀 스택, 내전/외전 전환.

---

💪 ② Start position
Set the pelvis first. Do not plan to create height with the lower back.
Check only this:
👉 Glutes ready to drive, not the lumbar spine

---

🔥 ③ Execution
Finish with the hips/glutes — do not manufacture height with the lumbar spine.
Drive the hips, squeeze, then lower without lumbar snap.

---

💥 ④ Peak contraction
Stop where the target muscle is most shortened.
⏱️ 1-second STOP
Own that position for one second. This is not where you dump the weight.

---

🐌 ⑤ Controlled return
Do not dump the load.
Take 2–3 seconds on the way back.
Return on the same path you pressed or pulled.

---

❌ Common mistakes
❌ Creating height with the lumbar spine
If position breaks, cut the load.
❌ Rotating the pelvis and favoring one side
If position breaks, cut the load.
❌ Bouncing the lockout
Slow the tempo and repeat one clean path.

---

💡 MACHINE FIT PRO TIP
🔥 Use the guided path on C329 Adductor / Abductor Combo. Slow the first two sets, confirm symmetry, then add load.

---

🎯 MACHINE FIT CHECK
🟢 Feet → centered and aligned
🟢 Shoulders → not shrugged
🟢 Return → 2–3 sec control

### 🔥 Remember this

""Squeeze the pads inward through the knees. One-second peak, controlled return."""
ATLANTIS,글루트 / 힙 머신,Glute / Hip Machine,C122 Glute Machine,PARTIALLY_VERIFIED,Atlantis Strength,Precision Series,https://atlantisstrength.com/app/uploads/2024/08/atlantis_catalog_strength_july-2024.pdf,Atlantis C122 Glute Machine은 셀렉터라이즈드 글루트 머신 (카탈로그 '글루트 머신' → 카테고리 '글루트 / 힙 머신' 매핑),"흉/고관절 패드, ROM, 핀 스택","🏋️ ATLANTIS — C122 Glute Machine · Precision Series

🎯 ONE KEY CUE
🔥 ""골반을 중립으로 두고 둔근으로 밀어 신전""

Atlantis C122 Glute Machine은 셀렉터라이즈드 글루트 머신 (카탈로그 '글루트 머신' → 카테고리 '글루트 / 힙 머신' 매핑). 셀렉터 스택 구조입니다. 처음부터 무게 올리지 말고, 세팅부터 잡으세요.

---

⚙️ ① 기구 세팅
🪑 좌석 / 패드
시트·백패드를 먼저 맞추세요. 밀었을 때 골반이 말리거나 허리가 뜨지 않는 깊이가 시작점입니다.
🦶 발 위치
지지하는 발을 먼저 고정하세요. 흔들리면 중량을 낮춥니다.
⚙️ 조절 포인트
흉/고관절 패드, ROM, 핀 스택을 확인하세요.
이 카테고리는 공식 명칭이 겹칠 수 있으니, 헬스장 기구의 실제 레버·패드 배치를 우선하세요.

---

💪 ② 시작 자세
골반 위치를 먼저 고정합니다. 허리로 높이 만들 준비를 하지 마세요.
이 자세에서 이것만 확인하세요.
👉 허리가 아니라 엉덩이가 일을 받을 준비인지

---

🔥 ③ 운동 방법
패드를 뒤로 밀어 고관절 신전 후 제어 복귀.
허리로 높이를 만들지 말고 골반·엉덩이로 밀어 마무리하세요.

---

💥 ④ 최고 수축
목표 근육이 가장 조여지는 끝 지점에서 멈춥니다.
⏱️ 1초 STOP
튕기지 말고 그 지점에서 1초만 소유하세요. 무게를 놓는 순간이 아닙니다.

---

🐌 ⑤ 천천히 돌아오기
중량을 그냥 놓지 마세요.
2~3초 동안 통제하면서 복귀합니다.
시작 자세로 돌아갈 때도 같은 궤적을 유지하세요.

---

❌ 흔한 실수
❌ 허리만 젖혀 요추로 미는
깊이보다 골반 고정이 먼저입니다. 허리가 뜨면 범위를 줄이세요.
❌ 허리로 높이 만드는 것
자세가 무너지면 무게를 낮추세요.
❌ 골반이 돌아가며 한쪽만 미는 것
약한 쪽 속도에 강한 쪽을 맞추세요.
❌ 반동으로 올리는 것
템포를 늦추고 같은 궤적만 반복하세요.

---

💡 MACHINE FIT PRO TIP
🔥 Select 라인(C122 Glute Machine)은 스택 핀 위치가 곧 시작 난이도입니다. 시트부터 맞춘 뒤 핀을 고르고, 첫 세트에서 궤적이 어깨·관절에 맞는지 확인하세요.

---

🎯 MACHINE FIT CHECK
🟢 발 → 발판 중앙·방향 정렬
🟢 어깨 → 으쓱하지 않기
🟢 복귀 → 2~3초 통제

### 🔥 이것만 기억하세요

""골반을 중립으로 두고 둔근으로 밀어 신전. 끝에서 1초, 복귀는 통제.""","🏋️ ATLANTIS — C122 Glute Machine · Precision Series

🎯 ONE KEY CUE
🔥 ""Keep a neutral pelvis and extend through the glutes""

Atlantis C122 Glute Machine은 셀렉터라이즈드 글루트 머신 (카탈로그 '글루트 머신' → 카테고리 '글루트 / 힙 머신' 매핑) Lean into the selectorized stack design. Do not chase load until the setup feels locked in.

---

⚙️ ① Setup
🪑 Seat / pads
Set the seat/back pad first. Your start depth is where the pelvis stays planted and the low back does not peel up.
🦶 Feet
Lock in the support foot before you move. Reduce load if you wobble.
⚙️ Adjustments
Check 흉/고관절 패드, ROM, 핀 스택.
Naming can overlap in this category — trust the levers and pads on the unit in front of you.

---

💪 ② Start position
Set the pelvis first. Do not plan to create height with the lower back.
Check only this:
👉 Glutes ready to drive, not the lumbar spine

---

🔥 ③ Execution
Finish with the hips/glutes — do not manufacture height with the lumbar spine.
Drive the hips, squeeze, then lower without lumbar snap.

---

💥 ④ Peak contraction
Stop where the target muscle is most shortened.
⏱️ 1-second STOP
Own that position for one second. This is not where you dump the weight.

---

🐌 ⑤ Controlled return
Do not dump the load.
Take 2–3 seconds on the way back.
Return on the same path you pressed or pulled.

---

❌ Common mistakes
❌ Creating height with the lumbar spine
If position breaks, cut the load.
❌ Rotating the pelvis and favoring one side
If position breaks, cut the load.
❌ Bouncing the lockout
Slow the tempo and repeat one clean path.

---

💡 MACHINE FIT PRO TIP
🔥 On Select (C122 Glute Machine), the pin is your difficulty. Fit the seat first, choose the pin second, and confirm the path on set one.

---

🎯 MACHINE FIT CHECK
🟢 Feet → centered and aligned
🟢 Shoulders → not shrugged
🟢 Return → 2–3 sec control

### 🔥 Remember this

""Keep a neutral pelvis and extend through the glutes. One-second peak, controlled return."""
ATLANTIS,스탠딩 카프,Standing Calf,M118 Standing Calf Raise,PARTIALLY_VERIFIED,Atlantis Strength,Precision Series,https://atlantisstrength.com/app/uploads/2024/08/atlantis_catalog_strength_july-2024.pdf,Atlantis M118 Standing Calf Raise는 스탠딩 카프 (카탈로그 '카프 레이즈' → 카테고리 '스탠딩 카프' 매핑),"어깨 패드 높이, 발판 위치, 스택","🏋️ ATLANTIS — M118 Standing Calf Raise · Precision Series

🎯 ONE KEY CUE
🔥 ""발목만으로 끝까지 들어 올렸다 완전 신장""

Atlantis M118 Standing Calf Raise는 스탠딩 카프 (카탈로그 '카프 레이즈' → 카테고리 '스탠딩 카프' 매핑). 아틀란티스 Plate Loaded(P)·Selectorized 궤적을 그대로 타는 게 핵심입니다. 처음부터 무게 올리지 말고, 세팅부터 잡으세요.

---

⚙️ ① 기구 세팅
🪑 좌석 / 패드
시트를 몸에 맞추세요. 시작 위치가 목표 관절 높이에 오는지 확인합니다.
🦶 발 위치
발볼만 발판에 올리고 발뒤꿈치는 아래로 떨어질 여유를 남기세요.
⚙️ 조절 포인트
어깨 패드 높이, 발판 위치, 스택을 확인하세요.
이 카테고리는 공식 명칭이 겹칠 수 있으니, 헬스장 기구의 실제 레버·패드 배치를 우선하세요.

---

💪 ② 시작 자세
무릎 각도를 고정한 채 발볼로만 움직일 준비를 합니다.
이 자세에서 이것만 확인하세요.
👉 무릎이 같이 굽혀지지 않는지

---

🔥 ③ 운동 방법
발볼로 올라섰다가 발꿈치를 깊게 내리기.
무릎으로 밀지 말고 발목 가동범위로만 위아래를 만듭니다.

---

💥 ④ 최고 수축
발볼로 최대한 올린 꼭대기에서 멈춥니다.
⏱️ 1초 STOP
튕기지 말고 그 지점에서 1초만 소유하세요. 무게를 놓는 순간이 아닙니다.

---

🐌 ⑤ 천천히 돌아오기
중량을 그냥 놓지 마세요.
2~3초 동안 통제하면서 복귀합니다.
시작 자세로 돌아갈 때도 같은 궤적을 유지하세요.

---

❌ 흔한 실수
❌ 무릎을 굽혀 반동으로 튀는
템포를 늦추고 같은 궤적만 반복하세요.
❌ 무릎을 같이 굽혀 카프가 아닌 다리로 미는 것
자세가 무너지면 무게를 낮추세요.
❌ 발뒤꿈치를 튕기는 것
자세가 무너지면 무게를 낮추세요.
❌ 가동범위를 너무 짧게 가져가는 것
자세가 무너지면 무게를 낮추세요.

---

💡 MACHINE FIT PRO TIP
🔥 M118 Standing Calf Raise의 가이드 궤적을 이용하세요. 첫 2세트는 천천히, 대칭이 확인된 뒤에만 무게를 올립니다.

---

🎯 MACHINE FIT CHECK
🟢 발 → 발판 중앙·방향 정렬
🟢 어깨 → 으쓱하지 않기
🟢 복귀 → 2~3초 통제

### 🔥 이것만 기억하세요

""발볼로만, 꼭대기 1초, 튕기지 않기.""","🏋️ ATLANTIS — M118 Standing Calf Raise · Precision Series

🎯 ONE KEY CUE
🔥 ""Rise fully on the ankles then get a full stretch""

Atlantis M118 Standing Calf Raise는 스탠딩 카프 (카탈로그 '카프 레이즈' → 카테고리 '스탠딩 카프' 매핑) Ride the Atlantis Plate Loaded (P) / Selectorized path instead of fighting it. Do not chase load until the setup feels locked in.

---

⚙️ ① Setup
🪑 Seat / pads
Fit the seat to your body so the start position sits naturally on the working joint.
🦶 Feet
Balls of the feet on the platform; leave room for the heels to drop.
⚙️ Adjustments
Check 어깨 패드 높이, 발판 위치, 스택.
Naming can overlap in this category — trust the levers and pads on the unit in front of you.

---

💪 ② Start position
Lock the knee angle and prepare to move only through the ankles.
Check only this:
👉 Knees not bending with the calves

---

🔥 ③ Execution
Do not press with the knees. Use ankle range only.
Lower the heels, rise through the balls of the feet, pause, then lower.

---

💥 ④ Peak contraction
Stop at the top of the rise through the balls of the feet.
⏱️ 1-second STOP
Own that position for one second. This is not where you dump the weight.

---

🐌 ⑤ Controlled return
Do not dump the load.
Take 2–3 seconds on the way back.
Return on the same path you pressed or pulled.

---

❌ Common mistakes
❌ Bending the knees and turning it into a leg press
If position breaks, cut the load.
❌ Bouncing the heels
Slow the tempo and repeat one clean path.
❌ Cutting the range too short
If position breaks, cut the load.

---

💡 MACHINE FIT PRO TIP
🔥 Use the guided path on M118 Standing Calf Raise. Slow the first two sets, confirm symmetry, then add load.

---

🎯 MACHINE FIT CHECK
🟢 Feet → centered and aligned
🟢 Shoulders → not shrugged
🟢 Return → 2–3 sec control

### 🔥 Remember this

""Balls of the feet only, pause on top, no bounce."""
ATLANTIS,시티드 카프,Seated Calf,M219 Seated Calf / PW319 Seated Calf Press,VERIFIED,Atlantis Strength,Precision / Power Series,https://atlantisstrength.com/app/uploads/2024/08/atlantis_catalog_strength_july-2024.pdf,Atlantis M219·PW319는 시티드 카프(플레이트)입니다,"무릎 패드, 발판, 플레이트","🏋️ ATLANTIS — M219 Seated Calf / PW319 Seated Calf Press · Precision / Power Series

🎯 ONE KEY CUE
🔥 ""무릎 고정 후 발볼로만 밀어 올리기""

Atlantis M219·PW319는 시티드 카프(플레이트). 플레이트 로딩 · Atlantis plate/selector 구조입니다. 처음부터 무게 올리지 말고, 세팅부터 잡으세요.

---

⚙️ ① 기구 세팅
🪑 좌석 / 패드
시트를 몸에 맞추세요. 시작 위치가 목표 관절 높이에 오는지 확인합니다.
🦶 발 위치
발볼만 발판에 올리고 발뒤꿈치는 아래로 떨어질 여유를 남기세요.
⚙️ 조절 포인트
무릎 패드, 발판, 플레이트를 확인하세요. 양쪽 플레이트를 동일하게 맞추고, 한쪽만 먼저 올리지 마세요.

---

💪 ② 시작 자세
무릎 각도를 고정한 채 발볼로만 움직일 준비를 합니다.
이 자세에서 이것만 확인하세요.
👉 무릎이 같이 굽혀지지 않는지

---

🔥 ③ 운동 방법
앉아서 발꿈치를 올렸다 깊게 내리기.
무릎으로 밀지 말고 발목 가동범위로만 위아래를 만듭니다.

---

💥 ④ 최고 수축
발볼로 최대한 올린 꼭대기에서 멈춥니다.
⏱️ 1초 STOP
튕기지 말고 그 지점에서 1초만 소유하세요. 무게를 놓는 순간이 아닙니다.

---

🐌 ⑤ 천천히 돌아오기
중량을 그냥 놓지 마세요.
2~3초 동안 통제하면서 복귀합니다.
시작 자세로 돌아갈 때도 같은 궤적을 유지하세요.

---

❌ 흔한 실수
❌ 가동 중간에 멈추고 반동만 쓰는
템포를 늦추고 같은 궤적만 반복하세요.
❌ 무릎을 같이 굽혀 카프가 아닌 다리로 미는 것
자세가 무너지면 무게를 낮추세요.
❌ 발뒤꿈치를 튕기는 것
자세가 무너지면 무게를 낮추세요.
❌ 가동범위를 너무 짧게 가져가는 것
자세가 무너지면 무게를 낮추세요.
❌ 양쪽 플레이트 무게를 다르게 올리는 것
양쪽을 맞춘 뒤 가벼운 세트로 좌우를 확인하세요.

---

💡 MACHINE FIT PRO TIP
🔥 M219 Seated Calf / PW319 Seated Calf Press은 플레이트 로딩입니다. 좌우 원판을 동일하게 맞추고, 첫 세트는 궤적·좌우 대칭만 확인한 다음 무게를 올리세요.

---

🎯 MACHINE FIT CHECK
🟢 발 → 발판 중앙·방향 정렬
🟢 원판 → 좌우 동일
🟢 복귀 → 2~3초 통제

### 🔥 이것만 기억하세요

""발볼로만, 꼭대기 1초, 튕기지 않기.""","🏋️ ATLANTIS — M219 Seated Calf / PW319 Seated Calf Press · Precision / Power Series

🎯 ONE KEY CUE
🔥 ""Lock the knees down and press only through the balls of the feet""

Atlantis M219·PW319는 시티드 카프(플레이트)입니다 Lean into the plate-loaded / Atlantis plate/selector design. Do not chase load until the setup feels locked in.

---

⚙️ ① Setup
🪑 Seat / pads
Fit the seat to your body so the start position sits naturally on the working joint.
🦶 Feet
Balls of the feet on the platform; leave room for the heels to drop.
⚙️ Adjustments
Check 무릎 패드, 발판, 플레이트. Match plates on both sides — do not load one arm first.

---

💪 ② Start position
Lock the knee angle and prepare to move only through the ankles.
Check only this:
👉 Knees not bending with the calves

---

🔥 ③ Execution
Do not press with the knees. Use ankle range only.
Lower the heels, rise through the balls of the feet, pause, then lower.

---

💥 ④ Peak contraction
Stop at the top of the rise through the balls of the feet.
⏱️ 1-second STOP
Own that position for one second. This is not where you dump the weight.

---

🐌 ⑤ Controlled return
Do not dump the load.
Take 2–3 seconds on the way back.
Return on the same path you pressed or pulled.

---

❌ Common mistakes
❌ Bending the knees and turning it into a leg press
If position breaks, cut the load.
❌ Bouncing the heels
Slow the tempo and repeat one clean path.
❌ Cutting the range too short
If position breaks, cut the load.
❌ Loading unequal plates
Match both sides, then confirm with a light set.

---

💡 MACHINE FIT PRO TIP
🔥 M219 Seated Calf / PW319 Seated Calf Press is plate-loaded. Match plates, confirm path and left-right symmetry on set one, then add load.

---

🎯 MACHINE FIT CHECK
🟢 Feet → centered and aligned
🟢 Plates → matched
🟢 Return → 2–3 sec control

### 🔥 Remember this

""Balls of the feet only, pause on top, no bounce."""
ATLANTIS,레그 프레스 카프,Leg Press Calf,C423 Hack Squat / Calf Raise,PARTIALLY_VERIFIED,Atlantis Strength,Precision Series (plate-loaded),https://www.bcrpa.bc.ca/media/361919/atlantis_product_catalog.pdf,전용 Leg Press Calf SKU는 없고 C423 Hack/Calf 콤보가 가장 가깝습니다,"발판 위치, 안전 스톱, 플레이트","🏋️ ATLANTIS — C423 Hack Squat / Calf Raise · Precision Series (plate-loaded)

🎯 ONE KEY CUE
🔥 ""무릎을 펴고 발볼로만 카프 레이즈""

전용 Leg Press Calf SKU는 없고 C423 Hack/Calf 콤보가 가장 가깝습니다. 플레이트 로딩 · Atlantis plate/selector 구조입니다. 처음부터 무게 올리지 말고, 세팅부터 잡으세요.

---

⚙️ ① 기구 세팅
🦶 발 위치
발볼만 발판에 올리고 발뒤꿈치는 아래로 떨어질 여유를 남기세요.
⚙️ 조절 포인트
발판 위치, 안전 스톱, 플레이트를 확인하세요. 양쪽 플레이트를 동일하게 맞추고, 한쪽만 먼저 올리지 마세요.
이 카테고리는 공식 명칭이 겹칠 수 있으니, 헬스장 기구의 실제 레버·패드 배치를 우선하세요.

---

💪 ② 시작 자세
무릎 각도를 고정한 채 발볼로만 움직일 준비를 합니다.
이 자세에서 이것만 확인하세요.
👉 무릎이 같이 굽혀지지 않는지

---

🔥 ③ 운동 방법
발판에서 발꿈치를 올렸다 깊게 신장.
무릎으로 밀지 말고 발목 가동범위로만 위아래를 만듭니다.

---

💥 ④ 최고 수축
발볼로 최대한 올린 꼭대기에서 멈춥니다.
⏱️ 1초 STOP
튕기지 말고 그 지점에서 1초만 소유하세요. 무게를 놓는 순간이 아닙니다.

---

🐌 ⑤ 천천히 돌아오기
중량을 그냥 놓지 마세요.
2~3초 동안 통제하면서 복귀합니다.
시작 자세로 돌아갈 때도 같은 궤적을 유지하세요.

---

❌ 흔한 실수
❌ 무릎을 굽혀 레그프레스처럼 반복하는
자세가 무너지면 무게를 낮추세요.
❌ 무릎을 같이 굽혀 카프가 아닌 다리로 미는 것
자세가 무너지면 무게를 낮추세요.
❌ 발뒤꿈치를 튕기는 것
자세가 무너지면 무게를 낮추세요.
❌ 가동범위를 너무 짧게 가져가는 것
자세가 무너지면 무게를 낮추세요.
❌ 양쪽 플레이트 무게를 다르게 올리는 것
양쪽을 맞춘 뒤 가벼운 세트로 좌우를 확인하세요.

---

💡 MACHINE FIT PRO TIP
🔥 C423 Hack Squat / Calf Raise은 플레이트 로딩입니다. 좌우 원판을 동일하게 맞추고, 첫 세트는 궤적·좌우 대칭만 확인한 다음 무게를 올리세요.

---

🎯 MACHINE FIT CHECK
🟢 발 → 발판 중앙·방향 정렬
🟢 원판 → 좌우 동일
🟢 복귀 → 2~3초 통제

### 🔥 이것만 기억하세요

""발볼로만, 꼭대기 1초, 튕기지 않기.""","🏋️ ATLANTIS — C423 Hack Squat / Calf Raise · Precision Series (plate-loaded)

🎯 ONE KEY CUE
🔥 ""Keep knees soft-locked and raise only on the balls of the feet""

전용 Leg Press Calf SKU는 없고 C423 Hack/Calf 콤보가 가장 가깝습니다 Lean into the plate-loaded / Atlantis plate/selector design. Do not chase load until the setup feels locked in.

---

⚙️ ① Setup
🦶 Feet
Balls of the feet on the platform; leave room for the heels to drop.
⚙️ Adjustments
Check 발판 위치, 안전 스톱, 플레이트. Match plates on both sides — do not load one arm first.
Naming can overlap in this category — trust the levers and pads on the unit in front of you.

---

💪 ② Start position
Lock the knee angle and prepare to move only through the ankles.
Check only this:
👉 Knees not bending with the calves

---

🔥 ③ Execution
Do not press with the knees. Use ankle range only.
Lower the heels, rise through the balls of the feet, pause, then lower.

---

💥 ④ Peak contraction
Stop at the top of the rise through the balls of the feet.
⏱️ 1-second STOP
Own that position for one second. This is not where you dump the weight.

---

🐌 ⑤ Controlled return
Do not dump the load.
Take 2–3 seconds on the way back.
Return on the same path you pressed or pulled.

---

❌ Common mistakes
❌ Bending the knees and turning it into a leg press
If position breaks, cut the load.
❌ Bouncing the heels
Slow the tempo and repeat one clean path.
❌ Cutting the range too short
If position breaks, cut the load.
❌ Loading unequal plates
Match both sides, then confirm with a light set.

---

💡 MACHINE FIT PRO TIP
🔥 C423 Hack Squat / Calf Raise is plate-loaded. Match plates, confirm path and left-right symmetry on set one, then add load.

---

🎯 MACHINE FIT CHECK
🟢 Feet → centered and aligned
🟢 Plates → matched
🟢 Return → 2–3 sec control

### 🔥 Remember this

""Balls of the feet only, pause on top, no bounce."""
ATLANTIS,바이셉 컬,Biceps Curl,B157 Biceps Curl,PARTIALLY_VERIFIED,Atlantis Strength,Precision Series,https://atlantisstrength.com/gym-equipment/precision-series,Atlantis B157 Biceps Curl은 셀렉터라이즈드 바이셉스 컬 (카탈로그 '바이셉스 컬' → 카테고리 '바이셉 컬' 매핑),"시트, 팔꿈치 패드, 핀 스택","🏋️ ATLANTIS — B157 Biceps Curl · Precision Series

🎯 ONE KEY CUE
🔥 ""팔꿈치를 고정하고 손잡이만 들어올리기""

Atlantis B157 Biceps Curl은 셀렉터라이즈드 바이셉스 컬 (카탈로그 '바이셉스 컬' → 카테고리 '바이셉 컬' 매핑). 셀렉터 스택 구조입니다. 처음부터 무게 올리지 말고, 세팅부터 잡으세요.

---

⚙️ ① 기구 세팅
🪑 좌석 / 패드
시트를 몸에 맞추세요. 시작 위치가 어깨·관절에 자연스럽게 오는지 확인합니다.
🤲 그립 / 손 위치
손잡이를 편안한 너비로 잡으세요. 손목이 꺾이지 않게 합니다.
⚙️ 조절 포인트
시트, 팔꿈치 패드, 핀 스택을 확인하세요.
이 카테고리는 공식 명칭이 겹칠 수 있으니, 헬스장 기구의 실제 레버·패드 배치를 우선하세요.

---

💪 ② 시작 자세
팔꿈치 위치를 패드나 몸 옆에 고정합니다. 몸통 반동은 끕니다.
이 자세에서 이것만 확인하세요.
👉 팔꿈치가 앞으로 흘러가지 않는지

---

🔥 ③ 운동 방법
아래에서 손잡이를 어깨 쪽으로 컬했다 내리기.
몸통은 고정, 팔꿈치 아래만 움직입니다.

---

💥 ④ 최고 수축
목표 근육이 가장 조여지는 끝 지점에서 멈춥니다.
⏱️ 1초 STOP
튕기지 말고 그 지점에서 1초만 소유하세요. 무게를 놓는 순간이 아닙니다.

---

🐌 ⑤ 천천히 돌아오기
중량을 그냥 놓지 마세요.
2~3초 동안 통제하면서 복귀합니다.
시작 자세로 돌아갈 때도 같은 궤적을 유지하세요.

---

❌ 흔한 실수
❌ 어깨를 들썩이며 반동 컬을 하는
템포를 늦추고 같은 궤적만 반복하세요.
❌ 팔꿈치가 앞으로 흘러가며 어깨가 개입하는 것
자세가 무너지면 무게를 낮추세요.
❌ 몸통 반동으로 올리는 것
템포를 늦추고 같은 궤적만 반복하세요.
❌ 손목을 과하게 꺾는 것
자세가 무너지면 무게를 낮추세요.

---

💡 MACHINE FIT PRO TIP
🔥 Select 라인(B157 Biceps Curl)은 스택 핀 위치가 곧 시작 난이도입니다. 시트부터 맞춘 뒤 핀을 고르고, 첫 세트에서 궤적이 어깨·관절에 맞는지 확인하세요.

---

🎯 MACHINE FIT CHECK
🟢 시트/패드 → 몸에 맞춤
🟢 팔꿈치 → 미는/드는 방향
🟢 어깨 → 으쓱하지 않기
🟢 복귀 → 2~3초 통제

### 🔥 이것만 기억하세요

""팔꿈치를 고정하고 손잡이만 들어올리기. 끝에서 1초, 복귀는 통제.""","🏋️ ATLANTIS — B157 Biceps Curl · Precision Series

🎯 ONE KEY CUE
🔥 ""Pin the elbows and curl only the handles""

Atlantis B157 Biceps Curl은 셀렉터라이즈드 바이셉스 컬 (카탈로그 '바이셉스 컬' → 카테고리 '바이셉 컬' 매핑) Lean into the selectorized stack design. Do not chase load until the setup feels locked in.

---

⚙️ ① Setup
🪑 Seat / pads
Fit the seat to your body so the start position sits naturally on the working joint.
🤲 Grip / hands
Take a comfortable grip width and keep the wrists stacked, not bent.
⚙️ Adjustments
Check 시트, 팔꿈치 패드, 핀 스택.
Naming can overlap in this category — trust the levers and pads on the unit in front of you.

---

💪 ② Start position
Fix the elbows on the pad or at your sides. Kill torso swing.
Check only this:
👉 Elbows not drifting forward

---

🔥 ③ Execution
Torso stays quiet. Move only below the elbows.
Curl or extend only at the elbow, then reverse slowly.

---

💥 ④ Peak contraction
Stop where the target muscle is most shortened.
⏱️ 1-second STOP
Own that position for one second. This is not where you dump the weight.

---

🐌 ⑤ Controlled return
Do not dump the load.
Take 2–3 seconds on the way back.
Return on the same path you pressed or pulled.

---

❌ Common mistakes
❌ Letting the elbows drift so the shoulders take over
If position breaks, cut the load.
❌ Swinging the torso
If position breaks, cut the load.
❌ Over-bending the wrists
If position breaks, cut the load.

---

💡 MACHINE FIT PRO TIP
🔥 On Select (B157 Biceps Curl), the pin is your difficulty. Fit the seat first, choose the pin second, and confirm the path on set one.

---

🎯 MACHINE FIT CHECK
🟢 Seat/pad → fitted
🟢 Elbows → press/raise direction
🟢 Shoulders → not shrugged
🟢 Return → 2–3 sec control

### 🔥 Remember this

""Pin the elbows and curl only the handles. One-second peak, controlled return."""
ATLANTIS,프리처 컬,Preacher Curl,PW357 Preacher Curl / B856 Poliquin Seated Preacher Curl,VERIFIED,Atlantis Strength,Power / Pro Series,https://atlantisstrength.com/app/uploads/2024/08/atlantis_catalog_strength_july-2024.pdf,Atlantis PW357·B856은 프리처 컬(플레이트/벤치)입니다,"시트, 암 패드 각도, 플레이트/바","🏋️ ATLANTIS — PW357 Preacher Curl / B856 Poliquin Seated Preacher Curl · Power / Pro Series

🎯 ONE KEY CUE
🔥 ""삼두를 패드에 붙인 채 하단에서 통제 컬""

Atlantis PW357·B856은 프리처 컬(플레이트/벤치). 플레이트 로딩 · Atlantis plate/selector 구조입니다. 처음부터 무게 올리지 말고, 세팅부터 잡으세요.

---

⚙️ ① 기구 세팅
🪑 좌석 / 패드
시트를 몸에 맞추세요. 시작 위치가 어깨·관절에 자연스럽게 오는지 확인합니다.
🤲 그립 / 손 위치
손잡이를 편안한 너비로 잡으세요. 손목이 꺾이지 않게 합니다.
⚙️ 조절 포인트
시트, 암 패드 각도, 플레이트/바를 확인하세요. 양쪽 플레이트를 동일하게 맞추고, 한쪽만 먼저 올리지 마세요.

---

💪 ② 시작 자세
팔꿈치 위치를 패드나 몸 옆에 고정합니다. 몸통 반동은 끕니다.
이 자세에서 이것만 확인하세요.
👉 팔꿈치가 앞으로 흘러가지 않는지

---

🔥 ③ 운동 방법
프리처 패드에서 손잡이를 올려 컬했다 신장.
몸통은 고정, 팔꿈치 아래만 움직입니다.

---

💥 ④ 최고 수축
목표 근육이 가장 조여지는 끝 지점에서 멈춥니다.
⏱️ 1초 STOP
튕기지 말고 그 지점에서 1초만 소유하세요. 무게를 놓는 순간이 아닙니다.

---

🐌 ⑤ 천천히 돌아오기
중량을 그냥 놓지 마세요.
2~3초 동안 통제하면서 복귀합니다.
시작 자세로 돌아갈 때도 같은 궤적을 유지하세요.

---

❌ 흔한 실수
❌ 하단에서 팔을 과신전하며 튕기는
자세가 무너지면 무게를 낮추세요.
❌ 팔꿈치가 앞으로 흘러가며 어깨가 개입하는 것
자세가 무너지면 무게를 낮추세요.
❌ 몸통 반동으로 올리는 것
템포를 늦추고 같은 궤적만 반복하세요.
❌ 손목을 과하게 꺾는 것
자세가 무너지면 무게를 낮추세요.
❌ 양쪽 플레이트 무게를 다르게 올리는 것
양쪽을 맞춘 뒤 가벼운 세트로 좌우를 확인하세요.

---

💡 MACHINE FIT PRO TIP
🔥 PW357 Preacher Curl / B856 Poliquin Seated Preacher Curl은 플레이트 로딩입니다. 좌우 원판을 동일하게 맞추고, 첫 세트는 궤적·좌우 대칭만 확인한 다음 무게를 올리세요.

---

🎯 MACHINE FIT CHECK
🟢 시트/패드 → 몸에 맞춤
🟢 팔꿈치 → 미는/드는 방향
🟢 원판 → 좌우 동일
🟢 복귀 → 2~3초 통제

### 🔥 이것만 기억하세요

""삼두를 패드에 붙인 채 하단에서 통제 컬. 끝에서 1초, 복귀는 통제.""","🏋️ ATLANTIS — PW357 Preacher Curl / B856 Poliquin Seated Preacher Curl · Power / Pro Series

🎯 ONE KEY CUE
🔥 ""Keep triceps on the pad and curl under control at the bottom""

Atlantis PW357·B856은 프리처 컬(플레이트/벤치)입니다 Lean into the plate-loaded / Atlantis plate/selector design. Do not chase load until the setup feels locked in.

---

⚙️ ① Setup
🪑 Seat / pads
Fit the seat to your body so the start position sits naturally on the working joint.
🤲 Grip / hands
Take a comfortable grip width and keep the wrists stacked, not bent.
⚙️ Adjustments
Check 시트, 암 패드 각도, 플레이트/바. Match plates on both sides — do not load one arm first.

---

💪 ② Start position
Fix the elbows on the pad or at your sides. Kill torso swing.
Check only this:
👉 Elbows not drifting forward

---

🔥 ③ Execution
Torso stays quiet. Move only below the elbows.
Curl or extend only at the elbow, then reverse slowly.

---

💥 ④ Peak contraction
Stop where the target muscle is most shortened.
⏱️ 1-second STOP
Own that position for one second. This is not where you dump the weight.

---

🐌 ⑤ Controlled return
Do not dump the load.
Take 2–3 seconds on the way back.
Return on the same path you pressed or pulled.

---

❌ Common mistakes
❌ Letting the elbows drift so the shoulders take over
If position breaks, cut the load.
❌ Swinging the torso
If position breaks, cut the load.
❌ Over-bending the wrists
If position breaks, cut the load.
❌ Loading unequal plates
Match both sides, then confirm with a light set.

---

💡 MACHINE FIT PRO TIP
🔥 PW357 Preacher Curl / B856 Poliquin Seated Preacher Curl is plate-loaded. Match plates, confirm path and left-right symmetry on set one, then add load.

---

🎯 MACHINE FIT CHECK
🟢 Seat/pad → fitted
🟢 Elbows → press/raise direction
🟢 Plates → matched
🟢 Return → 2–3 sec control

### 🔥 Remember this

""Keep triceps on the pad and curl under control at the bottom. One-second peak, controlled return."""
ATLANTIS,아이소래터럴 바이셉 컬,Iso-Lateral Biceps Curl,B157 Biceps Curl,PARTIALLY_VERIFIED,Atlantis Strength,Precision Series,https://atlantisstrength.com/gym-equipment/precision-series,Atlantis B157 Biceps Curl은 셀렉터라이즈드 바이셉스 컬 (바이셉 → 아이소 바이셉 매핑),"시트, 팔꿈치 패드, 핀 스택","🏋️ ATLANTIS — B157 Biceps Curl · Precision Series

🎯 ONE KEY CUE
🔥 ""팔꿈치를 고정하고 손잡이만 들어올리기""

Atlantis B157 Biceps Curl은 셀렉터라이즈드 바이셉스 컬 (바이셉 → 아이소 바이셉 매핑). 좌우가 독립으로 움직이는 · 셀렉터 스택 구조입니다. 처음부터 무게 올리지 말고, 세팅부터 잡으세요.

---

⚙️ ① 기구 세팅
🪑 좌석 / 패드
시트를 몸에 맞추세요. 시작 위치가 어깨·관절에 자연스럽게 오는지 확인합니다.
🤲 그립 / 손 위치
양손잡이 높이가 좌우 같은지 먼저 보세요. 독립 암이라 한쪽만 어긋나도 바로 느껴집니다.
⚙️ 조절 포인트
시트, 팔꿈치 패드, 핀 스택을 확인하세요. 좌우 시작 위치가 같은지도 같이 봅니다.
이 카테고리는 공식 명칭이 겹칠 수 있으니, 헬스장 기구의 실제 레버·패드 배치를 우선하세요.

---

💪 ② 시작 자세
팔꿈치 위치를 패드나 몸 옆에 고정합니다. 몸통 반동은 끕니다.
좌우가 같은 높이에서 시작하는지 한 번 더 보세요.
이 자세에서 이것만 확인하세요.
👉 팔꿈치가 앞으로 흘러가지 않는지

---

🔥 ③ 운동 방법
아래에서 손잡이를 어깨 쪽으로 컬했다 내리기.
양쪽을 같은 속도로 움직이세요. 한쪽이 먼저 끝나면 무게를 더 올리기 전에 밸런스부터 잡습니다.

---

💥 ④ 최고 수축
목표 근육이 가장 조여지는 끝 지점에서 멈춥니다.
⏱️ 1초 STOP
튕기지 말고 그 지점에서 1초만 소유하세요. 무게를 놓는 순간이 아닙니다.

---

🐌 ⑤ 천천히 돌아오기
중량을 그냥 놓지 마세요.
2~3초 동안 통제하면서 복귀합니다.
시작 자세로 돌아갈 때도 같은 궤적을 유지하세요.

---

❌ 흔한 실수
❌ 어깨를 들썩이며 반동 컬을 하는
템포를 늦추고 같은 궤적만 반복하세요.
❌ 팔꿈치가 앞으로 흘러가며 어깨가 개입하는 것
자세가 무너지면 무게를 낮추세요.
❌ 몸통 반동으로 올리는 것
템포를 늦추고 같은 궤적만 반복하세요.
❌ 손목을 과하게 꺾는 것
자세가 무너지면 무게를 낮추세요.
❌ 한쪽만 먼저 끝내고 반대쪽을 따라가게 하는 것
약한 쪽 속도에 강한 쪽을 맞추세요.

---

💡 MACHINE FIT PRO TIP
🔥 이 기구는 좌우 암이 독립적으로 움직이는 게 장점입니다. 무게를 올리기 전에 양쪽이 같은 속도로 가는지 확인하세요. 한쪽이 먼저 끝까지 가 버리면 중량보다 밸런스가 먼저입니다.

---

🎯 MACHINE FIT CHECK
🟢 시트/패드 → 몸에 맞춤
🟢 팔꿈치 → 미는/드는 방향
🟢 좌우 → 같은 속도
🟢 복귀 → 2~3초 통제

### 🔥 이것만 기억하세요

""좌우 같은 속도, 끝에서 1초, 복귀는 통제.""","🏋️ ATLANTIS — B157 Biceps Curl · Precision Series

🎯 ONE KEY CUE
🔥 ""Pin the elbows and curl only the handles""

Atlantis B157 Biceps Curl은 셀렉터라이즈드 바이셉스 컬 (바이셉 → 아이소 바이셉 매핑) Lean into the independent arms / selectorized stack design. Do not chase load until the setup feels locked in.

---

⚙️ ① Setup
🪑 Seat / pads
Fit the seat to your body so the start position sits naturally on the working joint.
🤲 Grip / hands
Match left and right handle height first — independent arms expose any mismatch immediately.
⚙️ Adjustments
Check 시트, 팔꿈치 패드, 핀 스택. Confirm both sides start from the same position.
Naming can overlap in this category — trust the levers and pads on the unit in front of you.

---

💪 ② Start position
Fix the elbows on the pad or at your sides. Kill torso swing.
Double-check both sides start at the same height.
Check only this:
👉 Elbows not drifting forward

---

🔥 ③ Execution
Match left-right speed. If one side finishes early, fix balance before adding load.
Curl or extend only at the elbow, then reverse slowly. Keep both sides honest.

---

💥 ④ Peak contraction
Stop where the target muscle is most shortened.
⏱️ 1-second STOP
Own that position for one second. This is not where you dump the weight.

---

🐌 ⑤ Controlled return
Do not dump the load.
Take 2–3 seconds on the way back.
Return on the same path you pressed or pulled.

---

❌ Common mistakes
❌ Letting the elbows drift so the shoulders take over
If position breaks, cut the load.
❌ Swinging the torso
If position breaks, cut the load.
❌ Over-bending the wrists
If position breaks, cut the load.
❌ Letting one side finish early
Match the stronger side to the weaker side’s speed.

---

💡 MACHINE FIT PRO TIP
🔥 Independent arms are the point. Before you load up, confirm both sides move at the same speed. If one side finishes early, fix balance before adding plates or pins.

---

🎯 MACHINE FIT CHECK
🟢 Seat/pad → fitted
🟢 Elbows → press/raise direction
🟢 Left/right → same speed
🟢 Return → 2–3 sec control

### 🔥 Remember this

""Match sides, one-second peak, controlled return."""
ATLANTIS,암 컬,Arm Curl,B158 Horizontal Curl,PARTIALLY_VERIFIED,Atlantis Strength,Precision Series,https://atlantisstrength.com/gym-equipment/precision-series,Atlantis B158 Horizontal Curl은 케이블형 바이셉스 컬 (카탈로그 '케이블 컬' → 카테고리 '암 컬' 매핑),"시트/패드, 케이블 경로, 핀 스택","🏋️ ATLANTIS — B158 Horizontal Curl · Precision Series

🎯 ONE KEY CUE
🔥 ""상완을 고정하고 손잡이만 컬""

Atlantis B158 Horizontal Curl은 케이블형 바이셉스 컬 (카탈로그 '케이블 컬' → 카테고리 '암 컬' 매핑). 아틀란티스 Plate Loaded(P)·Selectorized 궤적을 그대로 타는 게 핵심입니다. 처음부터 무게 올리지 말고, 세팅부터 잡으세요.

---

⚙️ ① 기구 세팅
🪑 좌석 / 패드
시트를 몸에 맞추세요. 시작 위치가 어깨·관절에 자연스럽게 오는지 확인합니다.
🤲 그립 / 손 위치
손잡이를 편안한 너비로 잡으세요. 손목이 꺾이지 않게 합니다.
⚙️ 조절 포인트
시트/패드, 케이블 경로, 핀 스택을 확인하세요.
이 카테고리는 공식 명칭이 겹칠 수 있으니, 헬스장 기구의 실제 레버·패드 배치를 우선하세요.

---

💪 ② 시작 자세
팔꿈치 위치를 패드나 몸 옆에 고정합니다. 몸통 반동은 끕니다.
이 자세에서 이것만 확인하세요.
👉 팔꿈치가 앞으로 흘러가지 않는지

---

🔥 ③ 운동 방법
케이블 저항으로 손잡이를 올려 컬했다 내리기.
몸통은 고정, 팔꿈치 아래만 움직입니다.

---

💥 ④ 최고 수축
목표 근육이 가장 조여지는 끝 지점에서 멈춥니다.
⏱️ 1초 STOP
튕기지 말고 그 지점에서 1초만 소유하세요. 무게를 놓는 순간이 아닙니다.

---

🐌 ⑤ 천천히 돌아오기
중량을 그냥 놓지 마세요.
2~3초 동안 통제하면서 복귀합니다.
시작 자세로 돌아갈 때도 같은 궤적을 유지하세요.

---

❌ 흔한 실수
❌ 어깨를 앞으로 내며 반동하는
템포를 늦추고 같은 궤적만 반복하세요.
❌ 팔꿈치가 앞으로 흘러가며 어깨가 개입하는 것
자세가 무너지면 무게를 낮추세요.
❌ 몸통 반동으로 올리는 것
템포를 늦추고 같은 궤적만 반복하세요.
❌ 손목을 과하게 꺾는 것
자세가 무너지면 무게를 낮추세요.

---

💡 MACHINE FIT PRO TIP
🔥 B158 Horizontal Curl의 가이드 궤적을 이용하세요. 첫 2세트는 천천히, 대칭이 확인된 뒤에만 무게를 올립니다.

---

🎯 MACHINE FIT CHECK
🟢 시트/패드 → 몸에 맞춤
🟢 팔꿈치 → 미는/드는 방향
🟢 어깨 → 으쓱하지 않기
🟢 복귀 → 2~3초 통제

### 🔥 이것만 기억하세요

""상완을 고정하고 손잡이만 컬. 끝에서 1초, 복귀는 통제.""","🏋️ ATLANTIS — B158 Horizontal Curl · Precision Series

🎯 ONE KEY CUE
🔥 ""Lock the upper arms and curl only the handles""

Atlantis B158 Horizontal Curl은 케이블형 바이셉스 컬 (카탈로그 '케이블 컬' → 카테고리 '암 컬' 매핑) Ride the Atlantis Plate Loaded (P) / Selectorized path instead of fighting it. Do not chase load until the setup feels locked in.

---

⚙️ ① Setup
🪑 Seat / pads
Fit the seat to your body so the start position sits naturally on the working joint.
🤲 Grip / hands
Take a comfortable grip width and keep the wrists stacked, not bent.
⚙️ Adjustments
Check 시트/패드, 케이블 경로, 핀 스택.
Naming can overlap in this category — trust the levers and pads on the unit in front of you.

---

💪 ② Start position
Fix the elbows on the pad or at your sides. Kill torso swing.
Check only this:
👉 Elbows not drifting forward

---

🔥 ③ Execution
Torso stays quiet. Move only below the elbows.
Curl or extend only at the elbow, then reverse slowly.

---

💥 ④ Peak contraction
Stop where the target muscle is most shortened.
⏱️ 1-second STOP
Own that position for one second. This is not where you dump the weight.

---

🐌 ⑤ Controlled return
Do not dump the load.
Take 2–3 seconds on the way back.
Return on the same path you pressed or pulled.

---

❌ Common mistakes
❌ Letting the elbows drift so the shoulders take over
If position breaks, cut the load.
❌ Swinging the torso
If position breaks, cut the load.
❌ Over-bending the wrists
If position breaks, cut the load.

---

💡 MACHINE FIT PRO TIP
🔥 Use the guided path on B158 Horizontal Curl. Slow the first two sets, confirm symmetry, then add load.

---

🎯 MACHINE FIT CHECK
🟢 Seat/pad → fitted
🟢 Elbows → press/raise direction
🟢 Shoulders → not shrugged
🟢 Return → 2–3 sec control

### 🔥 Remember this

""Lock the upper arms and curl only the handles. One-second peak, controlled return."""
ATLANTIS,트라이셉스 익스텐션,Triceps Extension,T164 Triceps Extension,VERIFIED,Atlantis Strength,Precision Series,https://atlantisstrength.com/app/uploads/2024/08/atlantis_catalog_strength_july-2024.pdf,Atlantis T164 Triceps Extension은 셀렉터라이즈드 삼두 익스텐션입니다,"시트, 팔꿈치 패드, 핀 스택","🏋️ ATLANTIS — T164 Triceps Extension · Precision Series

🎯 ONE KEY CUE
🔥 ""팔꿈치를 고정하고 아래팔을만 신전""

Atlantis T164 Triceps Extension은 셀렉터라이즈드 삼두 익스텐션. 셀렉터 스택 구조입니다. 처음부터 무게 올리지 말고, 세팅부터 잡으세요.

---

⚙️ ① 기구 세팅
🪑 좌석 / 패드
시트를 몸에 맞추세요. 시작 위치가 어깨·관절에 자연스럽게 오는지 확인합니다.
🤲 그립 / 손 위치
손잡이를 편안한 너비로 잡으세요. 손목이 꺾이지 않게 합니다.
⚙️ 조절 포인트
시트, 팔꿈치 패드, 핀 스택을 확인하세요.

---

💪 ② 시작 자세
팔꿈치 위치를 패드나 몸 옆에 고정합니다. 몸통 반동은 끕니다.
이 자세에서 이것만 확인하세요.
👉 팔꿈치가 앞으로 흘러가지 않는지

---

🔥 ③ 운동 방법
굽힌 팔꿈치에서 손잡이를 펴 올렸다 복귀.
몸통은 고정, 팔꿈치 아래만 움직입니다.

---

💥 ④ 최고 수축
목표 근육이 가장 조여지는 끝 지점에서 멈춥니다.
⏱️ 1초 STOP
튕기지 말고 그 지점에서 1초만 소유하세요. 무게를 놓는 순간이 아닙니다.

---

🐌 ⑤ 천천히 돌아오기
중량을 그냥 놓지 마세요.
2~3초 동안 통제하면서 복귀합니다.
시작 자세로 돌아갈 때도 같은 궤적을 유지하세요.

---

❌ 흔한 실수
❌ 팔꿈치가 벌어지며 어깨로 미는
자세가 무너지면 무게를 낮추세요.
❌ 팔꿈치가 앞으로 흘러가며 어깨가 개입하는 것
자세가 무너지면 무게를 낮추세요.
❌ 몸통 반동으로 올리는 것
템포를 늦추고 같은 궤적만 반복하세요.
❌ 손목을 과하게 꺾는 것
자세가 무너지면 무게를 낮추세요.

---

💡 MACHINE FIT PRO TIP
🔥 Select 라인(T164 Triceps Extension)은 스택 핀 위치가 곧 시작 난이도입니다. 시트부터 맞춘 뒤 핀을 고르고, 첫 세트에서 궤적이 어깨·관절에 맞는지 확인하세요.

---

🎯 MACHINE FIT CHECK
🟢 시트/패드 → 몸에 맞춤
🟢 팔꿈치 → 미는/드는 방향
🟢 어깨 → 으쓱하지 않기
🟢 복귀 → 2~3초 통제

### 🔥 이것만 기억하세요

""팔꿈치를 고정하고 아래팔을만 신전. 끝에서 1초, 복귀는 통제.""","🏋️ ATLANTIS — T164 Triceps Extension · Precision Series

🎯 ONE KEY CUE
🔥 ""Fix the elbows and extend only the forearms""

Atlantis T164 Triceps Extension은 셀렉터라이즈드 삼두 익스텐션입니다 Lean into the selectorized stack design. Do not chase load until the setup feels locked in.

---

⚙️ ① Setup
🪑 Seat / pads
Fit the seat to your body so the start position sits naturally on the working joint.
🤲 Grip / hands
Take a comfortable grip width and keep the wrists stacked, not bent.
⚙️ Adjustments
Check 시트, 팔꿈치 패드, 핀 스택.

---

💪 ② Start position
Fix the elbows on the pad or at your sides. Kill torso swing.
Check only this:
👉 Elbows not drifting forward

---

🔥 ③ Execution
Torso stays quiet. Move only below the elbows.
Curl or extend only at the elbow, then reverse slowly.

---

💥 ④ Peak contraction
Stop where the target muscle is most shortened.
⏱️ 1-second STOP
Own that position for one second. This is not where you dump the weight.

---

🐌 ⑤ Controlled return
Do not dump the load.
Take 2–3 seconds on the way back.
Return on the same path you pressed or pulled.

---

❌ Common mistakes
❌ Letting the elbows drift so the shoulders take over
If position breaks, cut the load.
❌ Swinging the torso
If position breaks, cut the load.
❌ Over-bending the wrists
If position breaks, cut the load.

---

💡 MACHINE FIT PRO TIP
🔥 On Select (T164 Triceps Extension), the pin is your difficulty. Fit the seat first, choose the pin second, and confirm the path on set one.

---

🎯 MACHINE FIT CHECK
🟢 Seat/pad → fitted
🟢 Elbows → press/raise direction
🟢 Shoulders → not shrugged
🟢 Return → 2–3 sec control

### 🔥 Remember this

""Fix the elbows and extend only the forearms. One-second peak, controlled return."""
ATLANTIS,트라이셉스 프레스,Triceps Press,T163 Triceps Pushdown / PW163 Triceps Pushdown,PARTIALLY_VERIFIED,Atlantis Strength,Precision / Power Series,https://atlantisstrength.com/app/uploads/2024/08/atlantis_catalog_strength_july-2024.pdf,Atlantis T163·PW163은 트라이셉스 푸시다운 (카탈로그 '트라이셉스 푸시다운' → 카테고리 '트라이셉스 프레스' 매핑),"케이블 높이/암, 그립, 스택/플레이트","🏋️ ATLANTIS — T163 Triceps Pushdown / PW163 Triceps Pushdown · Precision / Power Series

🎯 ONE KEY CUE
🔥 ""팔꿈치를 옆구리에 붙이고 아래로 누르기""

Atlantis T163·PW163은 트라이셉스 푸시다운 (카탈로그 '트라이셉스 푸시다운' → 카테고리 '트라이셉스 프레스' 매핑). Atlantis plate/selector 구조입니다. 처음부터 무게 올리지 말고, 세팅부터 잡으세요.

---

⚙️ ① 기구 세팅
🤲 그립 / 손 위치
그립를 편안한 너비로 잡으세요. 손목이 꺾이지 않게 합니다.
⚙️ 조절 포인트
케이블 높이/암, 그립, 스택/플레이트를 확인하세요.
이 카테고리는 공식 명칭이 겹칠 수 있으니, 헬스장 기구의 실제 레버·패드 배치를 우선하세요.

---

💪 ② 시작 자세
팔꿈치 위치를 패드나 몸 옆에 고정합니다. 몸통 반동은 끕니다.
이 자세에서 이것만 확인하세요.
👉 팔꿈치가 앞으로 흘러가지 않는지

---

🔥 ③ 운동 방법
손잡이를 위에서 아래로 펴 내렸다 제어 복귀.
몸통은 고정, 팔꿈치 아래만 움직입니다.

---

💥 ④ 최고 수축
목표 근육이 가장 조여지는 끝 지점에서 멈춥니다.
⏱️ 1초 STOP
튕기지 말고 그 지점에서 1초만 소유하세요. 무게를 놓는 순간이 아닙니다.

---

🐌 ⑤ 천천히 돌아오기
중량을 그냥 놓지 마세요.
2~3초 동안 통제하면서 복귀합니다.
시작 자세로 돌아갈 때도 같은 궤적을 유지하세요.

---

❌ 흔한 실수
❌ 상체를 숙여 체중으로 누르는
자세가 무너지면 무게를 낮추세요.
❌ 팔꿈치가 앞으로 흘러가며 어깨가 개입하는 것
자세가 무너지면 무게를 낮추세요.
❌ 몸통 반동으로 올리는 것
템포를 늦추고 같은 궤적만 반복하세요.
❌ 손목을 과하게 꺾는 것
자세가 무너지면 무게를 낮추세요.

---

💡 MACHINE FIT PRO TIP
🔥 T163 Triceps Pushdown / PW163 Triceps Pushdown의 가이드 궤적을 이용하세요. 첫 2세트는 천천히, 대칭이 확인된 뒤에만 무게를 올립니다.

---

🎯 MACHINE FIT CHECK
🟢 시트/패드 → 몸에 맞춤
🟢 팔꿈치 → 미는/드는 방향
🟢 어깨 → 으쓱하지 않기
🟢 복귀 → 2~3초 통제

### 🔥 이것만 기억하세요

""팔꿈치를 옆구리에 붙이고 아래로 누르기. 끝에서 1초, 복귀는 통제.""","🏋️ ATLANTIS — T163 Triceps Pushdown / PW163 Triceps Pushdown · Precision / Power Series

🎯 ONE KEY CUE
🔥 ""Pin elbows to the sides and press straight down""

Atlantis T163·PW163은 트라이셉스 푸시다운 (카탈로그 '트라이셉스 푸시다운' → 카테고리 '트라이셉스 프레스' 매핑) Lean into the Atlantis plate/selector design. Do not chase load until the setup feels locked in.

---

⚙️ ① Setup
🤲 Grip / hands
Take a comfortable grip width and keep the wrists stacked, not bent.
⚙️ Adjustments
Check 케이블 높이/암, 그립, 스택/플레이트.
Naming can overlap in this category — trust the levers and pads on the unit in front of you.

---

💪 ② Start position
Fix the elbows on the pad or at your sides. Kill torso swing.
Check only this:
👉 Elbows not drifting forward

---

🔥 ③ Execution
Torso stays quiet. Move only below the elbows.
Curl or extend only at the elbow, then reverse slowly.

---

💥 ④ Peak contraction
Stop where the target muscle is most shortened.
⏱️ 1-second STOP
Own that position for one second. This is not where you dump the weight.

---

🐌 ⑤ Controlled return
Do not dump the load.
Take 2–3 seconds on the way back.
Return on the same path you pressed or pulled.

---

❌ Common mistakes
❌ Letting the elbows drift so the shoulders take over
If position breaks, cut the load.
❌ Swinging the torso
If position breaks, cut the load.
❌ Over-bending the wrists
If position breaks, cut the load.

---

💡 MACHINE FIT PRO TIP
🔥 Use the guided path on T163 Triceps Pushdown / PW163 Triceps Pushdown. Slow the first two sets, confirm symmetry, then add load.

---

🎯 MACHINE FIT CHECK
🟢 Seat/pad → fitted
🟢 Elbows → press/raise direction
🟢 Shoulders → not shrugged
🟢 Return → 2–3 sec control

### 🔥 Remember this

""Pin elbows to the sides and press straight down. One-second peak, controlled return."""
ATLANTIS,딥 / 트라이셉스 머신,Dip / Triceps Machine,P245 Dip Bars,PARTIALLY_VERIFIED,Atlantis Strength,Precision Series,https://atlantisstrength.com/gym-equipment/d131,Atlantis P245 Dip Bars는 고정형 딥 스테이션 (카탈로그 '딥 머신' → 카테고리 '딥 / 트라이셉스 머신' 매핑),"그립 폭, 스탠스(바디웨이트)","🏋️ ATLANTIS — P245 Dip Bars · Precision Series

🎯 ONE KEY CUE
🔥 ""어깨를 귀에서 멀리 내린 채 팔꿈치로 하강""

Atlantis P245 Dip Bars는 고정형 딥 스테이션 (카탈로그 '딥 머신' → 카테고리 '딥 / 트라이셉스 머신' 매핑). Atlantis plate/selector 구조입니다. 처음부터 무게 올리지 말고, 세팅부터 잡으세요.

---

⚙️ ① 기구 세팅
🤲 그립 / 손 위치
그립 폭를 편안한 너비로 잡으세요. 손목이 꺾이지 않게 합니다.
⚙️ 조절 포인트
그립 폭, 스탠스(바디웨이트)를 확인하세요.
이 카테고리는 공식 명칭이 겹칠 수 있으니, 헬스장 기구의 실제 레버·패드 배치를 우선하세요.

---

💪 ② 시작 자세
팔꿈치 위치를 패드나 몸 옆에 고정합니다. 몸통 반동은 끕니다.
이 자세에서 이것만 확인하세요.
👉 팔꿈치가 앞으로 흘러가지 않는지

---

🔥 ③ 운동 방법
바를 잡고 몸을 내려 삼두·가슴으로 밀어 올리기.
몸통은 고정, 팔꿈치 아래만 움직입니다.

---

💥 ④ 최고 수축
목표 근육이 가장 조여지는 끝 지점에서 멈춥니다.
⏱️ 1초 STOP
튕기지 말고 그 지점에서 1초만 소유하세요. 무게를 놓는 순간이 아닙니다.

---

🐌 ⑤ 천천히 돌아오기
중량을 그냥 놓지 마세요.
2~3초 동안 통제하면서 복귀합니다.
시작 자세로 돌아갈 때도 같은 궤적을 유지하세요.

---

❌ 흔한 실수
❌ 어깨를 으쓱하며 깊이만 억지로 파는
어깨를 귀에서 멀리 두고 다시 시작하세요.
❌ 팔꿈치가 앞으로 흘러가며 어깨가 개입하는 것
자세가 무너지면 무게를 낮추세요.
❌ 몸통 반동으로 올리는 것
템포를 늦추고 같은 궤적만 반복하세요.
❌ 손목을 과하게 꺾는 것
자세가 무너지면 무게를 낮추세요.

---

💡 MACHINE FIT PRO TIP
🔥 P245 Dip Bars의 가이드 궤적을 이용하세요. 첫 2세트는 천천히, 대칭이 확인된 뒤에만 무게를 올립니다.

---

🎯 MACHINE FIT CHECK
🟢 시트/패드 → 몸에 맞춤
🟢 팔꿈치 → 미는/드는 방향
🟢 어깨 → 으쓱하지 않기
🟢 복귀 → 2~3초 통제

### 🔥 이것만 기억하세요

""어깨를 귀에서 멀리 내린 채 팔꿈치로 하강. 끝에서 1초, 복귀는 통제.""","🏋️ ATLANTIS — P245 Dip Bars · Precision Series

🎯 ONE KEY CUE
🔥 ""Keep shoulders down and lower through the elbows""

Atlantis P245 Dip Bars는 고정형 딥 스테이션 (카탈로그 '딥 머신' → 카테고리 '딥 / 트라이셉스 머신' 매핑) Lean into the Atlantis plate/selector design. Do not chase load until the setup feels locked in.

---

⚙️ ① Setup
🤲 Grip / hands
Take a comfortable grip width and keep the wrists stacked, not bent.
⚙️ Adjustments
Check 그립 폭, 스탠스(바디웨이트).
Naming can overlap in this category — trust the levers and pads on the unit in front of you.

---

💪 ② Start position
Fix the elbows on the pad or at your sides. Kill torso swing.
Check only this:
👉 Elbows not drifting forward

---

🔥 ③ Execution
Torso stays quiet. Move only below the elbows.
Curl or extend only at the elbow, then reverse slowly.

---

💥 ④ Peak contraction
Stop where the target muscle is most shortened.
⏱️ 1-second STOP
Own that position for one second. This is not where you dump the weight.

---

🐌 ⑤ Controlled return
Do not dump the load.
Take 2–3 seconds on the way back.
Return on the same path you pressed or pulled.

---

❌ Common mistakes
❌ Letting the elbows drift so the shoulders take over
If position breaks, cut the load.
❌ Swinging the torso
If position breaks, cut the load.
❌ Over-bending the wrists
If position breaks, cut the load.

---

💡 MACHINE FIT PRO TIP
🔥 Use the guided path on P245 Dip Bars. Slow the first two sets, confirm symmetry, then add load.

---

🎯 MACHINE FIT CHECK
🟢 Seat/pad → fitted
🟢 Elbows → press/raise direction
🟢 Shoulders → not shrugged
🟢 Return → 2–3 sec control

### 🔥 Remember this

""Keep shoulders down and lower through the elbows. One-second peak, controlled return."""
ATLANTIS,바이셉스 / 트라이셉스 복합 머신,Biceps / Triceps Combo,B457 Biceps-Triceps Combo Machine,PARTIALLY_VERIFIED,Atlantis Strength,Precision Series,https://atlantisstrength.com/app/uploads/2024/08/atlantis_catalog_strength_july-2024.pdf,Atlantis B457 Biceps-Triceps Combo는 이두·삼두 콤보 (카탈로그 '바이셉 트라이셉 콤보' → 카테고리 '바이셉스 / 트라이셉스 복합 머신' 매핑),"시트, 암 전환, 핀 스택","🏋️ ATLANTIS — B457 Biceps-Triceps Combo Machine · Precision Series

🎯 ONE KEY CUE
🔥 ""컬과 익스텐션을 전환할 때 팔꿈치 고정점 재확인""

Atlantis B457 Biceps-Triceps Combo는 이두·삼두 콤보 (카탈로그 '바이셉 트라이셉 콤보' → 카테고리 '바이셉스 / 트라이셉스 복합 머신' 매핑). 아틀란티스 Plate Loaded(P)·Selectorized 궤적을 그대로 타는 게 핵심입니다. 처음부터 무게 올리지 말고, 세팅부터 잡으세요.

---

⚙️ ① 기구 세팅
🪑 좌석 / 패드
시트를 몸에 맞추세요. 시작 위치가 어깨·관절에 자연스럽게 오는지 확인합니다.
🤲 그립 / 손 위치
손잡이를 편안한 너비로 잡으세요. 손목이 꺾이지 않게 합니다.
⚙️ 조절 포인트
시트, 암 전환, 핀 스택을 확인하세요.
이 카테고리는 공식 명칭이 겹칠 수 있으니, 헬스장 기구의 실제 레버·패드 배치를 우선하세요.

---

💪 ② 시작 자세
팔꿈치 위치를 패드나 몸 옆에 고정합니다. 몸통 반동은 끕니다.
이 자세에서 이것만 확인하세요.
👉 팔꿈치가 앞으로 흘러가지 않는지

---

🔥 ③ 운동 방법
한 머신에서 바이셉스 컬과 트라이셉스 익스텐션.
몸통은 고정, 팔꿈치 아래만 움직입니다.

---

💥 ④ 최고 수축
목표 근육이 가장 조여지는 끝 지점에서 멈춥니다.
⏱️ 1초 STOP
튕기지 말고 그 지점에서 1초만 소유하세요. 무게를 놓는 순간이 아닙니다.

---

🐌 ⑤ 천천히 돌아오기
중량을 그냥 놓지 마세요.
2~3초 동안 통제하면서 복귀합니다.
시작 자세로 돌아갈 때도 같은 궤적을 유지하세요.

---

❌ 흔한 실수
❌ 전환 없이 어중간한 각도로 두 동작을 섞는
자세가 무너지면 무게를 낮추세요.
❌ 팔꿈치가 앞으로 흘러가며 어깨가 개입하는 것
자세가 무너지면 무게를 낮추세요.
❌ 몸통 반동으로 올리는 것
템포를 늦추고 같은 궤적만 반복하세요.
❌ 손목을 과하게 꺾는 것
자세가 무너지면 무게를 낮추세요.

---

💡 MACHINE FIT PRO TIP
🔥 B457 Biceps-Triceps Combo Machine의 가이드 궤적을 이용하세요. 첫 2세트는 천천히, 대칭이 확인된 뒤에만 무게를 올립니다.

---

🎯 MACHINE FIT CHECK
🟢 시트/패드 → 몸에 맞춤
🟢 팔꿈치 → 미는/드는 방향
🟢 어깨 → 으쓱하지 않기
🟢 복귀 → 2~3초 통제

### 🔥 이것만 기억하세요

""컬과 익스텐션을 전환할 때 팔꿈치 고정점 재확인. 끝에서 1초, 복귀는 통제.""","🏋️ ATLANTIS — B457 Biceps-Triceps Combo Machine · Precision Series

🎯 ONE KEY CUE
🔥 ""Reset the elbow fulcrum when switching curl and extension""

Atlantis B457 Biceps-Triceps Combo는 이두·삼두 콤보 (카탈로그 '바이셉 트라이셉 콤보' → 카테고리 '바이셉스 / 트라이셉스 복합 머신' 매핑) Ride the Atlantis Plate Loaded (P) / Selectorized path instead of fighting it. Do not chase load until the setup feels locked in.

---

⚙️ ① Setup
🪑 Seat / pads
Fit the seat to your body so the start position sits naturally on the working joint.
🤲 Grip / hands
Take a comfortable grip width and keep the wrists stacked, not bent.
⚙️ Adjustments
Check 시트, 암 전환, 핀 스택.
Naming can overlap in this category — trust the levers and pads on the unit in front of you.

---

💪 ② Start position
Fix the elbows on the pad or at your sides. Kill torso swing.
Check only this:
👉 Elbows not drifting forward

---

🔥 ③ Execution
Torso stays quiet. Move only below the elbows.
Curl or extend only at the elbow, then reverse slowly.

---

💥 ④ Peak contraction
Stop where the target muscle is most shortened.
⏱️ 1-second STOP
Own that position for one second. This is not where you dump the weight.

---

🐌 ⑤ Controlled return
Do not dump the load.
Take 2–3 seconds on the way back.
Return on the same path you pressed or pulled.

---

❌ Common mistakes
❌ Letting the elbows drift so the shoulders take over
If position breaks, cut the load.
❌ Swinging the torso
If position breaks, cut the load.
❌ Over-bending the wrists
If position breaks, cut the load.

---

💡 MACHINE FIT PRO TIP
🔥 Use the guided path on B457 Biceps-Triceps Combo Machine. Slow the first two sets, confirm symmetry, then add load.

---

🎯 MACHINE FIT CHECK
🟢 Seat/pad → fitted
🟢 Elbows → press/raise direction
🟢 Shoulders → not shrugged
🟢 Return → 2–3 sec control

### 🔥 Remember this

""Reset the elbow fulcrum when switching curl and extension. One-second peak, controlled return."""
ATLANTIS,앱 크런치,Ab Crunch,A301 Dual Seated Crunch / A305 Seated Crunch,PARTIALLY_VERIFIED,Atlantis Strength,Precision Series,https://atlantisstrength.com/gym-equipment/precision-series,Atlantis A301·A305는 시티드 복근(크런치) 머신 (카탈로그 '복근 머신' → 카테고리 '앱 크런치' 매핑),"시트, 흉/어깨 패드, 핀 스택","🏋️ ATLANTIS — A301 Dual Seated Crunch / A305 Seated Crunch · Precision Series

🎯 ONE KEY CUE
🔥 ""골반을 고정하고 갈비뼈를 골반으로 당기기""

Atlantis A301·A305는 시티드 복근(크런치) 머신 (카탈로그 '복근 머신' → 카테고리 '앱 크런치' 매핑). 아틀란티스 Plate Loaded(P)·Selectorized 궤적을 그대로 타는 게 핵심입니다. 처음부터 무게 올리지 말고, 세팅부터 잡으세요.

---

⚙️ ① 기구 세팅
🪑 좌석 / 패드
시트를 몸에 맞추세요. 시작 위치가 어깨·관절에 자연스럽게 오는지 확인합니다.
⚙️ 조절 포인트
시트, 흉/어깨 패드, 핀 스택을 확인하세요.
이 카테고리는 공식 명칭이 겹칠 수 있으니, 헬스장 기구의 실제 레버·패드 배치를 우선하세요.

---

💪 ② 시작 자세
골반을 안정시키고 목으로 당길 생각을 지웁니다.
이 자세에서 이것만 확인하세요.
👉 골반이 고정돼 있는지

---

🔥 ③ 운동 방법
앉아서 상체를 앞으로 말아 수축 후 복귀.
갈비뼈를 골반 쪽으로 말아 올리는 느낌으로 수축하세요.

---

💥 ④ 최고 수축
목표 근육이 가장 조여지는 끝 지점에서 멈춥니다.
⏱️ 1초 STOP
튕기지 말고 그 지점에서 1초만 소유하세요. 무게를 놓는 순간이 아닙니다.

---

🐌 ⑤ 천천히 돌아오기
중량을 그냥 놓지 마세요.
2~3초 동안 통제하면서 복귀합니다.
시작 자세로 돌아갈 때도 같은 궤적을 유지하세요.

---

❌ 흔한 실수
❌ 팔로 패드를 잡아채며 목만 숙이는
자세가 무너지면 무게를 낮추세요.
❌ 목으로 당겨 몸통을 접는 것
갈비뼈를 골반 쪽으로 만다는 느낌으로 바꾸세요.
❌ 골반이 뜨며 반동을 쓰는 것
템포를 늦추고 같은 궤적만 반복하세요.
❌ 너무 큰 범위로 과하게 꺾는 것
자세가 무너지면 무게를 낮추세요.

---

💡 MACHINE FIT PRO TIP
🔥 A301 Dual Seated Crunch / A305 Seated Crunch의 가이드 궤적을 이용하세요. 첫 2세트는 천천히, 대칭이 확인된 뒤에만 무게를 올립니다.

---

🎯 MACHINE FIT CHECK
🟢 시트/패드 → 몸에 맞춤
🟢 몸통 → 브레스·고정
🟢 어깨 → 으쓱하지 않기
🟢 복귀 → 2~3초 통제

### 🔥 이것만 기억하세요

""목 말고 몸통으로, 끝에서 조이고 천천히.""","🏋️ ATLANTIS — A301 Dual Seated Crunch / A305 Seated Crunch · Precision Series

🎯 ONE KEY CUE
🔥 ""Lock the pelvis and pull the ribs toward the hips""

Atlantis A301·A305는 시티드 복근(크런치) 머신 (카탈로그 '복근 머신' → 카테고리 '앱 크런치' 매핑) Ride the Atlantis Plate Loaded (P) / Selectorized path instead of fighting it. Do not chase load until the setup feels locked in.

---

⚙️ ① Setup
🪑 Seat / pads
Fit the seat to your body so the start position sits naturally on the working joint.
⚙️ Adjustments
Check 시트, 흉/어깨 패드, 핀 스택.
Naming can overlap in this category — trust the levers and pads on the unit in front of you.

---

💪 ② Start position
Stabilize the pelvis and stop thinking about pulling with the neck.
Check only this:
👉 Pelvis locked

---

🔥 ③ Execution
Curl the ribcage toward the pelvis.
Curl or rotate through the torso, then return without momentum.

---

💥 ④ Peak contraction
Stop where the target muscle is most shortened.
⏱️ 1-second STOP
Own that position for one second. This is not where you dump the weight.

---

🐌 ⑤ Controlled return
Do not dump the load.
Take 2–3 seconds on the way back.
Return on the same path you pressed or pulled.

---

❌ Common mistakes
❌ Pulling with the neck
Curl ribs toward the pelvis instead.
❌ Lifting the pelvis and using momentum
Slow the tempo and repeat one clean path.
❌ Forcing an excessive range
If position breaks, cut the load.

---

💡 MACHINE FIT PRO TIP
🔥 Use the guided path on A301 Dual Seated Crunch / A305 Seated Crunch. Slow the first two sets, confirm symmetry, then add load.

---

🎯 MACHINE FIT CHECK
🟢 Seat/pad → fitted
🟢 Torso → braced
🟢 Shoulders → not shrugged
🟢 Return → 2–3 sec control

### 🔥 Remember this

""Torso curl, squeeze, slow return — not the neck."""
ATLANTIS,어브도미널,Abdominal,A301 Dual Seated Crunch / A305 Seated Crunch,PARTIALLY_VERIFIED,Atlantis Strength,Precision Series,https://atlantisstrength.com/gym-equipment/precision-series,Atlantis A301·A305는 시티드 복근(크런치) 머신 (카탈로그 '복근 머신' → 카테고리 '어브도미널' 매핑),"시트, 흉/어깨 패드, 핀 스택","🏋️ ATLANTIS — A301 Dual Seated Crunch / A305 Seated Crunch · Precision Series

🎯 ONE KEY CUE
🔥 ""골반을 고정하고 갈비뼈를 골반으로 당기기""

Atlantis A301·A305는 시티드 복근(크런치) 머신 (카탈로그 '복근 머신' → 카테고리 '어브도미널' 매핑). 아틀란티스 Plate Loaded(P)·Selectorized 궤적을 그대로 타는 게 핵심입니다. 처음부터 무게 올리지 말고, 세팅부터 잡으세요.

---

⚙️ ① 기구 세팅
🪑 좌석 / 패드
시트를 몸에 맞추세요. 시작 위치가 어깨·관절에 자연스럽게 오는지 확인합니다.
⚙️ 조절 포인트
시트, 흉/어깨 패드, 핀 스택을 확인하세요.
이 카테고리는 공식 명칭이 겹칠 수 있으니, 헬스장 기구의 실제 레버·패드 배치를 우선하세요.

---

💪 ② 시작 자세
골반을 안정시키고 목으로 당길 생각을 지웁니다.
이 자세에서 이것만 확인하세요.
👉 골반이 고정돼 있는지

---

🔥 ③ 운동 방법
앉아서 상체를 앞으로 말아 수축 후 복귀.
갈비뼈를 골반 쪽으로 말아 올리는 느낌으로 수축하세요.

---

💥 ④ 최고 수축
목표 근육이 가장 조여지는 끝 지점에서 멈춥니다.
⏱️ 1초 STOP
튕기지 말고 그 지점에서 1초만 소유하세요. 무게를 놓는 순간이 아닙니다.

---

🐌 ⑤ 천천히 돌아오기
중량을 그냥 놓지 마세요.
2~3초 동안 통제하면서 복귀합니다.
시작 자세로 돌아갈 때도 같은 궤적을 유지하세요.

---

❌ 흔한 실수
❌ 팔로 패드를 잡아채며 목만 숙이는
자세가 무너지면 무게를 낮추세요.
❌ 목으로 당겨 몸통을 접는 것
갈비뼈를 골반 쪽으로 만다는 느낌으로 바꾸세요.
❌ 골반이 뜨며 반동을 쓰는 것
템포를 늦추고 같은 궤적만 반복하세요.
❌ 너무 큰 범위로 과하게 꺾는 것
자세가 무너지면 무게를 낮추세요.

---

💡 MACHINE FIT PRO TIP
🔥 A301 Dual Seated Crunch / A305 Seated Crunch의 가이드 궤적을 이용하세요. 첫 2세트는 천천히, 대칭이 확인된 뒤에만 무게를 올립니다.

---

🎯 MACHINE FIT CHECK
🟢 시트/패드 → 몸에 맞춤
🟢 몸통 → 브레스·고정
🟢 어깨 → 으쓱하지 않기
🟢 복귀 → 2~3초 통제

### 🔥 이것만 기억하세요

""목 말고 몸통으로, 끝에서 조이고 천천히.""","🏋️ ATLANTIS — A301 Dual Seated Crunch / A305 Seated Crunch · Precision Series

🎯 ONE KEY CUE
🔥 ""Lock the pelvis and pull the ribs toward the hips""

Atlantis A301·A305는 시티드 복근(크런치) 머신 (카탈로그 '복근 머신' → 카테고리 '어브도미널' 매핑) Ride the Atlantis Plate Loaded (P) / Selectorized path instead of fighting it. Do not chase load until the setup feels locked in.

---

⚙️ ① Setup
🪑 Seat / pads
Fit the seat to your body so the start position sits naturally on the working joint.
⚙️ Adjustments
Check 시트, 흉/어깨 패드, 핀 스택.
Naming can overlap in this category — trust the levers and pads on the unit in front of you.

---

💪 ② Start position
Stabilize the pelvis and stop thinking about pulling with the neck.
Check only this:
👉 Pelvis locked

---

🔥 ③ Execution
Curl the ribcage toward the pelvis.
Curl or rotate through the torso, then return without momentum.

---

💥 ④ Peak contraction
Stop where the target muscle is most shortened.
⏱️ 1-second STOP
Own that position for one second. This is not where you dump the weight.

---

🐌 ⑤ Controlled return
Do not dump the load.
Take 2–3 seconds on the way back.
Return on the same path you pressed or pulled.

---

❌ Common mistakes
❌ Pulling with the neck
Curl ribs toward the pelvis instead.
❌ Lifting the pelvis and using momentum
Slow the tempo and repeat one clean path.
❌ Forcing an excessive range
If position breaks, cut the load.

---

💡 MACHINE FIT PRO TIP
🔥 Use the guided path on A301 Dual Seated Crunch / A305 Seated Crunch. Slow the first two sets, confirm symmetry, then add load.

---

🎯 MACHINE FIT CHECK
🟢 Seat/pad → fitted
🟢 Torso → braced
🟢 Shoulders → not shrugged
🟢 Return → 2–3 sec control

### 🔥 Remember this

""Torso curl, squeeze, slow return — not the neck."""
ATLANTIS,로터리 토르소,Rotary Torso,A274 Abdominal Rotation,PARTIALLY_VERIFIED,Atlantis Strength,Precision Series,https://atlantisstrength.com/app/uploads/2024/08/atlantis_catalog_strength_july-2024.pdf,Atlantis A274 Abdominal Rotation은 토르소 로테이션 머신 (카탈로그 '토르소 로테이션' → 카테고리 '로터리 토르소' 매핑),"시트, 회전 시작 각도, 핀 스택","🏋️ ATLANTIS — A274 Abdominal Rotation · Precision Series

🎯 ONE KEY CUE
🔥 ""골반은 고정하고 흉곽만 회전""

Atlantis A274 Abdominal Rotation은 토르소 로테이션 머신 (카탈로그 '토르소 로테이션' → 카테고리 '로터리 토르소' 매핑). 아틀란티스 Plate Loaded(P)·Selectorized 궤적을 그대로 타는 게 핵심입니다. 처음부터 무게 올리지 말고, 세팅부터 잡으세요.

---

⚙️ ① 기구 세팅
🪑 좌석 / 패드
시트를 몸에 맞추세요. 시작 위치가 어깨·관절에 자연스럽게 오는지 확인합니다.
⚙️ 조절 포인트
시트, 회전 시작 각도, 핀 스택을 확인하세요.
이 카테고리는 공식 명칭이 겹칠 수 있으니, 헬스장 기구의 실제 레버·패드 배치를 우선하세요.

---

💪 ② 시작 자세
골반을 안정시키고 목으로 당길 생각을 지웁니다.
이 자세에서 이것만 확인하세요.
👉 골반이 고정돼 있는지

---

🔥 ③ 운동 방법
손잡이/패드를 좌우로 회전했다 복귀.
갈비뼈를 골반 쪽으로 말아 올리는 느낌으로 수축하세요.

---

💥 ④ 최고 수축
목표 근육이 가장 조여지는 끝 지점에서 멈춥니다.
⏱️ 1초 STOP
튕기지 말고 그 지점에서 1초만 소유하세요. 무게를 놓는 순간이 아닙니다.

---

🐌 ⑤ 천천히 돌아오기
중량을 그냥 놓지 마세요.
2~3초 동안 통제하면서 복귀합니다.
시작 자세로 돌아갈 때도 같은 궤적을 유지하세요.

---

❌ 흔한 실수
❌ 엉덩이까지 같이 돌려 반동을 쓰는
템포를 늦추고 같은 궤적만 반복하세요.
❌ 목으로 당겨 몸통을 접는 것
갈비뼈를 골반 쪽으로 만다는 느낌으로 바꾸세요.
❌ 골반이 뜨며 반동을 쓰는 것
템포를 늦추고 같은 궤적만 반복하세요.
❌ 너무 큰 범위로 과하게 꺾는 것
자세가 무너지면 무게를 낮추세요.

---

💡 MACHINE FIT PRO TIP
🔥 A274 Abdominal Rotation의 가이드 궤적을 이용하세요. 첫 2세트는 천천히, 대칭이 확인된 뒤에만 무게를 올립니다.

---

🎯 MACHINE FIT CHECK
🟢 시트/패드 → 몸에 맞춤
🟢 몸통 → 브레스·고정
🟢 어깨 → 으쓱하지 않기
🟢 복귀 → 2~3초 통제

### 🔥 이것만 기억하세요

""목 말고 몸통으로, 끝에서 조이고 천천히.""","🏋️ ATLANTIS — A274 Abdominal Rotation · Precision Series

🎯 ONE KEY CUE
🔥 ""Keep the pelvis still and rotate only the ribcage""

Atlantis A274 Abdominal Rotation은 토르소 로테이션 머신 (카탈로그 '토르소 로테이션' → 카테고리 '로터리 토르소' 매핑) Ride the Atlantis Plate Loaded (P) / Selectorized path instead of fighting it. Do not chase load until the setup feels locked in.

---

⚙️ ① Setup
🪑 Seat / pads
Fit the seat to your body so the start position sits naturally on the working joint.
⚙️ Adjustments
Check 시트, 회전 시작 각도, 핀 스택.
Naming can overlap in this category — trust the levers and pads on the unit in front of you.

---

💪 ② Start position
Stabilize the pelvis and stop thinking about pulling with the neck.
Check only this:
👉 Pelvis locked

---

🔥 ③ Execution
Curl the ribcage toward the pelvis.
Curl or rotate through the torso, then return without momentum.

---

💥 ④ Peak contraction
Stop where the target muscle is most shortened.
⏱️ 1-second STOP
Own that position for one second. This is not where you dump the weight.

---

🐌 ⑤ Controlled return
Do not dump the load.
Take 2–3 seconds on the way back.
Return on the same path you pressed or pulled.

---

❌ Common mistakes
❌ Pulling with the neck
Curl ribs toward the pelvis instead.
❌ Lifting the pelvis and using momentum
Slow the tempo and repeat one clean path.
❌ Forcing an excessive range
If position breaks, cut the load.

---

💡 MACHINE FIT PRO TIP
🔥 Use the guided path on A274 Abdominal Rotation. Slow the first two sets, confirm symmetry, then add load.

---

🎯 MACHINE FIT CHECK
🟢 Seat/pad → fitted
🟢 Torso → braced
🟢 Shoulders → not shrugged
🟢 Return → 2–3 sec control

### 🔥 Remember this

""Torso curl, squeeze, slow return — not the neck."""
ATLANTIS,사이드 밴드,Side Bend,,BRAND_MODEL_NOT_FOUND,Atlantis Strength,,https://atlantisstrength.com/app/uploads/2024/08/atlantis_catalog_strength_july-2024.pdf,Atlantis 카탈로그에 Side Bend 전용 머신 SKU는 확인되지 않습니다,패드/스탠스(하이퍼에서 대체 시),"🏋️ ATLANTIS — 사이드 밴드

🎯 ONE KEY CUE
🔥 ""골반을 고정하고 옆구리를 짧게 측굴""

아틀란티스 전용 모델이 없는 카테고리입니다. 헬스장에 있는 실제 기구의 패드·레버·안전장치를 먼저 확인한 뒤, 아래 패턴으로 움직이세요.

---

⚙️ ① 기구 세팅
🪑 좌석 / 패드
시트를 몸에 맞추세요. 시작 위치가 목표 관절 높이에 오는지 확인합니다.
⚙️ 조절 포인트
패드/스탠스(하이퍼에서 대체 시)를 확인하세요.

---

💪 ② 시작 자세
골반을 안정시키고 목으로 당길 생각을 지웁니다.
이 자세에서 이것만 확인하세요.
👉 골반이 고정돼 있는지

---

🔥 ③ 운동 방법
상체를 옆으로 숙였다 중립으로 복귀.
갈비뼈를 골반 쪽으로 말아 올리는 느낌으로 수축하세요.

---

💥 ④ 최고 수축
목표 근육이 가장 조여지는 끝 지점에서 멈춥니다.
⏱️ 1초 STOP
튕기지 말고 그 지점에서 1초만 소유하세요. 무게를 놓는 순간이 아닙니다.

---

🐌 ⑤ 천천히 돌아오기
중량을 그냥 놓지 마세요.
2~3초 동안 통제하면서 복귀합니다.
시작 자세로 돌아갈 때도 같은 궤적을 유지하세요.

---

❌ 흔한 실수
❌ 과도한 측굴로 요추를 비트는
깊이보다 골반 고정이 먼저입니다. 허리가 뜨면 범위를 줄이세요.
❌ 목으로 당겨 몸통을 접는 것
갈비뼈를 골반 쪽으로 만다는 느낌으로 바꾸세요.
❌ 골반이 뜨며 반동을 쓰는 것
템포를 늦추고 같은 궤적만 반복하세요.
❌ 너무 큰 범위로 과하게 꺾는 것
자세가 무너지면 무게를 낮추세요.

---

💡 MACHINE FIT PRO TIP
🔥 이 항목은 해머 스트렝스 전용 SKU가 없습니다. ""사이드 밴드""로 분류된 실제 기구의 패드·레버·안전장치만 믿고, 가벼운 무게로 5회 리허설 후 본 세트를 시작하세요.

---

🎯 MACHINE FIT CHECK
🟢 시트/패드 → 몸에 맞춤
🟢 몸통 → 브레스·고정
🟢 어깨 → 으쓱하지 않기
🟢 복귀 → 2~3초 통제

### 🔥 이것만 기억하세요

""목 말고 몸통으로, 끝에서 조이고 천천히.""","🏋️ ATLANTIS — Side Bend

🎯 ONE KEY CUE
🔥 ""Fix the pelvis and shorten the side briefly""

There is no dedicated Atlantis SKU for this category. Confirm pads, levers, and safeties on the unit in your gym, then follow the movement pattern below.

---

⚙️ ① Setup
🪑 Seat / pads
Fit the seat to your body so the start position sits naturally on the working joint.
⚙️ Adjustments
Check 패드/스탠스(하이퍼에서 대체 시).

---

💪 ② Start position
Stabilize the pelvis and stop thinking about pulling with the neck.
Check only this:
👉 Pelvis locked

---

🔥 ③ Execution
Curl the ribcage toward the pelvis.
Curl or rotate through the torso, then return without momentum.

---

💥 ④ Peak contraction
Stop where the target muscle is most shortened.
⏱️ 1-second STOP
Own that position for one second. This is not where you dump the weight.

---

🐌 ⑤ Controlled return
Do not dump the load.
Take 2–3 seconds on the way back.
Return on the same path you pressed or pulled.

---

❌ Common mistakes
❌ Pulling with the neck
Curl ribs toward the pelvis instead.
❌ Lifting the pelvis and using momentum
Slow the tempo and repeat one clean path.
❌ Forcing an excessive range
If position breaks, cut the load.

---

💡 MACHINE FIT PRO TIP
🔥 No dedicated Hammer Strength SKU for this slot. Trust the pads/levers/safeties on the unit labeled like ""Side Bend"", rehearse five light reps, then start working sets.

---

🎯 MACHINE FIT CHECK
🟢 Seat/pad → fitted
🟢 Torso → braced
🟢 Shoulders → not shrugged
🟢 Return → 2–3 sec control

### 🔥 Remember this

""Torso curl, squeeze, slow return — not the neck."""
ATLANTIS,백 익스텐션,Back Extension,D134 Lower Back Extension,VERIFIED,Atlantis Strength,Precision Series,https://www.bcrpa.bc.ca/media/361919/atlantis_product_catalog.pdf,Atlantis D134 Lower Back Extension은 셀렉터라이즈드 백 익스텐션입니다,"등판/패드, ROM, 핀 스택","🏋️ ATLANTIS — D134 Lower Back Extension · Precision Series

🎯 ONE KEY CUE
🔥 ""둔근·햄으로 상체를 펴며 과신전 금지""

Atlantis D134 Lower Back Extension은 셀렉터라이즈드 백 익스텐션. 셀렉터 스택 구조입니다. 처음부터 무게 올리지 말고, 세팅부터 잡으세요.

---

⚙️ ① 기구 세팅
🪑 좌석 / 패드
시트를 몸에 맞추세요. 시작 위치가 목표 관절 높이에 오는지 확인합니다.
⚙️ 조절 포인트
등판/패드, ROM, 핀 스택을 확인하세요.

---

💪 ② 시작 자세
골반을 안정시키고 목으로 당길 생각을 지웁니다.
이 자세에서 이것만 확인하세요.
👉 골반이 고정돼 있는지

---

🔥 ③ 운동 방법
굴곡에서 패드를 밀어 신전했다 제어 복귀.
갈비뼈를 골반 쪽으로 말아 올리는 느낌으로 수축하세요.

---

💥 ④ 최고 수축
목표 근육이 가장 조여지는 끝 지점에서 멈춥니다.
⏱️ 1초 STOP
튕기지 말고 그 지점에서 1초만 소유하세요. 무게를 놓는 순간이 아닙니다.

---

🐌 ⑤ 천천히 돌아오기
중량을 그냥 놓지 마세요.
2~3초 동안 통제하면서 복귀합니다.
시작 자세로 돌아갈 때도 같은 궤적을 유지하세요.

---

❌ 흔한 실수
❌ 끝에서 허리를 꺾어 과신전하는
자세가 무너지면 무게를 낮추세요.
❌ 목으로 당겨 몸통을 접는 것
갈비뼈를 골반 쪽으로 만다는 느낌으로 바꾸세요.
❌ 골반이 뜨며 반동을 쓰는 것
템포를 늦추고 같은 궤적만 반복하세요.
❌ 너무 큰 범위로 과하게 꺾는 것
자세가 무너지면 무게를 낮추세요.

---

💡 MACHINE FIT PRO TIP
🔥 Select 라인(D134 Lower Back Extension)은 스택 핀 위치가 곧 시작 난이도입니다. 시트부터 맞춘 뒤 핀을 고르고, 첫 세트에서 궤적이 어깨·관절에 맞는지 확인하세요.

---

🎯 MACHINE FIT CHECK
🟢 시트/패드 → 몸에 맞춤
🟢 몸통 → 브레스·고정
🟢 어깨 → 으쓱하지 않기
🟢 복귀 → 2~3초 통제

### 🔥 이것만 기억하세요

""목 말고 몸통으로, 끝에서 조이고 천천히.""","🏋️ ATLANTIS — D134 Lower Back Extension · Precision Series

🎯 ONE KEY CUE
🔥 ""Extend through glutes and hams; avoid hyperextension""

Atlantis D134 Lower Back Extension은 셀렉터라이즈드 백 익스텐션입니다 Lean into the selectorized stack design. Do not chase load until the setup feels locked in.

---

⚙️ ① Setup
🪑 Seat / pads
Fit the seat to your body so the start position sits naturally on the working joint.
⚙️ Adjustments
Check 등판/패드, ROM, 핀 스택.

---

💪 ② Start position
Stabilize the pelvis and stop thinking about pulling with the neck.
Check only this:
👉 Pelvis locked

---

🔥 ③ Execution
Curl the ribcage toward the pelvis.
Curl or rotate through the torso, then return without momentum.

---

💥 ④ Peak contraction
Stop where the target muscle is most shortened.
⏱️ 1-second STOP
Own that position for one second. This is not where you dump the weight.

---

🐌 ⑤ Controlled return
Do not dump the load.
Take 2–3 seconds on the way back.
Return on the same path you pressed or pulled.

---

❌ Common mistakes
❌ Pulling with the neck
Curl ribs toward the pelvis instead.
❌ Lifting the pelvis and using momentum
Slow the tempo and repeat one clean path.
❌ Forcing an excessive range
If position breaks, cut the load.

---

💡 MACHINE FIT PRO TIP
🔥 On Select (D134 Lower Back Extension), the pin is your difficulty. Fit the seat first, choose the pin second, and confirm the path on set one.

---

🎯 MACHINE FIT CHECK
🟢 Seat/pad → fitted
🟢 Torso → braced
🟢 Shoulders → not shrugged
🟢 Return → 2–3 sec control

### 🔥 Remember this

""Torso curl, squeeze, slow return — not the neck."""
ATLANTIS,힙 익스텐션,Hip Extension,D828 Deluxe Incline Hyper Extension / D127 Hyper Extension,PARTIALLY_VERIFIED,Atlantis Strength,Pro / Precision Series,https://atlantisstrength.com/gym-equipment/pro-series,Atlantis D828·D127은 하이퍼 익스텐션(인클라인/표준) (카탈로그 '하이퍼 익스텐션' → 카테고리 '힙 익스텐션' 매핑),"고관절 패드, 발 고정, 각도(D828F 플랫)","🏋️ ATLANTIS — D828 Deluxe Incline Hyper Extension / D127 Hyper Extension · Pro / Precision Series

🎯 ONE KEY CUE
🔥 ""중립 척추로 엉덩이 힌지 후 둔근으로 상승""

Atlantis D828·D127은 하이퍼 익스텐션(인클라인/표준) (카탈로그 '하이퍼 익스텐션' → 카테고리 '힙 익스텐션' 매핑). 아틀란티스 Plate Loaded(P)·Selectorized 궤적을 그대로 타는 게 핵심입니다. 처음부터 무게 올리지 말고, 세팅부터 잡으세요.

---

⚙️ ① 기구 세팅
🪑 좌석 / 패드
시트·백패드를 먼저 맞추세요. 밀었을 때 골반이 말리거나 허리가 뜨지 않는 깊이가 시작점입니다.
🦶 발 위치
지지하는 발을 먼저 고정하세요. 흔들리면 중량을 낮춥니다.
⚙️ 조절 포인트
고관절 패드, 발 고정, 각도(D828F 플랫)을 확인하세요.
이 카테고리는 공식 명칭이 겹칠 수 있으니, 헬스장 기구의 실제 레버·패드 배치를 우선하세요.

---

💪 ② 시작 자세
골반 위치를 먼저 고정합니다. 허리로 높이 만들 준비를 하지 마세요.
이 자세에서 이것만 확인하세요.
👉 허리가 아니라 엉덩이가 일을 받을 준비인지

---

🔥 ③ 운동 방법
상체를 내려 신전했다가 중립까지 올리기.
허리로 높이를 만들지 말고 골반·엉덩이로 밀어 마무리하세요.

---

💥 ④ 최고 수축
목표 근육이 가장 조여지는 끝 지점에서 멈춥니다.
⏱️ 1초 STOP
튕기지 말고 그 지점에서 1초만 소유하세요. 무게를 놓는 순간이 아닙니다.

---

🐌 ⑤ 천천히 돌아오기
중량을 그냥 놓지 마세요.
2~3초 동안 통제하면서 복귀합니다.
시작 자세로 돌아갈 때도 같은 궤적을 유지하세요.

---

❌ 흔한 실수
❌ 상체를 과도하게 젖혀 요추만 쓰는
깊이보다 골반 고정이 먼저입니다. 허리가 뜨면 범위를 줄이세요.
❌ 허리로 높이 만드는 것
자세가 무너지면 무게를 낮추세요.
❌ 골반이 돌아가며 한쪽만 미는 것
약한 쪽 속도에 강한 쪽을 맞추세요.
❌ 반동으로 올리는 것
템포를 늦추고 같은 궤적만 반복하세요.

---

💡 MACHINE FIT PRO TIP
🔥 D828 Deluxe Incline Hyper Extension / D127 Hyper Extension의 가이드 궤적을 이용하세요. 첫 2세트는 천천히, 대칭이 확인된 뒤에만 무게를 올립니다.

---

🎯 MACHINE FIT CHECK
🟢 발 → 발판 중앙·방향 정렬
🟢 어깨 → 으쓱하지 않기
🟢 복귀 → 2~3초 통제

### 🔥 이것만 기억하세요

""중립 척추로 엉덩이 힌지 후 둔근으로 상승. 끝에서 1초, 복귀는 통제.""","🏋️ ATLANTIS — D828 Deluxe Incline Hyper Extension / D127 Hyper Extension · Pro / Precision Series

🎯 ONE KEY CUE
🔥 ""Hinge with a neutral spine and rise with the glutes""

Atlantis D828·D127은 하이퍼 익스텐션(인클라인/표준) (카탈로그 '하이퍼 익스텐션' → 카테고리 '힙 익스텐션' 매핑) Ride the Atlantis Plate Loaded (P) / Selectorized path instead of fighting it. Do not chase load until the setup feels locked in.

---

⚙️ ① Setup
🪑 Seat / pads
Set the seat/back pad first. Your start depth is where the pelvis stays planted and the low back does not peel up.
🦶 Feet
Lock in the support foot before you move. Reduce load if you wobble.
⚙️ Adjustments
Check 고관절 패드, 발 고정, 각도(D828F 플랫).
Naming can overlap in this category — trust the levers and pads on the unit in front of you.

---

💪 ② Start position
Set the pelvis first. Do not plan to create height with the lower back.
Check only this:
👉 Glutes ready to drive, not the lumbar spine

---

🔥 ③ Execution
Finish with the hips/glutes — do not manufacture height with the lumbar spine.
Drive the hips, squeeze, then lower without lumbar snap.

---

💥 ④ Peak contraction
Stop where the target muscle is most shortened.
⏱️ 1-second STOP
Own that position for one second. This is not where you dump the weight.

---

🐌 ⑤ Controlled return
Do not dump the load.
Take 2–3 seconds on the way back.
Return on the same path you pressed or pulled.

---

❌ Common mistakes
❌ Creating height with the lumbar spine
If position breaks, cut the load.
❌ Rotating the pelvis and favoring one side
If position breaks, cut the load.
❌ Bouncing the lockout
Slow the tempo and repeat one clean path.

---

💡 MACHINE FIT PRO TIP
🔥 Use the guided path on D828 Deluxe Incline Hyper Extension / D127 Hyper Extension. Slow the first two sets, confirm symmetry, then add load.

---

🎯 MACHINE FIT CHECK
🟢 Feet → centered and aligned
🟢 Shoulders → not shrugged
🟢 Return → 2–3 sec control

### 🔥 Remember this

""Hinge with a neutral spine and rise with the glutes. One-second peak, controlled return."""
ATLANTIS,복근 / 허리 복합 머신,Abs / Back Combo,A301 Dual Seated Crunch / A305 Seated Crunch,PARTIALLY_VERIFIED,Atlantis Strength,Precision Series,https://atlantisstrength.com/gym-equipment/precision-series,Atlantis A301·A305는 시티드 복근(크런치) 머신 (복근/백 익스텐션 복합 패턴 매핑),"시트, 흉/어깨 패드, 핀 스택","🏋️ ATLANTIS — A301 Dual Seated Crunch / A305 Seated Crunch · Precision Series

🎯 ONE KEY CUE
🔥 ""골반을 고정하고 갈비뼈를 골반으로 당기기""

Atlantis A301·A305는 시티드 복근(크런치) 머신 (복근/백 익스텐션 복합 패턴 매핑). 아틀란티스 Plate Loaded(P)·Selectorized 궤적을 그대로 타는 게 핵심입니다. 처음부터 무게 올리지 말고, 세팅부터 잡으세요.

---

⚙️ ① 기구 세팅
🪑 좌석 / 패드
시트를 몸에 맞추세요. 시작 위치가 어깨·관절에 자연스럽게 오는지 확인합니다.
⚙️ 조절 포인트
시트, 흉/어깨 패드, 핀 스택을 확인하세요.
이 카테고리는 공식 명칭이 겹칠 수 있으니, 헬스장 기구의 실제 레버·패드 배치를 우선하세요.

---

💪 ② 시작 자세
골반을 안정시키고 목으로 당길 생각을 지웁니다.
이 자세에서 이것만 확인하세요.
👉 골반이 고정돼 있는지

---

🔥 ③ 운동 방법
앉아서 상체를 앞으로 말아 수축 후 복귀.
갈비뼈를 골반 쪽으로 말아 올리는 느낌으로 수축하세요.

---

💥 ④ 최고 수축
목표 근육이 가장 조여지는 끝 지점에서 멈춥니다.
⏱️ 1초 STOP
튕기지 말고 그 지점에서 1초만 소유하세요. 무게를 놓는 순간이 아닙니다.

---

🐌 ⑤ 천천히 돌아오기
중량을 그냥 놓지 마세요.
2~3초 동안 통제하면서 복귀합니다.
시작 자세로 돌아갈 때도 같은 궤적을 유지하세요.

---

❌ 흔한 실수
❌ 팔로 패드를 잡아채며 목만 숙이는
자세가 무너지면 무게를 낮추세요.
❌ 목으로 당겨 몸통을 접는 것
갈비뼈를 골반 쪽으로 만다는 느낌으로 바꾸세요.
❌ 골반이 뜨며 반동을 쓰는 것
템포를 늦추고 같은 궤적만 반복하세요.
❌ 너무 큰 범위로 과하게 꺾는 것
자세가 무너지면 무게를 낮추세요.

---

💡 MACHINE FIT PRO TIP
🔥 A301 Dual Seated Crunch / A305 Seated Crunch의 가이드 궤적을 이용하세요. 첫 2세트는 천천히, 대칭이 확인된 뒤에만 무게를 올립니다.

---

🎯 MACHINE FIT CHECK
🟢 시트/패드 → 몸에 맞춤
🟢 몸통 → 브레스·고정
🟢 어깨 → 으쓱하지 않기
🟢 복귀 → 2~3초 통제

### 🔥 이것만 기억하세요

""목 말고 몸통으로, 끝에서 조이고 천천히.""","🏋️ ATLANTIS — A301 Dual Seated Crunch / A305 Seated Crunch · Precision Series

🎯 ONE KEY CUE
🔥 ""Lock the pelvis and pull the ribs toward the hips""

Atlantis A301·A305는 시티드 복근(크런치) 머신 (복근/백 익스텐션 복합 패턴 매핑) Ride the Atlantis Plate Loaded (P) / Selectorized path instead of fighting it. Do not chase load until the setup feels locked in.

---

⚙️ ① Setup
🪑 Seat / pads
Fit the seat to your body so the start position sits naturally on the working joint.
⚙️ Adjustments
Check 시트, 흉/어깨 패드, 핀 스택.
Naming can overlap in this category — trust the levers and pads on the unit in front of you.

---

💪 ② Start position
Stabilize the pelvis and stop thinking about pulling with the neck.
Check only this:
👉 Pelvis locked

---

🔥 ③ Execution
Curl the ribcage toward the pelvis.
Curl or rotate through the torso, then return without momentum.

---

💥 ④ Peak contraction
Stop where the target muscle is most shortened.
⏱️ 1-second STOP
Own that position for one second. This is not where you dump the weight.

---

🐌 ⑤ Controlled return
Do not dump the load.
Take 2–3 seconds on the way back.
Return on the same path you pressed or pulled.

---

❌ Common mistakes
❌ Pulling with the neck
Curl ribs toward the pelvis instead.
❌ Lifting the pelvis and using momentum
Slow the tempo and repeat one clean path.
❌ Forcing an excessive range
If position breaks, cut the load.

---

💡 MACHINE FIT PRO TIP
🔥 Use the guided path on A301 Dual Seated Crunch / A305 Seated Crunch. Slow the first two sets, confirm symmetry, then add load.

---

🎯 MACHINE FIT CHECK
🟢 Seat/pad → fitted
🟢 Torso → braced
🟢 Shoulders → not shrugged
🟢 Return → 2–3 sec control

### 🔥 Remember this

""Torso curl, squeeze, slow return — not the neck."""
ATLANTIS,케이블 크로스오버,Cable Crossover,P246 Adjustable Crossover (2 stacks) / P247 Adjustable Crossover (4 stacks),VERIFIED,Atlantis Strength,Precision Series,https://atlantisstrength.com/app/uploads/2024/08/atlantis_catalog_strength_july-2024.pdf,Atlantis P246·P247 Adjustable Crossover는 케이블 크로스오버입니다,"도르래 높이, 듀얼 스택, 핸들","🏋️ ATLANTIS — P246 Adjustable Crossover (2 stacks) / P247 Adjustable Crossover (4 stacks) · Precision Series

🎯 ONE KEY CUE
🔥 ""약간 앞으로 기울여 손잡이를 가슴 앞에서 교차""

Atlantis P246·P247 Adjustable Crossover는 케이블 크로스오버. Cable Motion · Atlantis plate/selector 구조입니다. 처음부터 무게 올리지 말고, 세팅부터 잡으세요.

---

⚙️ ① 기구 세팅
⚙️ 조절 포인트
도르래 높이, 듀얼 스택, 핸들을 확인하세요.

---

💪 ② 시작 자세
발 위치를 잡고 몸통을 브레스한 뒤, 케이블 높이부터 확인합니다.
이 자세에서 이것만 확인하세요.
👉 몸이 케이블에 끌려가지 않는지

---

🔥 ③ 운동 방법
양측 케이블을 바깥에서 가슴 앞으로 모아 교차.
반동 없이 같은 궤적을 반복하세요. 흔들리면 중량을 낮춥니다.

---

💥 ④ 최고 수축
목표 근육이 가장 조여지는 끝 지점에서 멈춥니다.
⏱️ 1초 STOP
튕기지 말고 그 지점에서 1초만 소유하세요. 무게를 놓는 순간이 아닙니다.

---

🐌 ⑤ 천천히 돌아오기
중량을 그냥 놓지 마세요.
2~3초 동안 통제하면서 복귀합니다.
시작 자세로 돌아갈 때도 같은 궤적을 유지하세요.

---

❌ 흔한 실수
❌ 팔꿈치로 밀지 않고 손만 모으는
자세가 무너지면 무게를 낮추세요.
❌ 케이블에 몸이 끌려가는 것
자세가 무너지면 무게를 낮추세요.
❌ 높이 설정을 대충 하고 시작하는 것
자세가 무너지면 무게를 낮추세요.
❌ 스택을 놓듯 되돌리는 것
자세가 무너지면 무게를 낮추세요.

---

💡 MACHINE FIT PRO TIP
🔥 P246 Adjustable Crossover (2 stacks) / P247 Adjustable Crossover (4 stacks)의 가이드 궤적을 이용하세요. 첫 2세트는 천천히, 대칭이 확인된 뒤에만 무게를 올립니다.

---

🎯 MACHINE FIT CHECK
🟢 몸통 → 브레스·고정
🟢 어깨 → 으쓱하지 않기
🟢 복귀 → 2~3초 통제

### 🔥 이것만 기억하세요

""약간 앞으로 기울여 손잡이를 가슴 앞에서 교차. 끝에서 1초, 복귀는 통제.""","🏋️ ATLANTIS — P246 Adjustable Crossover (2 stacks) / P247 Adjustable Crossover (4 stacks) · Precision Series

🎯 ONE KEY CUE
🔥 ""Slight lean forward and cross handles at mid-chest""

Atlantis P246·P247 Adjustable Crossover는 케이블 크로스오버입니다 Lean into the Cable Motion / Atlantis plate/selector design. Do not chase load until the setup feels locked in.

---

⚙️ ① Setup
⚙️ Adjustments
Check 도르래 높이, 듀얼 스택, 핸들.

---

💪 ② Start position
Set the stance, brace, then confirm cable height.
Check only this:
👉 Cable is not towing your torso

---

🔥 ③ Execution
Repeat the same path without momentum. Reduce load if you wobble.
Set the line of pull, move through the elbows, return without letting the stack yank you.

---

💥 ④ Peak contraction
Stop where the target muscle is most shortened.
⏱️ 1-second STOP
Own that position for one second. This is not where you dump the weight.

---

🐌 ⑤ Controlled return
Do not dump the load.
Take 2–3 seconds on the way back.
Return on the same path you pressed or pulled.

---

❌ Common mistakes
❌ Letting the cable tow the torso
If position breaks, cut the load.
❌ Skipping height setup
If position breaks, cut the load.
❌ Dumping the stack on the return
If position breaks, cut the load.

---

💡 MACHINE FIT PRO TIP
🔥 Use the guided path on P246 Adjustable Crossover (2 stacks) / P247 Adjustable Crossover (4 stacks). Slow the first two sets, confirm symmetry, then add load.

---

🎯 MACHINE FIT CHECK
🟢 Torso → braced
🟢 Shoulders → not shrugged
🟢 Return → 2–3 sec control

### 🔥 Remember this

""Slight lean forward and cross handles at mid-chest. One-second peak, controlled return."""
ATLANTIS,듀얼 어저스터블 풀리,Dual Adjustable Pulley,NM200 Functional Training System / NM205 Dynamic Functional Training System,PARTIALLY_VERIFIED,Atlantis Strength,Natural Motion Series,https://atlantisstrength.com/app/uploads/2024/08/atlantis_catalog_strength_july-2024.pdf,Atlantis NM200·NM205는 펑셔널 트레이너(듀얼 케이블) (카탈로그 '펑셔널 트레이너' → 카테고리 '듀얼 어저스터블 풀리' 매핑),"도르래 높이, 듀얼 스택, 핸들","🏋️ ATLANTIS — NM200 Functional Training System / NM205 Dynamic Functional Training System · Natural Motion Series

🎯 ONE KEY CUE
🔥 ""코어를 잡고 케이블 경로에 맞춰 전신으로 밀·당기기""

Atlantis NM200·NM205는 펑셔널 트레이너(듀얼 케이블) (카탈로그 '펑셔널 트레이너' → 카테고리 '듀얼 어저스터블 풀리' 매핑). Atlantis plate/selector 구조입니다. 처음부터 무게 올리지 말고, 세팅부터 잡으세요.

---

⚙️ ① 기구 세팅
⚙️ 조절 포인트
도르래 높이, 듀얼 스택, 핸들을 확인하세요.
이 카테고리는 공식 명칭이 겹칠 수 있으니, 헬스장 기구의 실제 레버·패드 배치를 우선하세요.

---

💪 ② 시작 자세
발 위치를 잡고 몸통을 브레스한 뒤, 케이블 높이부터 확인합니다.
이 자세에서 이것만 확인하세요.
👉 몸이 케이블에 끌려가지 않는지

---

🔥 ③ 운동 방법
양측 조절 케이블로 밀기·당기기·회전 패턴.
반동 없이 같은 궤적을 반복하세요. 흔들리면 중량을 낮춥니다.

---

💥 ④ 최고 수축
목표 근육이 가장 조여지는 끝 지점에서 멈춥니다.
⏱️ 1초 STOP
튕기지 말고 그 지점에서 1초만 소유하세요. 무게를 놓는 순간이 아닙니다.

---

🐌 ⑤ 천천히 돌아오기
중량을 그냥 놓지 마세요.
2~3초 동안 통제하면서 복귀합니다.
시작 자세로 돌아갈 때도 같은 궤적을 유지하세요.

---

❌ 흔한 실수
❌ 스택만 보고 자세·궤적을 무시하는
자세가 무너지면 무게를 낮추세요.
❌ 케이블에 몸이 끌려가는 것
자세가 무너지면 무게를 낮추세요.
❌ 높이 설정을 대충 하고 시작하는 것
자세가 무너지면 무게를 낮추세요.
❌ 스택을 놓듯 되돌리는 것
자세가 무너지면 무게를 낮추세요.

---

💡 MACHINE FIT PRO TIP
🔥 NM200 Functional Training System / NM205 Dynamic Functional Training System의 가이드 궤적을 이용하세요. 첫 2세트는 천천히, 대칭이 확인된 뒤에만 무게를 올립니다.

---

🎯 MACHINE FIT CHECK
🟢 몸통 → 브레스·고정
🟢 어깨 → 으쓱하지 않기
🟢 복귀 → 2~3초 통제

### 🔥 이것만 기억하세요

""코어를 잡고 케이블 경로에 맞춰 전신으로 밀·당기기. 끝에서 1초, 복귀는 통제.""","🏋️ ATLANTIS — NM200 Functional Training System / NM205 Dynamic Functional Training System · Natural Motion Series

🎯 ONE KEY CUE
🔥 ""Brace the core and push or pull along the cable path""

Atlantis NM200·NM205는 펑셔널 트레이너(듀얼 케이블) (카탈로그 '펑셔널 트레이너' → 카테고리 '듀얼 어저스터블 풀리' 매핑) Lean into the Atlantis plate/selector design. Do not chase load until the setup feels locked in.

---

⚙️ ① Setup
⚙️ Adjustments
Check 도르래 높이, 듀얼 스택, 핸들.
Naming can overlap in this category — trust the levers and pads on the unit in front of you.

---

💪 ② Start position
Set the stance, brace, then confirm cable height.
Check only this:
👉 Cable is not towing your torso

---

🔥 ③ Execution
Repeat the same path without momentum. Reduce load if you wobble.
Set the line of pull, move through the elbows, return without letting the stack yank you.

---

💥 ④ Peak contraction
Stop where the target muscle is most shortened.
⏱️ 1-second STOP
Own that position for one second. This is not where you dump the weight.

---

🐌 ⑤ Controlled return
Do not dump the load.
Take 2–3 seconds on the way back.
Return on the same path you pressed or pulled.

---

❌ Common mistakes
❌ Letting the cable tow the torso
If position breaks, cut the load.
❌ Skipping height setup
If position breaks, cut the load.
❌ Dumping the stack on the return
If position breaks, cut the load.

---

💡 MACHINE FIT PRO TIP
🔥 Use the guided path on NM200 Functional Training System / NM205 Dynamic Functional Training System. Slow the first two sets, confirm symmetry, then add load.

---

🎯 MACHINE FIT CHECK
🟢 Torso → braced
🟢 Shoulders → not shrugged
🟢 Return → 2–3 sec control

### 🔥 Remember this

""Brace the core and push or pull along the cable path. One-second peak, controlled return."""
ATLANTIS,멀티 정글짐,Multi Jungle Gym,RS610 Multi Rack,PARTIALLY_VERIFIED,Atlantis Strength,Rack & Rig Systems,https://www.bcrpa.bc.ca/media/361919/atlantis_product_catalog.pdf,Atlantis RS610 Multi Rack은 랙&리그 멀티랙 모듈 (카탈로그 '멀티랙' → 카테고리 '멀티 정글짐' 매핑),"모듈 연결, 어태치먼트, 높이 구성","🏋️ ATLANTIS — RS610 Multi Rack · Rack & Rig Systems

🎯 ONE KEY CUE
🔥 ""리그 연결부와 세이프티를 사용 전에 확인""

Atlantis RS610 Multi Rack은 랙&리그 멀티랙 모듈 (카탈로그 '멀티랙' → 카테고리 '멀티 정글짐' 매핑). 아틀란티스 Plate Loaded(P)·Selectorized 궤적을 그대로 타는 게 핵심입니다. 처음부터 무게 올리지 말고, 세팅부터 잡으세요.

---

⚙️ ① 기구 세팅
⚙️ 조절 포인트
모듈 연결, 어태치먼트, 높이 구성을 확인하세요.
이 카테고리는 공식 명칭이 겹칠 수 있으니, 헬스장 기구의 실제 레버·패드 배치를 우선하세요.

---

💪 ② 시작 자세
발 위치를 잡고 몸통을 브레스한 뒤, 케이블 높이부터 확인합니다.
이 자세에서 이것만 확인하세요.
👉 몸이 케이블에 끌려가지 않는지

---

🔥 ③ 운동 방법
멀티랙 구성에서 바벨·어태치먼트 훈련.
반동 없이 같은 궤적을 반복하세요. 흔들리면 중량을 낮춥니다.

---

💥 ④ 최고 수축
목표 근육이 가장 조여지는 끝 지점에서 멈춥니다.
⏱️ 1초 STOP
튕기지 말고 그 지점에서 1초만 소유하세요. 무게를 놓는 순간이 아닙니다.

---

🐌 ⑤ 천천히 돌아오기
중량을 그냥 놓지 마세요.
2~3초 동안 통제하면서 복귀합니다.
시작 자세로 돌아갈 때도 같은 궤적을 유지하세요.

---

❌ 흔한 실수
❌ 모듈 고정이 느슨한 채로 고중량을 쓰는
자세가 무너지면 무게를 낮추세요.
❌ 케이블에 몸이 끌려가는 것
자세가 무너지면 무게를 낮추세요.
❌ 높이 설정을 대충 하고 시작하는 것
자세가 무너지면 무게를 낮추세요.
❌ 스택을 놓듯 되돌리는 것
자세가 무너지면 무게를 낮추세요.

---

💡 MACHINE FIT PRO TIP
🔥 RS610 Multi Rack의 가이드 궤적을 이용하세요. 첫 2세트는 천천히, 대칭이 확인된 뒤에만 무게를 올립니다.

---

🎯 MACHINE FIT CHECK
🟢 몸통 → 브레스·고정
🟢 어깨 → 으쓱하지 않기
🟢 복귀 → 2~3초 통제

### 🔥 이것만 기억하세요

""리그 연결부와 세이프티를 사용 전에 확인. 끝에서 1초, 복귀는 통제.""","🏋️ ATLANTIS — RS610 Multi Rack · Rack & Rig Systems

🎯 ONE KEY CUE
🔥 ""Check rig connections and safeties before loading""

Atlantis RS610 Multi Rack은 랙&리그 멀티랙 모듈 (카탈로그 '멀티랙' → 카테고리 '멀티 정글짐' 매핑) Ride the Atlantis Plate Loaded (P) / Selectorized path instead of fighting it. Do not chase load until the setup feels locked in.

---

⚙️ ① Setup
⚙️ Adjustments
Check 모듈 연결, 어태치먼트, 높이 구성.
Naming can overlap in this category — trust the levers and pads on the unit in front of you.

---

💪 ② Start position
Set the stance, brace, then confirm cable height.
Check only this:
👉 Cable is not towing your torso

---

🔥 ③ Execution
Repeat the same path without momentum. Reduce load if you wobble.
Set the line of pull, move through the elbows, return without letting the stack yank you.

---

💥 ④ Peak contraction
Stop where the target muscle is most shortened.
⏱️ 1-second STOP
Own that position for one second. This is not where you dump the weight.

---

🐌 ⑤ Controlled return
Do not dump the load.
Take 2–3 seconds on the way back.
Return on the same path you pressed or pulled.

---

❌ Common mistakes
❌ Letting the cable tow the torso
If position breaks, cut the load.
❌ Skipping height setup
If position breaks, cut the load.
❌ Dumping the stack on the return
If position breaks, cut the load.

---

💡 MACHINE FIT PRO TIP
🔥 Use the guided path on RS610 Multi Rack. Slow the first two sets, confirm symmetry, then add load.

---

🎯 MACHINE FIT CHECK
🟢 Torso → braced
🟢 Shoulders → not shrugged
🟢 Return → 2–3 sec control

### 🔥 Remember this

""Check rig connections and safeties before loading. One-second peak, controlled return."""
ATLANTIS,어시스트 풀업 / 딥,Assisted Pull-up / Dip,D130 Chin / Dip / Leg Raise,PARTIALLY_VERIFIED,Atlantis Strength,Precision Series,https://www.bcrpa.bc.ca/media/361919/atlantis_product_catalog.pdf,Atlantis D130 Chin/Dip/Leg Raise는 친업·딥 콤보 스테이션 (카탈로그 '친업 딥 콤보' → 카테고리 '어시스트 풀업 / 딥' 매핑),"그립, 딥 핸들, 암 패드(레그레이즈)","🏋️ ATLANTIS — D130 Chin / Dip / Leg Raise · Precision Series

🎯 ONE KEY CUE
🔥 ""친업과 딥을 각각 완전한 가동으로 분리 수행""

Atlantis D130 Chin/Dip/Leg Raise는 친업·딥 콤보 스테이션 (카탈로그 '친업 딥 콤보' → 카테고리 '어시스트 풀업 / 딥' 매핑). 아틀란티스 Plate Loaded(P)·Selectorized 궤적을 그대로 타는 게 핵심입니다. 처음부터 무게 올리지 말고, 세팅부터 잡으세요.

---

⚙️ ① 기구 세팅
🪑 좌석 / 패드
시트를 몸에 맞추세요. 시작 위치가 목표 관절 높이에 오는지 확인합니다.
🤲 그립 / 손 위치
그립를 편안한 너비로 잡으세요. 손목이 꺾이지 않게 합니다.
⚙️ 조절 포인트
그립, 딥 핸들, 암 패드(레그레이즈)를 확인하세요.
이 카테고리는 공식 명칭이 겹칠 수 있으니, 헬스장 기구의 실제 레버·패드 배치를 우선하세요.

---

💪 ② 시작 자세
발 위치를 잡고 몸통을 브레스한 뒤, 케이블 높이부터 확인합니다.
이 자세에서 이것만 확인하세요.
👉 몸이 케이블에 끌려가지 않는지

---

🔥 ③ 운동 방법
같은 프레임에서 친업·딥·레그레이즈.
반동 없이 같은 궤적을 반복하세요. 흔들리면 중량을 낮춥니다.

---

💥 ④ 최고 수축
목표 근육이 가장 조여지는 끝 지점에서 멈춥니다.
⏱️ 1초 STOP
튕기지 말고 그 지점에서 1초만 소유하세요. 무게를 놓는 순간이 아닙니다.

---

🐌 ⑤ 천천히 돌아오기
중량을 그냥 놓지 마세요.
2~3초 동안 통제하면서 복귀합니다.
시작 자세로 돌아갈 때도 같은 궤적을 유지하세요.

---

❌ 흔한 실수
❌ 반동으로 여러 동작을 섞어 대충 수행하는
템포를 늦추고 같은 궤적만 반복하세요.
❌ 케이블에 몸이 끌려가는 것
자세가 무너지면 무게를 낮추세요.
❌ 높이 설정을 대충 하고 시작하는 것
자세가 무너지면 무게를 낮추세요.
❌ 스택을 놓듯 되돌리는 것
자세가 무너지면 무게를 낮추세요.

---

💡 MACHINE FIT PRO TIP
🔥 D130 Chin / Dip / Leg Raise의 가이드 궤적을 이용하세요. 첫 2세트는 천천히, 대칭이 확인된 뒤에만 무게를 올립니다.

---

🎯 MACHINE FIT CHECK
🟢 몸통 → 브레스·고정
🟢 어깨 → 으쓱하지 않기
🟢 복귀 → 2~3초 통제

### 🔥 이것만 기억하세요

""친업과 딥을 각각 완전한 가동으로 분리 수행. 끝에서 1초, 복귀는 통제.""","🏋️ ATLANTIS — D130 Chin / Dip / Leg Raise · Precision Series

🎯 ONE KEY CUE
🔥 ""Treat chin-ups and dips as full-ROM separate sets""

Atlantis D130 Chin/Dip/Leg Raise는 친업·딥 콤보 스테이션 (카탈로그 '친업 딥 콤보' → 카테고리 '어시스트 풀업 / 딥' 매핑) Ride the Atlantis Plate Loaded (P) / Selectorized path instead of fighting it. Do not chase load until the setup feels locked in.

---

⚙️ ① Setup
🪑 Seat / pads
Fit the seat to your body so the start position sits naturally on the working joint.
🤲 Grip / hands
Take a comfortable grip width and keep the wrists stacked, not bent.
⚙️ Adjustments
Check 그립, 딥 핸들, 암 패드(레그레이즈).
Naming can overlap in this category — trust the levers and pads on the unit in front of you.

---

💪 ② Start position
Set the stance, brace, then confirm cable height.
Check only this:
👉 Cable is not towing your torso

---

🔥 ③ Execution
Repeat the same path without momentum. Reduce load if you wobble.
Set the line of pull, move through the elbows, return without letting the stack yank you.

---

💥 ④ Peak contraction
Stop where the target muscle is most shortened.
⏱️ 1-second STOP
Own that position for one second. This is not where you dump the weight.

---

🐌 ⑤ Controlled return
Do not dump the load.
Take 2–3 seconds on the way back.
Return on the same path you pressed or pulled.

---

❌ Common mistakes
❌ Letting the cable tow the torso
If position breaks, cut the load.
❌ Skipping height setup
If position breaks, cut the load.
❌ Dumping the stack on the return
If position breaks, cut the load.

---

💡 MACHINE FIT PRO TIP
🔥 Use the guided path on D130 Chin / Dip / Leg Raise. Slow the first two sets, confirm symmetry, then add load.

---

🎯 MACHINE FIT CHECK
🟢 Torso → braced
🟢 Shoulders → not shrugged
🟢 Return → 2–3 sec control

### 🔥 Remember this

""Treat chin-ups and dips as full-ROM separate sets. One-second peak, controlled return."""
ATLANTIS,스미스 머신,Smith Machine,E155 Smith Machine,VERIFIED,Atlantis Strength,Precision Series,https://atlantisstrength.com/gym-equipment/smith-machine,Atlantis E155 Smith Machine은 가이드 바벨 스미스입니다,"훅/세이프티, 바 시작 높이","🏋️ ATLANTIS — E155 Smith Machine · Precision Series

🎯 ONE KEY CUE
🔥 ""바 경로에 맞춰 발·벤치 위치를 먼저 잡기""

Atlantis E155 Smith Machine은 가이드 바벨 스미스. 아틀란티스 Plate Loaded(P)·Selectorized 궤적을 그대로 타는 게 핵심입니다. 처음부터 무게 올리지 말고, 세팅부터 잡으세요.

---

⚙️ ① 기구 세팅
⚙️ 조절 포인트
훅/세이프티, 바 시작 높이를 확인하세요.

---

💪 ② 시작 자세
바·안전 높이를 맞춘 뒤 랙 중앙에 몸을 정렬합니다.
이 자세에서 이것만 확인하세요.
👉 안전바가 내 가동범위에 맞는지

---

🔥 ③ 운동 방법
훅을 풀어 가이드를 따라 프레스·스쿼트.
반동 없이 같은 궤적을 반복하세요. 흔들리면 중량을 낮춥니다.

---

💥 ④ 최고 수축
목표 근육이 가장 조여지는 끝 지점에서 멈춥니다.
⏱️ 1초 STOP
튕기지 말고 그 지점에서 1초만 소유하세요. 무게를 놓는 순간이 아닙니다.

---

🐌 ⑤ 천천히 돌아오기
중량을 그냥 놓지 마세요.
2~3초 동안 통제하면서 복귀합니다.
시작 자세로 돌아갈 때도 같은 궤적을 유지하세요.

---

❌ 흔한 실수
❌ 고정 레일에 맞춰 억지로 관절을 비트는
자세가 무너지면 무게를 낮추세요.
❌ 안전바 높이를 안 맞추고 올리는 것
세트 전에 안전 위치부터 다시 맞추세요.
❌ 좌우 원판 불균형
자세가 무너지면 무게를 낮추세요.
❌ 바 경로와 발 위치가 어긋나는 것
자세가 무너지면 무게를 낮추세요.

---

💡 MACHINE FIT PRO TIP
🔥 해머 스트렝스 랙/스미스는 “바 경로에 몸을 맞추는” 장비입니다. 중량보다 안전바·시작 높이·발 위치를 먼저 고정하세요.

---

🎯 MACHINE FIT CHECK
🟢 안전바 → 가동범위에 맞춤
🟢 어깨 → 으쓱하지 않기
🟢 복귀 → 2~3초 통제

### 🔥 이것만 기억하세요

""바 경로에 맞춰 발·벤치 위치를 먼저 잡기. 끝에서 1초, 복귀는 통제.""","🏋️ ATLANTIS — E155 Smith Machine · Precision Series

🎯 ONE KEY CUE
🔥 ""Set feet or bench to the fixed bar path first""

Atlantis E155 Smith Machine은 가이드 바벨 스미스입니다 Ride the Atlantis Plate Loaded (P) / Selectorized path instead of fighting it. Do not chase load until the setup feels locked in.

---

⚙️ ① Setup
⚙️ Adjustments
Check 훅/세이프티, 바 시작 높이.

---

💪 ② Start position
Set bar and safety height, then center yourself in the rack.
Check only this:
👉 Safeties match your range

---

🔥 ③ Execution
Repeat the same path without momentum. Reduce load if you wobble.
Stay centered on the bar path and control every rep into the safeties.

---

💥 ④ Peak contraction
Stop where the target muscle is most shortened.
⏱️ 1-second STOP
Own that position for one second. This is not where you dump the weight.

---

🐌 ⑤ Controlled return
Do not dump the load.
Take 2–3 seconds on the way back.
Return on the same path you pressed or pulled.

---

❌ Common mistakes
❌ Loading before setting safeties
Reset safety height before the set.
❌ Uneven plates
Match both sides, then confirm with a light set.
❌ Feet fighting the bar path
If position breaks, cut the load.

---

💡 MACHINE FIT PRO TIP
🔥 Hammer Strength racks/Smith units reward lining your body up to the bar path. Safeties and foot placement beat ego loading.

---

🎯 MACHINE FIT CHECK
🟢 Safeties → match your range
🟢 Shoulders → not shrugged
🟢 Return → 2–3 sec control

### 🔥 Remember this

""Set feet or bench to the fixed bar path first. One-second peak, controlled return."""
ATLANTIS,파워 랙,Power Rack,C513 Power Rack / RS613 Power Rack,PARTIALLY_VERIFIED,Atlantis Strength,Precision / Rack & Rig,https://atlantisstrength.com/gym-equipment/c513,Atlantis C513·RS613은 파워랙 (카탈로그 '파워랙' → 카테고리 '파워 랙' 매핑),"J훅/세이프티 높이, 어태치먼트, 프레임 높이(8'/9')","🏋️ ATLANTIS — C513 Power Rack / RS613 Power Rack · Precision / Rack & Rig

🎯 ONE KEY CUE
🔥 ""세이프티를 가동범위 바로 아래에 세팅""

Atlantis C513·RS613은 파워랙 (카탈로그 '파워랙' → 카테고리 '파워 랙' 매핑). 아틀란티스 Plate Loaded(P)·Selectorized 궤적을 그대로 타는 게 핵심입니다. 처음부터 무게 올리지 말고, 세팅부터 잡으세요.

---

⚙️ ① 기구 세팅
⚙️ 조절 포인트
J훅/세이프티 높이, 어태치먼트, 프레임 높이(8'/9')를 확인하세요.
이 카테고리는 공식 명칭이 겹칠 수 있으니, 헬스장 기구의 실제 레버·패드 배치를 우선하세요.

---

💪 ② 시작 자세
바·안전 높이를 맞춘 뒤 랙 중앙에 몸을 정렬합니다.
이 자세에서 이것만 확인하세요.
👉 안전바가 내 가동범위에 맞는지

---

🔥 ③ 운동 방법
랙 안에서 바벨을 언랙해 스쿼트·프레스.
반동 없이 같은 궤적을 반복하세요. 흔들리면 중량을 낮춥니다.

---

💥 ④ 최고 수축
목표 근육이 가장 조여지는 끝 지점에서 멈춥니다.
⏱️ 1초 STOP
튕기지 말고 그 지점에서 1초만 소유하세요. 무게를 놓는 순간이 아닙니다.

---

🐌 ⑤ 천천히 돌아오기
중량을 그냥 놓지 마세요.
2~3초 동안 통제하면서 복귀합니다.
시작 자세로 돌아갈 때도 같은 궤적을 유지하세요.

---

❌ 흔한 실수
❌ 세이프티 없이 고중량을 단독으로 치는
자세가 무너지면 무게를 낮추세요.
❌ 안전바 높이를 안 맞추고 올리는 것
세트 전에 안전 위치부터 다시 맞추세요.
❌ 좌우 원판 불균형
자세가 무너지면 무게를 낮추세요.
❌ 바 경로와 발 위치가 어긋나는 것
자세가 무너지면 무게를 낮추세요.

---

💡 MACHINE FIT PRO TIP
🔥 해머 스트렝스 랙/스미스는 “바 경로에 몸을 맞추는” 장비입니다. 중량보다 안전바·시작 높이·발 위치를 먼저 고정하세요.

---

🎯 MACHINE FIT CHECK
🟢 안전바 → 가동범위에 맞춤
🟢 어깨 → 으쓱하지 않기
🟢 복귀 → 2~3초 통제

### 🔥 이것만 기억하세요

""세이프티를 가동범위 바로 아래에 세팅. 끝에서 1초, 복귀는 통제.""","🏋️ ATLANTIS — C513 Power Rack / RS613 Power Rack · Precision / Rack & Rig

🎯 ONE KEY CUE
🔥 ""Set safeties just below the working range""

Atlantis C513·RS613은 파워랙 (카탈로그 '파워랙' → 카테고리 '파워 랙' 매핑) Ride the Atlantis Plate Loaded (P) / Selectorized path instead of fighting it. Do not chase load until the setup feels locked in.

---

⚙️ ① Setup
⚙️ Adjustments
Check J훅/세이프티 높이, 어태치먼트, 프레임 높이(8'/9').
Naming can overlap in this category — trust the levers and pads on the unit in front of you.

---

💪 ② Start position
Set bar and safety height, then center yourself in the rack.
Check only this:
👉 Safeties match your range

---

🔥 ③ Execution
Repeat the same path without momentum. Reduce load if you wobble.
Stay centered on the bar path and control every rep into the safeties.

---

💥 ④ Peak contraction
Stop where the target muscle is most shortened.
⏱️ 1-second STOP
Own that position for one second. This is not where you dump the weight.

---

🐌 ⑤ Controlled return
Do not dump the load.
Take 2–3 seconds on the way back.
Return on the same path you pressed or pulled.

---

❌ Common mistakes
❌ Loading before setting safeties
Reset safety height before the set.
❌ Uneven plates
Match both sides, then confirm with a light set.
❌ Feet fighting the bar path
If position breaks, cut the load.

---

💡 MACHINE FIT PRO TIP
🔥 Hammer Strength racks/Smith units reward lining your body up to the bar path. Safeties and foot placement beat ego loading.

---

🎯 MACHINE FIT CHECK
🟢 Safeties → match your range
🟢 Shoulders → not shrugged
🟢 Return → 2–3 sec control

### 🔥 Remember this

""Set safeties just below the working range. One-second peak, controlled return."""
ATLANTIS,하프 랙,Half Rack,C511 Half Rack / RS611 Half Rack,PARTIALLY_VERIFIED,Atlantis Strength,Precision / Rack & Rig,https://atlantisstrength.com/gym-equipment/c511,Atlantis C511·RS611은 하프랙 (카탈로그 '하프랙' → 카테고리 '하프 랙' 매핑),"J훅, 세이프티, 웨이트 혼, 어태치먼트","🏋️ ATLANTIS — C511 Half Rack / RS611 Half Rack · Precision / Rack & Rig

🎯 ONE KEY CUE
🔥 ""바를 안정적으로 언랙할 높이로 J훅 설정""

Atlantis C511·RS611은 하프랙 (카탈로그 '하프랙' → 카테고리 '하프 랙' 매핑). 아틀란티스 Plate Loaded(P)·Selectorized 궤적을 그대로 타는 게 핵심입니다. 처음부터 무게 올리지 말고, 세팅부터 잡으세요.

---

⚙️ ① 기구 세팅
⚙️ 조절 포인트
J훅, 세이프티, 웨이트 혼, 어태치먼트를 확인하세요.
이 카테고리는 공식 명칭이 겹칠 수 있으니, 헬스장 기구의 실제 레버·패드 배치를 우선하세요.

---

💪 ② 시작 자세
바·안전 높이를 맞춘 뒤 랙 중앙에 몸을 정렬합니다.
이 자세에서 이것만 확인하세요.
👉 안전바가 내 가동범위에 맞는지

---

🔥 ③ 운동 방법
하프랙에서 바벨을 꺼내 스쿼트·프레스.
반동 없이 같은 궤적을 반복하세요. 흔들리면 중량을 낮춥니다.

---

💥 ④ 최고 수축
목표 근육이 가장 조여지는 끝 지점에서 멈춥니다.
⏱️ 1초 STOP
튕기지 말고 그 지점에서 1초만 소유하세요. 무게를 놓는 순간이 아닙니다.

---

🐌 ⑤ 천천히 돌아오기
중량을 그냥 놓지 마세요.
2~3초 동안 통제하면서 복귀합니다.
시작 자세로 돌아갈 때도 같은 궤적을 유지하세요.

---

❌ 흔한 실수
❌ 훅이 너무 높아 언랙 시 어깨가 뜨는
자세가 무너지면 무게를 낮추세요.
❌ 안전바 높이를 안 맞추고 올리는 것
세트 전에 안전 위치부터 다시 맞추세요.
❌ 좌우 원판 불균형
자세가 무너지면 무게를 낮추세요.
❌ 바 경로와 발 위치가 어긋나는 것
자세가 무너지면 무게를 낮추세요.

---

💡 MACHINE FIT PRO TIP
🔥 해머 스트렝스 랙/스미스는 “바 경로에 몸을 맞추는” 장비입니다. 중량보다 안전바·시작 높이·발 위치를 먼저 고정하세요.

---

🎯 MACHINE FIT CHECK
🟢 안전바 → 가동범위에 맞춤
🟢 어깨 → 으쓱하지 않기
🟢 복귀 → 2~3초 통제

### 🔥 이것만 기억하세요

""바를 안정적으로 언랙할 높이로 J훅 설정. 끝에서 1초, 복귀는 통제.""","🏋️ ATLANTIS — C511 Half Rack / RS611 Half Rack · Precision / Rack & Rig

🎯 ONE KEY CUE
🔥 ""Set J-hooks at a stable unracking height""

Atlantis C511·RS611은 하프랙 (카탈로그 '하프랙' → 카테고리 '하프 랙' 매핑) Ride the Atlantis Plate Loaded (P) / Selectorized path instead of fighting it. Do not chase load until the setup feels locked in.

---

⚙️ ① Setup
⚙️ Adjustments
Check J훅, 세이프티, 웨이트 혼, 어태치먼트.
Naming can overlap in this category — trust the levers and pads on the unit in front of you.

---

💪 ② Start position
Set bar and safety height, then center yourself in the rack.
Check only this:
👉 Safeties match your range

---

🔥 ③ Execution
Repeat the same path without momentum. Reduce load if you wobble.
Stay centered on the bar path and control every rep into the safeties.

---

💥 ④ Peak contraction
Stop where the target muscle is most shortened.
⏱️ 1-second STOP
Own that position for one second. This is not where you dump the weight.

---

🐌 ⑤ Controlled return
Do not dump the load.
Take 2–3 seconds on the way back.
Return on the same path you pressed or pulled.

---

❌ Common mistakes
❌ Loading before setting safeties
Reset safety height before the set.
❌ Uneven plates
Match both sides, then confirm with a light set.
❌ Feet fighting the bar path
If position breaks, cut the load.

---

💡 MACHINE FIT PRO TIP
🔥 Hammer Strength racks/Smith units reward lining your body up to the bar path. Safeties and foot placement beat ego loading.

---

🎯 MACHINE FIT CHECK
🟢 Safeties → match your range
🟢 Shoulders → not shrugged
🟢 Return → 2–3 sec control

### 🔥 Remember this

""Set J-hooks at a stable unracking height. One-second peak, controlled return."""
