brand_code,machine_name_ko,machine_name_en,verified_model,verification_status,manufacturer,product_series,source_url,verified_structure,verified_adjustments,exercise_tip,exercise_tip_en
BODYSTONE,체스트 프레스,Chest Press,SW-17 Chest Press / SW-21 Seated Chest Press,VERIFIED,Bodystone,SW Club,https://bodystone.co.kr/product/detail.html?product_no=3305,바디스톤 SW-17·SW-21 셀렉터라이즈드 체스트 프레스로 앉아서 가슴 전면을 밀어내는 클럽용 머신입니다,"시트 높이, 손잡이 시작 위치, 중량 스택 핀, 풋 지지","🏋️ BODYSTONE — SW-17 Chest Press / SW-21 Seated Chest Press · SW Club

🎯 ONE KEY CUE
🔥 ""등을 패드에 붙이고 손잡이를 가슴 중앙으로 밀기""

바디스톤 SW-17·SW-21 셀렉터라이즈드 체스트 프레스로 앉아서 가슴 전면을 밀어내는 클럽용 머신. 셀렉터 스택 · SW Club 구조입니다. 처음부터 무게 올리지 말고, 세팅부터 잡으세요.

---

⚙️ ① 기구 세팅
🪑 좌석 / 패드
시트 높이를 몸에 맞추세요. 시작 위치가 어깨·관절에 자연스럽게 오는지 확인합니다.
🤲 그립 / 손 위치
손잡이 시작 위치를 편안한 너비로 잡으세요. 손목이 꺾이지 않게 합니다.
⚙️ 조절 포인트
시트 높이, 손잡이 시작 위치, 중량 스택 핀, 풋 지지를 확인하세요.

---

💪 ② 시작 자세
등과 골반을 패드에 붙이고, 손잡이가 가슴 높이에 오게 잡습니다.
이 자세에서 이것만 확인하세요.
👉 등이 패드에서 뜨지 않는지

---

🔥 ③ 운동 방법
손잡이를 앞으로 밀었다 천천히 복귀.
손보다 팔꿈치를 앞(또는 위)으로 보내는 느낌으로 미세요. 끝에서 어깨를 앞으로 밀어 넣지 마세요.

---

💥 ④ 최고 수축
팔꿈치가 앞으로 나가 가슴이 수축되는 지점에서 멈춥니다. 어깨를 더 밀지 마세요.
⏱️ 1초 STOP
튕기지 말고 그 지점에서 1초만 소유하세요. 무게를 놓는 순간이 아닙니다.

---

🐌 ⑤ 천천히 돌아오기
중량을 그냥 놓지 마세요.
2~3초 동안 통제하면서 복귀합니다.
시작 자세로 돌아갈 때도 같은 궤적을 유지하세요.

---

❌ 흔한 실수
❌ 어깨를 앞으로 말며 반동으로 미는 것
템포를 늦추고 같은 궤적만 반복하세요.
❌ 허리를 과하게 아치해 가슴 대신 요추로 미는 것
깊이보다 골반 고정이 먼저입니다. 허리가 뜨면 범위를 줄이세요.
❌ 끝에서 어깨를 더 밀어 넣는 것
자세가 무너지면 무게를 낮추세요.

---

💡 MACHINE FIT PRO TIP
🔥 Select 라인(SW-17 Chest Press / SW-21 Seated Chest Press)은 스택 핀 위치가 곧 시작 난이도입니다. 시트부터 맞춘 뒤 핀을 고르고, 첫 세트에서 궤적이 어깨·관절에 맞는지 확인하세요.

---

🎯 MACHINE FIT CHECK
🟢 시트/패드 → 몸에 맞춤
🟢 팔꿈치 → 미는/드는 방향
🟢 어깨 → 으쓱하지 않기
🟢 복귀 → 2~3초 통제

### 🔥 이것만 기억하세요

""등을 패드에 붙이고 손잡이를 가슴 중앙으로 밀기. 끝에서 1초, 복귀는 통제.""","🏋️ BODYSTONE — SW-17 Chest Press / SW-21 Seated Chest Press · SW Club

🎯 ONE KEY CUE
🔥 ""Keep the back on the pad and press the handles through center chest""

바디스톤 SW-17·SW-21 셀렉터라이즈드 체스트 프레스로 앉아서 가슴 전면을 밀어내는 클럽용 머신입니다 Lean into the selectorized stack / SW Club design. Do not chase load until the setup feels locked in.

---

⚙️ ① Setup
🪑 Seat / pads
Fit the seat to your body so the start position sits naturally on the working joint.
🤲 Grip / hands
Take a comfortable grip width and keep the wrists stacked, not bent.
⚙️ Adjustments
Check 시트 높이, 손잡이 시작 위치, 중량 스택 핀, 풋 지지.

---

💪 ② Start position
Pin back and pelvis to the pad with the handles at chest height.
Check only this:
👉 Back still on the pad

---

🔥 ③ Execution
Press by driving the elbows forward/up. Do not dump the shoulders forward at lockout.
Press out on the machine path, then return under control.

---

💥 ④ Peak contraction
Stop where the chest is contracted — do not dump the shoulders farther forward.
⏱️ 1-second STOP
Own that position for one second. This is not where you dump the weight.

---

🐌 ⑤ Controlled return
Do not dump the load.
Take 2–3 seconds on the way back.
Return on the same path you pressed or pulled.

---

❌ Common mistakes
❌ Dumping the shoulders forward and bouncing the press
Slow the tempo and repeat one clean path.
❌ Over-arching so the low back takes over
If position breaks, cut the load.
❌ Shoving the shoulders farther at lockout
If position breaks, cut the load.

---

💡 MACHINE FIT PRO TIP
🔥 On Select (SW-17 Chest Press / SW-21 Seated Chest Press), the pin is your difficulty. Fit the seat first, choose the pin second, and confirm the path on set one.

---

🎯 MACHINE FIT CHECK
🟢 Seat/pad → fitted
🟢 Elbows → press/raise direction
🟢 Shoulders → not shrugged
🟢 Return → 2–3 sec control

### 🔥 Remember this

""Keep the back on the pad and press the handles through center chest. One-second peak, controlled return."""
BODYSTONE,인클라인 체스트 프레스,Incline Chest Press,SW-19 Incline Press,VERIFIED,Bodystone,SW Club,https://bodystone.co.kr/product/detail.html?product_no=3310,바디스톤 SW-19 인크라인 프레스로 상부 흉근 궤적의 셀렉터라이즈드 머신입니다,"시트 높이, 손잡이 시작 위치, 중량 스택","🏋️ BODYSTONE — SW-19 Incline Press · SW Club

🎯 ONE KEY CUE
🔥 ""견갑을 고정하고 대각선 위·앞으로 밀기""

바디스톤 SW-19 인크라인 프레스로 상부 흉근 궤적의 셀렉터라이즈드 머신. 셀렉터 스택 · SW Club 구조입니다. 처음부터 무게 올리지 말고, 세팅부터 잡으세요.

---

⚙️ ① 기구 세팅
🪑 좌석 / 패드
시트 높이를 몸에 맞추세요. 시작 위치가 어깨·관절에 자연스럽게 오는지 확인합니다.
🤲 그립 / 손 위치
손잡이 시작 위치를 편안한 너비로 잡으세요. 손목이 꺾이지 않게 합니다.
⚙️ 조절 포인트
시트 높이, 손잡이 시작 위치, 중량 스택을 확인하세요.

---

💪 ② 시작 자세
등과 골반을 패드에 붙이고, 손잡이가 가슴 높이에 오게 잡습니다.
이 자세에서 이것만 확인하세요.
👉 등이 패드에서 뜨지 않는지

---

🔥 ③ 운동 방법
인클라인 궤적으로 밀었다 천천히 복귀.
손보다 팔꿈치를 앞(또는 위)으로 보내는 느낌으로 미세요. 끝에서 어깨를 앞으로 밀어 넣지 마세요.

---

💥 ④ 최고 수축
팔꿈치가 앞으로 나가 가슴이 수축되는 지점에서 멈춥니다. 어깨를 더 밀지 마세요.
⏱️ 1초 STOP
튕기지 말고 그 지점에서 1초만 소유하세요. 무게를 놓는 순간이 아닙니다.

---

🐌 ⑤ 천천히 돌아오기
중량을 그냥 놓지 마세요.
2~3초 동안 통제하면서 복귀합니다.
시작 자세로 돌아갈 때도 같은 궤적을 유지하세요.

---

❌ 흔한 실수
❌ 허리를 과아치해 요추에 힘을 주는
깊이보다 골반 고정이 먼저입니다. 허리가 뜨면 범위를 줄이세요.
❌ 어깨를 앞으로 말며 반동으로 미는 것
템포를 늦추고 같은 궤적만 반복하세요.
❌ 허리를 과하게 아치해 가슴 대신 요추로 미는 것
깊이보다 골반 고정이 먼저입니다. 허리가 뜨면 범위를 줄이세요.
❌ 끝에서 어깨를 더 밀어 넣는 것
자세가 무너지면 무게를 낮추세요.

---

💡 MACHINE FIT PRO TIP
🔥 Select 라인(SW-19 Incline Press)은 스택 핀 위치가 곧 시작 난이도입니다. 시트부터 맞춘 뒤 핀을 고르고, 첫 세트에서 궤적이 어깨·관절에 맞는지 확인하세요.

---

🎯 MACHINE FIT CHECK
🟢 시트/패드 → 몸에 맞춤
🟢 팔꿈치 → 미는/드는 방향
🟢 어깨 → 으쓱하지 않기
🟢 복귀 → 2~3초 통제

### 🔥 이것만 기억하세요

""견갑을 고정하고 대각선 위·앞으로 밀기. 끝에서 1초, 복귀는 통제.""","🏋️ BODYSTONE — SW-19 Incline Press · SW Club

🎯 ONE KEY CUE
🔥 ""Set the scapulae and press up and forward on a diagonal""

바디스톤 SW-19 인크라인 프레스로 상부 흉근 궤적의 셀렉터라이즈드 머신입니다 Lean into the selectorized stack / SW Club design. Do not chase load until the setup feels locked in.

---

⚙️ ① Setup
🪑 Seat / pads
Fit the seat to your body so the start position sits naturally on the working joint.
🤲 Grip / hands
Take a comfortable grip width and keep the wrists stacked, not bent.
⚙️ Adjustments
Check 시트 높이, 손잡이 시작 위치, 중량 스택.

---

💪 ② Start position
Pin back and pelvis to the pad with the handles at chest height.
Check only this:
👉 Back still on the pad

---

🔥 ③ Execution
Press by driving the elbows forward/up. Do not dump the shoulders forward at lockout.
Press out on the machine path, then return under control.

---

💥 ④ Peak contraction
Stop where the chest is contracted — do not dump the shoulders farther forward.
⏱️ 1-second STOP
Own that position for one second. This is not where you dump the weight.

---

🐌 ⑤ Controlled return
Do not dump the load.
Take 2–3 seconds on the way back.
Return on the same path you pressed or pulled.

---

❌ Common mistakes
❌ Dumping the shoulders forward and bouncing the press
Slow the tempo and repeat one clean path.
❌ Over-arching so the low back takes over
If position breaks, cut the load.
❌ Shoving the shoulders farther at lockout
If position breaks, cut the load.

---

💡 MACHINE FIT PRO TIP
🔥 On Select (SW-19 Incline Press), the pin is your difficulty. Fit the seat first, choose the pin second, and confirm the path on set one.

---

🎯 MACHINE FIT CHECK
🟢 Seat/pad → fitted
🟢 Elbows → press/raise direction
🟢 Shoulders → not shrugged
🟢 Return → 2–3 sec control

### 🔥 Remember this

""Set the scapulae and press up and forward on a diagonal. One-second peak, controlled return."""
BODYSTONE,디클라인 체스트 프레스,Decline Chest Press,SW-20 Decline Press,VERIFIED,Bodystone,SW Club,https://bodystone.co.kr/product/detail.html?product_no=3311,바디스톤 SW-20 디크라인 프레스로 하부 흉근을 겨냥한 셀렉터라이즈드 머신입니다,"시트/등판, 손잡이 시작 위치, 중량 스택","🏋️ BODYSTONE — SW-20 Decline Press · SW Club

🎯 ONE KEY CUE
🔥 ""하부 가슴을 향해 아래·앞으로 통제하며 밀기""

바디스톤 SW-20 디크라인 프레스로 하부 흉근을 겨냥한 셀렉터라이즈드 머신. 셀렉터 스택 · SW Club 구조입니다. 처음부터 무게 올리지 말고, 세팅부터 잡으세요.

---

⚙️ ① 기구 세팅
🪑 좌석 / 패드
시트를 몸에 맞추세요. 시작 위치가 어깨·관절에 자연스럽게 오는지 확인합니다.
🤲 그립 / 손 위치
손잡이 시작 위치를 편안한 너비로 잡으세요. 손목이 꺾이지 않게 합니다.
⚙️ 조절 포인트
시트/등판, 손잡이 시작 위치, 중량 스택을 확인하세요.

---

💪 ② 시작 자세
등과 골반을 패드에 붙이고, 손잡이가 가슴 높이에 오게 잡습니다.
이 자세에서 이것만 확인하세요.
👉 등이 패드에서 뜨지 않는지

---

🔥 ③ 운동 방법
디클라인 각도로 밀었다 천천히 복귀.
손보다 팔꿈치를 앞(또는 위)으로 보내는 느낌으로 미세요. 끝에서 어깨를 앞으로 밀어 넣지 마세요.

---

💥 ④ 최고 수축
팔꿈치가 앞으로 나가 가슴이 수축되는 지점에서 멈춥니다. 어깨를 더 밀지 마세요.
⏱️ 1초 STOP
튕기지 말고 그 지점에서 1초만 소유하세요. 무게를 놓는 순간이 아닙니다.

---

🐌 ⑤ 천천히 돌아오기
중량을 그냥 놓지 마세요.
2~3초 동안 통제하면서 복귀합니다.
시작 자세로 돌아갈 때도 같은 궤적을 유지하세요.

---

❌ 흔한 실수
❌ 팔꿈치를 과벌려 어깨에 부하를 주는
자세가 무너지면 무게를 낮추세요.
❌ 어깨를 앞으로 말며 반동으로 미는 것
템포를 늦추고 같은 궤적만 반복하세요.
❌ 허리를 과하게 아치해 가슴 대신 요추로 미는 것
깊이보다 골반 고정이 먼저입니다. 허리가 뜨면 범위를 줄이세요.
❌ 끝에서 어깨를 더 밀어 넣는 것
자세가 무너지면 무게를 낮추세요.

---

💡 MACHINE FIT PRO TIP
🔥 Select 라인(SW-20 Decline Press)은 스택 핀 위치가 곧 시작 난이도입니다. 시트부터 맞춘 뒤 핀을 고르고, 첫 세트에서 궤적이 어깨·관절에 맞는지 확인하세요.

---

🎯 MACHINE FIT CHECK
🟢 시트/패드 → 몸에 맞춤
🟢 팔꿈치 → 미는/드는 방향
🟢 어깨 → 으쓱하지 않기
🟢 복귀 → 2~3초 통제

### 🔥 이것만 기억하세요

""하부 가슴을 향해 아래·앞으로 통제하며 밀기. 끝에서 1초, 복귀는 통제.""","🏋️ BODYSTONE — SW-20 Decline Press · SW Club

🎯 ONE KEY CUE
🔥 ""Press down and forward toward the lower chest with control""

바디스톤 SW-20 디크라인 프레스로 하부 흉근을 겨냥한 셀렉터라이즈드 머신입니다 Lean into the selectorized stack / SW Club design. Do not chase load until the setup feels locked in.

---

⚙️ ① Setup
🪑 Seat / pads
Fit the seat to your body so the start position sits naturally on the working joint.
🤲 Grip / hands
Take a comfortable grip width and keep the wrists stacked, not bent.
⚙️ Adjustments
Check 시트/등판, 손잡이 시작 위치, 중량 스택.

---

💪 ② Start position
Pin back and pelvis to the pad with the handles at chest height.
Check only this:
👉 Back still on the pad

---

🔥 ③ Execution
Press by driving the elbows forward/up. Do not dump the shoulders forward at lockout.
Press out on the machine path, then return under control.

---

💥 ④ Peak contraction
Stop where the chest is contracted — do not dump the shoulders farther forward.
⏱️ 1-second STOP
Own that position for one second. This is not where you dump the weight.

---

🐌 ⑤ Controlled return
Do not dump the load.
Take 2–3 seconds on the way back.
Return on the same path you pressed or pulled.

---

❌ Common mistakes
❌ Dumping the shoulders forward and bouncing the press
Slow the tempo and repeat one clean path.
❌ Over-arching so the low back takes over
If position breaks, cut the load.
❌ Shoving the shoulders farther at lockout
If position breaks, cut the load.

---

💡 MACHINE FIT PRO TIP
🔥 On Select (SW-20 Decline Press), the pin is your difficulty. Fit the seat first, choose the pin second, and confirm the path on set one.

---

🎯 MACHINE FIT CHECK
🟢 Seat/pad → fitted
🟢 Elbows → press/raise direction
🟢 Shoulders → not shrugged
🟢 Return → 2–3 sec control

### 🔥 Remember this

""Press down and forward toward the lower chest with control. One-second peak, controlled return."""
BODYSTONE,컨버징 체스트 프레스,Converging Chest Press,,BRAND_MODEL_NOT_FOUND,Bodystone,,https://bodystone.co.kr/category/%EC%9B%A8%EC%9D%B4%ED%8A%B8%EB%A8%B8%EC%8B%A0/382/,바디스톤 SW·Kairos 공개 카탈로그에 Converging Chest Press 전용 SKU가 확인되지 않습니다,"시트, 암 시작 폭, 중량","🏋️ BODYSTONE — 컨버징 체스트 프레스

🎯 ONE KEY CUE
🔥 ""넓은 시작에서 중앙으로 모으며 밀기""

바디스톤 전용 모델이 없는 카테고리입니다. 헬스장에 있는 실제 기구의 패드·레버·안전장치를 먼저 확인한 뒤, 아래 패턴으로 움직이세요.

---

⚙️ ① 기구 세팅
🪑 좌석 / 패드
시트를 몸에 맞추세요. 시작 위치가 어깨·관절에 자연스럽게 오는지 확인합니다.
🤲 그립 / 손 위치
손잡이를 편안한 너비로 잡으세요. 손목이 꺾이지 않게 합니다.
⚙️ 조절 포인트
시트, 암 시작 폭, 중량을 확인하세요.

---

💪 ② 시작 자세
등과 골반을 패드에 붙이고, 손잡이가 가슴 높이에 오게 잡습니다.
이 자세에서 이것만 확인하세요.
👉 등이 패드에서 뜨지 않는지

---

🔥 ③ 운동 방법
양팔이 바깥에서 안쪽으로 모이며 프레스.
손잡이가 직선으로만 가는 게 아닙니다. 기구가 만들어 주는 안쪽 궤적을 그대로 타세요. 억지로 모으지 마세요.

---

💥 ④ 최고 수축
팔꿈치가 앞으로 나가 가슴이 수축되는 지점에서 멈춥니다. 어깨를 더 밀지 마세요.
⏱️ 1초 STOP
튕기지 말고 그 지점에서 1초만 소유하세요. 무게를 놓는 순간이 아닙니다.

---

🐌 ⑤ 천천히 돌아오기
중량을 그냥 놓지 마세요.
2~3초 동안 통제하면서 복귀합니다.
시작 자세로 돌아갈 때도 같은 궤적을 유지하세요.

---

❌ 흔한 실수
❌ 평행으로만 밀어 수렴 궤적을 무시하는
자세가 무너지면 무게를 낮추세요.
❌ 어깨를 앞으로 말며 반동으로 미는 것
템포를 늦추고 같은 궤적만 반복하세요.
❌ 허리를 과하게 아치해 가슴 대신 요추로 미는 것
깊이보다 골반 고정이 먼저입니다. 허리가 뜨면 범위를 줄이세요.
❌ 끝에서 어깨를 더 밀어 넣는 것
자세가 무너지면 무게를 낮추세요.

---

💡 MACHINE FIT PRO TIP
🔥 이 항목은 해머 스트렝스 전용 SKU가 없습니다. ""컨버징 체스트 프레스""로 분류된 실제 기구의 패드·레버·안전장치만 믿고, 가벼운 무게로 5회 리허설 후 본 세트를 시작하세요.

---

🎯 MACHINE FIT CHECK
🟢 시트/패드 → 몸에 맞춤
🟢 팔꿈치 → 미는/드는 방향
🟢 어깨 → 으쓱하지 않기
🟢 복귀 → 2~3초 통제

### 🔥 이것만 기억하세요

""넓은 시작에서 중앙으로 모으며 밀기. 끝에서 1초, 복귀는 통제.""","🏋️ BODYSTONE — Converging Chest Press

🎯 ONE KEY CUE
🔥 ""Start wide and press while converging toward center""

There is no dedicated Bodystone SKU for this category. Confirm pads, levers, and safeties on the unit in your gym, then follow the movement pattern below.

---

⚙️ ① Setup
🪑 Seat / pads
Fit the seat to your body so the start position sits naturally on the working joint.
🤲 Grip / hands
Take a comfortable grip width and keep the wrists stacked, not bent.
⚙️ Adjustments
Check 시트, 암 시작 폭, 중량.

---

💪 ② Start position
Pin back and pelvis to the pad with the handles at chest height.
Check only this:
👉 Back still on the pad

---

🔥 ③ Execution
The handles are not a straight line — ride the converging path. Do not force them together.
Press out on the machine path, then return under control.

---

💥 ④ Peak contraction
Stop where the chest is contracted — do not dump the shoulders farther forward.
⏱️ 1-second STOP
Own that position for one second. This is not where you dump the weight.

---

🐌 ⑤ Controlled return
Do not dump the load.
Take 2–3 seconds on the way back.
Return on the same path you pressed or pulled.

---

❌ Common mistakes
❌ Dumping the shoulders forward and bouncing the press
Slow the tempo and repeat one clean path.
❌ Over-arching so the low back takes over
If position breaks, cut the load.
❌ Shoving the shoulders farther at lockout
If position breaks, cut the load.

---

💡 MACHINE FIT PRO TIP
🔥 No dedicated Hammer Strength SKU for this slot. Trust the pads/levers/safeties on the unit labeled like ""Converging Chest Press"", rehearse five light reps, then start working sets.

---

🎯 MACHINE FIT CHECK
🟢 Seat/pad → fitted
🟢 Elbows → press/raise direction
🟢 Shoulders → not shrugged
🟢 Return → 2–3 sec control

### 🔥 Remember this

""Start wide and press while converging toward center. One-second peak, controlled return."""
BODYSTONE,아이소래터럴 체스트 프레스,Iso-Lateral Chest Press,,BRAND_MODEL_NOT_FOUND,Bodystone,,https://bodystone.co.kr/category/%EC%9B%A8%EC%9D%B4%ED%8A%B8%EB%A8%B8%EC%8B%A0/382/,바디스톤 공개 라인에 Iso-Lateral 독립 암 체스트 프레스 전용 SKU가 확인되지 않습니다,"시트, 좌·우 독립 암, 중량","🏋️ BODYSTONE — 아이소래터럴 체스트 프레스

🎯 ONE KEY CUE
🔥 ""좌우 암을 같은 속도로 밀며 불균형을 확인""

바디스톤 전용 모델이 없는 카테고리입니다. 헬스장에 있는 실제 기구의 패드·레버·안전장치를 먼저 확인한 뒤, 아래 패턴으로 움직이세요.

---

⚙️ ① 기구 세팅
🪑 좌석 / 패드
시트를 몸에 맞추세요. 시작 위치가 어깨·관절에 자연스럽게 오는지 확인합니다.
🤲 그립 / 손 위치
양손잡이 높이가 좌우 같은지 먼저 보세요. 독립 암이라 한쪽만 어긋나도 바로 느껴집니다.
⚙️ 조절 포인트
시트, 좌·우 독립 암, 중량을 확인하세요. 좌우 시작 위치가 같은지도 같이 봅니다.

---

💪 ② 시작 자세
등과 골반을 패드에 붙이고, 손잡이가 가슴 높이에 오게 잡습니다.
좌우가 같은 높이에서 시작하는지 한 번 더 보세요.
이 자세에서 이것만 확인하세요.
👉 등이 패드에서 뜨지 않는지

---

🔥 ③ 운동 방법
각 팔을 독립적으로 밀었다 복귀.
양쪽을 같은 속도로 움직이세요. 한쪽이 먼저 끝나면 무게를 더 올리기 전에 밸런스부터 잡습니다.

---

💥 ④ 최고 수축
팔꿈치가 앞으로 나가 가슴이 수축되는 지점에서 멈춥니다. 어깨를 더 밀지 마세요.
⏱️ 1초 STOP
튕기지 말고 그 지점에서 1초만 소유하세요. 무게를 놓는 순간이 아닙니다.

---

🐌 ⑤ 천천히 돌아오기
중량을 그냥 놓지 마세요.
2~3초 동안 통제하면서 복귀합니다.
시작 자세로 돌아갈 때도 같은 궤적을 유지하세요.

---

❌ 흔한 실수
❌ 한쪽만 먼저 밀어 비대칭을 키우는
약한 쪽 속도에 강한 쪽을 맞추세요.
❌ 어깨를 앞으로 말며 반동으로 미는 것
템포를 늦추고 같은 궤적만 반복하세요.
❌ 허리를 과하게 아치해 가슴 대신 요추로 미는 것
깊이보다 골반 고정이 먼저입니다. 허리가 뜨면 범위를 줄이세요.
❌ 끝에서 어깨를 더 밀어 넣는 것
자세가 무너지면 무게를 낮추세요.
❌ 한쪽만 먼저 끝내고 반대쪽을 따라가게 하는 것
약한 쪽 속도에 강한 쪽을 맞추세요.

---

💡 MACHINE FIT PRO TIP
🔥 이 항목은 해머 스트렝스 전용 SKU가 없습니다. ""아이소래터럴 체스트 프레스""로 분류된 실제 기구의 패드·레버·안전장치만 믿고, 가벼운 무게로 5회 리허설 후 본 세트를 시작하세요.

---

🎯 MACHINE FIT CHECK
🟢 시트/패드 → 몸에 맞춤
🟢 팔꿈치 → 미는/드는 방향
🟢 좌우 → 같은 속도
🟢 복귀 → 2~3초 통제

### 🔥 이것만 기억하세요

""좌우 같은 속도, 끝에서 1초, 복귀는 통제.""","🏋️ BODYSTONE — Iso-Lateral Chest Press

🎯 ONE KEY CUE
🔥 ""Press both independent arms at the same speed and check balance""

There is no dedicated Bodystone SKU for this category. Confirm pads, levers, and safeties on the unit in your gym, then follow the movement pattern below.

---

⚙️ ① Setup
🪑 Seat / pads
Fit the seat to your body so the start position sits naturally on the working joint.
🤲 Grip / hands
Match left and right handle height first — independent arms expose any mismatch immediately.
⚙️ Adjustments
Check 시트, 좌·우 독립 암, 중량. Confirm both sides start from the same position.

---

💪 ② Start position
Pin back and pelvis to the pad with the handles at chest height.
Double-check both sides start at the same height.
Check only this:
👉 Back still on the pad

---

🔥 ③ Execution
Match left-right speed. If one side finishes early, fix balance before adding load.
Press out on the machine path, then return under control. Keep both sides honest.

---

💥 ④ Peak contraction
Stop where the chest is contracted — do not dump the shoulders farther forward.
⏱️ 1-second STOP
Own that position for one second. This is not where you dump the weight.

---

🐌 ⑤ Controlled return
Do not dump the load.
Take 2–3 seconds on the way back.
Return on the same path you pressed or pulled.

---

❌ Common mistakes
❌ Dumping the shoulders forward and bouncing the press
Slow the tempo and repeat one clean path.
❌ Over-arching so the low back takes over
If position breaks, cut the load.
❌ Shoving the shoulders farther at lockout
If position breaks, cut the load.
❌ Letting one side finish early
Match the stronger side to the weaker side’s speed.

---

💡 MACHINE FIT PRO TIP
🔥 No dedicated Hammer Strength SKU for this slot. Trust the pads/levers/safeties on the unit labeled like ""Iso-Lateral Chest Press"", rehearse five light reps, then start working sets.

---

🎯 MACHINE FIT CHECK
🟢 Seat/pad → fitted
🟢 Elbows → press/raise direction
🟢 Left/right → same speed
🟢 Return → 2–3 sec control

### 🔥 Remember this

""Match sides, one-second peak, controlled return."""
BODYSTONE,플레이트로드 체스트 프레스,Plate-Loaded Chest Press,,BRAND_MODEL_NOT_FOUND,Bodystone,,https://bodystone.co.kr/category/%EC%9B%A8%EC%9D%B4%ED%8A%B8%EB%A8%B8%EC%8B%A0/382/,바디스톤 공개 카탈로그에 플레이트로드 체스트 프레스 전용 SKU가 확인되지 않습니다(SW·NKRS는 스택형),"시트, 양쪽 플레이트 홀더, 시작 위치","🏋️ BODYSTONE — 플레이트로드 체스트 프레스

🎯 ONE KEY CUE
🔥 ""견갑을 고정한 채 양팔을 고르게 밀기""

바디스톤 전용 모델이 없는 카테고리입니다. 헬스장에 있는 실제 기구의 패드·레버·안전장치를 먼저 확인한 뒤, 아래 패턴으로 움직이세요.

---

⚙️ ① 기구 세팅
🪑 좌석 / 패드
시트를 몸에 맞추세요. 시작 위치가 어깨·관절에 자연스럽게 오는지 확인합니다.
🤲 그립 / 손 위치
손잡이를 편안한 너비로 잡으세요. 손목이 꺾이지 않게 합니다.
⚙️ 조절 포인트
시트, 양쪽 플레이트 홀더, 시작 위치를 확인하세요. 양쪽 플레이트를 동일하게 맞추고, 한쪽만 먼저 올리지 마세요.

---

💪 ② 시작 자세
등과 골반을 패드에 붙이고, 손잡이가 가슴 높이에 오게 잡습니다.
이 자세에서 이것만 확인하세요.
👉 등이 패드에서 뜨지 않는지

---

🔥 ③ 운동 방법
플레이트를 싣고 프레스 후 천천히 복귀.
손보다 팔꿈치를 앞(또는 위)으로 보내는 느낌으로 미세요. 끝에서 어깨를 앞으로 밀어 넣지 마세요.

---

💥 ④ 최고 수축
팔꿈치가 앞으로 나가 가슴이 수축되는 지점에서 멈춥니다. 어깨를 더 밀지 마세요.
⏱️ 1초 STOP
튕기지 말고 그 지점에서 1초만 소유하세요. 무게를 놓는 순간이 아닙니다.

---

🐌 ⑤ 천천히 돌아오기
중량을 그냥 놓지 마세요.
2~3초 동안 통제하면서 복귀합니다.
시작 자세로 돌아갈 때도 같은 궤적을 유지하세요.

---

❌ 흔한 실수
❌ 원판만 늘리고 궤적을 통제하지 않는
자세가 무너지면 무게를 낮추세요.
❌ 어깨를 앞으로 말며 반동으로 미는 것
템포를 늦추고 같은 궤적만 반복하세요.
❌ 허리를 과하게 아치해 가슴 대신 요추로 미는 것
깊이보다 골반 고정이 먼저입니다. 허리가 뜨면 범위를 줄이세요.
❌ 끝에서 어깨를 더 밀어 넣는 것
자세가 무너지면 무게를 낮추세요.
❌ 양쪽 플레이트 무게를 다르게 올리는 것
양쪽을 맞춘 뒤 가벼운 세트로 좌우를 확인하세요.

---

💡 MACHINE FIT PRO TIP
🔥 이 항목은 해머 스트렝스 전용 SKU가 없습니다. ""플레이트로드 체스트 프레스""로 분류된 실제 기구의 패드·레버·안전장치만 믿고, 가벼운 무게로 5회 리허설 후 본 세트를 시작하세요.

---

🎯 MACHINE FIT CHECK
🟢 시트/패드 → 몸에 맞춤
🟢 팔꿈치 → 미는/드는 방향
🟢 원판 → 좌우 동일
🟢 복귀 → 2~3초 통제

### 🔥 이것만 기억하세요

""견갑을 고정한 채 양팔을 고르게 밀기. 끝에서 1초, 복귀는 통제.""","🏋️ BODYSTONE — Plate-Loaded Chest Press

🎯 ONE KEY CUE
🔥 ""Keep scapulae set and press both arms evenly""

There is no dedicated Bodystone SKU for this category. Confirm pads, levers, and safeties on the unit in your gym, then follow the movement pattern below.

---

⚙️ ① Setup
🪑 Seat / pads
Fit the seat to your body so the start position sits naturally on the working joint.
🤲 Grip / hands
Take a comfortable grip width and keep the wrists stacked, not bent.
⚙️ Adjustments
Check 시트, 양쪽 플레이트 홀더, 시작 위치. Match plates on both sides — do not load one arm first.

---

💪 ② Start position
Pin back and pelvis to the pad with the handles at chest height.
Check only this:
👉 Back still on the pad

---

🔥 ③ Execution
Press by driving the elbows forward/up. Do not dump the shoulders forward at lockout.
Press out on the machine path, then return under control.

---

💥 ④ Peak contraction
Stop where the chest is contracted — do not dump the shoulders farther forward.
⏱️ 1-second STOP
Own that position for one second. This is not where you dump the weight.

---

🐌 ⑤ Controlled return
Do not dump the load.
Take 2–3 seconds on the way back.
Return on the same path you pressed or pulled.

---

❌ Common mistakes
❌ Dumping the shoulders forward and bouncing the press
Slow the tempo and repeat one clean path.
❌ Over-arching so the low back takes over
If position breaks, cut the load.
❌ Shoving the shoulders farther at lockout
If position breaks, cut the load.
❌ Loading unequal plates
Match both sides, then confirm with a light set.

---

💡 MACHINE FIT PRO TIP
🔥 No dedicated Hammer Strength SKU for this slot. Trust the pads/levers/safeties on the unit labeled like ""Plate-Loaded Chest Press"", rehearse five light reps, then start working sets.

---

🎯 MACHINE FIT CHECK
🟢 Seat/pad → fitted
🟢 Elbows → press/raise direction
🟢 Plates → matched
🟢 Return → 2–3 sec control

### 🔥 Remember this

""Keep scapulae set and press both arms evenly. One-second peak, controlled return."""
BODYSTONE,펙덱,Pec Deck,SW-15 Pec Deck Fly / NKRS-001 Pec Back Fly,VERIFIED,Bodystone,SW Club,https://bodystone.co.kr/product/detail.html?product_no=3289,바디스톤 SW-15 팩택프라이·Kairos NKRS-001 팩백플라이 펙덱형 머신입니다,"시트 높이, 팔 패드 위치, 중량 스택","🏋️ BODYSTONE — SW-15 Pec Deck Fly / NKRS-001 Pec Back Fly · SW Club

🎯 ONE KEY CUE
🔥 ""팔꿈치를 패드에 붙인 채 가슴 앞에서 모으기""

바디스톤 SW-15 팩택프라이·Kairos NKRS-001 팩백플라이 펙덱형 머신. SW Club 구조입니다. 처음부터 무게 올리지 말고, 세팅부터 잡으세요.

---

⚙️ ① 기구 세팅
🪑 좌석 / 패드
시트 높이를 몸에 맞추세요. 시작 위치가 어깨·관절에 자연스럽게 오는지 확인합니다.
🤲 그립 / 손 위치
팔 패드 위치를 편안한 너비로 잡으세요. 손목이 꺾이지 않게 합니다.
⚙️ 조절 포인트
시트 높이, 팔 패드 위치, 중량 스택을 확인하세요.

---

💪 ② 시작 자세
등과 골반을 패드에 붙이고, 손잡이가 가슴 높이에 오게 잡습니다.
이 자세에서 이것만 확인하세요.
👉 등이 패드에서 뜨지 않는지

---

🔥 ③ 운동 방법
양팔을 벌린 상태에서 앞으로 모았다 벌리기.
손보다 팔꿈치를 앞(또는 위)으로 보내는 느낌으로 미세요. 끝에서 어깨를 앞으로 밀어 넣지 마세요.

---

💥 ④ 최고 수축
팔꿈치가 앞으로 나가 가슴이 수축되는 지점에서 멈춥니다. 어깨를 더 밀지 마세요.
⏱️ 1초 STOP
튕기지 말고 그 지점에서 1초만 소유하세요. 무게를 놓는 순간이 아닙니다.

---

🐌 ⑤ 천천히 돌아오기
중량을 그냥 놓지 마세요.
2~3초 동안 통제하면서 복귀합니다.
시작 자세로 돌아갈 때도 같은 궤적을 유지하세요.

---

❌ 흔한 실수
❌ 어깨를 으쓱하며 승모로 당기는
어깨를 귀에서 멀리 두고 다시 시작하세요.
❌ 어깨를 앞으로 말며 반동으로 미는 것
템포를 늦추고 같은 궤적만 반복하세요.
❌ 허리를 과하게 아치해 가슴 대신 요추로 미는 것
깊이보다 골반 고정이 먼저입니다. 허리가 뜨면 범위를 줄이세요.
❌ 끝에서 어깨를 더 밀어 넣는 것
자세가 무너지면 무게를 낮추세요.

---

💡 MACHINE FIT PRO TIP
🔥 SW-15 Pec Deck Fly / NKRS-001 Pec Back Fly의 가이드 궤적을 이용하세요. 첫 2세트는 천천히, 대칭이 확인된 뒤에만 무게를 올립니다.

---

🎯 MACHINE FIT CHECK
🟢 시트/패드 → 몸에 맞춤
🟢 팔꿈치 → 미는/드는 방향
🟢 어깨 → 으쓱하지 않기
🟢 복귀 → 2~3초 통제

### 🔥 이것만 기억하세요

""팔꿈치를 패드에 붙인 채 가슴 앞에서 모으기. 끝에서 1초, 복귀는 통제.""","🏋️ BODYSTONE — SW-15 Pec Deck Fly / NKRS-001 Pec Back Fly · SW Club

🎯 ONE KEY CUE
🔥 ""Keep elbows on the pads and bring the arms together in front of the chest""

바디스톤 SW-15 팩택프라이·Kairos NKRS-001 팩백플라이 펙덱형 머신입니다 Lean into the SW Club design. Do not chase load until the setup feels locked in.

---

⚙️ ① Setup
🪑 Seat / pads
Fit the seat to your body so the start position sits naturally on the working joint.
🤲 Grip / hands
Take a comfortable grip width and keep the wrists stacked, not bent.
⚙️ Adjustments
Check 시트 높이, 팔 패드 위치, 중량 스택.

---

💪 ② Start position
Pin back and pelvis to the pad with the handles at chest height.
Check only this:
👉 Back still on the pad

---

🔥 ③ Execution
Press by driving the elbows forward/up. Do not dump the shoulders forward at lockout.
Press out on the machine path, then return under control.

---

💥 ④ Peak contraction
Stop where the chest is contracted — do not dump the shoulders farther forward.
⏱️ 1-second STOP
Own that position for one second. This is not where you dump the weight.

---

🐌 ⑤ Controlled return
Do not dump the load.
Take 2–3 seconds on the way back.
Return on the same path you pressed or pulled.

---

❌ Common mistakes
❌ Dumping the shoulders forward and bouncing the press
Slow the tempo and repeat one clean path.
❌ Over-arching so the low back takes over
If position breaks, cut the load.
❌ Shoving the shoulders farther at lockout
If position breaks, cut the load.

---

💡 MACHINE FIT PRO TIP
🔥 Use the guided path on SW-15 Pec Deck Fly / NKRS-001 Pec Back Fly. Slow the first two sets, confirm symmetry, then add load.

---

🎯 MACHINE FIT CHECK
🟢 Seat/pad → fitted
🟢 Elbows → press/raise direction
🟢 Shoulders → not shrugged
🟢 Return → 2–3 sec control

### 🔥 Remember this

""Keep elbows on the pads and bring the arms together in front of the chest. One-second peak, controlled return."""
BODYSTONE,리어 델트 / 리버스 펙덱,Rear Delt / Reverse Pec Deck,,BRAND_MODEL_NOT_FOUND,Bodystone,,https://bodystone.co.kr/category/%EC%9B%A8%EC%9D%B4%ED%8A%B8%EB%A8%B8%EC%8B%A0/382/,바디스톤 공개 카탈로그에 Rear Delt / Reverse Pec Deck 전용 SKU가 확인되지 않습니다,"시트, 가슴 패드, 손잡이/암, 중량","🏋️ BODYSTONE — 리어 델트 / 리버스 펙덱

🎯 ONE KEY CUE
🔥 ""가슴을 패드에 붙이고 견갑을 모으며 팔을 뒤로 벌리기""

바디스톤 전용 모델이 없는 카테고리입니다. 헬스장에 있는 실제 기구의 패드·레버·안전장치를 먼저 확인한 뒤, 아래 패턴으로 움직이세요.

---

⚙️ ① 기구 세팅
🪑 좌석 / 패드
시트를 몸에 맞추세요. 시작 위치가 어깨·관절에 자연스럽게 오는지 확인합니다.
🤲 그립 / 손 위치
손잡이를 편안한 너비로 잡으세요. 손목이 꺾이지 않게 합니다.
⚙️ 조절 포인트
시트, 가슴 패드, 손잡이/암, 중량을 확인하세요.

---

💪 ② 시작 자세
갈비뼈를 내리고 허리를 과하게 아치하지 않습니다. 팔꿈치를 시작 궤적에 올립니다.
이 자세에서 이것만 확인하세요.
👉 허리가 과하게 꺾이지 않는지

---

🔥 ③ 운동 방법
앞으로 모은 손잡이를 뒤로 벌렸다 복귀.
반동으로 올리지 마세요. 팔꿈치가 궤적을 주도하게 둡니다.

---

💥 ④ 최고 수축
목표 근육이 가장 조여지는 끝 지점에서 멈춥니다.
⏱️ 1초 STOP
튕기지 말고 그 지점에서 1초만 소유하세요. 무게를 놓는 순간이 아닙니다.

---

🐌 ⑤ 천천히 돌아오기
중량을 그냥 놓지 마세요.
2~3초 동안 통제하면서 복귀합니다.
시작 자세로 돌아갈 때도 같은 궤적을 유지하세요.

---

❌ 흔한 실수
❌ 상체를 흔들며 반동으로 벌리는
템포를 늦추고 같은 궤적만 반복하세요.
❌ 허리를 꺾어 프레스하는 것
자세가 무너지면 무게를 낮추세요.
❌ 어깨를 귀 쪽으로 으쓱하는 것
어깨를 귀에서 멀리 두고 다시 시작하세요.
❌ 반동으로 들어 올리는 것
템포를 늦추고 같은 궤적만 반복하세요.

---

💡 MACHINE FIT PRO TIP
🔥 이 항목은 해머 스트렝스 전용 SKU가 없습니다. ""리어 델트 / 리버스 펙덱""로 분류된 실제 기구의 패드·레버·안전장치만 믿고, 가벼운 무게로 5회 리허설 후 본 세트를 시작하세요.

---

🎯 MACHINE FIT CHECK
🟢 시트/패드 → 몸에 맞춤
🟢 팔꿈치 → 미는/드는 방향
🟢 어깨 → 으쓱하지 않기
🟢 복귀 → 2~3초 통제

### 🔥 이것만 기억하세요

""가슴을 패드에 붙이고 견갑을 모으며 팔을 뒤로 벌리기. 끝에서 1초, 복귀는 통제.""","🏋️ BODYSTONE — Rear Delt / Reverse Pec Deck

🎯 ONE KEY CUE
🔥 ""Keep the chest on the pad and open the arms back while retracting scapulae""

There is no dedicated Bodystone SKU for this category. Confirm pads, levers, and safeties on the unit in your gym, then follow the movement pattern below.

---

⚙️ ① Setup
🪑 Seat / pads
Fit the seat to your body so the start position sits naturally on the working joint.
🤲 Grip / hands
Take a comfortable grip width and keep the wrists stacked, not bent.
⚙️ Adjustments
Check 시트, 가슴 패드, 손잡이/암, 중량.

---

💪 ② Start position
Drop the ribs — do not over-arch. Set the elbows on the press path.
Check only this:
👉 Low back not over-arched

---

🔥 ③ Execution
No bounce. Let the elbows own the path.
Press or raise on the guided path, then lower without dumping the shoulders.

---

💥 ④ Peak contraction
Stop where the target muscle is most shortened.
⏱️ 1-second STOP
Own that position for one second. This is not where you dump the weight.

---

🐌 ⑤ Controlled return
Do not dump the load.
Take 2–3 seconds on the way back.
Return on the same path you pressed or pulled.

---

❌ Common mistakes
❌ Pressing with an over-arched low back
If position breaks, cut the load.
❌ Shrugging the shoulders into the ears
Keep the shoulders away from the ears and restart.
❌ Bouncing the weight up
Slow the tempo and repeat one clean path.

---

💡 MACHINE FIT PRO TIP
🔥 No dedicated Hammer Strength SKU for this slot. Trust the pads/levers/safeties on the unit labeled like ""Rear Delt / Reverse Pec Deck"", rehearse five light reps, then start working sets.

---

🎯 MACHINE FIT CHECK
🟢 Seat/pad → fitted
🟢 Elbows → press/raise direction
🟢 Shoulders → not shrugged
🟢 Return → 2–3 sec control

### 🔥 Remember this

""Keep the chest on the pad and open the arms back while retracting scapulae. One-second peak, controlled return."""
BODYSTONE,플라이 머신,Fly Machine,SW-22 Butterfly,PARTIALLY_VERIFIED,Bodystone,SW Club,https://bodystone.co.kr/product/detail.html?product_no=3313,전용 Fly SKU명보다 SW-22 버터플라이가 가슴 플라이 패턴에 해당합니다,"시트 높이, 암/패드 시작 위치, 중량 스택","🏋️ BODYSTONE — SW-22 Butterfly · SW Club

🎯 ONE KEY CUE
🔥 ""팔꿈치를 살짝 굽힌 채 가슴 앞에서 호를 그리며 모으기""

전용 Fly SKU명보다 SW-22 버터플라이가 가슴 플라이 패턴에 해당합니다. SW Club 구조입니다. 처음부터 무게 올리지 말고, 세팅부터 잡으세요.

---

⚙️ ① 기구 세팅
🪑 좌석 / 패드
시트 높이를 몸에 맞추세요. 시작 위치가 어깨·관절에 자연스럽게 오는지 확인합니다.
🤲 그립 / 손 위치
손잡이를 편안한 너비로 잡으세요. 손목이 꺾이지 않게 합니다.
⚙️ 조절 포인트
시트 높이, 암/패드 시작 위치, 중량 스택을 확인하세요.
이 카테고리는 공식 명칭이 겹칠 수 있으니, 헬스장 기구의 실제 레버·패드 배치를 우선하세요.

---

💪 ② 시작 자세
등과 골반을 패드에 붙이고, 손잡이가 가슴 높이에 오게 잡습니다.
이 자세에서 이것만 확인하세요.
👉 등이 패드에서 뜨지 않는지

---

🔥 ③ 운동 방법
양팔을 옆에서 앞으로 모았다 천천히 벌리기.
손보다 팔꿈치를 앞(또는 위)으로 보내는 느낌으로 미세요. 끝에서 어깨를 앞으로 밀어 넣지 마세요.

---

💥 ④ 최고 수축
팔꿈치가 앞으로 나가 가슴이 수축되는 지점에서 멈춥니다. 어깨를 더 밀지 마세요.
⏱️ 1초 STOP
튕기지 말고 그 지점에서 1초만 소유하세요. 무게를 놓는 순간이 아닙니다.

---

🐌 ⑤ 천천히 돌아오기
중량을 그냥 놓지 마세요.
2~3초 동안 통제하면서 복귀합니다.
시작 자세로 돌아갈 때도 같은 궤적을 유지하세요.

---

❌ 흔한 실수
❌ 팔을 완전히 펴 팔꿈치에 부하를 주는
자세가 무너지면 무게를 낮추세요.
❌ 어깨를 앞으로 말며 반동으로 미는 것
템포를 늦추고 같은 궤적만 반복하세요.
❌ 허리를 과하게 아치해 가슴 대신 요추로 미는 것
깊이보다 골반 고정이 먼저입니다. 허리가 뜨면 범위를 줄이세요.
❌ 끝에서 어깨를 더 밀어 넣는 것
자세가 무너지면 무게를 낮추세요.

---

💡 MACHINE FIT PRO TIP
🔥 SW-22 Butterfly의 가이드 궤적을 이용하세요. 첫 2세트는 천천히, 대칭이 확인된 뒤에만 무게를 올립니다.

---

🎯 MACHINE FIT CHECK
🟢 시트/패드 → 몸에 맞춤
🟢 팔꿈치 → 미는/드는 방향
🟢 어깨 → 으쓱하지 않기
🟢 복귀 → 2~3초 통제

### 🔥 이것만 기억하세요

""팔꿈치를 살짝 굽힌 채 가슴 앞에서 호를 그리며 모으기. 끝에서 1초, 복귀는 통제.""","🏋️ BODYSTONE — SW-22 Butterfly · SW Club

🎯 ONE KEY CUE
🔥 ""Keep a soft elbow bend and arc the arms together in front of the chest""

전용 Fly SKU명보다 SW-22 버터플라이가 가슴 플라이 패턴에 해당합니다 Lean into the SW Club design. Do not chase load until the setup feels locked in.

---

⚙️ ① Setup
🪑 Seat / pads
Fit the seat to your body so the start position sits naturally on the working joint.
🤲 Grip / hands
Take a comfortable grip width and keep the wrists stacked, not bent.
⚙️ Adjustments
Check 시트 높이, 암/패드 시작 위치, 중량 스택.
Naming can overlap in this category — trust the levers and pads on the unit in front of you.

---

💪 ② Start position
Pin back and pelvis to the pad with the handles at chest height.
Check only this:
👉 Back still on the pad

---

🔥 ③ Execution
Press by driving the elbows forward/up. Do not dump the shoulders forward at lockout.
Press out on the machine path, then return under control.

---

💥 ④ Peak contraction
Stop where the chest is contracted — do not dump the shoulders farther forward.
⏱️ 1-second STOP
Own that position for one second. This is not where you dump the weight.

---

🐌 ⑤ Controlled return
Do not dump the load.
Take 2–3 seconds on the way back.
Return on the same path you pressed or pulled.

---

❌ Common mistakes
❌ Dumping the shoulders forward and bouncing the press
Slow the tempo and repeat one clean path.
❌ Over-arching so the low back takes over
If position breaks, cut the load.
❌ Shoving the shoulders farther at lockout
If position breaks, cut the load.

---

💡 MACHINE FIT PRO TIP
🔥 Use the guided path on SW-22 Butterfly. Slow the first two sets, confirm symmetry, then add load.

---

🎯 MACHINE FIT CHECK
🟢 Seat/pad → fitted
🟢 Elbows → press/raise direction
🟢 Shoulders → not shrugged
🟢 Return → 2–3 sec control

### 🔥 Remember this

""Keep a soft elbow bend and arc the arms together in front of the chest. One-second peak, controlled return."""
BODYSTONE,딥 머신,Dip Machine,SW-26 Dipping Machine,VERIFIED,Bodystone,SW Club,https://bodystone.co.kr/product/detail.html?product_no=3317,바디스톤 SW-26 디핑 머신으로 하강·상승 궤적의 딥 전용 셀렉터라이즈드입니다,"스텝/풋 지지, 손잡이 폭, 중량 스택","🏋️ BODYSTONE — SW-26 Dipping Machine · SW Club

🎯 ONE KEY CUE
🔥 ""어깨를 내리지 않고 팔꿈치가 뒤로 접히게 내리기""

바디스톤 SW-26 디핑 머신으로 하강·상승 궤적의 딥 전용 셀렉터라이즈드. 셀렉터 스택 · SW Club 구조입니다. 처음부터 무게 올리지 말고, 세팅부터 잡으세요.

---

⚙️ ① 기구 세팅
🤲 그립 / 손 위치
손잡이 폭를 편안한 너비로 잡으세요. 손목이 꺾이지 않게 합니다.
⚙️ 조절 포인트
스텝/풋 지지, 손잡이 폭, 중량 스택을 확인하세요.

---

💪 ② 시작 자세
등과 골반을 패드에 붙이고, 손잡이가 가슴 높이에 오게 잡습니다.
이 자세에서 이것만 확인하세요.
👉 등이 패드에서 뜨지 않는지

---

🔥 ③ 운동 방법
손잡이를 잡고 몸을 내렸다가 밀어 올리기.
손보다 팔꿈치를 앞(또는 위)으로 보내는 느낌으로 미세요. 끝에서 어깨를 앞으로 밀어 넣지 마세요.

---

💥 ④ 최고 수축
팔꿈치가 앞으로 나가 가슴이 수축되는 지점에서 멈춥니다. 어깨를 더 밀지 마세요.
⏱️ 1초 STOP
튕기지 말고 그 지점에서 1초만 소유하세요. 무게를 놓는 순간이 아닙니다.

---

🐌 ⑤ 천천히 돌아오기
중량을 그냥 놓지 마세요.
2~3초 동안 통제하면서 복귀합니다.
시작 자세로 돌아갈 때도 같은 궤적을 유지하세요.

---

❌ 흔한 실수
❌ 어깨를 움츠리며 너무 깊게 가라앉히는
자세가 무너지면 무게를 낮추세요.
❌ 어깨를 앞으로 말며 반동으로 미는 것
템포를 늦추고 같은 궤적만 반복하세요.
❌ 허리를 과하게 아치해 가슴 대신 요추로 미는 것
깊이보다 골반 고정이 먼저입니다. 허리가 뜨면 범위를 줄이세요.
❌ 끝에서 어깨를 더 밀어 넣는 것
자세가 무너지면 무게를 낮추세요.

---

💡 MACHINE FIT PRO TIP
🔥 Select 라인(SW-26 Dipping Machine)은 스택 핀 위치가 곧 시작 난이도입니다. 시트부터 맞춘 뒤 핀을 고르고, 첫 세트에서 궤적이 어깨·관절에 맞는지 확인하세요.

---

🎯 MACHINE FIT CHECK
🟢 시트/패드 → 몸에 맞춤
🟢 팔꿈치 → 미는/드는 방향
🟢 어깨 → 으쓱하지 않기
🟢 복귀 → 2~3초 통제

### 🔥 이것만 기억하세요

""어깨를 내리지 않고 팔꿈치가 뒤로 접히게 내리기. 끝에서 1초, 복귀는 통제.""","🏋️ BODYSTONE — SW-26 Dipping Machine · SW Club

🎯 ONE KEY CUE
🔥 ""Lower with elbows tracking back without dumping the shoulders""

바디스톤 SW-26 디핑 머신으로 하강·상승 궤적의 딥 전용 셀렉터라이즈드입니다 Lean into the selectorized stack / SW Club design. Do not chase load until the setup feels locked in.

---

⚙️ ① Setup
🤲 Grip / hands
Take a comfortable grip width and keep the wrists stacked, not bent.
⚙️ Adjustments
Check 스텝/풋 지지, 손잡이 폭, 중량 스택.

---

💪 ② Start position
Pin back and pelvis to the pad with the handles at chest height.
Check only this:
👉 Back still on the pad

---

🔥 ③ Execution
Press by driving the elbows forward/up. Do not dump the shoulders forward at lockout.
Press out on the machine path, then return under control.

---

💥 ④ Peak contraction
Stop where the chest is contracted — do not dump the shoulders farther forward.
⏱️ 1-second STOP
Own that position for one second. This is not where you dump the weight.

---

🐌 ⑤ Controlled return
Do not dump the load.
Take 2–3 seconds on the way back.
Return on the same path you pressed or pulled.

---

❌ Common mistakes
❌ Dumping the shoulders forward and bouncing the press
Slow the tempo and repeat one clean path.
❌ Over-arching so the low back takes over
If position breaks, cut the load.
❌ Shoving the shoulders farther at lockout
If position breaks, cut the load.

---

💡 MACHINE FIT PRO TIP
🔥 On Select (SW-26 Dipping Machine), the pin is your difficulty. Fit the seat first, choose the pin second, and confirm the path on set one.

---

🎯 MACHINE FIT CHECK
🟢 Seat/pad → fitted
🟢 Elbows → press/raise direction
🟢 Shoulders → not shrugged
🟢 Return → 2–3 sec control

### 🔥 Remember this

""Lower with elbows tracking back without dumping the shoulders. One-second peak, controlled return."""
BODYSTONE,어시스트 딥,Assisted Dip,NKRS-010 Assist Chinning & Dipping,PARTIALLY_VERIFIED,Bodystone,Kairos,https://bodystone.co.kr/product/detail.html?product_no=3684,딥 전용 어시스트보다 Kairos NKRS-010 어시스트 치닝·디핑 겸용이 해당합니다,"무릎/풋 지지 패드, 어시스트 중량, 딥 손잡이","🏋️ BODYSTONE — NKRS-010 Assist Chinning & Dipping · Kairos

🎯 ONE KEY CUE
🔥 ""무릎 패드에 체중을 싣고 팔꿈치가 뒤로 접히게 딥""

딥 전용 어시스트보다 Kairos NKRS-010 어시스트 치닝·디핑 겸용이 해당합니다. Kairos 구조입니다. 처음부터 무게 올리지 말고, 세팅부터 잡으세요.

---

⚙️ ① 기구 세팅
🪑 좌석 / 패드
시트를 몸에 맞추세요. 시작 위치가 목표 관절 높이에 오는지 확인합니다.
🤲 그립 / 손 위치
딥 손잡이를 편안한 너비로 잡으세요. 손목이 꺾이지 않게 합니다.
⚙️ 조절 포인트
무릎/풋 지지 패드, 어시스트 중량, 딥 손잡이를 확인하세요.
이 카테고리는 공식 명칭이 겹칠 수 있으니, 헬스장 기구의 실제 레버·패드 배치를 우선하세요.

---

💪 ② 시작 자세
등과 골반을 패드에 붙이고, 손잡이가 가슴 높이에 오게 잡습니다.
이 자세에서 이것만 확인하세요.
👉 등이 패드에서 뜨지 않는지

---

🔥 ③ 운동 방법
어시스트를 받은 채 내렸다가 밀어 올리기.
손보다 팔꿈치를 앞(또는 위)으로 보내는 느낌으로 미세요. 끝에서 어깨를 앞으로 밀어 넣지 마세요.

---

💥 ④ 최고 수축
팔꿈치가 앞으로 나가 가슴이 수축되는 지점에서 멈춥니다. 어깨를 더 밀지 마세요.
⏱️ 1초 STOP
튕기지 말고 그 지점에서 1초만 소유하세요. 무게를 놓는 순간이 아닙니다.

---

🐌 ⑤ 천천히 돌아오기
중량을 그냥 놓지 마세요.
2~3초 동안 통제하면서 복귀합니다.
시작 자세로 돌아갈 때도 같은 궤적을 유지하세요.

---

❌ 흔한 실수
❌ 반동으로 튕기며 어깨를 과도하게 누르는
템포를 늦추고 같은 궤적만 반복하세요.
❌ 어깨를 앞으로 말며 반동으로 미는 것
템포를 늦추고 같은 궤적만 반복하세요.
❌ 허리를 과하게 아치해 가슴 대신 요추로 미는 것
깊이보다 골반 고정이 먼저입니다. 허리가 뜨면 범위를 줄이세요.
❌ 끝에서 어깨를 더 밀어 넣는 것
자세가 무너지면 무게를 낮추세요.

---

💡 MACHINE FIT PRO TIP
🔥 NKRS-010 Assist Chinning & Dipping의 가이드 궤적을 이용하세요. 첫 2세트는 천천히, 대칭이 확인된 뒤에만 무게를 올립니다.

---

🎯 MACHINE FIT CHECK
🟢 시트/패드 → 몸에 맞춤
🟢 팔꿈치 → 미는/드는 방향
🟢 어깨 → 으쓱하지 않기
🟢 복귀 → 2~3초 통제

### 🔥 이것만 기억하세요

""무릎 패드에 체중을 싣고 팔꿈치가 뒤로 접히게 딥. 끝에서 1초, 복귀는 통제.""","🏋️ BODYSTONE — NKRS-010 Assist Chinning & Dipping · Kairos

🎯 ONE KEY CUE
🔥 ""Load the knee pad and dip with elbows tracking back""

딥 전용 어시스트보다 Kairos NKRS-010 어시스트 치닝·디핑 겸용이 해당합니다 Lean into the Kairos design. Do not chase load until the setup feels locked in.

---

⚙️ ① Setup
🪑 Seat / pads
Fit the seat to your body so the start position sits naturally on the working joint.
🤲 Grip / hands
Take a comfortable grip width and keep the wrists stacked, not bent.
⚙️ Adjustments
Check 무릎/풋 지지 패드, 어시스트 중량, 딥 손잡이.
Naming can overlap in this category — trust the levers and pads on the unit in front of you.

---

💪 ② Start position
Pin back and pelvis to the pad with the handles at chest height.
Check only this:
👉 Back still on the pad

---

🔥 ③ Execution
Press by driving the elbows forward/up. Do not dump the shoulders forward at lockout.
Press out on the machine path, then return under control.

---

💥 ④ Peak contraction
Stop where the chest is contracted — do not dump the shoulders farther forward.
⏱️ 1-second STOP
Own that position for one second. This is not where you dump the weight.

---

🐌 ⑤ Controlled return
Do not dump the load.
Take 2–3 seconds on the way back.
Return on the same path you pressed or pulled.

---

❌ Common mistakes
❌ Dumping the shoulders forward and bouncing the press
Slow the tempo and repeat one clean path.
❌ Over-arching so the low back takes over
If position breaks, cut the load.
❌ Shoving the shoulders farther at lockout
If position breaks, cut the load.

---

💡 MACHINE FIT PRO TIP
🔥 Use the guided path on NKRS-010 Assist Chinning & Dipping. Slow the first two sets, confirm symmetry, then add load.

---

🎯 MACHINE FIT CHECK
🟢 Seat/pad → fitted
🟢 Elbows → press/raise direction
🟢 Shoulders → not shrugged
🟢 Return → 2–3 sec control

### 🔥 Remember this

""Load the knee pad and dip with elbows tracking back. One-second peak, controlled return."""
BODYSTONE,슈퍼 인클라인 프레스,Super Incline Press,,BRAND_MODEL_NOT_FOUND,Bodystone,,https://bodystone.co.kr/category/%EC%9B%A8%EC%9D%B4%ED%8A%B8%EB%A8%B8%EC%8B%A0/382/,바디스톤 공개 카탈로그에 Super Incline Press 전용 SKU가 확인되지 않습니다,"시트, 등판 각도, 손잡이, 중량","🏋️ BODYSTONE — 슈퍼 인클라인 프레스

🎯 ONE KEY CUE
🔥 ""높은 인클라인에서 쇄골 방향으로 통제하며 밀기""

바디스톤 전용 모델이 없는 카테고리입니다. 헬스장에 있는 실제 기구의 패드·레버·안전장치를 먼저 확인한 뒤, 아래 패턴으로 움직이세요.

---

⚙️ ① 기구 세팅
🪑 좌석 / 패드
시트를 몸에 맞추세요. 시작 위치가 어깨·관절에 자연스럽게 오는지 확인합니다.
🤲 그립 / 손 위치
손잡이를 편안한 너비로 잡으세요. 손목이 꺾이지 않게 합니다.
⚙️ 조절 포인트
시트, 등판 각도, 손잡이, 중량을 확인하세요.

---

💪 ② 시작 자세
등과 골반을 패드에 붙이고, 손잡이가 가슴 높이에 오게 잡습니다.
이 자세에서 이것만 확인하세요.
👉 등이 패드에서 뜨지 않는지

---

🔥 ③ 운동 방법
가파른 인클라인 궤적으로 밀었다 복귀.
손보다 팔꿈치를 앞(또는 위)으로 보내는 느낌으로 미세요. 끝에서 어깨를 앞으로 밀어 넣지 마세요.

---

💥 ④ 최고 수축
팔꿈치가 앞으로 나가 가슴이 수축되는 지점에서 멈춥니다. 어깨를 더 밀지 마세요.
⏱️ 1초 STOP
튕기지 말고 그 지점에서 1초만 소유하세요. 무게를 놓는 순간이 아닙니다.

---

🐌 ⑤ 천천히 돌아오기
중량을 그냥 놓지 마세요.
2~3초 동안 통제하면서 복귀합니다.
시작 자세로 돌아갈 때도 같은 궤적을 유지하세요.

---

❌ 흔한 실수
❌ 각도를 무시하고 일반 프레스처럼 미는
자세가 무너지면 무게를 낮추세요.
❌ 어깨를 앞으로 말며 반동으로 미는 것
템포를 늦추고 같은 궤적만 반복하세요.
❌ 허리를 과하게 아치해 가슴 대신 요추로 미는 것
깊이보다 골반 고정이 먼저입니다. 허리가 뜨면 범위를 줄이세요.
❌ 끝에서 어깨를 더 밀어 넣는 것
자세가 무너지면 무게를 낮추세요.

---

💡 MACHINE FIT PRO TIP
🔥 이 항목은 해머 스트렝스 전용 SKU가 없습니다. ""슈퍼 인클라인 프레스""로 분류된 실제 기구의 패드·레버·안전장치만 믿고, 가벼운 무게로 5회 리허설 후 본 세트를 시작하세요.

---

🎯 MACHINE FIT CHECK
🟢 시트/패드 → 몸에 맞춤
🟢 팔꿈치 → 미는/드는 방향
🟢 어깨 → 으쓱하지 않기
🟢 복귀 → 2~3초 통제

### 🔥 이것만 기억하세요

""높은 인클라인에서 쇄골 방향으로 통제하며 밀기. 끝에서 1초, 복귀는 통제.""","🏋️ BODYSTONE — Super Incline Press

🎯 ONE KEY CUE
🔥 ""Press toward the clavicles on a steep incline with control""

There is no dedicated Bodystone SKU for this category. Confirm pads, levers, and safeties on the unit in your gym, then follow the movement pattern below.

---

⚙️ ① Setup
🪑 Seat / pads
Fit the seat to your body so the start position sits naturally on the working joint.
🤲 Grip / hands
Take a comfortable grip width and keep the wrists stacked, not bent.
⚙️ Adjustments
Check 시트, 등판 각도, 손잡이, 중량.

---

💪 ② Start position
Pin back and pelvis to the pad with the handles at chest height.
Check only this:
👉 Back still on the pad

---

🔥 ③ Execution
Press by driving the elbows forward/up. Do not dump the shoulders forward at lockout.
Press out on the machine path, then return under control.

---

💥 ④ Peak contraction
Stop where the chest is contracted — do not dump the shoulders farther forward.
⏱️ 1-second STOP
Own that position for one second. This is not where you dump the weight.

---

🐌 ⑤ Controlled return
Do not dump the load.
Take 2–3 seconds on the way back.
Return on the same path you pressed or pulled.

---

❌ Common mistakes
❌ Dumping the shoulders forward and bouncing the press
Slow the tempo and repeat one clean path.
❌ Over-arching so the low back takes over
If position breaks, cut the load.
❌ Shoving the shoulders farther at lockout
If position breaks, cut the load.

---

💡 MACHINE FIT PRO TIP
🔥 No dedicated Hammer Strength SKU for this slot. Trust the pads/levers/safeties on the unit labeled like ""Super Incline Press"", rehearse five light reps, then start working sets.

---

🎯 MACHINE FIT CHECK
🟢 Seat/pad → fitted
🟢 Elbows → press/raise direction
🟢 Shoulders → not shrugged
🟢 Return → 2–3 sec control

### 🔥 Remember this

""Press toward the clavicles on a steep incline with control. One-second peak, controlled return."""
BODYSTONE,랫풀다운,Lat Pulldown,SW-13 High Pulley / Lat Pulldown / NKRS-002 High Lat Pull,VERIFIED,Bodystone,SW Club,https://bodystone.co.kr/product/detail.html?product_no=3302,바디스톤 SW-13 하이폴리·Kairos NKRS-002 하이랫풀 랫풀다운 머신입니다,"허벅지 패드, 시트, 바 그립, 중량 스택","🏋️ BODYSTONE — SW-13 High Pulley / Lat Pulldown / NKRS-002 High Lat Pull · SW Club

🎯 ONE KEY CUE
🔥 ""가슴을 열고 팔꿈치를 옆구리로 끌어내리기""

바디스톤 SW-13 하이폴리·Kairos NKRS-002 하이랫풀 랫풀다운 머신. SW Club 구조입니다. 처음부터 무게 올리지 말고, 세팅부터 잡으세요.

---

⚙️ ① 기구 세팅
🪑 좌석 / 패드
가슴/등 패드에 몸을 안정적으로 붙이세요. 패드에서 몸이 들리면 반동이 들어갑니다.
🤲 그립 / 손 위치
바 그립를 편안한 너비로 잡으세요. 손목이 꺾이지 않게 합니다.
⚙️ 조절 포인트
허벅지 패드, 시트, 바 그립, 중량 스택을 확인하세요.

---

💪 ② 시작 자세
가슴을 세우고 어깨를 귀에서 멀리 둡니다. 팔보다 등부터 준비합니다.
이 자세에서 이것만 확인하세요.
👉 어깨가 귀 쪽으로 올라가지 않는지

---

🔥 ③ 운동 방법
바를 쇄골~상부 가슴 높이까지 내렸다가 천천히 복귀.
손잡이를 당긴다고 생각하지 말고, 팔꿈치를 목표 지점으로 보내세요.

---

💥 ④ 최고 수축
팔꿈치가 목표에 도착해 등이 조여지는 지점에서 멈춥니다.
⏱️ 1초 STOP
튕기지 말고 그 지점에서 1초만 소유하세요. 무게를 놓는 순간이 아닙니다.

---

🐌 ⑤ 천천히 돌아오기
중량을 그냥 놓지 마세요.
2~3초 동안 통제하면서 복귀합니다.
팔이 펴질 때까지 등을 놓지 말고, 어깨가 앞으로 말리지 않게 버팁니다.

---

❌ 흔한 실수
❌ 상체를 과도하게 뒤로 젖히며 반동으로 당기는
템포를 늦추고 같은 궤적만 반복하세요.
❌ 몸을 뒤로 젖혀 반동으로 당기는 것
템포를 늦추고 같은 궤적만 반복하세요.
❌ 어깨를 으쓱하며 승모근만 쓰는 것
어깨를 귀에서 멀리 두고 다시 시작하세요.
❌ 손잡이만 당기고 팔꿈치는 안 움직이는 것
자세가 무너지면 무게를 낮추세요.

---

💡 MACHINE FIT PRO TIP
🔥 SW-13 High Pulley / Lat Pulldown / NKRS-002 High Lat Pull의 가이드 궤적을 이용하세요. 첫 2세트는 천천히, 대칭이 확인된 뒤에만 무게를 올립니다.

---

🎯 MACHINE FIT CHECK
🟢 시트/패드 → 몸에 맞춤
🟢 팔꿈치 → 당김 방향
🟢 어깨 → 으쓱하지 않기
🟢 복귀 → 2~3초 통제

### 🔥 이것만 기억하세요

""가슴을 열고 팔꿈치를 옆구리로 끌어내리기. 끝에서 1초, 복귀는 통제.""","🏋️ BODYSTONE — SW-13 High Pulley / Lat Pulldown / NKRS-002 High Lat Pull · SW Club

🎯 ONE KEY CUE
🔥 ""Open the chest and drive the elbows down toward the ribs""

바디스톤 SW-13 하이폴리·Kairos NKRS-002 하이랫풀 랫풀다운 머신입니다 Lean into the SW Club design. Do not chase load until the setup feels locked in.

---

⚙️ ① Setup
🪑 Seat / pads
Pin yourself to the chest/back pad. If you lift off the pad, you are cheating with momentum.
🤲 Grip / hands
Take a comfortable grip width and keep the wrists stacked, not bent.
⚙️ Adjustments
Check 허벅지 패드, 시트, 바 그립, 중량 스택.

---

💪 ② Start position
Lift the chest and keep the shoulders away from the ears. Prepare the back before the arms.
Check only this:
👉 Shoulders not shrugged

---

🔥 ③ Execution
Do not think “pull the handle.” Drive the elbows to the target.
Drive the elbows back/down on the row or pulldown path, then lengthen slowly.

---

💥 ④ Peak contraction
Stop where the elbows arrive and the back is squeezed.
⏱️ 1-second STOP
Own that position for one second. This is not where you dump the weight.

---

🐌 ⑤ Controlled return
Do not dump the load.
Take 2–3 seconds on the way back.
Keep the back set as the arms lengthen — do not let the shoulders dump forward.

---

❌ Common mistakes
❌ Leaning back for momentum
Slow the tempo and repeat one clean path.
❌ Shrugging and turning it into an upper-trap pull
Keep the shoulders away from the ears and restart.
❌ Yank the handles without moving the elbows
If position breaks, cut the load.

---

💡 MACHINE FIT PRO TIP
🔥 Use the guided path on SW-13 High Pulley / Lat Pulldown / NKRS-002 High Lat Pull. Slow the first two sets, confirm symmetry, then add load.

---

🎯 MACHINE FIT CHECK
🟢 Seat/pad → fitted
🟢 Elbows → pull direction
🟢 Shoulders → not shrugged
🟢 Return → 2–3 sec control

### 🔥 Remember this

""Open the chest and drive the elbows down toward the ribs. One-second peak, controlled return."""
BODYSTONE,와이드 랫풀다운,Wide Lat Pulldown,SW-13 High Pulley / Lat Pulldown,PARTIALLY_VERIFIED,Bodystone,SW Club,https://bodystone.co.kr/product/detail.html?product_no=3302,와이드 전용 SKU보다 SW-13에서 와이드 그립으로 수행하는 랫풀다운이 해당합니다,"허벅지 패드, 와이드 바 그립, 중량 스택","🏋️ BODYSTONE — SW-13 High Pulley / Lat Pulldown · SW Club

🎯 ONE KEY CUE
🔥 ""와이드 그립으로 어깨를 내리고 광배를 먼저 수축""

와이드 전용 SKU보다 SW-13에서 와이드 그립으로 수행하는 랫풀다운이 해당합니다. SW Club 구조입니다. 처음부터 무게 올리지 말고, 세팅부터 잡으세요.

---

⚙️ ① 기구 세팅
🪑 좌석 / 패드
가슴/등 패드에 몸을 안정적으로 붙이세요. 패드에서 몸이 들리면 반동이 들어갑니다.
🤲 그립 / 손 위치
와이드 바 그립를 편안한 너비로 잡으세요. 손목이 꺾이지 않게 합니다.
⚙️ 조절 포인트
허벅지 패드, 와이드 바 그립, 중량 스택을 확인하세요.
이 카테고리는 공식 명칭이 겹칠 수 있으니, 헬스장 기구의 실제 레버·패드 배치를 우선하세요.

---

💪 ② 시작 자세
가슴을 세우고 어깨를 귀에서 멀리 둡니다. 팔보다 등부터 준비합니다.
이 자세에서 이것만 확인하세요.
👉 어깨가 귀 쪽으로 올라가지 않는지

---

🔥 ③ 운동 방법
와이드 바를 상부 가슴으로 내렸다가 복귀.
손잡이를 당긴다고 생각하지 말고, 팔꿈치를 목표 지점으로 보내세요.

---

💥 ④ 최고 수축
팔꿈치가 목표에 도착해 등이 조여지는 지점에서 멈춥니다.
⏱️ 1초 STOP
튕기지 말고 그 지점에서 1초만 소유하세요. 무게를 놓는 순간이 아닙니다.

---

🐌 ⑤ 천천히 돌아오기
중량을 그냥 놓지 마세요.
2~3초 동안 통제하면서 복귀합니다.
팔이 펴질 때까지 등을 놓지 말고, 어깨가 앞으로 말리지 않게 버팁니다.

---

❌ 흔한 실수
❌ 손만으로 바를 끌어 전완만 피로해지는
자세가 무너지면 무게를 낮추세요.
❌ 몸을 뒤로 젖혀 반동으로 당기는 것
템포를 늦추고 같은 궤적만 반복하세요.
❌ 어깨를 으쓱하며 승모근만 쓰는 것
어깨를 귀에서 멀리 두고 다시 시작하세요.
❌ 손잡이만 당기고 팔꿈치는 안 움직이는 것
자세가 무너지면 무게를 낮추세요.

---

💡 MACHINE FIT PRO TIP
🔥 SW-13 High Pulley / Lat Pulldown의 가이드 궤적을 이용하세요. 첫 2세트는 천천히, 대칭이 확인된 뒤에만 무게를 올립니다.

---

🎯 MACHINE FIT CHECK
🟢 시트/패드 → 몸에 맞춤
🟢 팔꿈치 → 당김 방향
🟢 어깨 → 으쓱하지 않기
🟢 복귀 → 2~3초 통제

### 🔥 이것만 기억하세요

""와이드 그립으로 어깨를 내리고 광배를 먼저 수축. 끝에서 1초, 복귀는 통제.""","🏋️ BODYSTONE — SW-13 High Pulley / Lat Pulldown · SW Club

🎯 ONE KEY CUE
🔥 ""Use a wide grip, depress the shoulders, and initiate with the lats""

와이드 전용 SKU보다 SW-13에서 와이드 그립으로 수행하는 랫풀다운이 해당합니다 Lean into the SW Club design. Do not chase load until the setup feels locked in.

---

⚙️ ① Setup
🪑 Seat / pads
Pin yourself to the chest/back pad. If you lift off the pad, you are cheating with momentum.
🤲 Grip / hands
Take a comfortable grip width and keep the wrists stacked, not bent.
⚙️ Adjustments
Check 허벅지 패드, 와이드 바 그립, 중량 스택.
Naming can overlap in this category — trust the levers and pads on the unit in front of you.

---

💪 ② Start position
Lift the chest and keep the shoulders away from the ears. Prepare the back before the arms.
Check only this:
👉 Shoulders not shrugged

---

🔥 ③ Execution
Do not think “pull the handle.” Drive the elbows to the target.
Drive the elbows back/down on the row or pulldown path, then lengthen slowly.

---

💥 ④ Peak contraction
Stop where the elbows arrive and the back is squeezed.
⏱️ 1-second STOP
Own that position for one second. This is not where you dump the weight.

---

🐌 ⑤ Controlled return
Do not dump the load.
Take 2–3 seconds on the way back.
Keep the back set as the arms lengthen — do not let the shoulders dump forward.

---

❌ Common mistakes
❌ Leaning back for momentum
Slow the tempo and repeat one clean path.
❌ Shrugging and turning it into an upper-trap pull
Keep the shoulders away from the ears and restart.
❌ Yank the handles without moving the elbows
If position breaks, cut the load.

---

💡 MACHINE FIT PRO TIP
🔥 Use the guided path on SW-13 High Pulley / Lat Pulldown. Slow the first two sets, confirm symmetry, then add load.

---

🎯 MACHINE FIT CHECK
🟢 Seat/pad → fitted
🟢 Elbows → pull direction
🟢 Shoulders → not shrugged
🟢 Return → 2–3 sec control

### 🔥 Remember this

""Use a wide grip, depress the shoulders, and initiate with the lats. One-second peak, controlled return."""
BODYSTONE,프론트 풀다운,Front Pulldown,SW-13 High Pulley / Lat Pulldown,PARTIALLY_VERIFIED,Bodystone,SW Club,https://bodystone.co.kr/product/detail.html?product_no=3302,프론트 전용 SKU보다 SW-13 하이랫풀의 전면 풀다운 궤적이 해당합니다,"허벅지 패드, 시트, 바, 중량 스택","🏋️ BODYSTONE — SW-13 High Pulley / Lat Pulldown · SW Club

🎯 ONE KEY CUE
🔥 ""바가 얼굴 앞·상부 가슴으로 오도록 수직에 가깝게 당기기""

프론트 전용 SKU보다 SW-13 하이랫풀의 전면 풀다운 궤적이 해당합니다. SW Club 구조입니다. 처음부터 무게 올리지 말고, 세팅부터 잡으세요.

---

⚙️ ① 기구 세팅
🪑 좌석 / 패드
가슴/등 패드에 몸을 안정적으로 붙이세요. 패드에서 몸이 들리면 반동이 들어갑니다.
🤲 그립 / 손 위치
손잡이를 편안한 너비로 잡으세요. 손목이 꺾이지 않게 합니다.
⚙️ 조절 포인트
허벅지 패드, 시트, 바, 중량 스택을 확인하세요.
이 카테고리는 공식 명칭이 겹칠 수 있으니, 헬스장 기구의 실제 레버·패드 배치를 우선하세요.

---

💪 ② 시작 자세
가슴을 세우고 어깨를 귀에서 멀리 둡니다. 팔보다 등부터 준비합니다.
이 자세에서 이것만 확인하세요.
👉 어깨가 귀 쪽으로 올라가지 않는지

---

🔥 ③ 운동 방법
바를 가슴 앞으로 내렸다가 천천히 올려 복귀.
손잡이를 당긴다고 생각하지 말고, 팔꿈치를 목표 지점으로 보내세요.

---

💥 ④ 최고 수축
팔꿈치가 목표에 도착해 등이 조여지는 지점에서 멈춥니다.
⏱️ 1초 STOP
튕기지 말고 그 지점에서 1초만 소유하세요. 무게를 놓는 순간이 아닙니다.

---

🐌 ⑤ 천천히 돌아오기
중량을 그냥 놓지 마세요.
2~3초 동안 통제하면서 복귀합니다.
팔이 펴질 때까지 등을 놓지 말고, 어깨가 앞으로 말리지 않게 버팁니다.

---

❌ 흔한 실수
❌ 목을 과신전하며 바를 턱 뒤로 넘기는
자세가 무너지면 무게를 낮추세요.
❌ 몸을 뒤로 젖혀 반동으로 당기는 것
템포를 늦추고 같은 궤적만 반복하세요.
❌ 어깨를 으쓱하며 승모근만 쓰는 것
어깨를 귀에서 멀리 두고 다시 시작하세요.
❌ 손잡이만 당기고 팔꿈치는 안 움직이는 것
자세가 무너지면 무게를 낮추세요.

---

💡 MACHINE FIT PRO TIP
🔥 SW-13 High Pulley / Lat Pulldown의 가이드 궤적을 이용하세요. 첫 2세트는 천천히, 대칭이 확인된 뒤에만 무게를 올립니다.

---

🎯 MACHINE FIT CHECK
🟢 시트/패드 → 몸에 맞춤
🟢 팔꿈치 → 당김 방향
🟢 어깨 → 으쓱하지 않기
🟢 복귀 → 2~3초 통제

### 🔥 이것만 기억하세요

""바가 얼굴 앞·상부 가슴으로 오도록 수직에 가깝게 당기기. 끝에서 1초, 복귀는 통제.""","🏋️ BODYSTONE — SW-13 High Pulley / Lat Pulldown · SW Club

🎯 ONE KEY CUE
🔥 ""Pull the bar in front of the face to upper chest on a near-vertical path""

프론트 전용 SKU보다 SW-13 하이랫풀의 전면 풀다운 궤적이 해당합니다 Lean into the SW Club design. Do not chase load until the setup feels locked in.

---

⚙️ ① Setup
🪑 Seat / pads
Pin yourself to the chest/back pad. If you lift off the pad, you are cheating with momentum.
🤲 Grip / hands
Take a comfortable grip width and keep the wrists stacked, not bent.
⚙️ Adjustments
Check 허벅지 패드, 시트, 바, 중량 스택.
Naming can overlap in this category — trust the levers and pads on the unit in front of you.

---

💪 ② Start position
Lift the chest and keep the shoulders away from the ears. Prepare the back before the arms.
Check only this:
👉 Shoulders not shrugged

---

🔥 ③ Execution
Do not think “pull the handle.” Drive the elbows to the target.
Drive the elbows back/down on the row or pulldown path, then lengthen slowly.

---

💥 ④ Peak contraction
Stop where the elbows arrive and the back is squeezed.
⏱️ 1-second STOP
Own that position for one second. This is not where you dump the weight.

---

🐌 ⑤ Controlled return
Do not dump the load.
Take 2–3 seconds on the way back.
Keep the back set as the arms lengthen — do not let the shoulders dump forward.

---

❌ Common mistakes
❌ Leaning back for momentum
Slow the tempo and repeat one clean path.
❌ Shrugging and turning it into an upper-trap pull
Keep the shoulders away from the ears and restart.
❌ Yank the handles without moving the elbows
If position breaks, cut the load.

---

💡 MACHINE FIT PRO TIP
🔥 Use the guided path on SW-13 High Pulley / Lat Pulldown. Slow the first two sets, confirm symmetry, then add load.

---

🎯 MACHINE FIT CHECK
🟢 Seat/pad → fitted
🟢 Elbows → pull direction
🟢 Shoulders → not shrugged
🟢 Return → 2–3 sec control

### 🔥 Remember this

""Pull the bar in front of the face to upper chest on a near-vertical path. One-second peak, controlled return."""
BODYSTONE,아이소래터럴 랫풀다운,Iso-Lateral Lat Pulldown,,BRAND_MODEL_NOT_FOUND,Bodystone,,https://bodystone.co.kr/category/%EC%9B%A8%EC%9D%B4%ED%8A%B8%EB%A8%B8%EC%8B%A0/382/,바디스톤 공개 라인에 Iso-Lateral Lat Pulldown 전용 SKU가 확인되지 않습니다,"시트, 좌·우 독립 암, 허벅지 패드, 중량","🏋️ BODYSTONE — 아이소래터럴 랫풀다운

🎯 ONE KEY CUE
🔥 ""좌우를 같은 궤적으로 끌어내리며 균형 확인""

바디스톤 전용 모델이 없는 카테고리입니다. 헬스장에 있는 실제 기구의 패드·레버·안전장치를 먼저 확인한 뒤, 아래 패턴으로 움직이세요.

---

⚙️ ① 기구 세팅
🪑 좌석 / 패드
가슴/등 패드에 몸을 안정적으로 붙이세요. 패드에서 몸이 들리면 반동이 들어갑니다.
🤲 그립 / 손 위치
양손잡이 높이가 좌우 같은지 먼저 보세요. 독립 암이라 한쪽만 어긋나도 바로 느껴집니다.
⚙️ 조절 포인트
시트, 좌·우 독립 암, 허벅지 패드, 중량을 확인하세요. 좌우 시작 위치가 같은지도 같이 봅니다.

---

💪 ② 시작 자세
가슴을 세우고 어깨를 귀에서 멀리 둡니다. 팔보다 등부터 준비합니다.
좌우가 같은 높이에서 시작하는지 한 번 더 보세요.
이 자세에서 이것만 확인하세요.
👉 어깨가 귀 쪽으로 올라가지 않는지

---

🔥 ③ 운동 방법
각 팔을 독립적으로 내렸다가 복귀.
양쪽을 같은 속도로 움직이세요. 한쪽이 먼저 끝나면 무게를 더 올리기 전에 밸런스부터 잡습니다.

---

💥 ④ 최고 수축
팔꿈치가 목표에 도착해 등이 조여지는 지점에서 멈춥니다.
⏱️ 1초 STOP
튕기지 말고 그 지점에서 1초만 소유하세요. 무게를 놓는 순간이 아닙니다.

---

🐌 ⑤ 천천히 돌아오기
중량을 그냥 놓지 마세요.
2~3초 동안 통제하면서 복귀합니다.
팔이 펴질 때까지 등을 놓지 말고, 어깨가 앞으로 말리지 않게 버팁니다.

---

❌ 흔한 실수
❌ 강한 쪽만 먼저 당겨 비대칭을 키우는
자세가 무너지면 무게를 낮추세요.
❌ 몸을 뒤로 젖혀 반동으로 당기는 것
템포를 늦추고 같은 궤적만 반복하세요.
❌ 어깨를 으쓱하며 승모근만 쓰는 것
어깨를 귀에서 멀리 두고 다시 시작하세요.
❌ 손잡이만 당기고 팔꿈치는 안 움직이는 것
자세가 무너지면 무게를 낮추세요.
❌ 한쪽만 먼저 끝내고 반대쪽을 따라가게 하는 것
약한 쪽 속도에 강한 쪽을 맞추세요.

---

💡 MACHINE FIT PRO TIP
🔥 이 항목은 해머 스트렝스 전용 SKU가 없습니다. ""아이소래터럴 랫풀다운""로 분류된 실제 기구의 패드·레버·안전장치만 믿고, 가벼운 무게로 5회 리허설 후 본 세트를 시작하세요.

---

🎯 MACHINE FIT CHECK
🟢 시트/패드 → 몸에 맞춤
🟢 팔꿈치 → 당김 방향
🟢 좌우 → 같은 속도
🟢 복귀 → 2~3초 통제

### 🔥 이것만 기억하세요

""좌우 같은 속도, 끝에서 1초, 복귀는 통제.""","🏋️ BODYSTONE — Iso-Lateral Lat Pulldown

🎯 ONE KEY CUE
🔥 ""Pull both sides down on matching paths and check balance""

There is no dedicated Bodystone SKU for this category. Confirm pads, levers, and safeties on the unit in your gym, then follow the movement pattern below.

---

⚙️ ① Setup
🪑 Seat / pads
Pin yourself to the chest/back pad. If you lift off the pad, you are cheating with momentum.
🤲 Grip / hands
Match left and right handle height first — independent arms expose any mismatch immediately.
⚙️ Adjustments
Check 시트, 좌·우 독립 암, 허벅지 패드, 중량. Confirm both sides start from the same position.

---

💪 ② Start position
Lift the chest and keep the shoulders away from the ears. Prepare the back before the arms.
Double-check both sides start at the same height.
Check only this:
👉 Shoulders not shrugged

---

🔥 ③ Execution
Match left-right speed. If one side finishes early, fix balance before adding load.
Drive the elbows back/down on the row or pulldown path, then lengthen slowly. Keep both sides honest.

---

💥 ④ Peak contraction
Stop where the elbows arrive and the back is squeezed.
⏱️ 1-second STOP
Own that position for one second. This is not where you dump the weight.

---

🐌 ⑤ Controlled return
Do not dump the load.
Take 2–3 seconds on the way back.
Keep the back set as the arms lengthen — do not let the shoulders dump forward.

---

❌ Common mistakes
❌ Leaning back for momentum
Slow the tempo and repeat one clean path.
❌ Shrugging and turning it into an upper-trap pull
Keep the shoulders away from the ears and restart.
❌ Yank the handles without moving the elbows
If position breaks, cut the load.
❌ Letting one side finish early
Match the stronger side to the weaker side’s speed.

---

💡 MACHINE FIT PRO TIP
🔥 No dedicated Hammer Strength SKU for this slot. Trust the pads/levers/safeties on the unit labeled like ""Iso-Lateral Lat Pulldown"", rehearse five light reps, then start working sets.

---

🎯 MACHINE FIT CHECK
🟢 Seat/pad → fitted
🟢 Elbows → pull direction
🟢 Left/right → same speed
🟢 Return → 2–3 sec control

### 🔥 Remember this

""Match sides, one-second peak, controlled return."""
BODYSTONE,하이로우,High Row,SW-14 Long Pull / NKRS-003 Seated Row,PARTIALLY_VERIFIED,Bodystone,SW Club,https://bodystone.co.kr/product/detail.html?product_no=3303,하이로우 전용명보다 SW-14 롱풀·NKRS-003 시티드로우의 상단 당김 패턴이 가깝습니다,"시트, 가슴 패드(해당 시), 손잡이, 중량 스택","🏋️ BODYSTONE — SW-14 Long Pull / NKRS-003 Seated Row · SW Club

🎯 ONE KEY CUE
🔥 ""가슴을 고정하고 팔꿈치를 뒤로 높게 당기기""

하이로우 전용명보다 SW-14 롱풀·NKRS-003 시티드로우의 상단 당김 패턴이 가깝습니다. SW Club 구조입니다. 처음부터 무게 올리지 말고, 세팅부터 잡으세요.

---

⚙️ ① 기구 세팅
🪑 좌석 / 패드
가슴/등 패드에 몸을 안정적으로 붙이세요. 패드에서 몸이 들리면 반동이 들어갑니다.
🤲 그립 / 손 위치
손잡이를 편안한 너비로 잡으세요. 손목이 꺾이지 않게 합니다.
⚙️ 조절 포인트
시트, 가슴 패드(해당 시), 손잡이, 중량 스택을 확인하세요.
이 카테고리는 공식 명칭이 겹칠 수 있으니, 헬스장 기구의 실제 레버·패드 배치를 우선하세요.

---

💪 ② 시작 자세
가슴을 세우고 어깨를 귀에서 멀리 둡니다. 팔보다 등부터 준비합니다.
이 자세에서 이것만 확인하세요.
👉 어깨가 귀 쪽으로 올라가지 않는지

---

🔥 ③ 운동 방법
손잡이를 상복부~가슴 높이로 당겼다 복귀.
손잡이를 당긴다고 생각하지 말고, 팔꿈치를 목표 지점으로 보내세요.

---

💥 ④ 최고 수축
팔꿈치가 목표에 도착해 등이 조여지는 지점에서 멈춥니다.
⏱️ 1초 STOP
튕기지 말고 그 지점에서 1초만 소유하세요. 무게를 놓는 순간이 아닙니다.

---

🐌 ⑤ 천천히 돌아오기
중량을 그냥 놓지 마세요.
2~3초 동안 통제하면서 복귀합니다.
팔이 펴질 때까지 등을 놓지 말고, 어깨가 앞으로 말리지 않게 버팁니다.

---

❌ 흔한 실수
❌ 어깨만 으쓱하며 승모로만 당기는
어깨를 귀에서 멀리 두고 다시 시작하세요.
❌ 몸을 뒤로 젖혀 반동으로 당기는 것
템포를 늦추고 같은 궤적만 반복하세요.
❌ 어깨를 으쓱하며 승모근만 쓰는 것
어깨를 귀에서 멀리 두고 다시 시작하세요.
❌ 손잡이만 당기고 팔꿈치는 안 움직이는 것
자세가 무너지면 무게를 낮추세요.

---

💡 MACHINE FIT PRO TIP
🔥 SW-14 Long Pull / NKRS-003 Seated Row의 가이드 궤적을 이용하세요. 첫 2세트는 천천히, 대칭이 확인된 뒤에만 무게를 올립니다.

---

🎯 MACHINE FIT CHECK
🟢 시트/패드 → 몸에 맞춤
🟢 팔꿈치 → 당김 방향
🟢 어깨 → 으쓱하지 않기
🟢 복귀 → 2~3초 통제

### 🔥 이것만 기억하세요

""가슴을 고정하고 팔꿈치를 뒤로 높게 당기기. 끝에서 1초, 복귀는 통제.""","🏋️ BODYSTONE — SW-14 Long Pull / NKRS-003 Seated Row · SW Club

🎯 ONE KEY CUE
🔥 ""Brace the chest and pull the elbows back on a higher path""

하이로우 전용명보다 SW-14 롱풀·NKRS-003 시티드로우의 상단 당김 패턴이 가깝습니다 Lean into the SW Club design. Do not chase load until the setup feels locked in.

---

⚙️ ① Setup
🪑 Seat / pads
Pin yourself to the chest/back pad. If you lift off the pad, you are cheating with momentum.
🤲 Grip / hands
Take a comfortable grip width and keep the wrists stacked, not bent.
⚙️ Adjustments
Check 시트, 가슴 패드(해당 시), 손잡이, 중량 스택.
Naming can overlap in this category — trust the levers and pads on the unit in front of you.

---

💪 ② Start position
Lift the chest and keep the shoulders away from the ears. Prepare the back before the arms.
Check only this:
👉 Shoulders not shrugged

---

🔥 ③ Execution
Do not think “pull the handle.” Drive the elbows to the target.
Drive the elbows back/down on the row or pulldown path, then lengthen slowly.

---

💥 ④ Peak contraction
Stop where the elbows arrive and the back is squeezed.
⏱️ 1-second STOP
Own that position for one second. This is not where you dump the weight.

---

🐌 ⑤ Controlled return
Do not dump the load.
Take 2–3 seconds on the way back.
Keep the back set as the arms lengthen — do not let the shoulders dump forward.

---

❌ Common mistakes
❌ Leaning back for momentum
Slow the tempo and repeat one clean path.
❌ Shrugging and turning it into an upper-trap pull
Keep the shoulders away from the ears and restart.
❌ Yank the handles without moving the elbows
If position breaks, cut the load.

---

💡 MACHINE FIT PRO TIP
🔥 Use the guided path on SW-14 Long Pull / NKRS-003 Seated Row. Slow the first two sets, confirm symmetry, then add load.

---

🎯 MACHINE FIT CHECK
🟢 Seat/pad → fitted
🟢 Elbows → pull direction
🟢 Shoulders → not shrugged
🟢 Return → 2–3 sec control

### 🔥 Remember this

""Brace the chest and pull the elbows back on a higher path. One-second peak, controlled return."""
BODYSTONE,아이소래터럴 하이로우,Iso-Lateral High Row,,BRAND_MODEL_NOT_FOUND,Bodystone,,https://bodystone.co.kr/category/%EC%9B%A8%EC%9D%B4%ED%8A%B8%EB%A8%B8%EC%8B%A0/382/,바디스톤 공개 카탈로그에 Iso-Lateral High Row 전용 SKU가 확인되지 않습니다,"시트, 좌·우 독립 암, 중량","🏋️ BODYSTONE — 아이소래터럴 하이로우

🎯 ONE KEY CUE
🔥 ""좌우 팔을 같은 높이로 당기며 균형 유지""

바디스톤 전용 모델이 없는 카테고리입니다. 헬스장에 있는 실제 기구의 패드·레버·안전장치를 먼저 확인한 뒤, 아래 패턴으로 움직이세요.

---

⚙️ ① 기구 세팅
🪑 좌석 / 패드
가슴/등 패드에 몸을 안정적으로 붙이세요. 패드에서 몸이 들리면 반동이 들어갑니다.
🤲 그립 / 손 위치
양손잡이 높이가 좌우 같은지 먼저 보세요. 독립 암이라 한쪽만 어긋나도 바로 느껴집니다.
⚙️ 조절 포인트
시트, 좌·우 독립 암, 중량을 확인하세요. 좌우 시작 위치가 같은지도 같이 봅니다.

---

💪 ② 시작 자세
가슴을 세우고 어깨를 귀에서 멀리 둡니다. 팔보다 등부터 준비합니다.
좌우가 같은 높이에서 시작하는지 한 번 더 보세요.
이 자세에서 이것만 확인하세요.
👉 어깨가 귀 쪽으로 올라가지 않는지

---

🔥 ③ 운동 방법
각 팔을 독립적으로 뒤로 당겼다 복귀.
양쪽을 같은 속도로 움직이세요. 한쪽이 먼저 끝나면 무게를 더 올리기 전에 밸런스부터 잡습니다.

---

💥 ④ 최고 수축
팔꿈치가 목표에 도착해 등이 조여지는 지점에서 멈춥니다.
⏱️ 1초 STOP
튕기지 말고 그 지점에서 1초만 소유하세요. 무게를 놓는 순간이 아닙니다.

---

🐌 ⑤ 천천히 돌아오기
중량을 그냥 놓지 마세요.
2~3초 동안 통제하면서 복귀합니다.
팔이 펴질 때까지 등을 놓지 말고, 어깨가 앞으로 말리지 않게 버팁니다.

---

❌ 흔한 실수
❌ 한쪽만 과도하게 회전시키며 당기는
약한 쪽 속도에 강한 쪽을 맞추세요.
❌ 몸을 뒤로 젖혀 반동으로 당기는 것
템포를 늦추고 같은 궤적만 반복하세요.
❌ 어깨를 으쓱하며 승모근만 쓰는 것
어깨를 귀에서 멀리 두고 다시 시작하세요.
❌ 손잡이만 당기고 팔꿈치는 안 움직이는 것
자세가 무너지면 무게를 낮추세요.
❌ 한쪽만 먼저 끝내고 반대쪽을 따라가게 하는 것
약한 쪽 속도에 강한 쪽을 맞추세요.

---

💡 MACHINE FIT PRO TIP
🔥 이 항목은 해머 스트렝스 전용 SKU가 없습니다. ""아이소래터럴 하이로우""로 분류된 실제 기구의 패드·레버·안전장치만 믿고, 가벼운 무게로 5회 리허설 후 본 세트를 시작하세요.

---

🎯 MACHINE FIT CHECK
🟢 시트/패드 → 몸에 맞춤
🟢 팔꿈치 → 당김 방향
🟢 좌우 → 같은 속도
🟢 복귀 → 2~3초 통제

### 🔥 이것만 기억하세요

""좌우 같은 속도, 끝에서 1초, 복귀는 통제.""","🏋️ BODYSTONE — Iso-Lateral High Row

🎯 ONE KEY CUE
🔥 ""Pull both arms to the same height and keep balance""

There is no dedicated Bodystone SKU for this category. Confirm pads, levers, and safeties on the unit in your gym, then follow the movement pattern below.

---

⚙️ ① Setup
🪑 Seat / pads
Pin yourself to the chest/back pad. If you lift off the pad, you are cheating with momentum.
🤲 Grip / hands
Match left and right handle height first — independent arms expose any mismatch immediately.
⚙️ Adjustments
Check 시트, 좌·우 독립 암, 중량. Confirm both sides start from the same position.

---

💪 ② Start position
Lift the chest and keep the shoulders away from the ears. Prepare the back before the arms.
Double-check both sides start at the same height.
Check only this:
👉 Shoulders not shrugged

---

🔥 ③ Execution
Match left-right speed. If one side finishes early, fix balance before adding load.
Drive the elbows back/down on the row or pulldown path, then lengthen slowly. Keep both sides honest.

---

💥 ④ Peak contraction
Stop where the elbows arrive and the back is squeezed.
⏱️ 1-second STOP
Own that position for one second. This is not where you dump the weight.

---

🐌 ⑤ Controlled return
Do not dump the load.
Take 2–3 seconds on the way back.
Keep the back set as the arms lengthen — do not let the shoulders dump forward.

---

❌ Common mistakes
❌ Leaning back for momentum
Slow the tempo and repeat one clean path.
❌ Shrugging and turning it into an upper-trap pull
Keep the shoulders away from the ears and restart.
❌ Yank the handles without moving the elbows
If position breaks, cut the load.
❌ Letting one side finish early
Match the stronger side to the weaker side’s speed.

---

💡 MACHINE FIT PRO TIP
🔥 No dedicated Hammer Strength SKU for this slot. Trust the pads/levers/safeties on the unit labeled like ""Iso-Lateral High Row"", rehearse five light reps, then start working sets.

---

🎯 MACHINE FIT CHECK
🟢 Seat/pad → fitted
🟢 Elbows → pull direction
🟢 Left/right → same speed
🟢 Return → 2–3 sec control

### 🔥 Remember this

""Match sides, one-second peak, controlled return."""
BODYSTONE,시티드 로우,Seated Row,SW-25 Seated Row / NKRS-003 Seated Row (Long Pull),VERIFIED,Bodystone,SW Club,https://bodystone.co.kr/product/detail.html?product_no=3316,바디스톤 SW-25 시티드로우·Kairos NKRS-003 시티드로우(롱풀)입니다,"시트, 가슴 패드(해당 시), 풋 지지, 손잡이, 중량 스택","🏋️ BODYSTONE — SW-25 Seated Row / NKRS-003 Seated Row (Long Pull) · SW Club

🎯 ONE KEY CUE
🔥 ""가슴을 펴고 팔꿈치를 몸통 옆으로 당기기""

바디스톤 SW-25 시티드로우·Kairos NKRS-003 시티드로우(롱풀). SW Club 구조입니다. 처음부터 무게 올리지 말고, 세팅부터 잡으세요.

---

⚙️ ① 기구 세팅
🪑 좌석 / 패드
가슴/등 패드에 몸을 안정적으로 붙이세요. 패드에서 몸이 들리면 반동이 들어갑니다.
🤲 그립 / 손 위치
손잡이를 편안한 너비로 잡으세요. 손목이 꺾이지 않게 합니다.
⚙️ 조절 포인트
시트, 가슴 패드(해당 시), 풋 지지, 손잡이, 중량 스택을 확인하세요.

---

💪 ② 시작 자세
가슴을 세우고 어깨를 귀에서 멀리 둡니다. 팔보다 등부터 준비합니다.
이 자세에서 이것만 확인하세요.
👉 어깨가 귀 쪽으로 올라가지 않는지

---

🔥 ③ 운동 방법
손잡이를 복부 쪽으로 당겼다 천천히 복귀.
손잡이를 당긴다고 생각하지 말고, 팔꿈치를 목표 지점으로 보내세요.

---

💥 ④ 최고 수축
팔꿈치가 목표에 도착해 등이 조여지는 지점에서 멈춥니다.
⏱️ 1초 STOP
튕기지 말고 그 지점에서 1초만 소유하세요. 무게를 놓는 순간이 아닙니다.

---

🐌 ⑤ 천천히 돌아오기
중량을 그냥 놓지 마세요.
2~3초 동안 통제하면서 복귀합니다.
팔이 펴질 때까지 등을 놓지 말고, 어깨가 앞으로 말리지 않게 버팁니다.

---

❌ 흔한 실수
❌ 허리를 둥글게 말고 반동으로 당기는
템포를 늦추고 같은 궤적만 반복하세요.
❌ 몸을 뒤로 젖혀 반동으로 당기는 것
템포를 늦추고 같은 궤적만 반복하세요.
❌ 어깨를 으쓱하며 승모근만 쓰는 것
어깨를 귀에서 멀리 두고 다시 시작하세요.
❌ 손잡이만 당기고 팔꿈치는 안 움직이는 것
자세가 무너지면 무게를 낮추세요.

---

💡 MACHINE FIT PRO TIP
🔥 SW-25 Seated Row / NKRS-003 Seated Row (Long Pull)의 가이드 궤적을 이용하세요. 첫 2세트는 천천히, 대칭이 확인된 뒤에만 무게를 올립니다.

---

🎯 MACHINE FIT CHECK
🟢 시트/패드 → 몸에 맞춤
🟢 팔꿈치 → 당김 방향
🟢 어깨 → 으쓱하지 않기
🟢 복귀 → 2~3초 통제

### 🔥 이것만 기억하세요

""가슴을 펴고 팔꿈치를 몸통 옆으로 당기기. 끝에서 1초, 복귀는 통제.""","🏋️ BODYSTONE — SW-25 Seated Row / NKRS-003 Seated Row (Long Pull) · SW Club

🎯 ONE KEY CUE
🔥 ""Keep the chest open and pull the elbows beside the torso""

바디스톤 SW-25 시티드로우·Kairos NKRS-003 시티드로우(롱풀)입니다 Lean into the SW Club design. Do not chase load until the setup feels locked in.

---

⚙️ ① Setup
🪑 Seat / pads
Pin yourself to the chest/back pad. If you lift off the pad, you are cheating with momentum.
🤲 Grip / hands
Take a comfortable grip width and keep the wrists stacked, not bent.
⚙️ Adjustments
Check 시트, 가슴 패드(해당 시), 풋 지지, 손잡이, 중량 스택.

---

💪 ② Start position
Lift the chest and keep the shoulders away from the ears. Prepare the back before the arms.
Check only this:
👉 Shoulders not shrugged

---

🔥 ③ Execution
Do not think “pull the handle.” Drive the elbows to the target.
Drive the elbows back/down on the row or pulldown path, then lengthen slowly.

---

💥 ④ Peak contraction
Stop where the elbows arrive and the back is squeezed.
⏱️ 1-second STOP
Own that position for one second. This is not where you dump the weight.

---

🐌 ⑤ Controlled return
Do not dump the load.
Take 2–3 seconds on the way back.
Keep the back set as the arms lengthen — do not let the shoulders dump forward.

---

❌ Common mistakes
❌ Leaning back for momentum
Slow the tempo and repeat one clean path.
❌ Shrugging and turning it into an upper-trap pull
Keep the shoulders away from the ears and restart.
❌ Yank the handles without moving the elbows
If position breaks, cut the load.

---

💡 MACHINE FIT PRO TIP
🔥 Use the guided path on SW-25 Seated Row / NKRS-003 Seated Row (Long Pull). Slow the first two sets, confirm symmetry, then add load.

---

🎯 MACHINE FIT CHECK
🟢 Seat/pad → fitted
🟢 Elbows → pull direction
🟢 Shoulders → not shrugged
🟢 Return → 2–3 sec control

### 🔥 Remember this

""Keep the chest open and pull the elbows beside the torso. One-second peak, controlled return."""
BODYSTONE,로우 머신,Row Machine,SW-14 Long Pull / SW-25 Seated Row,PARTIALLY_VERIFIED,Bodystone,SW Club,https://bodystone.co.kr/product/detail.html?product_no=3303,로우 머신 통칭에 SW-14 롱풀·SW-25 시티드로우가 해당합니다,"시트, 풋 지지, 손잡이, 중량 스택","🏋️ BODYSTONE — SW-14 Long Pull / SW-25 Seated Row · SW Club

🎯 ONE KEY CUE
🔥 ""견갑을 모으며 팔꿈치를 뒤로 당기기""

로우 머신 통칭에 SW-14 롱풀·SW-25 시티드로우가 해당합니다. SW Club 구조입니다. 처음부터 무게 올리지 말고, 세팅부터 잡으세요.

---

⚙️ ① 기구 세팅
🪑 좌석 / 패드
가슴/등 패드에 몸을 안정적으로 붙이세요. 패드에서 몸이 들리면 반동이 들어갑니다.
🤲 그립 / 손 위치
손잡이를 편안한 너비로 잡으세요. 손목이 꺾이지 않게 합니다.
⚙️ 조절 포인트
시트, 풋 지지, 손잡이, 중량 스택을 확인하세요.
이 카테고리는 공식 명칭이 겹칠 수 있으니, 헬스장 기구의 실제 레버·패드 배치를 우선하세요.

---

💪 ② 시작 자세
가슴을 세우고 어깨를 귀에서 멀리 둡니다. 팔보다 등부터 준비합니다.
이 자세에서 이것만 확인하세요.
👉 어깨가 귀 쪽으로 올라가지 않는지

---

🔥 ③ 운동 방법
손잡이를 몸통으로 당겼다 팔을 펴며 복귀.
손잡이를 당긴다고 생각하지 말고, 팔꿈치를 목표 지점으로 보내세요.

---

💥 ④ 최고 수축
팔꿈치가 목표에 도착해 등이 조여지는 지점에서 멈춥니다.
⏱️ 1초 STOP
튕기지 말고 그 지점에서 1초만 소유하세요. 무게를 놓는 순간이 아닙니다.

---

🐌 ⑤ 천천히 돌아오기
중량을 그냥 놓지 마세요.
2~3초 동안 통제하면서 복귀합니다.
팔이 펴질 때까지 등을 놓지 말고, 어깨가 앞으로 말리지 않게 버팁니다.

---

❌ 흔한 실수
❌ 팔만 굽혀 광배 수축 없이 당기는
자세가 무너지면 무게를 낮추세요.
❌ 몸을 뒤로 젖혀 반동으로 당기는 것
템포를 늦추고 같은 궤적만 반복하세요.
❌ 어깨를 으쓱하며 승모근만 쓰는 것
어깨를 귀에서 멀리 두고 다시 시작하세요.
❌ 손잡이만 당기고 팔꿈치는 안 움직이는 것
자세가 무너지면 무게를 낮추세요.

---

💡 MACHINE FIT PRO TIP
🔥 SW-14 Long Pull / SW-25 Seated Row의 가이드 궤적을 이용하세요. 첫 2세트는 천천히, 대칭이 확인된 뒤에만 무게를 올립니다.

---

🎯 MACHINE FIT CHECK
🟢 시트/패드 → 몸에 맞춤
🟢 팔꿈치 → 당김 방향
🟢 어깨 → 으쓱하지 않기
🟢 복귀 → 2~3초 통제

### 🔥 이것만 기억하세요

""견갑을 모으며 팔꿈치를 뒤로 당기기. 끝에서 1초, 복귀는 통제.""","🏋️ BODYSTONE — SW-14 Long Pull / SW-25 Seated Row · SW Club

🎯 ONE KEY CUE
🔥 ""Retract the scapulae and pull the elbows back""

로우 머신 통칭에 SW-14 롱풀·SW-25 시티드로우가 해당합니다 Lean into the SW Club design. Do not chase load until the setup feels locked in.

---

⚙️ ① Setup
🪑 Seat / pads
Pin yourself to the chest/back pad. If you lift off the pad, you are cheating with momentum.
🤲 Grip / hands
Take a comfortable grip width and keep the wrists stacked, not bent.
⚙️ Adjustments
Check 시트, 풋 지지, 손잡이, 중량 스택.
Naming can overlap in this category — trust the levers and pads on the unit in front of you.

---

💪 ② Start position
Lift the chest and keep the shoulders away from the ears. Prepare the back before the arms.
Check only this:
👉 Shoulders not shrugged

---

🔥 ③ Execution
Do not think “pull the handle.” Drive the elbows to the target.
Drive the elbows back/down on the row or pulldown path, then lengthen slowly.

---

💥 ④ Peak contraction
Stop where the elbows arrive and the back is squeezed.
⏱️ 1-second STOP
Own that position for one second. This is not where you dump the weight.

---

🐌 ⑤ Controlled return
Do not dump the load.
Take 2–3 seconds on the way back.
Keep the back set as the arms lengthen — do not let the shoulders dump forward.

---

❌ Common mistakes
❌ Leaning back for momentum
Slow the tempo and repeat one clean path.
❌ Shrugging and turning it into an upper-trap pull
Keep the shoulders away from the ears and restart.
❌ Yank the handles without moving the elbows
If position breaks, cut the load.

---

💡 MACHINE FIT PRO TIP
🔥 Use the guided path on SW-14 Long Pull / SW-25 Seated Row. Slow the first two sets, confirm symmetry, then add load.

---

🎯 MACHINE FIT CHECK
🟢 Seat/pad → fitted
🟢 Elbows → pull direction
🟢 Shoulders → not shrugged
🟢 Return → 2–3 sec control

### 🔥 Remember this

""Retract the scapulae and pull the elbows back. One-second peak, controlled return."""
BODYSTONE,로우 로우,Low Row,,BRAND_MODEL_NOT_FOUND,Bodystone,,https://bodystone.co.kr/category/%EC%9B%A8%EC%9D%B4%ED%8A%B8%EB%A8%B8%EC%8B%A0/382/,바디스톤 공개 카탈로그에 Low Row 전용 SKU가 확인되지 않습니다,"시트, 풋 지지, 손잡이 높이, 중량","🏋️ BODYSTONE — 로우 로우

🎯 ONE KEY CUE
🔥 ""손잡이를 낮은 궤적으로 복부 쪽으로 당기기""

바디스톤 전용 모델이 없는 카테고리입니다. 헬스장에 있는 실제 기구의 패드·레버·안전장치를 먼저 확인한 뒤, 아래 패턴으로 움직이세요.

---

⚙️ ① 기구 세팅
🪑 좌석 / 패드
가슴/등 패드에 몸을 안정적으로 붙이세요. 패드에서 몸이 들리면 반동이 들어갑니다.
🤲 그립 / 손 위치
손잡이 높이를 편안한 너비로 잡으세요. 손목이 꺾이지 않게 합니다.
⚙️ 조절 포인트
시트, 풋 지지, 손잡이 높이, 중량을 확인하세요.

---

💪 ② 시작 자세
가슴을 세우고 어깨를 귀에서 멀리 둡니다. 팔보다 등부터 준비합니다.
이 자세에서 이것만 확인하세요.
👉 어깨가 귀 쪽으로 올라가지 않는지

---

🔥 ③ 운동 방법
낮은 손잡이를 복부까지 당겼다 복귀.
손잡이를 당긴다고 생각하지 말고, 팔꿈치를 목표 지점으로 보내세요.

---

💥 ④ 최고 수축
팔꿈치가 목표에 도착해 등이 조여지는 지점에서 멈춥니다.
⏱️ 1초 STOP
튕기지 말고 그 지점에서 1초만 소유하세요. 무게를 놓는 순간이 아닙니다.

---

🐌 ⑤ 천천히 돌아오기
중량을 그냥 놓지 마세요.
2~3초 동안 통제하면서 복귀합니다.
팔이 펴질 때까지 등을 놓지 말고, 어깨가 앞으로 말리지 않게 버팁니다.

---

❌ 흔한 실수
❌ 상체를 뒤로 크게 젖히며 반동을 쓰는
템포를 늦추고 같은 궤적만 반복하세요.
❌ 몸을 뒤로 젖혀 반동으로 당기는 것
템포를 늦추고 같은 궤적만 반복하세요.
❌ 어깨를 으쓱하며 승모근만 쓰는 것
어깨를 귀에서 멀리 두고 다시 시작하세요.
❌ 손잡이만 당기고 팔꿈치는 안 움직이는 것
자세가 무너지면 무게를 낮추세요.

---

💡 MACHINE FIT PRO TIP
🔥 이 항목은 해머 스트렝스 전용 SKU가 없습니다. ""로우 로우""로 분류된 실제 기구의 패드·레버·안전장치만 믿고, 가벼운 무게로 5회 리허설 후 본 세트를 시작하세요.

---

🎯 MACHINE FIT CHECK
🟢 시트/패드 → 몸에 맞춤
🟢 팔꿈치 → 당김 방향
🟢 어깨 → 으쓱하지 않기
🟢 복귀 → 2~3초 통제

### 🔥 이것만 기억하세요

""손잡이를 낮은 궤적으로 복부 쪽으로 당기기. 끝에서 1초, 복귀는 통제.""","🏋️ BODYSTONE — Low Row

🎯 ONE KEY CUE
🔥 ""Pull the handles on a low path toward the abdomen""

There is no dedicated Bodystone SKU for this category. Confirm pads, levers, and safeties on the unit in your gym, then follow the movement pattern below.

---

⚙️ ① Setup
🪑 Seat / pads
Pin yourself to the chest/back pad. If you lift off the pad, you are cheating with momentum.
🤲 Grip / hands
Take a comfortable grip width and keep the wrists stacked, not bent.
⚙️ Adjustments
Check 시트, 풋 지지, 손잡이 높이, 중량.

---

💪 ② Start position
Lift the chest and keep the shoulders away from the ears. Prepare the back before the arms.
Check only this:
👉 Shoulders not shrugged

---

🔥 ③ Execution
Do not think “pull the handle.” Drive the elbows to the target.
Drive the elbows back/down on the row or pulldown path, then lengthen slowly.

---

💥 ④ Peak contraction
Stop where the elbows arrive and the back is squeezed.
⏱️ 1-second STOP
Own that position for one second. This is not where you dump the weight.

---

🐌 ⑤ Controlled return
Do not dump the load.
Take 2–3 seconds on the way back.
Keep the back set as the arms lengthen — do not let the shoulders dump forward.

---

❌ Common mistakes
❌ Leaning back for momentum
Slow the tempo and repeat one clean path.
❌ Shrugging and turning it into an upper-trap pull
Keep the shoulders away from the ears and restart.
❌ Yank the handles without moving the elbows
If position breaks, cut the load.

---

💡 MACHINE FIT PRO TIP
🔥 No dedicated Hammer Strength SKU for this slot. Trust the pads/levers/safeties on the unit labeled like ""Low Row"", rehearse five light reps, then start working sets.

---

🎯 MACHINE FIT CHECK
🟢 Seat/pad → fitted
🟢 Elbows → pull direction
🟢 Shoulders → not shrugged
🟢 Return → 2–3 sec control

### 🔥 Remember this

""Pull the handles on a low path toward the abdomen. One-second peak, controlled return."""
BODYSTONE,미드 로우,Mid Row,,BRAND_MODEL_NOT_FOUND,Bodystone,,https://bodystone.co.kr/category/%EC%9B%A8%EC%9D%B4%ED%8A%B8%EB%A8%B8%EC%8B%A0/382/,바디스톤 공개 카탈로그에 Mid Row 전용 SKU가 확인되지 않습니다,"시트, 가슴 패드, 손잡이, 중량","🏋️ BODYSTONE — 미드 로우

🎯 ONE KEY CUE
🔥 ""중간 높이에서 팔꿈치를 뒤로 수평에 가깝게 당기기""

바디스톤 전용 모델이 없는 카테고리입니다. 헬스장에 있는 실제 기구의 패드·레버·안전장치를 먼저 확인한 뒤, 아래 패턴으로 움직이세요.

---

⚙️ ① 기구 세팅
🪑 좌석 / 패드
가슴/등 패드에 몸을 안정적으로 붙이세요. 패드에서 몸이 들리면 반동이 들어갑니다.
🤲 그립 / 손 위치
손잡이를 편안한 너비로 잡으세요. 손목이 꺾이지 않게 합니다.
⚙️ 조절 포인트
시트, 가슴 패드, 손잡이, 중량을 확인하세요.

---

💪 ② 시작 자세
가슴을 세우고 어깨를 귀에서 멀리 둡니다. 팔보다 등부터 준비합니다.
이 자세에서 이것만 확인하세요.
👉 어깨가 귀 쪽으로 올라가지 않는지

---

🔥 ③ 운동 방법
손잡이를 몸통 중앙으로 당겼다 복귀.
손잡이를 당긴다고 생각하지 말고, 팔꿈치를 목표 지점으로 보내세요.

---

💥 ④ 최고 수축
팔꿈치가 목표에 도착해 등이 조여지는 지점에서 멈춥니다.
⏱️ 1초 STOP
튕기지 말고 그 지점에서 1초만 소유하세요. 무게를 놓는 순간이 아닙니다.

---

🐌 ⑤ 천천히 돌아오기
중량을 그냥 놓지 마세요.
2~3초 동안 통제하면서 복귀합니다.
팔이 펴질 때까지 등을 놓지 말고, 어깨가 앞으로 말리지 않게 버팁니다.

---

❌ 흔한 실수
❌ 너무 높게 당겨 승모 위주로 쓰는
어깨를 귀에서 멀리 두고 다시 시작하세요.
❌ 몸을 뒤로 젖혀 반동으로 당기는 것
템포를 늦추고 같은 궤적만 반복하세요.
❌ 어깨를 으쓱하며 승모근만 쓰는 것
어깨를 귀에서 멀리 두고 다시 시작하세요.
❌ 손잡이만 당기고 팔꿈치는 안 움직이는 것
자세가 무너지면 무게를 낮추세요.

---

💡 MACHINE FIT PRO TIP
🔥 이 항목은 해머 스트렝스 전용 SKU가 없습니다. ""미드 로우""로 분류된 실제 기구의 패드·레버·안전장치만 믿고, 가벼운 무게로 5회 리허설 후 본 세트를 시작하세요.

---

🎯 MACHINE FIT CHECK
🟢 시트/패드 → 몸에 맞춤
🟢 팔꿈치 → 당김 방향
🟢 어깨 → 으쓱하지 않기
🟢 복귀 → 2~3초 통제

### 🔥 이것만 기억하세요

""중간 높이에서 팔꿈치를 뒤로 수평에 가깝게 당기기. 끝에서 1초, 복귀는 통제.""","🏋️ BODYSTONE — Mid Row

🎯 ONE KEY CUE
🔥 ""Pull the elbows back near horizontal at mid height""

There is no dedicated Bodystone SKU for this category. Confirm pads, levers, and safeties on the unit in your gym, then follow the movement pattern below.

---

⚙️ ① Setup
🪑 Seat / pads
Pin yourself to the chest/back pad. If you lift off the pad, you are cheating with momentum.
🤲 Grip / hands
Take a comfortable grip width and keep the wrists stacked, not bent.
⚙️ Adjustments
Check 시트, 가슴 패드, 손잡이, 중량.

---

💪 ② Start position
Lift the chest and keep the shoulders away from the ears. Prepare the back before the arms.
Check only this:
👉 Shoulders not shrugged

---

🔥 ③ Execution
Do not think “pull the handle.” Drive the elbows to the target.
Drive the elbows back/down on the row or pulldown path, then lengthen slowly.

---

💥 ④ Peak contraction
Stop where the elbows arrive and the back is squeezed.
⏱️ 1-second STOP
Own that position for one second. This is not where you dump the weight.

---

🐌 ⑤ Controlled return
Do not dump the load.
Take 2–3 seconds on the way back.
Keep the back set as the arms lengthen — do not let the shoulders dump forward.

---

❌ Common mistakes
❌ Leaning back for momentum
Slow the tempo and repeat one clean path.
❌ Shrugging and turning it into an upper-trap pull
Keep the shoulders away from the ears and restart.
❌ Yank the handles without moving the elbows
If position breaks, cut the load.

---

💡 MACHINE FIT PRO TIP
🔥 No dedicated Hammer Strength SKU for this slot. Trust the pads/levers/safeties on the unit labeled like ""Mid Row"", rehearse five light reps, then start working sets.

---

🎯 MACHINE FIT CHECK
🟢 Seat/pad → fitted
🟢 Elbows → pull direction
🟢 Shoulders → not shrugged
🟢 Return → 2–3 sec control

### 🔥 Remember this

""Pull the elbows back near horizontal at mid height. One-second peak, controlled return."""
BODYSTONE,아이소래터럴 로우,Iso-Lateral Row,,BRAND_MODEL_NOT_FOUND,Bodystone,,https://bodystone.co.kr/category/%EC%9B%A8%EC%9D%B4%ED%8A%B8%EB%A8%B8%EC%8B%A0/382/,바디스톤 공개 라인에 Iso-Lateral Row 전용 SKU가 확인되지 않습니다,"시트, 좌·우 독립 암, 중량","🏋️ BODYSTONE — 아이소래터럴 로우

🎯 ONE KEY CUE
🔥 ""좌우를 같은 속도로 당기며 불균형 확인""

바디스톤 전용 모델이 없는 카테고리입니다. 헬스장에 있는 실제 기구의 패드·레버·안전장치를 먼저 확인한 뒤, 아래 패턴으로 움직이세요.

---

⚙️ ① 기구 세팅
🪑 좌석 / 패드
가슴/등 패드에 몸을 안정적으로 붙이세요. 패드에서 몸이 들리면 반동이 들어갑니다.
🤲 그립 / 손 위치
양손잡이 높이가 좌우 같은지 먼저 보세요. 독립 암이라 한쪽만 어긋나도 바로 느껴집니다.
⚙️ 조절 포인트
시트, 좌·우 독립 암, 중량을 확인하세요. 좌우 시작 위치가 같은지도 같이 봅니다.

---

💪 ② 시작 자세
가슴을 세우고 어깨를 귀에서 멀리 둡니다. 팔보다 등부터 준비합니다.
좌우가 같은 높이에서 시작하는지 한 번 더 보세요.
이 자세에서 이것만 확인하세요.
👉 어깨가 귀 쪽으로 올라가지 않는지

---

🔥 ③ 운동 방법
각 팔을 독립적으로 당겼다 복귀.
양쪽을 같은 속도로 움직이세요. 한쪽이 먼저 끝나면 무게를 더 올리기 전에 밸런스부터 잡습니다.

---

💥 ④ 최고 수축
팔꿈치가 목표에 도착해 등이 조여지는 지점에서 멈춥니다.
⏱️ 1초 STOP
튕기지 말고 그 지점에서 1초만 소유하세요. 무게를 놓는 순간이 아닙니다.

---

🐌 ⑤ 천천히 돌아오기
중량을 그냥 놓지 마세요.
2~3초 동안 통제하면서 복귀합니다.
팔이 펴질 때까지 등을 놓지 말고, 어깨가 앞으로 말리지 않게 버팁니다.

---

❌ 흔한 실수
❌ 강한 쪽만으로 무게를 처리하는
자세가 무너지면 무게를 낮추세요.
❌ 몸을 뒤로 젖혀 반동으로 당기는 것
템포를 늦추고 같은 궤적만 반복하세요.
❌ 어깨를 으쓱하며 승모근만 쓰는 것
어깨를 귀에서 멀리 두고 다시 시작하세요.
❌ 손잡이만 당기고 팔꿈치는 안 움직이는 것
자세가 무너지면 무게를 낮추세요.
❌ 한쪽만 먼저 끝내고 반대쪽을 따라가게 하는 것
약한 쪽 속도에 강한 쪽을 맞추세요.

---

💡 MACHINE FIT PRO TIP
🔥 이 항목은 해머 스트렝스 전용 SKU가 없습니다. ""아이소래터럴 로우""로 분류된 실제 기구의 패드·레버·안전장치만 믿고, 가벼운 무게로 5회 리허설 후 본 세트를 시작하세요.

---

🎯 MACHINE FIT CHECK
🟢 시트/패드 → 몸에 맞춤
🟢 팔꿈치 → 당김 방향
🟢 좌우 → 같은 속도
🟢 복귀 → 2~3초 통제

### 🔥 이것만 기억하세요

""좌우 같은 속도, 끝에서 1초, 복귀는 통제.""","🏋️ BODYSTONE — Iso-Lateral Row

🎯 ONE KEY CUE
🔥 ""Pull both sides at the same speed and watch for imbalances""

There is no dedicated Bodystone SKU for this category. Confirm pads, levers, and safeties on the unit in your gym, then follow the movement pattern below.

---

⚙️ ① Setup
🪑 Seat / pads
Pin yourself to the chest/back pad. If you lift off the pad, you are cheating with momentum.
🤲 Grip / hands
Match left and right handle height first — independent arms expose any mismatch immediately.
⚙️ Adjustments
Check 시트, 좌·우 독립 암, 중량. Confirm both sides start from the same position.

---

💪 ② Start position
Lift the chest and keep the shoulders away from the ears. Prepare the back before the arms.
Double-check both sides start at the same height.
Check only this:
👉 Shoulders not shrugged

---

🔥 ③ Execution
Match left-right speed. If one side finishes early, fix balance before adding load.
Drive the elbows back/down on the row or pulldown path, then lengthen slowly. Keep both sides honest.

---

💥 ④ Peak contraction
Stop where the elbows arrive and the back is squeezed.
⏱️ 1-second STOP
Own that position for one second. This is not where you dump the weight.

---

🐌 ⑤ Controlled return
Do not dump the load.
Take 2–3 seconds on the way back.
Keep the back set as the arms lengthen — do not let the shoulders dump forward.

---

❌ Common mistakes
❌ Leaning back for momentum
Slow the tempo and repeat one clean path.
❌ Shrugging and turning it into an upper-trap pull
Keep the shoulders away from the ears and restart.
❌ Yank the handles without moving the elbows
If position breaks, cut the load.
❌ Letting one side finish early
Match the stronger side to the weaker side’s speed.

---

💡 MACHINE FIT PRO TIP
🔥 No dedicated Hammer Strength SKU for this slot. Trust the pads/levers/safeties on the unit labeled like ""Iso-Lateral Row"", rehearse five light reps, then start working sets.

---

🎯 MACHINE FIT CHECK
🟢 Seat/pad → fitted
🟢 Elbows → pull direction
🟢 Left/right → same speed
🟢 Return → 2–3 sec control

### 🔥 Remember this

""Match sides, one-second peak, controlled return."""
BODYSTONE,아이소래터럴 로우 로우,Iso-Lateral Low Row,,BRAND_MODEL_NOT_FOUND,Bodystone,,https://bodystone.co.kr/category/%EC%9B%A8%EC%9D%B4%ED%8A%B8%EB%A8%B8%EC%8B%A0/382/,바디스톤 공개 카탈로그에 Iso-Lateral Low Row 전용 SKU가 확인되지 않습니다,"시트, 좌·우 독립 암, 풋 지지, 중량","🏋️ BODYSTONE — 아이소래터럴 로우 로우

🎯 ONE KEY CUE
🔥 ""낮은 궤적에서 좌우를 고르게 당기기""

바디스톤 전용 모델이 없는 카테고리입니다. 헬스장에 있는 실제 기구의 패드·레버·안전장치를 먼저 확인한 뒤, 아래 패턴으로 움직이세요.

---

⚙️ ① 기구 세팅
🪑 좌석 / 패드
가슴/등 패드에 몸을 안정적으로 붙이세요. 패드에서 몸이 들리면 반동이 들어갑니다.
🤲 그립 / 손 위치
양손잡이 높이가 좌우 같은지 먼저 보세요. 독립 암이라 한쪽만 어긋나도 바로 느껴집니다.
⚙️ 조절 포인트
시트, 좌·우 독립 암, 풋 지지, 중량을 확인하세요. 좌우 시작 위치가 같은지도 같이 봅니다.

---

💪 ② 시작 자세
가슴을 세우고 어깨를 귀에서 멀리 둡니다. 팔보다 등부터 준비합니다.
좌우가 같은 높이에서 시작하는지 한 번 더 보세요.
이 자세에서 이것만 확인하세요.
👉 어깨가 귀 쪽으로 올라가지 않는지

---

🔥 ③ 운동 방법
각 팔을 낮게 당겼다 천천히 복귀.
양쪽을 같은 속도로 움직이세요. 한쪽이 먼저 끝나면 무게를 더 올리기 전에 밸런스부터 잡습니다.

---

💥 ④ 최고 수축
팔꿈치가 목표에 도착해 등이 조여지는 지점에서 멈춥니다.
⏱️ 1초 STOP
튕기지 말고 그 지점에서 1초만 소유하세요. 무게를 놓는 순간이 아닙니다.

---

🐌 ⑤ 천천히 돌아오기
중량을 그냥 놓지 마세요.
2~3초 동안 통제하면서 복귀합니다.
팔이 펴질 때까지 등을 놓지 말고, 어깨가 앞으로 말리지 않게 버팁니다.

---

❌ 흔한 실수
❌ 몸통을 비틀며 한쪽만 과부하하는
약한 쪽 속도에 강한 쪽을 맞추세요.
❌ 몸을 뒤로 젖혀 반동으로 당기는 것
템포를 늦추고 같은 궤적만 반복하세요.
❌ 어깨를 으쓱하며 승모근만 쓰는 것
어깨를 귀에서 멀리 두고 다시 시작하세요.
❌ 손잡이만 당기고 팔꿈치는 안 움직이는 것
자세가 무너지면 무게를 낮추세요.
❌ 한쪽만 먼저 끝내고 반대쪽을 따라가게 하는 것
약한 쪽 속도에 강한 쪽을 맞추세요.

---

💡 MACHINE FIT PRO TIP
🔥 이 항목은 해머 스트렝스 전용 SKU가 없습니다. ""아이소래터럴 로우 로우""로 분류된 실제 기구의 패드·레버·안전장치만 믿고, 가벼운 무게로 5회 리허설 후 본 세트를 시작하세요.

---

🎯 MACHINE FIT CHECK
🟢 시트/패드 → 몸에 맞춤
🟢 팔꿈치 → 당김 방향
🟢 좌우 → 같은 속도
🟢 복귀 → 2~3초 통제

### 🔥 이것만 기억하세요

""좌우 같은 속도, 끝에서 1초, 복귀는 통제.""","🏋️ BODYSTONE — Iso-Lateral Low Row

🎯 ONE KEY CUE
🔥 ""Pull both sides evenly on a low path""

There is no dedicated Bodystone SKU for this category. Confirm pads, levers, and safeties on the unit in your gym, then follow the movement pattern below.

---

⚙️ ① Setup
🪑 Seat / pads
Pin yourself to the chest/back pad. If you lift off the pad, you are cheating with momentum.
🤲 Grip / hands
Match left and right handle height first — independent arms expose any mismatch immediately.
⚙️ Adjustments
Check 시트, 좌·우 독립 암, 풋 지지, 중량. Confirm both sides start from the same position.

---

💪 ② Start position
Lift the chest and keep the shoulders away from the ears. Prepare the back before the arms.
Double-check both sides start at the same height.
Check only this:
👉 Shoulders not shrugged

---

🔥 ③ Execution
Match left-right speed. If one side finishes early, fix balance before adding load.
Drive the elbows back/down on the row or pulldown path, then lengthen slowly. Keep both sides honest.

---

💥 ④ Peak contraction
Stop where the elbows arrive and the back is squeezed.
⏱️ 1-second STOP
Own that position for one second. This is not where you dump the weight.

---

🐌 ⑤ Controlled return
Do not dump the load.
Take 2–3 seconds on the way back.
Keep the back set as the arms lengthen — do not let the shoulders dump forward.

---

❌ Common mistakes
❌ Leaning back for momentum
Slow the tempo and repeat one clean path.
❌ Shrugging and turning it into an upper-trap pull
Keep the shoulders away from the ears and restart.
❌ Yank the handles without moving the elbows
If position breaks, cut the load.
❌ Letting one side finish early
Match the stronger side to the weaker side’s speed.

---

💡 MACHINE FIT PRO TIP
🔥 No dedicated Hammer Strength SKU for this slot. Trust the pads/levers/safeties on the unit labeled like ""Iso-Lateral Low Row"", rehearse five light reps, then start working sets.

---

🎯 MACHINE FIT CHECK
🟢 Seat/pad → fitted
🟢 Elbows → pull direction
🟢 Left/right → same speed
🟢 Return → 2–3 sec control

### 🔥 Remember this

""Match sides, one-second peak, controlled return."""
BODYSTONE,체스트 서포티드 로우,Chest Supported Row,,BRAND_MODEL_NOT_FOUND,Bodystone,,https://bodystone.co.kr/category/%EC%9B%A8%EC%9D%B4%ED%8A%B8%EB%A8%B8%EC%8B%A0/382/,바디스톤 공개 카탈로그에 Chest-Supported Row 전용 SKU가 확인되지 않습니다,"가슴 패드 각도, 시트, 손잡이, 중량","🏋️ BODYSTONE — 체스트 서포티드 로우

🎯 ONE KEY CUE
🔥 ""가슴을 패드에 붙인 채 팔꿈치만 뒤로 당기기""

바디스톤 전용 모델이 없는 카테고리입니다. 헬스장에 있는 실제 기구의 패드·레버·안전장치를 먼저 확인한 뒤, 아래 패턴으로 움직이세요.

---

⚙️ ① 기구 세팅
🪑 좌석 / 패드
가슴/등 패드에 몸을 안정적으로 붙이세요. 패드에서 몸이 들리면 반동이 들어갑니다.
🤲 그립 / 손 위치
손잡이를 편안한 너비로 잡으세요. 손목이 꺾이지 않게 합니다.
⚙️ 조절 포인트
가슴 패드 각도, 시트, 손잡이, 중량을 확인하세요.

---

💪 ② 시작 자세
가슴을 세우고 어깨를 귀에서 멀리 둡니다. 팔보다 등부터 준비합니다.
이 자세에서 이것만 확인하세요.
👉 어깨가 귀 쪽으로 올라가지 않는지

---

🔥 ③ 운동 방법
손잡이를 몸통 옆으로 당겼다 복귀.
손잡이를 당긴다고 생각하지 말고, 팔꿈치를 목표 지점으로 보내세요.

---

💥 ④ 최고 수축
팔꿈치가 목표에 도착해 등이 조여지는 지점에서 멈춥니다.
⏱️ 1초 STOP
튕기지 말고 그 지점에서 1초만 소유하세요. 무게를 놓는 순간이 아닙니다.

---

🐌 ⑤ 천천히 돌아오기
중량을 그냥 놓지 마세요.
2~3초 동안 통제하면서 복귀합니다.
팔이 펴질 때까지 등을 놓지 말고, 어깨가 앞으로 말리지 않게 버팁니다.

---

❌ 흔한 실수
❌ 패드를 밀어내며 상체를 드는
자세가 무너지면 무게를 낮추세요.
❌ 몸을 뒤로 젖혀 반동으로 당기는 것
템포를 늦추고 같은 궤적만 반복하세요.
❌ 어깨를 으쓱하며 승모근만 쓰는 것
어깨를 귀에서 멀리 두고 다시 시작하세요.
❌ 손잡이만 당기고 팔꿈치는 안 움직이는 것
자세가 무너지면 무게를 낮추세요.

---

💡 MACHINE FIT PRO TIP
🔥 이 항목은 해머 스트렝스 전용 SKU가 없습니다. ""체스트 서포티드 로우""로 분류된 실제 기구의 패드·레버·안전장치만 믿고, 가벼운 무게로 5회 리허설 후 본 세트를 시작하세요.

---

🎯 MACHINE FIT CHECK
🟢 시트/패드 → 몸에 맞춤
🟢 가슴 → 패드에 고정
🟢 어깨 → 으쓱하지 않기
🟢 복귀 → 2~3초 통제

### 🔥 이것만 기억하세요

""가슴은 패드에, 팔꿈치는 뒤로, 끝에서 1초.""","🏋️ BODYSTONE — Chest Supported Row

🎯 ONE KEY CUE
🔥 ""Keep the chest on the pad and pull only the elbows back""

There is no dedicated Bodystone SKU for this category. Confirm pads, levers, and safeties on the unit in your gym, then follow the movement pattern below.

---

⚙️ ① Setup
🪑 Seat / pads
Pin yourself to the chest/back pad. If you lift off the pad, you are cheating with momentum.
🤲 Grip / hands
Take a comfortable grip width and keep the wrists stacked, not bent.
⚙️ Adjustments
Check 가슴 패드 각도, 시트, 손잡이, 중량.

---

💪 ② Start position
Lift the chest and keep the shoulders away from the ears. Prepare the back before the arms.
Check only this:
👉 Shoulders not shrugged

---

🔥 ③ Execution
Do not think “pull the handle.” Drive the elbows to the target.
Drive the elbows back/down on the row or pulldown path, then lengthen slowly.

---

💥 ④ Peak contraction
Stop where the elbows arrive and the back is squeezed.
⏱️ 1-second STOP
Own that position for one second. This is not where you dump the weight.

---

🐌 ⑤ Controlled return
Do not dump the load.
Take 2–3 seconds on the way back.
Keep the back set as the arms lengthen — do not let the shoulders dump forward.

---

❌ Common mistakes
❌ Leaning back for momentum
Slow the tempo and repeat one clean path.
❌ Shrugging and turning it into an upper-trap pull
Keep the shoulders away from the ears and restart.
❌ Yank the handles without moving the elbows
If position breaks, cut the load.

---

💡 MACHINE FIT PRO TIP
🔥 No dedicated Hammer Strength SKU for this slot. Trust the pads/levers/safeties on the unit labeled like ""Chest Supported Row"", rehearse five light reps, then start working sets.

---

🎯 MACHINE FIT CHECK
🟢 Seat/pad → fitted
🟢 Chest → glued to pad
🟢 Shoulders → not shrugged
🟢 Return → 2–3 sec control

### 🔥 Remember this

""Chest on the pad, elbows back, one-second squeeze."""
BODYSTONE,T바 로우 머신,T-Bar Row,NKRF-022 T-Bar Row,VERIFIED,Bodystone,Kairos,https://bodystone.co.kr/product/detail.html?product_no=3770,바디스톤 Kairos NKRF-022 티바로우 플레이트로드 T바 로우입니다,"가슴/복부 지지(해당 시), 손잡이 위치, 양쪽 플레이트","🏋️ BODYSTONE — NKRF-022 T-Bar Row · Kairos

🎯 ONE KEY CUE
🔥 ""허리를 중립으로 유지한 채 바를 몸통으로 당기기""

바디스톤 Kairos NKRF-022 티바로우 플레이트로드 T바 로우. 플레이트 로딩 · Kairos 구조입니다. 처음부터 무게 올리지 말고, 세팅부터 잡으세요.

---

⚙️ ① 기구 세팅
🤲 그립 / 손 위치
손잡이 위치를 편안한 너비로 잡으세요. 손목이 꺾이지 않게 합니다.
⚙️ 조절 포인트
가슴/복부 지지(해당 시), 손잡이 위치, 양쪽 플레이트를 확인하세요. 양쪽 플레이트를 동일하게 맞추고, 한쪽만 먼저 올리지 마세요.

---

💪 ② 시작 자세
가슴을 세우고 어깨를 귀에서 멀리 둡니다. 팔보다 등부터 준비합니다.
이 자세에서 이것만 확인하세요.
👉 어깨가 귀 쪽으로 올라가지 않는지

---

🔥 ③ 운동 방법
T바를 상복부까지 당겼다 천천히 내리기.
손잡이를 당긴다고 생각하지 말고, 팔꿈치를 목표 지점으로 보내세요.

---

💥 ④ 최고 수축
팔꿈치가 목표에 도착해 등이 조여지는 지점에서 멈춥니다.
⏱️ 1초 STOP
튕기지 말고 그 지점에서 1초만 소유하세요. 무게를 놓는 순간이 아닙니다.

---

🐌 ⑤ 천천히 돌아오기
중량을 그냥 놓지 마세요.
2~3초 동안 통제하면서 복귀합니다.
팔이 펴질 때까지 등을 놓지 말고, 어깨가 앞으로 말리지 않게 버팁니다.

---

❌ 흔한 실수
❌ 허리를 둥글게 말고 반동으로 들어올리는
템포를 늦추고 같은 궤적만 반복하세요.
❌ 몸을 뒤로 젖혀 반동으로 당기는 것
템포를 늦추고 같은 궤적만 반복하세요.
❌ 어깨를 으쓱하며 승모근만 쓰는 것
어깨를 귀에서 멀리 두고 다시 시작하세요.
❌ 손잡이만 당기고 팔꿈치는 안 움직이는 것
자세가 무너지면 무게를 낮추세요.
❌ 양쪽 플레이트 무게를 다르게 올리는 것
양쪽을 맞춘 뒤 가벼운 세트로 좌우를 확인하세요.

---

💡 MACHINE FIT PRO TIP
🔥 NKRF-022 T-Bar Row은 플레이트 로딩입니다. 좌우 원판을 동일하게 맞추고, 첫 세트는 궤적·좌우 대칭만 확인한 다음 무게를 올리세요.

---

🎯 MACHINE FIT CHECK
🟢 시트/패드 → 몸에 맞춤
🟢 팔꿈치 → 당김 방향
🟢 원판 → 좌우 동일
🟢 복귀 → 2~3초 통제

### 🔥 이것만 기억하세요

""허리를 중립으로 유지한 채 바를 몸통으로 당기기. 끝에서 1초, 복귀는 통제.""","🏋️ BODYSTONE — NKRF-022 T-Bar Row · Kairos

🎯 ONE KEY CUE
🔥 ""Keep a neutral spine and pull the bar toward the torso""

바디스톤 Kairos NKRF-022 티바로우 플레이트로드 T바 로우입니다 Lean into the plate-loaded / Kairos design. Do not chase load until the setup feels locked in.

---

⚙️ ① Setup
🤲 Grip / hands
Take a comfortable grip width and keep the wrists stacked, not bent.
⚙️ Adjustments
Check 가슴/복부 지지(해당 시), 손잡이 위치, 양쪽 플레이트. Match plates on both sides — do not load one arm first.

---

💪 ② Start position
Lift the chest and keep the shoulders away from the ears. Prepare the back before the arms.
Check only this:
👉 Shoulders not shrugged

---

🔥 ③ Execution
Do not think “pull the handle.” Drive the elbows to the target.
Drive the elbows back/down on the row or pulldown path, then lengthen slowly.

---

💥 ④ Peak contraction
Stop where the elbows arrive and the back is squeezed.
⏱️ 1-second STOP
Own that position for one second. This is not where you dump the weight.

---

🐌 ⑤ Controlled return
Do not dump the load.
Take 2–3 seconds on the way back.
Keep the back set as the arms lengthen — do not let the shoulders dump forward.

---

❌ Common mistakes
❌ Leaning back for momentum
Slow the tempo and repeat one clean path.
❌ Shrugging and turning it into an upper-trap pull
Keep the shoulders away from the ears and restart.
❌ Yank the handles without moving the elbows
If position breaks, cut the load.
❌ Loading unequal plates
Match both sides, then confirm with a light set.

---

💡 MACHINE FIT PRO TIP
🔥 NKRF-022 T-Bar Row is plate-loaded. Match plates, confirm path and left-right symmetry on set one, then add load.

---

🎯 MACHINE FIT CHECK
🟢 Seat/pad → fitted
🟢 Elbows → pull direction
🟢 Plates → matched
🟢 Return → 2–3 sec control

### 🔥 Remember this

""Keep a neutral spine and pull the bar toward the torso. One-second peak, controlled return."""
BODYSTONE,풀오버,Pullover,NKRS-008 Pullover,VERIFIED,Bodystone,Kairos,https://bodystone.co.kr/product/detail.html?product_no=3682,바디스톤 Kairos NKRS-008 풀오버 셀렉터라이즈드입니다,"시트 높이, 팔 패드/손잡이, 중량 스택","🏋️ BODYSTONE — NKRS-008 Pullover · Kairos

🎯 ONE KEY CUE
🔥 ""팔꿈치를 고정한 채 광배로 아크를 그리며 내리기""

바디스톤 Kairos NKRS-008 풀오버 셀렉터라이즈드. 셀렉터 스택 · Kairos 구조입니다. 처음부터 무게 올리지 말고, 세팅부터 잡으세요.

---

⚙️ ① 기구 세팅
🪑 좌석 / 패드
가슴/등 패드에 몸을 안정적으로 붙이세요. 패드에서 몸이 들리면 반동이 들어갑니다.
🤲 그립 / 손 위치
팔 패드를 편안한 너비로 잡으세요. 손목이 꺾이지 않게 합니다.
⚙️ 조절 포인트
시트 높이, 팔 패드/손잡이, 중량 스택을 확인하세요.

---

💪 ② 시작 자세
가슴을 세우고 어깨를 귀에서 멀리 둡니다. 팔보다 등부터 준비합니다.
이 자세에서 이것만 확인하세요.
👉 어깨가 귀 쪽으로 올라가지 않는지

---

🔥 ③ 운동 방법
손잡이를 머리 위에서 몸통 앞으로 아크 이동 후 복귀.
손잡이를 당긴다고 생각하지 말고, 팔꿈치를 목표 지점으로 보내세요.

---

💥 ④ 최고 수축
팔꿈치가 목표에 도착해 등이 조여지는 지점에서 멈춥니다.
⏱️ 1초 STOP
튕기지 말고 그 지점에서 1초만 소유하세요. 무게를 놓는 순간이 아닙니다.

---

🐌 ⑤ 천천히 돌아오기
중량을 그냥 놓지 마세요.
2~3초 동안 통제하면서 복귀합니다.
팔이 펴질 때까지 등을 놓지 말고, 어깨가 앞으로 말리지 않게 버팁니다.

---

❌ 흔한 실수
❌ 팔꿈치만 접어 삼두 위주로 누르는
자세가 무너지면 무게를 낮추세요.
❌ 몸을 뒤로 젖혀 반동으로 당기는 것
템포를 늦추고 같은 궤적만 반복하세요.
❌ 어깨를 으쓱하며 승모근만 쓰는 것
어깨를 귀에서 멀리 두고 다시 시작하세요.
❌ 손잡이만 당기고 팔꿈치는 안 움직이는 것
자세가 무너지면 무게를 낮추세요.

---

💡 MACHINE FIT PRO TIP
🔥 Select 라인(NKRS-008 Pullover)은 스택 핀 위치가 곧 시작 난이도입니다. 시트부터 맞춘 뒤 핀을 고르고, 첫 세트에서 궤적이 어깨·관절에 맞는지 확인하세요.

---

🎯 MACHINE FIT CHECK
🟢 시트/패드 → 몸에 맞춤
🟢 팔꿈치 → 당김 방향
🟢 어깨 → 으쓱하지 않기
🟢 복귀 → 2~3초 통제

### 🔥 이것만 기억하세요

""팔꿈치를 고정한 채 광배로 아크를 그리며 내리기. 끝에서 1초, 복귀는 통제.""","🏋️ BODYSTONE — NKRS-008 Pullover · Kairos

🎯 ONE KEY CUE
🔥 ""Keep elbow position and arc down using the lats""

바디스톤 Kairos NKRS-008 풀오버 셀렉터라이즈드입니다 Lean into the selectorized stack / Kairos design. Do not chase load until the setup feels locked in.

---

⚙️ ① Setup
🪑 Seat / pads
Pin yourself to the chest/back pad. If you lift off the pad, you are cheating with momentum.
🤲 Grip / hands
Take a comfortable grip width and keep the wrists stacked, not bent.
⚙️ Adjustments
Check 시트 높이, 팔 패드/손잡이, 중량 스택.

---

💪 ② Start position
Lift the chest and keep the shoulders away from the ears. Prepare the back before the arms.
Check only this:
👉 Shoulders not shrugged

---

🔥 ③ Execution
Do not think “pull the handle.” Drive the elbows to the target.
Drive the elbows back/down on the row or pulldown path, then lengthen slowly.

---

💥 ④ Peak contraction
Stop where the elbows arrive and the back is squeezed.
⏱️ 1-second STOP
Own that position for one second. This is not where you dump the weight.

---

🐌 ⑤ Controlled return
Do not dump the load.
Take 2–3 seconds on the way back.
Keep the back set as the arms lengthen — do not let the shoulders dump forward.

---

❌ Common mistakes
❌ Leaning back for momentum
Slow the tempo and repeat one clean path.
❌ Shrugging and turning it into an upper-trap pull
Keep the shoulders away from the ears and restart.
❌ Yank the handles without moving the elbows
If position breaks, cut the load.

---

💡 MACHINE FIT PRO TIP
🔥 On Select (NKRS-008 Pullover), the pin is your difficulty. Fit the seat first, choose the pin second, and confirm the path on set one.

---

🎯 MACHINE FIT CHECK
🟢 Seat/pad → fitted
🟢 Elbows → pull direction
🟢 Shoulders → not shrugged
🟢 Return → 2–3 sec control

### 🔥 Remember this

""Keep elbow position and arc down using the lats. One-second peak, controlled return."""
BODYSTONE,어시스트 풀업 / 친업,Assisted Pull-up / Chin-up,NKRS-010 Assist Chinning & Dipping,VERIFIED,Bodystone,Kairos,https://bodystone.co.kr/product/detail.html?product_no=3684,바디스톤 Kairos NKRS-010 어시스트 치닝·디핑의 풀업/친업 모드입니다,"무릎/풋 지지 패드, 어시스트 중량, 풀업 바 그립","🏋️ BODYSTONE — NKRS-010 Assist Chinning & Dipping · Kairos

🎯 ONE KEY CUE
🔥 ""어깨를 내린 채 가슴을 바 방향으로 끌어올리기""

바디스톤 Kairos NKRS-010 어시스트 치닝·디핑의 풀업/친업 모드. Kairos 구조입니다. 처음부터 무게 올리지 말고, 세팅부터 잡으세요.

---

⚙️ ① 기구 세팅
🪑 좌석 / 패드
가슴/등 패드에 몸을 안정적으로 붙이세요. 패드에서 몸이 들리면 반동이 들어갑니다.
🤲 그립 / 손 위치
풀업 바 그립를 편안한 너비로 잡으세요. 손목이 꺾이지 않게 합니다.
⚙️ 조절 포인트
무릎/풋 지지 패드, 어시스트 중량, 풀업 바 그립을 확인하세요.

---

💪 ② 시작 자세
가슴을 세우고 어깨를 귀에서 멀리 둡니다. 팔보다 등부터 준비합니다.
이 자세에서 이것만 확인하세요.
👉 어깨가 귀 쪽으로 올라가지 않는지

---

🔥 ③ 운동 방법
어시스트를 받은 채 턱걸이 후 천천히 내리기.
손잡이를 당긴다고 생각하지 말고, 팔꿈치를 목표 지점으로 보내세요.

---

💥 ④ 최고 수축
팔꿈치가 목표에 도착해 등이 조여지는 지점에서 멈춥니다.
⏱️ 1초 STOP
튕기지 말고 그 지점에서 1초만 소유하세요. 무게를 놓는 순간이 아닙니다.

---

🐌 ⑤ 천천히 돌아오기
중량을 그냥 놓지 마세요.
2~3초 동안 통제하면서 복귀합니다.
팔이 펴질 때까지 등을 놓지 말고, 어깨가 앞으로 말리지 않게 버팁니다.

---

❌ 흔한 실수
❌ 반동으로 턱만 넘기고 하강을 통제하지 않는
템포를 늦추고 같은 궤적만 반복하세요.
❌ 몸을 뒤로 젖혀 반동으로 당기는 것
템포를 늦추고 같은 궤적만 반복하세요.
❌ 어깨를 으쓱하며 승모근만 쓰는 것
어깨를 귀에서 멀리 두고 다시 시작하세요.
❌ 손잡이만 당기고 팔꿈치는 안 움직이는 것
자세가 무너지면 무게를 낮추세요.

---

💡 MACHINE FIT PRO TIP
🔥 NKRS-010 Assist Chinning & Dipping의 가이드 궤적을 이용하세요. 첫 2세트는 천천히, 대칭이 확인된 뒤에만 무게를 올립니다.

---

🎯 MACHINE FIT CHECK
🟢 시트/패드 → 몸에 맞춤
🟢 팔꿈치 → 당김 방향
🟢 어깨 → 으쓱하지 않기
🟢 복귀 → 2~3초 통제

### 🔥 이것만 기억하세요

""어깨를 내린 채 가슴을 바 방향으로 끌어올리기. 끝에서 1초, 복귀는 통제.""","🏋️ BODYSTONE — NKRS-010 Assist Chinning & Dipping · Kairos

🎯 ONE KEY CUE
🔥 ""Depress the shoulders and pull the chest toward the bar""

바디스톤 Kairos NKRS-010 어시스트 치닝·디핑의 풀업/친업 모드입니다 Lean into the Kairos design. Do not chase load until the setup feels locked in.

---

⚙️ ① Setup
🪑 Seat / pads
Pin yourself to the chest/back pad. If you lift off the pad, you are cheating with momentum.
🤲 Grip / hands
Take a comfortable grip width and keep the wrists stacked, not bent.
⚙️ Adjustments
Check 무릎/풋 지지 패드, 어시스트 중량, 풀업 바 그립.

---

💪 ② Start position
Lift the chest and keep the shoulders away from the ears. Prepare the back before the arms.
Check only this:
👉 Shoulders not shrugged

---

🔥 ③ Execution
Do not think “pull the handle.” Drive the elbows to the target.
Drive the elbows back/down on the row or pulldown path, then lengthen slowly.

---

💥 ④ Peak contraction
Stop where the elbows arrive and the back is squeezed.
⏱️ 1-second STOP
Own that position for one second. This is not where you dump the weight.

---

🐌 ⑤ Controlled return
Do not dump the load.
Take 2–3 seconds on the way back.
Keep the back set as the arms lengthen — do not let the shoulders dump forward.

---

❌ Common mistakes
❌ Leaning back for momentum
Slow the tempo and repeat one clean path.
❌ Shrugging and turning it into an upper-trap pull
Keep the shoulders away from the ears and restart.
❌ Yank the handles without moving the elbows
If position breaks, cut the load.

---

💡 MACHINE FIT PRO TIP
🔥 Use the guided path on NKRS-010 Assist Chinning & Dipping. Slow the first two sets, confirm symmetry, then add load.

---

🎯 MACHINE FIT CHECK
🟢 Seat/pad → fitted
🟢 Elbows → pull direction
🟢 Shoulders → not shrugged
🟢 Return → 2–3 sec control

### 🔥 Remember this

""Depress the shoulders and pull the chest toward the bar. One-second peak, controlled return."""
BODYSTONE,숄더 프레스,Shoulder Press,SW-18 Shoulder Press / NKRS-005 Shoulder Press,VERIFIED,Bodystone,SW Club,https://bodystone.co.kr/product/detail.html?product_no=3309,바디스톤 SW-18·Kairos NKRS-005 숄더 프레스 셀렉터라이즈드입니다,"시트 높이, 손잡이 시작 위치, 중량 스택, 풋 지지","🏋️ BODYSTONE — SW-18 Shoulder Press / NKRS-005 Shoulder Press · SW Club

🎯 ONE KEY CUE
🔥 ""갈비뼈를 내리고 손잡이를 귀 옆에서 위로 밀기""

바디스톤 SW-18·Kairos NKRS-005 숄더 프레스 셀렉터라이즈드. 셀렉터 스택 · SW Club 구조입니다. 처음부터 무게 올리지 말고, 세팅부터 잡으세요.

---

⚙️ ① 기구 세팅
🪑 좌석 / 패드
시트 높이를 몸에 맞추세요. 시작 위치가 어깨·관절에 자연스럽게 오는지 확인합니다.
🤲 그립 / 손 위치
손잡이 시작 위치를 편안한 너비로 잡으세요. 손목이 꺾이지 않게 합니다.
⚙️ 조절 포인트
시트 높이, 손잡이 시작 위치, 중량 스택, 풋 지지를 확인하세요.

---

💪 ② 시작 자세
갈비뼈를 내리고 허리를 과하게 아치하지 않습니다. 팔꿈치를 시작 궤적에 올립니다.
이 자세에서 이것만 확인하세요.
👉 허리가 과하게 꺾이지 않는지

---

🔥 ③ 운동 방법
손잡이를 위로 밀었다 천천히 어깨 높이로 복귀.
반동으로 올리지 마세요. 팔꿈치가 궤적을 주도하게 둡니다.

---

💥 ④ 최고 수축
목표 근육이 가장 조여지는 끝 지점에서 멈춥니다.
⏱️ 1초 STOP
튕기지 말고 그 지점에서 1초만 소유하세요. 무게를 놓는 순간이 아닙니다.

---

🐌 ⑤ 천천히 돌아오기
중량을 그냥 놓지 마세요.
2~3초 동안 통제하면서 복귀합니다.
시작 자세로 돌아갈 때도 같은 궤적을 유지하세요.

---

❌ 흔한 실수
❌ 허리를 과아치하며 반동으로 밀어올리는
템포를 늦추고 같은 궤적만 반복하세요.
❌ 허리를 꺾어 프레스하는 것
자세가 무너지면 무게를 낮추세요.
❌ 어깨를 귀 쪽으로 으쓱하는 것
어깨를 귀에서 멀리 두고 다시 시작하세요.
❌ 반동으로 들어 올리는 것
템포를 늦추고 같은 궤적만 반복하세요.

---

💡 MACHINE FIT PRO TIP
🔥 Select 라인(SW-18 Shoulder Press / NKRS-005 Shoulder Press)은 스택 핀 위치가 곧 시작 난이도입니다. 시트부터 맞춘 뒤 핀을 고르고, 첫 세트에서 궤적이 어깨·관절에 맞는지 확인하세요.

---

🎯 MACHINE FIT CHECK
🟢 시트/패드 → 몸에 맞춤
🟢 팔꿈치 → 미는/드는 방향
🟢 어깨 → 으쓱하지 않기
🟢 복귀 → 2~3초 통제

### 🔥 이것만 기억하세요

""갈비뼈를 내리고 손잡이를 귀 옆에서 위로 밀기. 끝에서 1초, 복귀는 통제.""","🏋️ BODYSTONE — SW-18 Shoulder Press / NKRS-005 Shoulder Press · SW Club

🎯 ONE KEY CUE
🔥 ""Keep the ribs down and press the handles up from beside the ears""

바디스톤 SW-18·Kairos NKRS-005 숄더 프레스 셀렉터라이즈드입니다 Lean into the selectorized stack / SW Club design. Do not chase load until the setup feels locked in.

---

⚙️ ① Setup
🪑 Seat / pads
Fit the seat to your body so the start position sits naturally on the working joint.
🤲 Grip / hands
Take a comfortable grip width and keep the wrists stacked, not bent.
⚙️ Adjustments
Check 시트 높이, 손잡이 시작 위치, 중량 스택, 풋 지지.

---

💪 ② Start position
Drop the ribs — do not over-arch. Set the elbows on the press path.
Check only this:
👉 Low back not over-arched

---

🔥 ③ Execution
No bounce. Let the elbows own the path.
Press or raise on the guided path, then lower without dumping the shoulders.

---

💥 ④ Peak contraction
Stop where the target muscle is most shortened.
⏱️ 1-second STOP
Own that position for one second. This is not where you dump the weight.

---

🐌 ⑤ Controlled return
Do not dump the load.
Take 2–3 seconds on the way back.
Return on the same path you pressed or pulled.

---

❌ Common mistakes
❌ Pressing with an over-arched low back
If position breaks, cut the load.
❌ Shrugging the shoulders into the ears
Keep the shoulders away from the ears and restart.
❌ Bouncing the weight up
Slow the tempo and repeat one clean path.

---

💡 MACHINE FIT PRO TIP
🔥 On Select (SW-18 Shoulder Press / NKRS-005 Shoulder Press), the pin is your difficulty. Fit the seat first, choose the pin second, and confirm the path on set one.

---

🎯 MACHINE FIT CHECK
🟢 Seat/pad → fitted
🟢 Elbows → press/raise direction
🟢 Shoulders → not shrugged
🟢 Return → 2–3 sec control

### 🔥 Remember this

""Keep the ribs down and press the handles up from beside the ears. One-second peak, controlled return."""
BODYSTONE,아이소래터럴 숄더 프레스,Iso-Lateral Shoulder Press,,BRAND_MODEL_NOT_FOUND,Bodystone,,https://bodystone.co.kr/category/%EC%9B%A8%EC%9D%B4%ED%8A%B8%EB%A8%B8%EC%8B%A0/382/,바디스톤 공개 라인에 Iso-Lateral Shoulder Press 전용 SKU가 확인되지 않습니다,"시트, 좌·우 독립 암, 중량","🏋️ BODYSTONE — 아이소래터럴 숄더 프레스

🎯 ONE KEY CUE
🔥 ""좌우를 같은 속도로 밀어올리며 균형 확인""

바디스톤 전용 모델이 없는 카테고리입니다. 헬스장에 있는 실제 기구의 패드·레버·안전장치를 먼저 확인한 뒤, 아래 패턴으로 움직이세요.

---

⚙️ ① 기구 세팅
🪑 좌석 / 패드
시트를 몸에 맞추세요. 시작 위치가 어깨·관절에 자연스럽게 오는지 확인합니다.
🤲 그립 / 손 위치
양손잡이 높이가 좌우 같은지 먼저 보세요. 독립 암이라 한쪽만 어긋나도 바로 느껴집니다.
⚙️ 조절 포인트
시트, 좌·우 독립 암, 중량을 확인하세요. 좌우 시작 위치가 같은지도 같이 봅니다.

---

💪 ② 시작 자세
갈비뼈를 내리고 허리를 과하게 아치하지 않습니다. 팔꿈치를 시작 궤적에 올립니다.
좌우가 같은 높이에서 시작하는지 한 번 더 보세요.
이 자세에서 이것만 확인하세요.
👉 허리가 과하게 꺾이지 않는지

---

🔥 ③ 운동 방법
각 팔을 독립적으로 밀었다 복귀.
양쪽을 같은 속도로 움직이세요. 한쪽이 먼저 끝나면 무게를 더 올리기 전에 밸런스부터 잡습니다.

---

💥 ④ 최고 수축
목표 근육이 가장 조여지는 끝 지점에서 멈춥니다.
⏱️ 1초 STOP
튕기지 말고 그 지점에서 1초만 소유하세요. 무게를 놓는 순간이 아닙니다.

---

🐌 ⑤ 천천히 돌아오기
중량을 그냥 놓지 마세요.
2~3초 동안 통제하면서 복귀합니다.
시작 자세로 돌아갈 때도 같은 궤적을 유지하세요.

---

❌ 흔한 실수
❌ 한쪽만 먼저 올려 비대칭을 키우는
약한 쪽 속도에 강한 쪽을 맞추세요.
❌ 허리를 꺾어 프레스하는 것
자세가 무너지면 무게를 낮추세요.
❌ 어깨를 귀 쪽으로 으쓱하는 것
어깨를 귀에서 멀리 두고 다시 시작하세요.
❌ 반동으로 들어 올리는 것
템포를 늦추고 같은 궤적만 반복하세요.
❌ 한쪽만 먼저 끝내고 반대쪽을 따라가게 하는 것
약한 쪽 속도에 강한 쪽을 맞추세요.

---

💡 MACHINE FIT PRO TIP
🔥 이 항목은 해머 스트렝스 전용 SKU가 없습니다. ""아이소래터럴 숄더 프레스""로 분류된 실제 기구의 패드·레버·안전장치만 믿고, 가벼운 무게로 5회 리허설 후 본 세트를 시작하세요.

---

🎯 MACHINE FIT CHECK
🟢 시트/패드 → 몸에 맞춤
🟢 팔꿈치 → 미는/드는 방향
🟢 좌우 → 같은 속도
🟢 복귀 → 2~3초 통제

### 🔥 이것만 기억하세요

""좌우 같은 속도, 끝에서 1초, 복귀는 통제.""","🏋️ BODYSTONE — Iso-Lateral Shoulder Press

🎯 ONE KEY CUE
🔥 ""Press both sides up at the same speed and check balance""

There is no dedicated Bodystone SKU for this category. Confirm pads, levers, and safeties on the unit in your gym, then follow the movement pattern below.

---

⚙️ ① Setup
🪑 Seat / pads
Fit the seat to your body so the start position sits naturally on the working joint.
🤲 Grip / hands
Match left and right handle height first — independent arms expose any mismatch immediately.
⚙️ Adjustments
Check 시트, 좌·우 독립 암, 중량. Confirm both sides start from the same position.

---

💪 ② Start position
Drop the ribs — do not over-arch. Set the elbows on the press path.
Double-check both sides start at the same height.
Check only this:
👉 Low back not over-arched

---

🔥 ③ Execution
Match left-right speed. If one side finishes early, fix balance before adding load.
Press or raise on the guided path, then lower without dumping the shoulders. Keep both sides honest.

---

💥 ④ Peak contraction
Stop where the target muscle is most shortened.
⏱️ 1-second STOP
Own that position for one second. This is not where you dump the weight.

---

🐌 ⑤ Controlled return
Do not dump the load.
Take 2–3 seconds on the way back.
Return on the same path you pressed or pulled.

---

❌ Common mistakes
❌ Pressing with an over-arched low back
If position breaks, cut the load.
❌ Shrugging the shoulders into the ears
Keep the shoulders away from the ears and restart.
❌ Bouncing the weight up
Slow the tempo and repeat one clean path.
❌ Letting one side finish early
Match the stronger side to the weaker side’s speed.

---

💡 MACHINE FIT PRO TIP
🔥 No dedicated Hammer Strength SKU for this slot. Trust the pads/levers/safeties on the unit labeled like ""Iso-Lateral Shoulder Press"", rehearse five light reps, then start working sets.

---

🎯 MACHINE FIT CHECK
🟢 Seat/pad → fitted
🟢 Elbows → press/raise direction
🟢 Left/right → same speed
🟢 Return → 2–3 sec control

### 🔥 Remember this

""Match sides, one-second peak, controlled return."""
BODYSTONE,플레이트로드 숄더 프레스,Plate-Loaded Shoulder Press,,BRAND_MODEL_NOT_FOUND,Bodystone,,https://bodystone.co.kr/category/%EC%9B%A8%EC%9D%B4%ED%8A%B8%EB%A8%B8%EC%8B%A0/382/,바디스톤 공개 카탈로그에 플레이트로드 숄더 프레스 전용 SKU가 확인되지 않습니다,"시트, 손잡이, 양쪽 플레이트","🏋️ BODYSTONE — 플레이트로드 숄더 프레스

🎯 ONE KEY CUE
🔥 ""코어를 고정한 채 양팔을 고르게 위로 밀기""

바디스톤 전용 모델이 없는 카테고리입니다. 헬스장에 있는 실제 기구의 패드·레버·안전장치를 먼저 확인한 뒤, 아래 패턴으로 움직이세요.

---

⚙️ ① 기구 세팅
🪑 좌석 / 패드
시트를 몸에 맞추세요. 시작 위치가 어깨·관절에 자연스럽게 오는지 확인합니다.
🤲 그립 / 손 위치
손잡이를 편안한 너비로 잡으세요. 손목이 꺾이지 않게 합니다.
⚙️ 조절 포인트
시트, 손잡이, 양쪽 플레이트를 확인하세요. 양쪽 플레이트를 동일하게 맞추고, 한쪽만 먼저 올리지 마세요.

---

💪 ② 시작 자세
갈비뼈를 내리고 허리를 과하게 아치하지 않습니다. 팔꿈치를 시작 궤적에 올립니다.
이 자세에서 이것만 확인하세요.
👉 허리가 과하게 꺾이지 않는지

---

🔥 ③ 운동 방법
플레이트를 싣고 프레스 후 천천히 복귀.
반동으로 올리지 마세요. 팔꿈치가 궤적을 주도하게 둡니다.

---

💥 ④ 최고 수축
목표 근육이 가장 조여지는 끝 지점에서 멈춥니다.
⏱️ 1초 STOP
튕기지 말고 그 지점에서 1초만 소유하세요. 무게를 놓는 순간이 아닙니다.

---

🐌 ⑤ 천천히 돌아오기
중량을 그냥 놓지 마세요.
2~3초 동안 통제하면서 복귀합니다.
시작 자세로 돌아갈 때도 같은 궤적을 유지하세요.

---

❌ 흔한 실수
❌ 원판 무게만 늘리고 록아웃에서 어깨를 으쓱하는
어깨를 귀에서 멀리 두고 다시 시작하세요.
❌ 허리를 꺾어 프레스하는 것
자세가 무너지면 무게를 낮추세요.
❌ 어깨를 귀 쪽으로 으쓱하는 것
어깨를 귀에서 멀리 두고 다시 시작하세요.
❌ 반동으로 들어 올리는 것
템포를 늦추고 같은 궤적만 반복하세요.
❌ 양쪽 플레이트 무게를 다르게 올리는 것
양쪽을 맞춘 뒤 가벼운 세트로 좌우를 확인하세요.

---

💡 MACHINE FIT PRO TIP
🔥 이 항목은 해머 스트렝스 전용 SKU가 없습니다. ""플레이트로드 숄더 프레스""로 분류된 실제 기구의 패드·레버·안전장치만 믿고, 가벼운 무게로 5회 리허설 후 본 세트를 시작하세요.

---

🎯 MACHINE FIT CHECK
🟢 시트/패드 → 몸에 맞춤
🟢 팔꿈치 → 미는/드는 방향
🟢 원판 → 좌우 동일
🟢 복귀 → 2~3초 통제

### 🔥 이것만 기억하세요

""코어를 고정한 채 양팔을 고르게 위로 밀기. 끝에서 1초, 복귀는 통제.""","🏋️ BODYSTONE — Plate-Loaded Shoulder Press

🎯 ONE KEY CUE
🔥 ""Brace the core and press both arms up evenly""

There is no dedicated Bodystone SKU for this category. Confirm pads, levers, and safeties on the unit in your gym, then follow the movement pattern below.

---

⚙️ ① Setup
🪑 Seat / pads
Fit the seat to your body so the start position sits naturally on the working joint.
🤲 Grip / hands
Take a comfortable grip width and keep the wrists stacked, not bent.
⚙️ Adjustments
Check 시트, 손잡이, 양쪽 플레이트. Match plates on both sides — do not load one arm first.

---

💪 ② Start position
Drop the ribs — do not over-arch. Set the elbows on the press path.
Check only this:
👉 Low back not over-arched

---

🔥 ③ Execution
No bounce. Let the elbows own the path.
Press or raise on the guided path, then lower without dumping the shoulders.

---

💥 ④ Peak contraction
Stop where the target muscle is most shortened.
⏱️ 1-second STOP
Own that position for one second. This is not where you dump the weight.

---

🐌 ⑤ Controlled return
Do not dump the load.
Take 2–3 seconds on the way back.
Return on the same path you pressed or pulled.

---

❌ Common mistakes
❌ Pressing with an over-arched low back
If position breaks, cut the load.
❌ Shrugging the shoulders into the ears
Keep the shoulders away from the ears and restart.
❌ Bouncing the weight up
Slow the tempo and repeat one clean path.
❌ Loading unequal plates
Match both sides, then confirm with a light set.

---

💡 MACHINE FIT PRO TIP
🔥 No dedicated Hammer Strength SKU for this slot. Trust the pads/levers/safeties on the unit labeled like ""Plate-Loaded Shoulder Press"", rehearse five light reps, then start working sets.

---

🎯 MACHINE FIT CHECK
🟢 Seat/pad → fitted
🟢 Elbows → press/raise direction
🟢 Plates → matched
🟢 Return → 2–3 sec control

### 🔥 Remember this

""Brace the core and press both arms up evenly. One-second peak, controlled return."""
BODYSTONE,레터럴 레이즈,Lateral Raise,NKRS-009 Lateral Raise,VERIFIED,Bodystone,Kairos,https://bodystone.co.kr/product/detail.html?product_no=3683,바디스톤 Kairos NKRS-009 레터럴 레이즈 셀렉터라이즈드입니다,"시트 높이, 팔 패드/손잡이, 중량 스택","🏋️ BODYSTONE — NKRS-009 Lateral Raise · Kairos

🎯 ONE KEY CUE
🔥 ""팔꿈치를 살짝 굽힌 채 어깨 높이까지만 옆으로 들기""

바디스톤 Kairos NKRS-009 레터럴 레이즈 셀렉터라이즈드. 셀렉터 스택 · Kairos 구조입니다. 처음부터 무게 올리지 말고, 세팅부터 잡으세요.

---

⚙️ ① 기구 세팅
🪑 좌석 / 패드
시트 높이를 몸에 맞추세요. 시작 위치가 어깨·관절에 자연스럽게 오는지 확인합니다.
🤲 그립 / 손 위치
팔 패드를 편안한 너비로 잡으세요. 손목이 꺾이지 않게 합니다.
⚙️ 조절 포인트
시트 높이, 팔 패드/손잡이, 중량 스택을 확인하세요.

---

💪 ② 시작 자세
갈비뼈를 내리고 허리를 과하게 아치하지 않습니다. 팔꿈치를 시작 궤적에 올립니다.
이 자세에서 이것만 확인하세요.
👉 허리가 과하게 꺾이지 않는지

---

🔥 ③ 운동 방법
양팔을 옆으로 들었다 천천히 내리기.
반동으로 올리지 마세요. 팔꿈치가 궤적을 주도하게 둡니다.

---

💥 ④ 최고 수축
목표 근육이 가장 조여지는 끝 지점에서 멈춥니다.
⏱️ 1초 STOP
튕기지 말고 그 지점에서 1초만 소유하세요. 무게를 놓는 순간이 아닙니다.

---

🐌 ⑤ 천천히 돌아오기
중량을 그냥 놓지 마세요.
2~3초 동안 통제하면서 복귀합니다.
시작 자세로 돌아갈 때도 같은 궤적을 유지하세요.

---

❌ 흔한 실수
❌ 너무 무겁게 들어 승모로 으쓱하는
어깨를 귀에서 멀리 두고 다시 시작하세요.
❌ 허리를 꺾어 프레스하는 것
자세가 무너지면 무게를 낮추세요.
❌ 어깨를 귀 쪽으로 으쓱하는 것
어깨를 귀에서 멀리 두고 다시 시작하세요.
❌ 반동으로 들어 올리는 것
템포를 늦추고 같은 궤적만 반복하세요.

---

💡 MACHINE FIT PRO TIP
🔥 Select 라인(NKRS-009 Lateral Raise)은 스택 핀 위치가 곧 시작 난이도입니다. 시트부터 맞춘 뒤 핀을 고르고, 첫 세트에서 궤적이 어깨·관절에 맞는지 확인하세요.

---

🎯 MACHINE FIT CHECK
🟢 시트/패드 → 몸에 맞춤
🟢 팔꿈치 → 미는/드는 방향
🟢 어깨 → 으쓱하지 않기
🟢 복귀 → 2~3초 통제

### 🔥 이것만 기억하세요

""팔꿈치를 살짝 굽힌 채 어깨 높이까지만 옆으로 들기. 끝에서 1초, 복귀는 통제.""","🏋️ BODYSTONE — NKRS-009 Lateral Raise · Kairos

🎯 ONE KEY CUE
🔥 ""Keep a soft elbow bend and raise only to shoulder height""

바디스톤 Kairos NKRS-009 레터럴 레이즈 셀렉터라이즈드입니다 Lean into the selectorized stack / Kairos design. Do not chase load until the setup feels locked in.

---

⚙️ ① Setup
🪑 Seat / pads
Fit the seat to your body so the start position sits naturally on the working joint.
🤲 Grip / hands
Take a comfortable grip width and keep the wrists stacked, not bent.
⚙️ Adjustments
Check 시트 높이, 팔 패드/손잡이, 중량 스택.

---

💪 ② Start position
Drop the ribs — do not over-arch. Set the elbows on the press path.
Check only this:
👉 Low back not over-arched

---

🔥 ③ Execution
No bounce. Let the elbows own the path.
Press or raise on the guided path, then lower without dumping the shoulders.

---

💥 ④ Peak contraction
Stop where the target muscle is most shortened.
⏱️ 1-second STOP
Own that position for one second. This is not where you dump the weight.

---

🐌 ⑤ Controlled return
Do not dump the load.
Take 2–3 seconds on the way back.
Return on the same path you pressed or pulled.

---

❌ Common mistakes
❌ Pressing with an over-arched low back
If position breaks, cut the load.
❌ Shrugging the shoulders into the ears
Keep the shoulders away from the ears and restart.
❌ Bouncing the weight up
Slow the tempo and repeat one clean path.

---

💡 MACHINE FIT PRO TIP
🔥 On Select (NKRS-009 Lateral Raise), the pin is your difficulty. Fit the seat first, choose the pin second, and confirm the path on set one.

---

🎯 MACHINE FIT CHECK
🟢 Seat/pad → fitted
🟢 Elbows → press/raise direction
🟢 Shoulders → not shrugged
🟢 Return → 2–3 sec control

### 🔥 Remember this

""Keep a soft elbow bend and raise only to shoulder height. One-second peak, controlled return."""
BODYSTONE,머신 레터럴 레이즈,Machine Lateral Raise,NKRS-009 Lateral Raise,PARTIALLY_VERIFIED,Bodystone,Kairos,https://bodystone.co.kr/product/detail.html?product_no=3683,머신 레터럴 전용 별칭으로 NKRS-009 레터럴 레이즈가 해당합니다,"시트, 패드 위치, 중량 스택","🏋️ BODYSTONE — NKRS-009 Lateral Raise · Kairos

🎯 ONE KEY CUE
🔥 ""측면 삼각근으로만 들어 올리고 목 힘을 빼기""

머신 레터럴 전용 별칭으로 NKRS-009 레터럴 레이즈가 해당합니다. Kairos 구조입니다. 처음부터 무게 올리지 말고, 세팅부터 잡으세요.

---

⚙️ ① 기구 세팅
🪑 좌석 / 패드
시트를 몸에 맞추세요. 시작 위치가 어깨·관절에 자연스럽게 오는지 확인합니다.
🤲 그립 / 손 위치
손잡이를 편안한 너비로 잡으세요. 손목이 꺾이지 않게 합니다.
⚙️ 조절 포인트
시트, 패드 위치, 중량 스택을 확인하세요.
이 카테고리는 공식 명칭이 겹칠 수 있으니, 헬스장 기구의 실제 레버·패드 배치를 우선하세요.

---

💪 ② 시작 자세
갈비뼈를 내리고 허리를 과하게 아치하지 않습니다. 팔꿈치를 시작 궤적에 올립니다.
이 자세에서 이것만 확인하세요.
👉 허리가 과하게 꺾이지 않는지

---

🔥 ③ 운동 방법
패드를 옆으로 올렸다 통제하며 내리기.
반동으로 올리지 마세요. 팔꿈치가 궤적을 주도하게 둡니다.

---

💥 ④ 최고 수축
목표 근육이 가장 조여지는 끝 지점에서 멈춥니다.
⏱️ 1초 STOP
튕기지 말고 그 지점에서 1초만 소유하세요. 무게를 놓는 순간이 아닙니다.

---

🐌 ⑤ 천천히 돌아오기
중량을 그냥 놓지 마세요.
2~3초 동안 통제하면서 복귀합니다.
시작 자세로 돌아갈 때도 같은 궤적을 유지하세요.

---

❌ 흔한 실수
❌ 상체를 흔들며 반동으로 드는
템포를 늦추고 같은 궤적만 반복하세요.
❌ 허리를 꺾어 프레스하는 것
자세가 무너지면 무게를 낮추세요.
❌ 어깨를 귀 쪽으로 으쓱하는 것
어깨를 귀에서 멀리 두고 다시 시작하세요.
❌ 반동으로 들어 올리는 것
템포를 늦추고 같은 궤적만 반복하세요.

---

💡 MACHINE FIT PRO TIP
🔥 NKRS-009 Lateral Raise의 가이드 궤적을 이용하세요. 첫 2세트는 천천히, 대칭이 확인된 뒤에만 무게를 올립니다.

---

🎯 MACHINE FIT CHECK
🟢 시트/패드 → 몸에 맞춤
🟢 팔꿈치 → 미는/드는 방향
🟢 어깨 → 으쓱하지 않기
🟢 복귀 → 2~3초 통제

### 🔥 이것만 기억하세요

""측면 삼각근으로만 들어 올리고 목 힘을 빼기. 끝에서 1초, 복귀는 통제.""","🏋️ BODYSTONE — NKRS-009 Lateral Raise · Kairos

🎯 ONE KEY CUE
🔥 ""Lift with the side delts only and keep the neck relaxed""

머신 레터럴 전용 별칭으로 NKRS-009 레터럴 레이즈가 해당합니다 Lean into the Kairos design. Do not chase load until the setup feels locked in.

---

⚙️ ① Setup
🪑 Seat / pads
Fit the seat to your body so the start position sits naturally on the working joint.
🤲 Grip / hands
Take a comfortable grip width and keep the wrists stacked, not bent.
⚙️ Adjustments
Check 시트, 패드 위치, 중량 스택.
Naming can overlap in this category — trust the levers and pads on the unit in front of you.

---

💪 ② Start position
Drop the ribs — do not over-arch. Set the elbows on the press path.
Check only this:
👉 Low back not over-arched

---

🔥 ③ Execution
No bounce. Let the elbows own the path.
Press or raise on the guided path, then lower without dumping the shoulders.

---

💥 ④ Peak contraction
Stop where the target muscle is most shortened.
⏱️ 1-second STOP
Own that position for one second. This is not where you dump the weight.

---

🐌 ⑤ Controlled return
Do not dump the load.
Take 2–3 seconds on the way back.
Return on the same path you pressed or pulled.

---

❌ Common mistakes
❌ Pressing with an over-arched low back
If position breaks, cut the load.
❌ Shrugging the shoulders into the ears
Keep the shoulders away from the ears and restart.
❌ Bouncing the weight up
Slow the tempo and repeat one clean path.

---

💡 MACHINE FIT PRO TIP
🔥 Use the guided path on NKRS-009 Lateral Raise. Slow the first two sets, confirm symmetry, then add load.

---

🎯 MACHINE FIT CHECK
🟢 Seat/pad → fitted
🟢 Elbows → press/raise direction
🟢 Shoulders → not shrugged
🟢 Return → 2–3 sec control

### 🔥 Remember this

""Lift with the side delts only and keep the neck relaxed. One-second peak, controlled return."""
BODYSTONE,리어 델트,Rear Delt,,BRAND_MODEL_NOT_FOUND,Bodystone,,https://bodystone.co.kr/category/%EC%9B%A8%EC%9D%B4%ED%8A%B8%EB%A8%B8%EC%8B%A0/382/,바디스톤 공개 카탈로그에 Rear Delt 전용 머신이 확인되지 않습니다,"시트, 가슴 패드, 손잡이, 중량","🏋️ BODYSTONE — 리어 델트

🎯 ONE KEY CUE
🔥 ""가슴을 고정하고 팔꿈치를 뒤로 벌리며 후면을 수축""

바디스톤 전용 모델이 없는 카테고리입니다. 헬스장에 있는 실제 기구의 패드·레버·안전장치를 먼저 확인한 뒤, 아래 패턴으로 움직이세요.

---

⚙️ ① 기구 세팅
🪑 좌석 / 패드
시트를 몸에 맞추세요. 시작 위치가 어깨·관절에 자연스럽게 오는지 확인합니다.
🤲 그립 / 손 위치
손잡이를 편안한 너비로 잡으세요. 손목이 꺾이지 않게 합니다.
⚙️ 조절 포인트
시트, 가슴 패드, 손잡이, 중량을 확인하세요.

---

💪 ② 시작 자세
갈비뼈를 내리고 허리를 과하게 아치하지 않습니다. 팔꿈치를 시작 궤적에 올립니다.
이 자세에서 이것만 확인하세요.
👉 허리가 과하게 꺾이지 않는지

---

🔥 ③ 운동 방법
손잡이를 뒤로 벌렸다 천천히 모으기.
반동으로 올리지 마세요. 팔꿈치가 궤적을 주도하게 둡니다.

---

💥 ④ 최고 수축
목표 근육이 가장 조여지는 끝 지점에서 멈춥니다.
⏱️ 1초 STOP
튕기지 말고 그 지점에서 1초만 소유하세요. 무게를 놓는 순간이 아닙니다.

---

🐌 ⑤ 천천히 돌아오기
중량을 그냥 놓지 마세요.
2~3초 동안 통제하면서 복귀합니다.
시작 자세로 돌아갈 때도 같은 궤적을 유지하세요.

---

❌ 흔한 실수
❌ 허리 반동으로 무게를 튕기는
템포를 늦추고 같은 궤적만 반복하세요.
❌ 허리를 꺾어 프레스하는 것
자세가 무너지면 무게를 낮추세요.
❌ 어깨를 귀 쪽으로 으쓱하는 것
어깨를 귀에서 멀리 두고 다시 시작하세요.
❌ 반동으로 들어 올리는 것
템포를 늦추고 같은 궤적만 반복하세요.

---

💡 MACHINE FIT PRO TIP
🔥 이 항목은 해머 스트렝스 전용 SKU가 없습니다. ""리어 델트""로 분류된 실제 기구의 패드·레버·안전장치만 믿고, 가벼운 무게로 5회 리허설 후 본 세트를 시작하세요.

---

🎯 MACHINE FIT CHECK
🟢 시트/패드 → 몸에 맞춤
🟢 팔꿈치 → 미는/드는 방향
🟢 어깨 → 으쓱하지 않기
🟢 복귀 → 2~3초 통제

### 🔥 이것만 기억하세요

""가슴을 고정하고 팔꿈치를 뒤로 벌리며 후면을 수축. 끝에서 1초, 복귀는 통제.""","🏋️ BODYSTONE — Rear Delt

🎯 ONE KEY CUE
🔥 ""Brace the chest and open the elbows back to squeeze the rear delts""

There is no dedicated Bodystone SKU for this category. Confirm pads, levers, and safeties on the unit in your gym, then follow the movement pattern below.

---

⚙️ ① Setup
🪑 Seat / pads
Fit the seat to your body so the start position sits naturally on the working joint.
🤲 Grip / hands
Take a comfortable grip width and keep the wrists stacked, not bent.
⚙️ Adjustments
Check 시트, 가슴 패드, 손잡이, 중량.

---

💪 ② Start position
Drop the ribs — do not over-arch. Set the elbows on the press path.
Check only this:
👉 Low back not over-arched

---

🔥 ③ Execution
No bounce. Let the elbows own the path.
Press or raise on the guided path, then lower without dumping the shoulders.

---

💥 ④ Peak contraction
Stop where the target muscle is most shortened.
⏱️ 1-second STOP
Own that position for one second. This is not where you dump the weight.

---

🐌 ⑤ Controlled return
Do not dump the load.
Take 2–3 seconds on the way back.
Return on the same path you pressed or pulled.

---

❌ Common mistakes
❌ Pressing with an over-arched low back
If position breaks, cut the load.
❌ Shrugging the shoulders into the ears
Keep the shoulders away from the ears and restart.
❌ Bouncing the weight up
Slow the tempo and repeat one clean path.

---

💡 MACHINE FIT PRO TIP
🔥 No dedicated Hammer Strength SKU for this slot. Trust the pads/levers/safeties on the unit labeled like ""Rear Delt"", rehearse five light reps, then start working sets.

---

🎯 MACHINE FIT CHECK
🟢 Seat/pad → fitted
🟢 Elbows → press/raise direction
🟢 Shoulders → not shrugged
🟢 Return → 2–3 sec control

### 🔥 Remember this

""Brace the chest and open the elbows back to squeeze the rear delts. One-second peak, controlled return."""
BODYSTONE,프론트 레이즈,Front Raise,,BRAND_MODEL_NOT_FOUND,Bodystone,,https://bodystone.co.kr/category/%EC%9B%A8%EC%9D%B4%ED%8A%B8%EB%A8%B8%EC%8B%A0/382/,바디스톤 공개 카탈로그에 Front Raise 전용 머신이 확인되지 않습니다,"시트, 손잡이/패드, 중량","🏋️ BODYSTONE — 프론트 레이즈

🎯 ONE KEY CUE
🔥 ""어깨 높이까지만 앞으로 들어 전면 삼각근에 집중""

바디스톤 전용 모델이 없는 카테고리입니다. 헬스장에 있는 실제 기구의 패드·레버·안전장치를 먼저 확인한 뒤, 아래 패턴으로 움직이세요.

---

⚙️ ① 기구 세팅
🪑 좌석 / 패드
시트를 몸에 맞추세요. 시작 위치가 어깨·관절에 자연스럽게 오는지 확인합니다.
🤲 그립 / 손 위치
손잡이를 편안한 너비로 잡으세요. 손목이 꺾이지 않게 합니다.
⚙️ 조절 포인트
시트, 손잡이/패드, 중량을 확인하세요.

---

💪 ② 시작 자세
갈비뼈를 내리고 허리를 과하게 아치하지 않습니다. 팔꿈치를 시작 궤적에 올립니다.
이 자세에서 이것만 확인하세요.
👉 허리가 과하게 꺾이지 않는지

---

🔥 ③ 운동 방법
손잡이를 앞으로 들었다 천천히 내리기.
반동으로 올리지 마세요. 팔꿈치가 궤적을 주도하게 둡니다.

---

💥 ④ 최고 수축
목표 근육이 가장 조여지는 끝 지점에서 멈춥니다.
⏱️ 1초 STOP
튕기지 말고 그 지점에서 1초만 소유하세요. 무게를 놓는 순간이 아닙니다.

---

🐌 ⑤ 천천히 돌아오기
중량을 그냥 놓지 마세요.
2~3초 동안 통제하면서 복귀합니다.
시작 자세로 돌아갈 때도 같은 궤적을 유지하세요.

---

❌ 흔한 실수
❌ 과도한 무게로 허리 반동을 쓰는
템포를 늦추고 같은 궤적만 반복하세요.
❌ 허리를 꺾어 프레스하는 것
자세가 무너지면 무게를 낮추세요.
❌ 어깨를 귀 쪽으로 으쓱하는 것
어깨를 귀에서 멀리 두고 다시 시작하세요.
❌ 반동으로 들어 올리는 것
템포를 늦추고 같은 궤적만 반복하세요.

---

💡 MACHINE FIT PRO TIP
🔥 이 항목은 해머 스트렝스 전용 SKU가 없습니다. ""프론트 레이즈""로 분류된 실제 기구의 패드·레버·안전장치만 믿고, 가벼운 무게로 5회 리허설 후 본 세트를 시작하세요.

---

🎯 MACHINE FIT CHECK
🟢 시트/패드 → 몸에 맞춤
🟢 팔꿈치 → 미는/드는 방향
🟢 어깨 → 으쓱하지 않기
🟢 복귀 → 2~3초 통제

### 🔥 이것만 기억하세요

""어깨 높이까지만 앞으로 들어 전면 삼각근에 집중. 끝에서 1초, 복귀는 통제.""","🏋️ BODYSTONE — Front Raise

🎯 ONE KEY CUE
🔥 ""Raise only to shoulder height and focus on the front delts""

There is no dedicated Bodystone SKU for this category. Confirm pads, levers, and safeties on the unit in your gym, then follow the movement pattern below.

---

⚙️ ① Setup
🪑 Seat / pads
Fit the seat to your body so the start position sits naturally on the working joint.
🤲 Grip / hands
Take a comfortable grip width and keep the wrists stacked, not bent.
⚙️ Adjustments
Check 시트, 손잡이/패드, 중량.

---

💪 ② Start position
Drop the ribs — do not over-arch. Set the elbows on the press path.
Check only this:
👉 Low back not over-arched

---

🔥 ③ Execution
No bounce. Let the elbows own the path.
Press or raise on the guided path, then lower without dumping the shoulders.

---

💥 ④ Peak contraction
Stop where the target muscle is most shortened.
⏱️ 1-second STOP
Own that position for one second. This is not where you dump the weight.

---

🐌 ⑤ Controlled return
Do not dump the load.
Take 2–3 seconds on the way back.
Return on the same path you pressed or pulled.

---

❌ Common mistakes
❌ Pressing with an over-arched low back
If position breaks, cut the load.
❌ Shrugging the shoulders into the ears
Keep the shoulders away from the ears and restart.
❌ Bouncing the weight up
Slow the tempo and repeat one clean path.

---

💡 MACHINE FIT PRO TIP
🔥 No dedicated Hammer Strength SKU for this slot. Trust the pads/levers/safeties on the unit labeled like ""Front Raise"", rehearse five light reps, then start working sets.

---

🎯 MACHINE FIT CHECK
🟢 Seat/pad → fitted
🟢 Elbows → press/raise direction
🟢 Shoulders → not shrugged
🟢 Return → 2–3 sec control

### 🔥 Remember this

""Raise only to shoulder height and focus on the front delts. One-second peak, controlled return."""
BODYSTONE,업라이트 로우,Upright Row,,BRAND_MODEL_NOT_FOUND,Bodystone,,https://bodystone.co.kr/category/%EC%9B%A8%EC%9D%B4%ED%8A%B8%EB%A8%B8%EC%8B%A0/382/,바디스톤 공개 카탈로그에 Upright Row 전용 머신이 확인되지 않습니다,"손잡이, 중량, 시작 높이","🏋️ BODYSTONE — 업라이트 로우

🎯 ONE KEY CUE
🔥 ""팔꿈치를 손보다 높게 유지하며 쇄골 높이까지 당기기""

바디스톤 전용 모델이 없는 카테고리입니다. 헬스장에 있는 실제 기구의 패드·레버·안전장치를 먼저 확인한 뒤, 아래 패턴으로 움직이세요.

---

⚙️ ① 기구 세팅
🤲 그립 / 손 위치
손잡이를 편안한 너비로 잡으세요. 손목이 꺾이지 않게 합니다.
⚙️ 조절 포인트
손잡이, 중량, 시작 높이를 확인하세요.

---

💪 ② 시작 자세
갈비뼈를 내리고 허리를 과하게 아치하지 않습니다. 팔꿈치를 시작 궤적에 올립니다.
이 자세에서 이것만 확인하세요.
👉 허리가 과하게 꺾이지 않는지

---

🔥 ③ 운동 방법
손잡이를 수직으로 당겼다 천천히 내리기.
반동으로 올리지 마세요. 팔꿈치가 궤적을 주도하게 둡니다.

---

💥 ④ 최고 수축
목표 근육이 가장 조여지는 끝 지점에서 멈춥니다.
⏱️ 1초 STOP
튕기지 말고 그 지점에서 1초만 소유하세요. 무게를 놓는 순간이 아닙니다.

---

🐌 ⑤ 천천히 돌아오기
중량을 그냥 놓지 마세요.
2~3초 동안 통제하면서 복귀합니다.
시작 자세로 돌아갈 때도 같은 궤적을 유지하세요.

---

❌ 흔한 실수
❌ 너무 높게 당겨 어깨 충돌 각도를 만드는
자세가 무너지면 무게를 낮추세요.
❌ 허리를 꺾어 프레스하는 것
자세가 무너지면 무게를 낮추세요.
❌ 어깨를 귀 쪽으로 으쓱하는 것
어깨를 귀에서 멀리 두고 다시 시작하세요.
❌ 반동으로 들어 올리는 것
템포를 늦추고 같은 궤적만 반복하세요.

---

💡 MACHINE FIT PRO TIP
🔥 이 항목은 해머 스트렝스 전용 SKU가 없습니다. ""업라이트 로우""로 분류된 실제 기구의 패드·레버·안전장치만 믿고, 가벼운 무게로 5회 리허설 후 본 세트를 시작하세요.

---

🎯 MACHINE FIT CHECK
🟢 시트/패드 → 몸에 맞춤
🟢 팔꿈치 → 미는/드는 방향
🟢 어깨 → 으쓱하지 않기
🟢 복귀 → 2~3초 통제

### 🔥 이것만 기억하세요

""팔꿈치를 손보다 높게 유지하며 쇄골 높이까지 당기기. 끝에서 1초, 복귀는 통제.""","🏋️ BODYSTONE — Upright Row

🎯 ONE KEY CUE
🔥 ""Keep elbows above the hands and pull to collarbone height""

There is no dedicated Bodystone SKU for this category. Confirm pads, levers, and safeties on the unit in your gym, then follow the movement pattern below.

---

⚙️ ① Setup
🤲 Grip / hands
Take a comfortable grip width and keep the wrists stacked, not bent.
⚙️ Adjustments
Check 손잡이, 중량, 시작 높이.

---

💪 ② Start position
Drop the ribs — do not over-arch. Set the elbows on the press path.
Check only this:
👉 Low back not over-arched

---

🔥 ③ Execution
No bounce. Let the elbows own the path.
Press or raise on the guided path, then lower without dumping the shoulders.

---

💥 ④ Peak contraction
Stop where the target muscle is most shortened.
⏱️ 1-second STOP
Own that position for one second. This is not where you dump the weight.

---

🐌 ⑤ Controlled return
Do not dump the load.
Take 2–3 seconds on the way back.
Return on the same path you pressed or pulled.

---

❌ Common mistakes
❌ Pressing with an over-arched low back
If position breaks, cut the load.
❌ Shrugging the shoulders into the ears
Keep the shoulders away from the ears and restart.
❌ Bouncing the weight up
Slow the tempo and repeat one clean path.

---

💡 MACHINE FIT PRO TIP
🔥 No dedicated Hammer Strength SKU for this slot. Trust the pads/levers/safeties on the unit labeled like ""Upright Row"", rehearse five light reps, then start working sets.

---

🎯 MACHINE FIT CHECK
🟢 Seat/pad → fitted
🟢 Elbows → press/raise direction
🟢 Shoulders → not shrugged
🟢 Return → 2–3 sec control

### 🔥 Remember this

""Keep elbows above the hands and pull to collarbone height. One-second peak, controlled return."""
BODYSTONE,로테이터 머신,Rotator Machine,,BRAND_MODEL_NOT_FOUND,Bodystone,,https://bodystone.co.kr/category/%EC%9B%A8%EC%9D%B4%ED%8A%B8%EB%A8%B8%EC%8B%A0/382/,바디스톤 공개 카탈로그에 Rotator / 회전근개 전용 머신이 확인되지 않습니다,"팔꿈치 패드, 가동 범위 제한, 중량","🏋️ BODYSTONE — 로테이터 머신

🎯 ONE KEY CUE
🔥 ""팔꿈치를 옆에 붙인 채 작은 각도로만 회전""

바디스톤 전용 모델이 없는 카테고리입니다. 헬스장에 있는 실제 기구의 패드·레버·안전장치를 먼저 확인한 뒤, 아래 패턴으로 움직이세요.

---

⚙️ ① 기구 세팅
🪑 좌석 / 패드
시트를 몸에 맞추세요. 시작 위치가 목표 관절 높이에 오는지 확인합니다.
🤲 그립 / 손 위치
손잡이를 편안한 너비로 잡으세요. 손목이 꺾이지 않게 합니다.
⚙️ 조절 포인트
팔꿈치 패드, 가동 범위 제한, 중량을 확인하세요.

---

💪 ② 시작 자세
갈비뼈를 내리고 허리를 과하게 아치하지 않습니다. 팔꿈치를 시작 궤적에 올립니다.
이 자세에서 이것만 확인하세요.
👉 허리가 과하게 꺾이지 않는지

---

🔥 ③ 운동 방법
외회전·내회전을 짧게 왕복.
반동으로 올리지 마세요. 팔꿈치가 궤적을 주도하게 둡니다.

---

💥 ④ 최고 수축
목표 근육이 가장 조여지는 끝 지점에서 멈춥니다.
⏱️ 1초 STOP
튕기지 말고 그 지점에서 1초만 소유하세요. 무게를 놓는 순간이 아닙니다.

---

🐌 ⑤ 천천히 돌아오기
중량을 그냥 놓지 마세요.
2~3초 동안 통제하면서 복귀합니다.
시작 자세로 돌아갈 때도 같은 궤적을 유지하세요.

---

❌ 흔한 실수
❌ 큰 무게로 빠른 스윙을 만드는
자세가 무너지면 무게를 낮추세요.
❌ 허리를 꺾어 프레스하는 것
자세가 무너지면 무게를 낮추세요.
❌ 어깨를 귀 쪽으로 으쓱하는 것
어깨를 귀에서 멀리 두고 다시 시작하세요.
❌ 반동으로 들어 올리는 것
템포를 늦추고 같은 궤적만 반복하세요.

---

💡 MACHINE FIT PRO TIP
🔥 이 항목은 해머 스트렝스 전용 SKU가 없습니다. ""로테이터 머신""로 분류된 실제 기구의 패드·레버·안전장치만 믿고, 가벼운 무게로 5회 리허설 후 본 세트를 시작하세요.

---

🎯 MACHINE FIT CHECK
🟢 시트/패드 → 몸에 맞춤
🟢 팔꿈치 → 미는/드는 방향
🟢 어깨 → 으쓱하지 않기
🟢 복귀 → 2~3초 통제

### 🔥 이것만 기억하세요

""팔꿈치를 옆에 붙인 채 작은 각도로만 회전. 끝에서 1초, 복귀는 통제.""","🏋️ BODYSTONE — Rotator Machine

🎯 ONE KEY CUE
🔥 ""Keep the elbow by the side and rotate only through a small arc""

There is no dedicated Bodystone SKU for this category. Confirm pads, levers, and safeties on the unit in your gym, then follow the movement pattern below.

---

⚙️ ① Setup
🪑 Seat / pads
Fit the seat to your body so the start position sits naturally on the working joint.
🤲 Grip / hands
Take a comfortable grip width and keep the wrists stacked, not bent.
⚙️ Adjustments
Check 팔꿈치 패드, 가동 범위 제한, 중량.

---

💪 ② Start position
Drop the ribs — do not over-arch. Set the elbows on the press path.
Check only this:
👉 Low back not over-arched

---

🔥 ③ Execution
No bounce. Let the elbows own the path.
Press or raise on the guided path, then lower without dumping the shoulders.

---

💥 ④ Peak contraction
Stop where the target muscle is most shortened.
⏱️ 1-second STOP
Own that position for one second. This is not where you dump the weight.

---

🐌 ⑤ Controlled return
Do not dump the load.
Take 2–3 seconds on the way back.
Return on the same path you pressed or pulled.

---

❌ Common mistakes
❌ Pressing with an over-arched low back
If position breaks, cut the load.
❌ Shrugging the shoulders into the ears
Keep the shoulders away from the ears and restart.
❌ Bouncing the weight up
Slow the tempo and repeat one clean path.

---

💡 MACHINE FIT PRO TIP
🔥 No dedicated Hammer Strength SKU for this slot. Trust the pads/levers/safeties on the unit labeled like ""Rotator Machine"", rehearse five light reps, then start working sets.

---

🎯 MACHINE FIT CHECK
🟢 Seat/pad → fitted
🟢 Elbows → press/raise direction
🟢 Shoulders → not shrugged
🟢 Return → 2–3 sec control

### 🔥 Remember this

""Keep the elbow by the side and rotate only through a small arc. One-second peak, controlled return."""
BODYSTONE,숄더 프레스 / 레터럴 복합 머신,Shoulder Press / Lateral Combo,,BRAND_MODEL_NOT_FOUND,Bodystone,,https://bodystone.co.kr/category/%EC%9B%A8%EC%9D%B4%ED%8A%B8%EB%A8%B8%EC%8B%A0/382/,바디스톤 공개 라인에 숄더 프레스·레터럴 복합 전용 SKU가 확인되지 않습니다,"시트, 모드 전환, 중량","🏋️ BODYSTONE — 숄더 프레스 / 레터럴 복합 머신

🎯 ONE KEY CUE
🔥 ""선택한 모드의 궤적에 맞춰 어깨만으로 움직이기""

바디스톤 전용 모델이 없는 카테고리입니다. 헬스장에 있는 실제 기구의 패드·레버·안전장치를 먼저 확인한 뒤, 아래 패턴으로 움직이세요.

---

⚙️ ① 기구 세팅
🪑 좌석 / 패드
시트를 몸에 맞추세요. 시작 위치가 어깨·관절에 자연스럽게 오는지 확인합니다.
🤲 그립 / 손 위치
손잡이를 편안한 너비로 잡으세요. 손목이 꺾이지 않게 합니다.
⚙️ 조절 포인트
시트, 모드 전환, 중량을 확인하세요.

---

💪 ② 시작 자세
갈비뼈를 내리고 허리를 과하게 아치하지 않습니다. 팔꿈치를 시작 궤적에 올립니다.
이 자세에서 이것만 확인하세요.
👉 허리가 과하게 꺾이지 않는지

---

🔥 ③ 운동 방법
프레스 또는 레터럴 궤적으로 들었다 복귀.
반동으로 올리지 마세요. 팔꿈치가 궤적을 주도하게 둡니다.

---

💥 ④ 최고 수축
목표 근육이 가장 조여지는 끝 지점에서 멈춥니다.
⏱️ 1초 STOP
튕기지 말고 그 지점에서 1초만 소유하세요. 무게를 놓는 순간이 아닙니다.

---

🐌 ⑤ 천천히 돌아오기
중량을 그냥 놓지 마세요.
2~3초 동안 통제하면서 복귀합니다.
시작 자세로 돌아갈 때도 같은 궤적을 유지하세요.

---

❌ 흔한 실수
❌ 모드를 혼동해 잘못된 궤적으로 가압하는
자세가 무너지면 무게를 낮추세요.
❌ 허리를 꺾어 프레스하는 것
자세가 무너지면 무게를 낮추세요.
❌ 어깨를 귀 쪽으로 으쓱하는 것
어깨를 귀에서 멀리 두고 다시 시작하세요.
❌ 반동으로 들어 올리는 것
템포를 늦추고 같은 궤적만 반복하세요.

---

💡 MACHINE FIT PRO TIP
🔥 이 항목은 해머 스트렝스 전용 SKU가 없습니다. ""숄더 프레스 / 레터럴 복합 머신""로 분류된 실제 기구의 패드·레버·안전장치만 믿고, 가벼운 무게로 5회 리허설 후 본 세트를 시작하세요.

---

🎯 MACHINE FIT CHECK
🟢 시트/패드 → 몸에 맞춤
🟢 팔꿈치 → 미는/드는 방향
🟢 어깨 → 으쓱하지 않기
🟢 복귀 → 2~3초 통제

### 🔥 이것만 기억하세요

""선택한 모드의 궤적에 맞춰 어깨만으로 움직이기. 끝에서 1초, 복귀는 통제.""","🏋️ BODYSTONE — Shoulder Press / Lateral Combo

🎯 ONE KEY CUE
🔥 ""Move with the shoulders only along the selected mode path""

There is no dedicated Bodystone SKU for this category. Confirm pads, levers, and safeties on the unit in your gym, then follow the movement pattern below.

---

⚙️ ① Setup
🪑 Seat / pads
Fit the seat to your body so the start position sits naturally on the working joint.
🤲 Grip / hands
Take a comfortable grip width and keep the wrists stacked, not bent.
⚙️ Adjustments
Check 시트, 모드 전환, 중량.

---

💪 ② Start position
Drop the ribs — do not over-arch. Set the elbows on the press path.
Check only this:
👉 Low back not over-arched

---

🔥 ③ Execution
No bounce. Let the elbows own the path.
Press or raise on the guided path, then lower without dumping the shoulders.

---

💥 ④ Peak contraction
Stop where the target muscle is most shortened.
⏱️ 1-second STOP
Own that position for one second. This is not where you dump the weight.

---

🐌 ⑤ Controlled return
Do not dump the load.
Take 2–3 seconds on the way back.
Return on the same path you pressed or pulled.

---

❌ Common mistakes
❌ Pressing with an over-arched low back
If position breaks, cut the load.
❌ Shrugging the shoulders into the ears
Keep the shoulders away from the ears and restart.
❌ Bouncing the weight up
Slow the tempo and repeat one clean path.

---

💡 MACHINE FIT PRO TIP
🔥 No dedicated Hammer Strength SKU for this slot. Trust the pads/levers/safeties on the unit labeled like ""Shoulder Press / Lateral Combo"", rehearse five light reps, then start working sets.

---

🎯 MACHINE FIT CHECK
🟢 Seat/pad → fitted
🟢 Elbows → press/raise direction
🟢 Shoulders → not shrugged
🟢 Return → 2–3 sec control

### 🔥 Remember this

""Move with the shoulders only along the selected mode path. One-second peak, controlled return."""
BODYSTONE,레그 프레스,Leg Press,SW-01 Power Leg Press / NKRS-015 Leg Press,VERIFIED,Bodystone,SW Club,https://bodystone.co.kr/product/detail.html?product_no=3291,바디스톤 SW-01 파워 레그프레스·Kairos NKRS-015 레그프레스입니다,"등판/시트 각도, 풋 플랫폼 위치, 안전 스토퍼, 중량","🏋️ BODYSTONE — SW-01 Power Leg Press / NKRS-015 Leg Press · SW Club

🎯 ONE KEY CUE
🔥 ""발바닥 전체를 붙이고 무릎이 발끝 방향으로 접히게 밀기""

바디스톤 SW-01 파워 레그프레스·Kairos NKRS-015 레그프레스. SW Club 구조입니다. 처음부터 무게 올리지 말고, 세팅부터 잡으세요.

---

⚙️ ① 기구 세팅
🪑 좌석 / 패드
시트 각도부터 맞추세요. 밀었을 때 골반이 말리거나 허리가 뜨지 않는 깊이가 시작점입니다.
🦶 발 위치
발판 중앙에 발을 두고, 무릎이 발끝 방향으로 가게 맞추세요. 너무 높거나 낮으면 골반이 먼저 뜹니다.
⚙️ 조절 포인트
등판/시트 각도, 풋 플랫폼 위치, 안전 스토퍼, 중량을 확인하세요.

---

💪 ② 시작 자세
골반을 시트/패드에 붙이고 발 전체로 발판을 느낍니다. 무릎·발끝 방향을 맞춥니다.
이 자세에서 이것만 확인하세요.
👉 골반이 말리지 않는 깊이인지

---

🔥 ③ 운동 방법
풋 플랫폼을 밀었다 통제하며 굽혀 복귀.
발판을 “발로 차듯” 밀지 말고, 발 전체로 멀리 보낸다는 느낌으로 밀어요. 무릎은 발끝 방향을 따라갑니다.

---

💥 ④ 최고 수축
무릎을 완전히 잠그기 직전, 허벅지·둔근이 일을 받는 지점에서 멈춥니다.
⏱️ 1초 STOP
튕기지 말고 그 지점에서 1초만 소유하세요. 무게를 놓는 순간이 아닙니다.

---

🐌 ⑤ 천천히 돌아오기
중량을 그냥 놓지 마세요.
2~3초 동안 통제하면서 복귀합니다.
내려올 때 골반이 말리는 깊이 직전에서 방향을 바꾸세요.

---

❌ 흔한 실수
❌ 무릎을 안쪽으로 모으며 반동으로 잠그는
템포를 늦추고 같은 궤적만 반복하세요.
❌ 무릎이 안쪽으로 무너지는 것
발끝 방향으로 무릎을 보내세요. 안쪽으로 모이면 바로 중량을 낮춥니다.
❌ 하부 범위에서 요추가 뜨거나 골반이 말리는 것
깊이보다 골반 고정이 먼저입니다. 허리가 뜨면 범위를 줄이세요.
❌ 무릎을 강하게 잠그며 튕기는 것
자세가 무너지면 깊이·무게를 줄이세요.

---

💡 MACHINE FIT PRO TIP
🔥 SW-01 Power Leg Press / NKRS-015 Leg Press의 가이드 궤적을 이용하세요. 첫 2세트는 천천히, 대칭이 확인된 뒤에만 무게를 올립니다.

---

🎯 MACHINE FIT CHECK
🟢 시트/패드 → 골반 고정
🟢 발 → 발판 중앙·방향 정렬
🟢 무릎 → 발끝 방향
🟢 복귀 → 2~3초 통제

### 🔥 이것만 기억하세요

""발 전체로 밀고, 골반은 끝까지 안정적으로.""","🏋️ BODYSTONE — SW-01 Power Leg Press / NKRS-015 Leg Press · SW Club

🎯 ONE KEY CUE
🔥 ""Keep full foot contact and press so knees track over the toes""

바디스톤 SW-01 파워 레그프레스·Kairos NKRS-015 레그프레스입니다 Lean into the SW Club design. Do not chase load until the setup feels locked in.

---

⚙️ ① Setup
🪑 Seat / pads
Set the seat/back pad first. Your start depth is where the pelvis stays planted and the low back does not peel up.
🦶 Feet
Center the feet. If placement is too high or low, the pelvis lifts first.
⚙️ Adjustments
Check 등판/시트 각도, 풋 플랫폼 위치, 안전 스토퍼, 중량.

---

💪 ② Start position
Plant the pelvis and feel the whole foot on the platform. Align knees with toes.
Check only this:
👉 Pelvis not curling under

---

🔥 ③ Execution
Do not kick the platform. Drive it away through the whole foot and let the knees track the toes.
Bend, press through the mid-foot, and return without bouncing the knees.

---

💥 ④ Peak contraction
Stop just short of hard lockout where quads/glutes still own the load.
⏱️ 1-second STOP
Own that position for one second. This is not where you dump the weight.

---

🐌 ⑤ Controlled return
Do not dump the load.
Take 2–3 seconds on the way back.
Reverse before the pelvis curls under.

---

❌ Common mistakes
❌ Knees collapsing inward
Drive knees with the toes. Reduce load immediately if they cave.
❌ Pelvis curling / low back peeling at the bottom
Own pelvis position before depth.
❌ Snapping into a hard knee lockout
If position breaks, cut the load.

---

💡 MACHINE FIT PRO TIP
🔥 Use the guided path on SW-01 Power Leg Press / NKRS-015 Leg Press. Slow the first two sets, confirm symmetry, then add load.

---

🎯 MACHINE FIT CHECK
🟢 Seat/pad → pelvis planted
🟢 Feet → centered and aligned
🟢 Knees → track toes
🟢 Return → 2–3 sec control

### 🔥 Remember this

""Whole-foot drive, pelvis stays honest."""
BODYSTONE,45도 레그 프레스,45° Leg Press,SW-01 Power Leg Press,PARTIALLY_VERIFIED,Bodystone,SW Club,https://bodystone.co.kr/product/detail.html?product_no=3291,45도 전용 표기보다 SW-01 파워 레그프레스의 경사 레그프레스 구조가 해당합니다,"등판, 풋 플랫폼, 안전 스토퍼, 중량","🏋️ BODYSTONE — SW-01 Power Leg Press · SW Club

🎯 ONE KEY CUE
🔥 ""허리·엉덩이를 패드에 붙인 채 경사 궤적으로 밀기""

45도 전용 표기보다 SW-01 파워 레그프레스의 경사 레그프레스 구조가 해당합니다. SW Club 구조입니다. 처음부터 무게 올리지 말고, 세팅부터 잡으세요.

---

⚙️ ① 기구 세팅
🦶 발 위치
발판 중앙에 발을 두고, 무릎이 발끝 방향으로 가게 맞추세요. 너무 높거나 낮으면 골반이 먼저 뜹니다.
⚙️ 조절 포인트
등판, 풋 플랫폼, 안전 스토퍼, 중량을 확인하세요.
이 카테고리는 공식 명칭이 겹칠 수 있으니, 헬스장 기구의 실제 레버·패드 배치를 우선하세요.

---

💪 ② 시작 자세
골반을 시트/패드에 붙이고 발 전체로 발판을 느낍니다. 무릎·발끝 방향을 맞춥니다.
이 자세에서 이것만 확인하세요.
👉 골반이 말리지 않는 깊이인지

---

🔥 ③ 운동 방법
경사 플랫폼을 밀었다 천천히 복귀.
발판을 “발로 차듯” 밀지 말고, 발 전체로 멀리 보낸다는 느낌으로 밀어요. 무릎은 발끝 방향을 따라갑니다.

---

💥 ④ 최고 수축
무릎을 완전히 잠그기 직전, 허벅지·둔근이 일을 받는 지점에서 멈춥니다.
⏱️ 1초 STOP
튕기지 말고 그 지점에서 1초만 소유하세요. 무게를 놓는 순간이 아닙니다.

---

🐌 ⑤ 천천히 돌아오기
중량을 그냥 놓지 마세요.
2~3초 동안 통제하면서 복귀합니다.
내려올 때 골반이 말리는 깊이 직전에서 방향을 바꾸세요.

---

❌ 흔한 실수
❌ 엉덩이가 뜨며 요추가 둥글어지는
깊이보다 골반 고정이 먼저입니다. 허리가 뜨면 범위를 줄이세요.
❌ 무릎이 안쪽으로 무너지는 것
발끝 방향으로 무릎을 보내세요. 안쪽으로 모이면 바로 중량을 낮춥니다.
❌ 하부 범위에서 요추가 뜨거나 골반이 말리는 것
깊이보다 골반 고정이 먼저입니다. 허리가 뜨면 범위를 줄이세요.
❌ 무릎을 강하게 잠그며 튕기는 것
자세가 무너지면 깊이·무게를 줄이세요.

---

💡 MACHINE FIT PRO TIP
🔥 SW-01 Power Leg Press의 가이드 궤적을 이용하세요. 첫 2세트는 천천히, 대칭이 확인된 뒤에만 무게를 올립니다.

---

🎯 MACHINE FIT CHECK
🟢 시트/패드 → 골반 고정
🟢 발 → 발판 중앙·방향 정렬
🟢 무릎 → 발끝 방향
🟢 복귀 → 2~3초 통제

### 🔥 이것만 기억하세요

""발 전체로 밀고, 골반은 끝까지 안정적으로.""","🏋️ BODYSTONE — SW-01 Power Leg Press · SW Club

🎯 ONE KEY CUE
🔥 ""Keep hips and low back on the pad and press on the incline path""

45도 전용 표기보다 SW-01 파워 레그프레스의 경사 레그프레스 구조가 해당합니다 Lean into the SW Club design. Do not chase load until the setup feels locked in.

---

⚙️ ① Setup
🦶 Feet
Center the feet. If placement is too high or low, the pelvis lifts first.
⚙️ Adjustments
Check 등판, 풋 플랫폼, 안전 스토퍼, 중량.
Naming can overlap in this category — trust the levers and pads on the unit in front of you.

---

💪 ② Start position
Plant the pelvis and feel the whole foot on the platform. Align knees with toes.
Check only this:
👉 Pelvis not curling under

---

🔥 ③ Execution
Do not kick the platform. Drive it away through the whole foot and let the knees track the toes.
Bend, press through the mid-foot, and return without bouncing the knees.

---

💥 ④ Peak contraction
Stop just short of hard lockout where quads/glutes still own the load.
⏱️ 1-second STOP
Own that position for one second. This is not where you dump the weight.

---

🐌 ⑤ Controlled return
Do not dump the load.
Take 2–3 seconds on the way back.
Reverse before the pelvis curls under.

---

❌ Common mistakes
❌ Knees collapsing inward
Drive knees with the toes. Reduce load immediately if they cave.
❌ Pelvis curling / low back peeling at the bottom
Own pelvis position before depth.
❌ Snapping into a hard knee lockout
If position breaks, cut the load.

---

💡 MACHINE FIT PRO TIP
🔥 Use the guided path on SW-01 Power Leg Press. Slow the first two sets, confirm symmetry, then add load.

---

🎯 MACHINE FIT CHECK
🟢 Seat/pad → pelvis planted
🟢 Feet → centered and aligned
🟢 Knees → track toes
🟢 Return → 2–3 sec control

### 🔥 Remember this

""Whole-foot drive, pelvis stays honest."""
BODYSTONE,수평 레그 프레스,Horizontal Leg Press,SW-07 Seated Leg Press,PARTIALLY_VERIFIED,Bodystone,SW Club,https://bodystone.co.kr/product/detail.html?product_no=3292,수평 전용명보다 SW-07 시티드 레그프레스의 좌식 수평에 가까운 궤적이 해당합니다,"시트, 풋 플랫폼, 중량 스택","🏋️ BODYSTONE — SW-07 Seated Leg Press · SW Club

🎯 ONE KEY CUE
🔥 ""등을 붙이고 무릎을 발끝 정렬로 밀어내기""

수평 전용명보다 SW-07 시티드 레그프레스의 좌식 수평에 가까운 궤적이 해당합니다. SW Club 구조입니다. 처음부터 무게 올리지 말고, 세팅부터 잡으세요.

---

⚙️ ① 기구 세팅
🪑 좌석 / 패드
시트부터 맞추세요. 밀었을 때 골반이 말리거나 허리가 뜨지 않는 깊이가 시작점입니다.
🦶 발 위치
수평 궤적에 맞춰 발판 중앙에 발을 안정적으로 두세요. 무릎·발끝 방향을 맞춥니다.
⚙️ 조절 포인트
시트, 풋 플랫폼, 중량 스택을 확인하세요.
이 카테고리는 공식 명칭이 겹칠 수 있으니, 헬스장 기구의 실제 레버·패드 배치를 우선하세요.

---

💪 ② 시작 자세
골반을 시트/패드에 붙이고 발 전체로 발판을 느낍니다. 무릎·발끝 방향을 맞춥니다.
이 자세에서 이것만 확인하세요.
👉 골반이 말리지 않는 깊이인지

---

🔥 ③ 운동 방법
풋 플랫폼을 앞으로 밀었다 복귀.
발판을 “발로 차듯” 밀지 말고, 발 전체로 멀리 보낸다는 느낌으로 밀어요. 무릎은 발끝 방향을 따라갑니다.

---

💥 ④ 최고 수축
무릎을 완전히 잠그기 직전, 허벅지·둔근이 일을 받는 지점에서 멈춥니다.
⏱️ 1초 STOP
튕기지 말고 그 지점에서 1초만 소유하세요. 무게를 놓는 순간이 아닙니다.

---

🐌 ⑤ 천천히 돌아오기
중량을 그냥 놓지 마세요.
2~3초 동안 통제하면서 복귀합니다.
내려올 때 골반이 말리는 깊이 직전에서 방향을 바꾸세요.

---

❌ 흔한 실수
❌ 너무 깊게 굽혀 골반이 후방경사되는
자세가 무너지면 깊이·무게를 줄이세요.
❌ 무릎이 안쪽으로 무너지는 것
발끝 방향으로 무릎을 보내세요. 안쪽으로 모이면 바로 중량을 낮춥니다.
❌ 하부 범위에서 요추가 뜨거나 골반이 말리는 것
깊이보다 골반 고정이 먼저입니다. 허리가 뜨면 범위를 줄이세요.
❌ 무릎을 강하게 잠그며 튕기는 것
자세가 무너지면 깊이·무게를 줄이세요.

---

💡 MACHINE FIT PRO TIP
🔥 수평(리니어) 궤적은 45° 레그 프레스와 골반 느낌이 다릅니다. 시트에 골반을 붙인 채 수평으로 민다는 감각을 먼저 만드세요.

---

🎯 MACHINE FIT CHECK
🟢 시트/패드 → 골반 고정
🟢 발 → 발판 중앙·방향 정렬
🟢 무릎 → 발끝 방향
🟢 복귀 → 2~3초 통제

### 🔥 이것만 기억하세요

""골반은 시트에, 발 전체로 수평으로 밀고, 복귀는 2~3초.""","🏋️ BODYSTONE — SW-07 Seated Leg Press · SW Club

🎯 ONE KEY CUE
🔥 ""Keep the back set and press with knees tracking over the toes""

수평 전용명보다 SW-07 시티드 레그프레스의 좌식 수평에 가까운 궤적이 해당합니다 Lean into the SW Club design. Do not chase load until the setup feels locked in.

---

⚙️ ① Setup
🪑 Seat / pads
Set the seat/back pad first. Your start depth is where the pelvis stays planted and the low back does not peel up.
🦶 Feet
Center the feet on the horizontal path and keep knees tracking with toes.
⚙️ Adjustments
Check 시트, 풋 플랫폼, 중량 스택.
Naming can overlap in this category — trust the levers and pads on the unit in front of you.

---

💪 ② Start position
Plant the pelvis and feel the whole foot on the platform. Align knees with toes.
Check only this:
👉 Pelvis not curling under

---

🔥 ③ Execution
Do not kick the platform. Drive it away through the whole foot and let the knees track the toes.
Bend, press through the mid-foot, and return without bouncing the knees.

---

💥 ④ Peak contraction
Stop just short of hard lockout where quads/glutes still own the load.
⏱️ 1-second STOP
Own that position for one second. This is not where you dump the weight.

---

🐌 ⑤ Controlled return
Do not dump the load.
Take 2–3 seconds on the way back.
Reverse before the pelvis curls under.

---

❌ Common mistakes
❌ Knees collapsing inward
Drive knees with the toes. Reduce load immediately if they cave.
❌ Pelvis curling / low back peeling at the bottom
Own pelvis position before depth.
❌ Snapping into a hard knee lockout
If position breaks, cut the load.

---

💡 MACHINE FIT PRO TIP
🔥 Linear/horizontal paths feel different from a 45° sled. Keep the pelvis glued and press on the horizontal line.

---

🎯 MACHINE FIT CHECK
🟢 Seat/pad → pelvis planted
🟢 Feet → centered and aligned
🟢 Knees → track toes
🟢 Return → 2–3 sec control

### 🔥 Remember this

""Pelvis glued, whole-foot horizontal drive, 2–3 sec return."""
BODYSTONE,핵 스쿼트,Hack Squat,SW-02 Hack Squat,VERIFIED,Bodystone,SW Club,https://bodystone.co.kr/product/detail.html?product_no=3293,바디스톤 SW-02 핵스쿼트 클럽용 머신입니다,"어깨 패드, 풋 플랫폼 위치, 안전 스토퍼, 중량","🏋️ BODYSTONE — SW-02 Hack Squat · SW Club

🎯 ONE KEY CUE
🔥 ""등을 sled에 붙이고 무릎이 발끝 방향으로 앉듯 내려가기""

바디스톤 SW-02 핵스쿼트 클럽용 머신. SW Club 구조입니다. 처음부터 무게 올리지 말고, 세팅부터 잡으세요.

---

⚙️ ① 기구 세팅
🪑 좌석 / 패드
시트·백패드를 먼저 맞추세요. 밀었을 때 골반이 말리거나 허리가 뜨지 않는 깊이가 시작점입니다.
🦶 발 위치
발판 중앙에 발을 두고, 무릎이 발끝 방향으로 가게 맞추세요. 너무 높거나 낮으면 골반이 먼저 뜹니다.
⚙️ 조절 포인트
어깨 패드, 풋 플랫폼 위치, 안전 스토퍼, 중량을 확인하세요.

---

💪 ② 시작 자세
골반을 시트/패드에 붙이고 발 전체로 발판을 느낍니다. 무릎·발끝 방향을 맞춥니다.
이 자세에서 이것만 확인하세요.
👉 골반이 말리지 않는 깊이인지

---

🔥 ③ 운동 방법
sled를 내려 앉았다가 밀어 올리기.
발판을 “발로 차듯” 밀지 말고, 발 전체로 멀리 보낸다는 느낌으로 밀어요. 무릎은 발끝 방향을 따라갑니다.

---

💥 ④ 최고 수축
무릎을 완전히 잠그기 직전, 허벅지·둔근이 일을 받는 지점에서 멈춥니다.
⏱️ 1초 STOP
튕기지 말고 그 지점에서 1초만 소유하세요. 무게를 놓는 순간이 아닙니다.

---

🐌 ⑤ 천천히 돌아오기
중량을 그냥 놓지 마세요.
2~3초 동안 통제하면서 복귀합니다.
내려올 때 골반이 말리는 깊이 직전에서 방향을 바꾸세요.

---

❌ 흔한 실수
❌ 발을 너무 앞에 두고 무릎만 과도하게 전방 이동시키는
자세가 무너지면 깊이·무게를 줄이세요.
❌ 무릎이 안쪽으로 무너지는 것
발끝 방향으로 무릎을 보내세요. 안쪽으로 모이면 바로 중량을 낮춥니다.
❌ 하부 범위에서 요추가 뜨거나 골반이 말리는 것
깊이보다 골반 고정이 먼저입니다. 허리가 뜨면 범위를 줄이세요.
❌ 무릎을 강하게 잠그며 튕기는 것
자세가 무너지면 깊이·무게를 줄이세요.

---

💡 MACHINE FIT PRO TIP
🔥 SW-02 Hack Squat의 가이드 궤적을 이용하세요. 첫 2세트는 천천히, 대칭이 확인된 뒤에만 무게를 올립니다.

---

🎯 MACHINE FIT CHECK
🟢 시트/패드 → 골반 고정
🟢 발 → 발판 중앙·방향 정렬
🟢 무릎 → 발끝 방향
🟢 복귀 → 2~3초 통제

### 🔥 이것만 기억하세요

""발 전체로 밀고, 골반은 끝까지 안정적으로.""","🏋️ BODYSTONE — SW-02 Hack Squat · SW Club

🎯 ONE KEY CUE
🔥 ""Keep the back on the sled and sit so knees track over the toes""

바디스톤 SW-02 핵스쿼트 클럽용 머신입니다 Lean into the SW Club design. Do not chase load until the setup feels locked in.

---

⚙️ ① Setup
🪑 Seat / pads
Set the seat/back pad first. Your start depth is where the pelvis stays planted and the low back does not peel up.
🦶 Feet
Center the feet. If placement is too high or low, the pelvis lifts first.
⚙️ Adjustments
Check 어깨 패드, 풋 플랫폼 위치, 안전 스토퍼, 중량.

---

💪 ② Start position
Plant the pelvis and feel the whole foot on the platform. Align knees with toes.
Check only this:
👉 Pelvis not curling under

---

🔥 ③ Execution
Do not kick the platform. Drive it away through the whole foot and let the knees track the toes.
Bend, press through the mid-foot, and return without bouncing the knees.

---

💥 ④ Peak contraction
Stop just short of hard lockout where quads/glutes still own the load.
⏱️ 1-second STOP
Own that position for one second. This is not where you dump the weight.

---

🐌 ⑤ Controlled return
Do not dump the load.
Take 2–3 seconds on the way back.
Reverse before the pelvis curls under.

---

❌ Common mistakes
❌ Knees collapsing inward
Drive knees with the toes. Reduce load immediately if they cave.
❌ Pelvis curling / low back peeling at the bottom
Own pelvis position before depth.
❌ Snapping into a hard knee lockout
If position breaks, cut the load.

---

💡 MACHINE FIT PRO TIP
🔥 Use the guided path on SW-02 Hack Squat. Slow the first two sets, confirm symmetry, then add load.

---

🎯 MACHINE FIT CHECK
🟢 Seat/pad → pelvis planted
🟢 Feet → centered and aligned
🟢 Knees → track toes
🟢 Return → 2–3 sec control

### 🔥 Remember this

""Whole-foot drive, pelvis stays honest."""
BODYSTONE,스쿼트 프레스,Squat Press,NKRS-018 Leg Squat,PARTIALLY_VERIFIED,Bodystone,Kairos,https://bodystone.co.kr/product/detail.html?product_no=3691,스쿼트 프레스 통칭에 Kairos NKRS-018 레그스쿼트가 가깝습니다,"어깨/등 패드, 풋 플랫폼, 중량","🏋️ BODYSTONE — NKRS-018 Leg Squat · Kairos

🎯 ONE KEY CUE
🔥 ""코어를 잡고 발뒤꿈치로 눌러 일어서듯 밀기""

스쿼트 프레스 통칭에 Kairos NKRS-018 레그스쿼트가 가깝습니다. Kairos 구조입니다. 처음부터 무게 올리지 말고, 세팅부터 잡으세요.

---

⚙️ ① 기구 세팅
🪑 좌석 / 패드
시트·백패드를 먼저 맞추세요. 밀었을 때 골반이 말리거나 허리가 뜨지 않는 깊이가 시작점입니다.
🦶 발 위치
발판 중앙에 발을 두고, 무릎이 발끝 방향으로 가게 맞추세요. 너무 높거나 낮으면 골반이 먼저 뜹니다.
⚙️ 조절 포인트
어깨/등 패드, 풋 플랫폼, 중량을 확인하세요.
이 카테고리는 공식 명칭이 겹칠 수 있으니, 헬스장 기구의 실제 레버·패드 배치를 우선하세요.

---

💪 ② 시작 자세
골반을 시트/패드에 붙이고 발 전체로 발판을 느낍니다. 무릎·발끝 방향을 맞춥니다.
이 자세에서 이것만 확인하세요.
👉 골반이 말리지 않는 깊이인지

---

🔥 ③ 운동 방법
앉는 궤적으로 내려갔다가 밀어 올리기.
발판을 “발로 차듯” 밀지 말고, 발 전체로 멀리 보낸다는 느낌으로 밀어요. 무릎은 발끝 방향을 따라갑니다.

---

💥 ④ 최고 수축
무릎을 완전히 잠그기 직전, 허벅지·둔근이 일을 받는 지점에서 멈춥니다.
⏱️ 1초 STOP
튕기지 말고 그 지점에서 1초만 소유하세요. 무게를 놓는 순간이 아닙니다.

---

🐌 ⑤ 천천히 돌아오기
중량을 그냥 놓지 마세요.
2~3초 동안 통제하면서 복귀합니다.
내려올 때 골반이 말리는 깊이 직전에서 방향을 바꾸세요.

---

❌ 흔한 실수
❌ 무릎만 펴며 힙 신전을 놓치는
자세가 무너지면 깊이·무게를 줄이세요.
❌ 무릎이 안쪽으로 무너지는 것
발끝 방향으로 무릎을 보내세요. 안쪽으로 모이면 바로 중량을 낮춥니다.
❌ 하부 범위에서 요추가 뜨거나 골반이 말리는 것
깊이보다 골반 고정이 먼저입니다. 허리가 뜨면 범위를 줄이세요.
❌ 무릎을 강하게 잠그며 튕기는 것
자세가 무너지면 깊이·무게를 줄이세요.

---

💡 MACHINE FIT PRO TIP
🔥 NKRS-018 Leg Squat의 가이드 궤적을 이용하세요. 첫 2세트는 천천히, 대칭이 확인된 뒤에만 무게를 올립니다.

---

🎯 MACHINE FIT CHECK
🟢 시트/패드 → 골반 고정
🟢 발 → 발판 중앙·방향 정렬
🟢 무릎 → 발끝 방향
🟢 복귀 → 2~3초 통제

### 🔥 이것만 기억하세요

""발 전체로 밀고, 골반은 끝까지 안정적으로.""","🏋️ BODYSTONE — NKRS-018 Leg Squat · Kairos

🎯 ONE KEY CUE
🔥 ""Brace the core and drive through the heels as if standing up""

스쿼트 프레스 통칭에 Kairos NKRS-018 레그스쿼트가 가깝습니다 Lean into the Kairos design. Do not chase load until the setup feels locked in.

---

⚙️ ① Setup
🪑 Seat / pads
Set the seat/back pad first. Your start depth is where the pelvis stays planted and the low back does not peel up.
🦶 Feet
Center the feet. If placement is too high or low, the pelvis lifts first.
⚙️ Adjustments
Check 어깨/등 패드, 풋 플랫폼, 중량.
Naming can overlap in this category — trust the levers and pads on the unit in front of you.

---

💪 ② Start position
Plant the pelvis and feel the whole foot on the platform. Align knees with toes.
Check only this:
👉 Pelvis not curling under

---

🔥 ③ Execution
Do not kick the platform. Drive it away through the whole foot and let the knees track the toes.
Bend, press through the mid-foot, and return without bouncing the knees.

---

💥 ④ Peak contraction
Stop just short of hard lockout where quads/glutes still own the load.
⏱️ 1-second STOP
Own that position for one second. This is not where you dump the weight.

---

🐌 ⑤ Controlled return
Do not dump the load.
Take 2–3 seconds on the way back.
Reverse before the pelvis curls under.

---

❌ Common mistakes
❌ Knees collapsing inward
Drive knees with the toes. Reduce load immediately if they cave.
❌ Pelvis curling / low back peeling at the bottom
Own pelvis position before depth.
❌ Snapping into a hard knee lockout
If position breaks, cut the load.

---

💡 MACHINE FIT PRO TIP
🔥 Use the guided path on NKRS-018 Leg Squat. Slow the first two sets, confirm symmetry, then add load.

---

🎯 MACHINE FIT CHECK
🟢 Seat/pad → pelvis planted
🟢 Feet → centered and aligned
🟢 Knees → track toes
🟢 Return → 2–3 sec control

### 🔥 Remember this

""Whole-foot drive, pelvis stays honest."""
BODYSTONE,벨트 스쿼트,Belt Squat,,BRAND_MODEL_NOT_FOUND,Bodystone,,https://bodystone.co.kr/category/%EC%9B%A8%EC%9D%B4%ED%8A%B8%EB%A8%B8%EC%8B%A0/382/,바디스톤 공개 카탈로그에 Belt Squat 전용 SKU가 확인되지 않습니다,"벨트 높이, 풋 스탠스, 중량","🏋️ BODYSTONE — 벨트 스쿼트

🎯 ONE KEY CUE
🔥 ""벨트로 하중을 받고 상체는 세운 채 앉았다 일어서기""

바디스톤 전용 모델이 없는 카테고리입니다. 헬스장에 있는 실제 기구의 패드·레버·안전장치를 먼저 확인한 뒤, 아래 패턴으로 움직이세요.

---

⚙️ ① 기구 세팅
🦶 발 위치
발판 중앙에 발을 두고, 무릎이 발끝 방향으로 가게 맞추세요. 너무 높거나 낮으면 골반이 먼저 뜹니다.
⚙️ 조절 포인트
벨트 높이, 풋 스탠스, 중량을 확인하세요.

---

💪 ② 시작 자세
골반을 시트/패드에 붙이고 발 전체로 발판을 느낍니다. 무릎·발끝 방향을 맞춥니다.
이 자세에서 이것만 확인하세요.
👉 골반이 말리지 않는 깊이인지

---

🔥 ③ 운동 방법
벨트를 찬 채 스쿼트 후 일어서기.
발판을 “발로 차듯” 밀지 말고, 발 전체로 멀리 보낸다는 느낌으로 밀어요. 무릎은 발끝 방향을 따라갑니다.

---

💥 ④ 최고 수축
무릎을 완전히 잠그기 직전, 허벅지·둔근이 일을 받는 지점에서 멈춥니다.
⏱️ 1초 STOP
튕기지 말고 그 지점에서 1초만 소유하세요. 무게를 놓는 순간이 아닙니다.

---

🐌 ⑤ 천천히 돌아오기
중량을 그냥 놓지 마세요.
2~3초 동안 통제하면서 복귀합니다.
내려올 때 골반이 말리는 깊이 직전에서 방향을 바꾸세요.

---

❌ 흔한 실수
❌ 상체를 과도하게 숙여 일반 굿모닝처럼 하는
자세가 무너지면 깊이·무게를 줄이세요.
❌ 무릎이 안쪽으로 무너지는 것
발끝 방향으로 무릎을 보내세요. 안쪽으로 모이면 바로 중량을 낮춥니다.
❌ 하부 범위에서 요추가 뜨거나 골반이 말리는 것
깊이보다 골반 고정이 먼저입니다. 허리가 뜨면 범위를 줄이세요.
❌ 무릎을 강하게 잠그며 튕기는 것
자세가 무너지면 깊이·무게를 줄이세요.

---

💡 MACHINE FIT PRO TIP
🔥 이 항목은 해머 스트렝스 전용 SKU가 없습니다. ""벨트 스쿼트""로 분류된 실제 기구의 패드·레버·안전장치만 믿고, 가벼운 무게로 5회 리허설 후 본 세트를 시작하세요.

---

🎯 MACHINE FIT CHECK
🟢 시트/패드 → 골반 고정
🟢 발 → 발판 중앙·방향 정렬
🟢 무릎 → 발끝 방향
🟢 복귀 → 2~3초 통제

### 🔥 이것만 기억하세요

""발 전체로 밀고, 골반은 끝까지 안정적으로.""","🏋️ BODYSTONE — Belt Squat

🎯 ONE KEY CUE
🔥 ""Load through the belt and squat with a tall torso""

There is no dedicated Bodystone SKU for this category. Confirm pads, levers, and safeties on the unit in your gym, then follow the movement pattern below.

---

⚙️ ① Setup
🦶 Feet
Center the feet. If placement is too high or low, the pelvis lifts first.
⚙️ Adjustments
Check 벨트 높이, 풋 스탠스, 중량.

---

💪 ② Start position
Plant the pelvis and feel the whole foot on the platform. Align knees with toes.
Check only this:
👉 Pelvis not curling under

---

🔥 ③ Execution
Do not kick the platform. Drive it away through the whole foot and let the knees track the toes.
Bend, press through the mid-foot, and return without bouncing the knees.

---

💥 ④ Peak contraction
Stop just short of hard lockout where quads/glutes still own the load.
⏱️ 1-second STOP
Own that position for one second. This is not where you dump the weight.

---

🐌 ⑤ Controlled return
Do not dump the load.
Take 2–3 seconds on the way back.
Reverse before the pelvis curls under.

---

❌ Common mistakes
❌ Knees collapsing inward
Drive knees with the toes. Reduce load immediately if they cave.
❌ Pelvis curling / low back peeling at the bottom
Own pelvis position before depth.
❌ Snapping into a hard knee lockout
If position breaks, cut the load.

---

💡 MACHINE FIT PRO TIP
🔥 No dedicated Hammer Strength SKU for this slot. Trust the pads/levers/safeties on the unit labeled like ""Belt Squat"", rehearse five light reps, then start working sets.

---

🎯 MACHINE FIT CHECK
🟢 Seat/pad → pelvis planted
🟢 Feet → centered and aligned
🟢 Knees → track toes
🟢 Return → 2–3 sec control

### 🔥 Remember this

""Whole-foot drive, pelvis stays honest."""
BODYSTONE,레그 익스텐션,Leg Extension,SW-08 Leg Extension / NKRS-013 Leg Extension,VERIFIED,Bodystone,SW Club,https://bodystone.co.kr/product/detail.html?product_no=3290,바디스톤 SW-08·Kairos NKRS-013 레그익스텐션입니다,"시트 높이, 백패드, 발목 롤러, 중량 스택","🏋️ BODYSTONE — SW-08 Leg Extension / NKRS-013 Leg Extension · SW Club

🎯 ONE KEY CUE
🔥 ""엉덩이를 붙인 채 무릎만 펴 대퇴사두에 집중""

바디스톤 SW-08·Kairos NKRS-013 레그익스텐션. SW Club 구조입니다. 처음부터 무게 올리지 말고, 세팅부터 잡으세요.

---

⚙️ ① 기구 세팅
🪑 좌석 / 패드
시트 높이부터 맞추세요. 밀었을 때 골반이 말리거나 허리가 뜨지 않는 깊이가 시작점입니다.
🦶 발 위치
발판 중앙에 발을 두고, 무릎이 발끝 방향으로 가게 맞추세요. 너무 높거나 낮으면 골반이 먼저 뜹니다.
⚙️ 조절 포인트
시트 높이, 백패드, 발목 롤러, 중량 스택을 확인하세요.

---

💪 ② 시작 자세
골반을 시트/패드에 붙이고 발 전체로 발판을 느낍니다. 무릎·발끝 방향을 맞춥니다.
이 자세에서 이것만 확인하세요.
👉 골반이 말리지 않는 깊이인지

---

🔥 ③ 운동 방법
발목 롤러를 앞으로 펴 올렸다 천천히 내리기.
발판을 “발로 차듯” 밀지 말고, 발 전체로 멀리 보낸다는 느낌으로 밀어요. 무릎은 발끝 방향을 따라갑니다.

---

💥 ④ 최고 수축
무릎을 완전히 잠그기 직전, 허벅지·둔근이 일을 받는 지점에서 멈춥니다.
⏱️ 1초 STOP
튕기지 말고 그 지점에서 1초만 소유하세요. 무게를 놓는 순간이 아닙니다.

---

🐌 ⑤ 천천히 돌아오기
중량을 그냥 놓지 마세요.
2~3초 동안 통제하면서 복귀합니다.
내려올 때 골반이 말리는 깊이 직전에서 방향을 바꾸세요.

---

❌ 흔한 실수
❌ 상체를 뒤로 젖히며 반동으로 차는
템포를 늦추고 같은 궤적만 반복하세요.
❌ 무릎이 안쪽으로 무너지는 것
발끝 방향으로 무릎을 보내세요. 안쪽으로 모이면 바로 중량을 낮춥니다.
❌ 하부 범위에서 요추가 뜨거나 골반이 말리는 것
깊이보다 골반 고정이 먼저입니다. 허리가 뜨면 범위를 줄이세요.
❌ 무릎을 강하게 잠그며 튕기는 것
자세가 무너지면 깊이·무게를 줄이세요.

---

💡 MACHINE FIT PRO TIP
🔥 SW-08 Leg Extension / NKRS-013 Leg Extension의 가이드 궤적을 이용하세요. 첫 2세트는 천천히, 대칭이 확인된 뒤에만 무게를 올립니다.

---

🎯 MACHINE FIT CHECK
🟢 시트/패드 → 골반 고정
🟢 발 → 발판 중앙·방향 정렬
🟢 무릎 → 발끝 방향
🟢 복귀 → 2~3초 통제

### 🔥 이것만 기억하세요

""발 전체로 밀고, 골반은 끝까지 안정적으로.""","🏋️ BODYSTONE — SW-08 Leg Extension / NKRS-013 Leg Extension · SW Club

🎯 ONE KEY CUE
🔥 ""Keep the hips planted and extend only at the knees for the quads""

바디스톤 SW-08·Kairos NKRS-013 레그익스텐션입니다 Lean into the SW Club design. Do not chase load until the setup feels locked in.

---

⚙️ ① Setup
🪑 Seat / pads
Set the seat/back pad first. Your start depth is where the pelvis stays planted and the low back does not peel up.
🦶 Feet
Center the feet. If placement is too high or low, the pelvis lifts first.
⚙️ Adjustments
Check 시트 높이, 백패드, 발목 롤러, 중량 스택.

---

💪 ② Start position
Plant the pelvis and feel the whole foot on the platform. Align knees with toes.
Check only this:
👉 Pelvis not curling under

---

🔥 ③ Execution
Do not kick the platform. Drive it away through the whole foot and let the knees track the toes.
Bend, press through the mid-foot, and return without bouncing the knees.

---

💥 ④ Peak contraction
Stop just short of hard lockout where quads/glutes still own the load.
⏱️ 1-second STOP
Own that position for one second. This is not where you dump the weight.

---

🐌 ⑤ Controlled return
Do not dump the load.
Take 2–3 seconds on the way back.
Reverse before the pelvis curls under.

---

❌ Common mistakes
❌ Knees collapsing inward
Drive knees with the toes. Reduce load immediately if they cave.
❌ Pelvis curling / low back peeling at the bottom
Own pelvis position before depth.
❌ Snapping into a hard knee lockout
If position breaks, cut the load.

---

💡 MACHINE FIT PRO TIP
🔥 Use the guided path on SW-08 Leg Extension / NKRS-013 Leg Extension. Slow the first two sets, confirm symmetry, then add load.

---

🎯 MACHINE FIT CHECK
🟢 Seat/pad → pelvis planted
🟢 Feet → centered and aligned
🟢 Knees → track toes
🟢 Return → 2–3 sec control

### 🔥 Remember this

""Whole-foot drive, pelvis stays honest."""
BODYSTONE,시티드 레그 컬,Seated Leg Curl,SW-09 Leg Curl / NKRS-014 Leg Curl,VERIFIED,Bodystone,SW Club,https://bodystone.co.kr/product/detail.html?product_no=3298,바디스톤 SW-09·Kairos NKRS-014 레그컬(시티드형)입니다,"시트, 허벅지 고정 패드, 발목 롤러, 중량 스택","🏋️ BODYSTONE — SW-09 Leg Curl / NKRS-014 Leg Curl · SW Club

🎯 ONE KEY CUE
🔥 ""허벅지를 고정한 채 발뒤꿈치를 엉덩이 쪽으로 당기기""

바디스톤 SW-09·Kairos NKRS-014 레그컬(시티드형). SW Club 구조입니다. 처음부터 무게 올리지 말고, 세팅부터 잡으세요.

---

⚙️ ① 기구 세팅
🪑 좌석 / 패드
시트부터 맞추세요. 밀었을 때 골반이 말리거나 허리가 뜨지 않는 깊이가 시작점입니다.
🦶 발 위치
발판 중앙에 발을 두고, 무릎이 발끝 방향으로 가게 맞추세요. 너무 높거나 낮으면 골반이 먼저 뜹니다.
⚙️ 조절 포인트
시트, 허벅지 고정 패드, 발목 롤러, 중량 스택을 확인하세요.

---

💪 ② 시작 자세
골반을 시트/패드에 붙이고 발 전체로 발판을 느낍니다. 무릎·발끝 방향을 맞춥니다.
이 자세에서 이것만 확인하세요.
👉 골반이 말리지 않는 깊이인지

---

🔥 ③ 운동 방법
발목 롤러를 아래로 당겼다 천천히 펴 복귀.
발판을 “발로 차듯” 밀지 말고, 발 전체로 멀리 보낸다는 느낌으로 밀어요. 무릎은 발끝 방향을 따라갑니다.

---

💥 ④ 최고 수축
무릎을 완전히 잠그기 직전, 허벅지·둔근이 일을 받는 지점에서 멈춥니다.
⏱️ 1초 STOP
튕기지 말고 그 지점에서 1초만 소유하세요. 무게를 놓는 순간이 아닙니다.

---

🐌 ⑤ 천천히 돌아오기
중량을 그냥 놓지 마세요.
2~3초 동안 통제하면서 복귀합니다.
내려올 때 골반이 말리는 깊이 직전에서 방향을 바꾸세요.

---

❌ 흔한 실수
❌ 엉덩이를 들며 반동으로 당기는
템포를 늦추고 같은 궤적만 반복하세요.
❌ 무릎이 안쪽으로 무너지는 것
발끝 방향으로 무릎을 보내세요. 안쪽으로 모이면 바로 중량을 낮춥니다.
❌ 하부 범위에서 요추가 뜨거나 골반이 말리는 것
깊이보다 골반 고정이 먼저입니다. 허리가 뜨면 범위를 줄이세요.
❌ 무릎을 강하게 잠그며 튕기는 것
자세가 무너지면 깊이·무게를 줄이세요.

---

💡 MACHINE FIT PRO TIP
🔥 SW-09 Leg Curl / NKRS-014 Leg Curl의 가이드 궤적을 이용하세요. 첫 2세트는 천천히, 대칭이 확인된 뒤에만 무게를 올립니다.

---

🎯 MACHINE FIT CHECK
🟢 시트/패드 → 골반 고정
🟢 발 → 발판 중앙·방향 정렬
🟢 무릎 → 발끝 방향
🟢 복귀 → 2~3초 통제

### 🔥 이것만 기억하세요

""발 전체로 밀고, 골반은 끝까지 안정적으로.""","🏋️ BODYSTONE — SW-09 Leg Curl / NKRS-014 Leg Curl · SW Club

🎯 ONE KEY CUE
🔥 ""Lock the thighs down and curl the heels toward the glutes""

바디스톤 SW-09·Kairos NKRS-014 레그컬(시티드형)입니다 Lean into the SW Club design. Do not chase load until the setup feels locked in.

---

⚙️ ① Setup
🪑 Seat / pads
Set the seat/back pad first. Your start depth is where the pelvis stays planted and the low back does not peel up.
🦶 Feet
Center the feet. If placement is too high or low, the pelvis lifts first.
⚙️ Adjustments
Check 시트, 허벅지 고정 패드, 발목 롤러, 중량 스택.

---

💪 ② Start position
Plant the pelvis and feel the whole foot on the platform. Align knees with toes.
Check only this:
👉 Pelvis not curling under

---

🔥 ③ Execution
Do not kick the platform. Drive it away through the whole foot and let the knees track the toes.
Bend, press through the mid-foot, and return without bouncing the knees.

---

💥 ④ Peak contraction
Stop just short of hard lockout where quads/glutes still own the load.
⏱️ 1-second STOP
Own that position for one second. This is not where you dump the weight.

---

🐌 ⑤ Controlled return
Do not dump the load.
Take 2–3 seconds on the way back.
Reverse before the pelvis curls under.

---

❌ Common mistakes
❌ Knees collapsing inward
Drive knees with the toes. Reduce load immediately if they cave.
❌ Pelvis curling / low back peeling at the bottom
Own pelvis position before depth.
❌ Snapping into a hard knee lockout
If position breaks, cut the load.

---

💡 MACHINE FIT PRO TIP
🔥 Use the guided path on SW-09 Leg Curl / NKRS-014 Leg Curl. Slow the first two sets, confirm symmetry, then add load.

---

🎯 MACHINE FIT CHECK
🟢 Seat/pad → pelvis planted
🟢 Feet → centered and aligned
🟢 Knees → track toes
🟢 Return → 2–3 sec control

### 🔥 Remember this

""Whole-foot drive, pelvis stays honest."""
BODYSTONE,라잉 레그 컬,Lying Leg Curl,LEC-200 Leg Extension & Leg Curl,PARTIALLY_VERIFIED,Bodystone,Bench / Accessory,https://bodystone.co.kr/product/detail.html?product_no=3670,라잉 전용 클럽 SKU보다 LEC-200 레그익스텐션&레그컬의 컬 모드가 가깝습니다,"패드 각도, 발목 롤러, 중량","🏋️ BODYSTONE — LEC-200 Leg Extension & Leg Curl · Bench / Accessory

🎯 ONE KEY CUE
🔥 ""골반을 패드에 붙인 채 발뒤꿈치를 엉덩이로 당기기""

라잉 전용 클럽 SKU보다 LEC-200 레그익스텐션&레그컬의 컬 모드가 가깝습니다. Bodystone line 구조입니다. 처음부터 무게 올리지 말고, 세팅부터 잡으세요.

---

⚙️ ① 기구 세팅
🪑 좌석 / 패드
시트·백패드를 먼저 맞추세요. 밀었을 때 골반이 말리거나 허리가 뜨지 않는 깊이가 시작점입니다.
🦶 발 위치
발판 중앙에 발을 두고, 무릎이 발끝 방향으로 가게 맞추세요. 너무 높거나 낮으면 골반이 먼저 뜹니다.
⚙️ 조절 포인트
패드 각도, 발목 롤러, 중량을 확인하세요.
이 카테고리는 공식 명칭이 겹칠 수 있으니, 헬스장 기구의 실제 레버·패드 배치를 우선하세요.

---

💪 ② 시작 자세
골반을 시트/패드에 붙이고 발 전체로 발판을 느낍니다. 무릎·발끝 방향을 맞춥니다.
이 자세에서 이것만 확인하세요.
👉 골반이 말리지 않는 깊이인지

---

🔥 ③ 운동 방법
엎드린 채 컬 후 천천히 펴기.
발판을 “발로 차듯” 밀지 말고, 발 전체로 멀리 보낸다는 느낌으로 밀어요. 무릎은 발끝 방향을 따라갑니다.

---

💥 ④ 최고 수축
무릎을 완전히 잠그기 직전, 허벅지·둔근이 일을 받는 지점에서 멈춥니다.
⏱️ 1초 STOP
튕기지 말고 그 지점에서 1초만 소유하세요. 무게를 놓는 순간이 아닙니다.

---

🐌 ⑤ 천천히 돌아오기
중량을 그냥 놓지 마세요.
2~3초 동안 통제하면서 복귀합니다.
내려올 때 골반이 말리는 깊이 직전에서 방향을 바꾸세요.

---

❌ 흔한 실수
❌ 허리를 과신전하며 들어올리는
자세가 무너지면 깊이·무게를 줄이세요.
❌ 무릎이 안쪽으로 무너지는 것
발끝 방향으로 무릎을 보내세요. 안쪽으로 모이면 바로 중량을 낮춥니다.
❌ 하부 범위에서 요추가 뜨거나 골반이 말리는 것
깊이보다 골반 고정이 먼저입니다. 허리가 뜨면 범위를 줄이세요.
❌ 무릎을 강하게 잠그며 튕기는 것
자세가 무너지면 깊이·무게를 줄이세요.

---

💡 MACHINE FIT PRO TIP
🔥 LEC-200 Leg Extension & Leg Curl의 가이드 궤적을 이용하세요. 첫 2세트는 천천히, 대칭이 확인된 뒤에만 무게를 올립니다.

---

🎯 MACHINE FIT CHECK
🟢 시트/패드 → 골반 고정
🟢 발 → 발판 중앙·방향 정렬
🟢 무릎 → 발끝 방향
🟢 복귀 → 2~3초 통제

### 🔥 이것만 기억하세요

""발 전체로 밀고, 골반은 끝까지 안정적으로.""","🏋️ BODYSTONE — LEC-200 Leg Extension & Leg Curl · Bench / Accessory

🎯 ONE KEY CUE
🔥 ""Keep the hips on the pad and curl the heels toward the glutes""

라잉 전용 클럽 SKU보다 LEC-200 레그익스텐션&레그컬의 컬 모드가 가깝습니다 Lean into the Bodystone line design. Do not chase load until the setup feels locked in.

---

⚙️ ① Setup
🪑 Seat / pads
Set the seat/back pad first. Your start depth is where the pelvis stays planted and the low back does not peel up.
🦶 Feet
Center the feet. If placement is too high or low, the pelvis lifts first.
⚙️ Adjustments
Check 패드 각도, 발목 롤러, 중량.
Naming can overlap in this category — trust the levers and pads on the unit in front of you.

---

💪 ② Start position
Plant the pelvis and feel the whole foot on the platform. Align knees with toes.
Check only this:
👉 Pelvis not curling under

---

🔥 ③ Execution
Do not kick the platform. Drive it away through the whole foot and let the knees track the toes.
Bend, press through the mid-foot, and return without bouncing the knees.

---

💥 ④ Peak contraction
Stop just short of hard lockout where quads/glutes still own the load.
⏱️ 1-second STOP
Own that position for one second. This is not where you dump the weight.

---

🐌 ⑤ Controlled return
Do not dump the load.
Take 2–3 seconds on the way back.
Reverse before the pelvis curls under.

---

❌ Common mistakes
❌ Knees collapsing inward
Drive knees with the toes. Reduce load immediately if they cave.
❌ Pelvis curling / low back peeling at the bottom
Own pelvis position before depth.
❌ Snapping into a hard knee lockout
If position breaks, cut the load.

---

💡 MACHINE FIT PRO TIP
🔥 Use the guided path on LEC-200 Leg Extension & Leg Curl. Slow the first two sets, confirm symmetry, then add load.

---

🎯 MACHINE FIT CHECK
🟢 Seat/pad → pelvis planted
🟢 Feet → centered and aligned
🟢 Knees → track toes
🟢 Return → 2–3 sec control

### 🔥 Remember this

""Whole-foot drive, pelvis stays honest."""
BODYSTONE,스탠딩 레그 컬,Standing Leg Curl,,BRAND_MODEL_NOT_FOUND,Bodystone,,https://bodystone.co.kr/category/%EC%9B%A8%EC%9D%B4%ED%8A%B8%EB%A8%B8%EC%8B%A0/382/,바디스톤 공개 카탈로그에 Standing Leg Curl 전용 SKU가 확인되지 않습니다,"허벅지 패드, 발목 롤러, 중량","🏋️ BODYSTONE — 스탠딩 레그 컬

🎯 ONE KEY CUE
🔥 ""지지 다리를 고정하고 한 다리만 뒤로 컬""

바디스톤 전용 모델이 없는 카테고리입니다. 헬스장에 있는 실제 기구의 패드·레버·안전장치를 먼저 확인한 뒤, 아래 패턴으로 움직이세요.

---

⚙️ ① 기구 세팅
🪑 좌석 / 패드
시트·백패드를 먼저 맞추세요. 밀었을 때 골반이 말리거나 허리가 뜨지 않는 깊이가 시작점입니다.
🦶 발 위치
발판 중앙에 발을 두고, 무릎이 발끝 방향으로 가게 맞추세요. 너무 높거나 낮으면 골반이 먼저 뜹니다.
⚙️ 조절 포인트
허벅지 패드, 발목 롤러, 중량을 확인하세요.

---

💪 ② 시작 자세
골반을 시트/패드에 붙이고 발 전체로 발판을 느낍니다. 무릎·발끝 방향을 맞춥니다.
이 자세에서 이것만 확인하세요.
👉 골반이 말리지 않는 깊이인지

---

🔥 ③ 운동 방법
한 다리를 뒤로 굽혔다 천천히 펴기.
발판을 “발로 차듯” 밀지 말고, 발 전체로 멀리 보낸다는 느낌으로 밀어요. 무릎은 발끝 방향을 따라갑니다.

---

💥 ④ 최고 수축
무릎을 완전히 잠그기 직전, 허벅지·둔근이 일을 받는 지점에서 멈춥니다.
⏱️ 1초 STOP
튕기지 말고 그 지점에서 1초만 소유하세요. 무게를 놓는 순간이 아닙니다.

---

🐌 ⑤ 천천히 돌아오기
중량을 그냥 놓지 마세요.
2~3초 동안 통제하면서 복귀합니다.
내려올 때 골반이 말리는 깊이 직전에서 방향을 바꾸세요.

---

❌ 흔한 실수
❌ 상체를 크게 숙이며 반동을 쓰는
템포를 늦추고 같은 궤적만 반복하세요.
❌ 무릎이 안쪽으로 무너지는 것
발끝 방향으로 무릎을 보내세요. 안쪽으로 모이면 바로 중량을 낮춥니다.
❌ 하부 범위에서 요추가 뜨거나 골반이 말리는 것
깊이보다 골반 고정이 먼저입니다. 허리가 뜨면 범위를 줄이세요.
❌ 무릎을 강하게 잠그며 튕기는 것
자세가 무너지면 깊이·무게를 줄이세요.

---

💡 MACHINE FIT PRO TIP
🔥 이 항목은 해머 스트렝스 전용 SKU가 없습니다. ""스탠딩 레그 컬""로 분류된 실제 기구의 패드·레버·안전장치만 믿고, 가벼운 무게로 5회 리허설 후 본 세트를 시작하세요.

---

🎯 MACHINE FIT CHECK
🟢 시트/패드 → 골반 고정
🟢 발 → 발판 중앙·방향 정렬
🟢 무릎 → 발끝 방향
🟢 복귀 → 2~3초 통제

### 🔥 이것만 기억하세요

""발 전체로 밀고, 골반은 끝까지 안정적으로.""","🏋️ BODYSTONE — Standing Leg Curl

🎯 ONE KEY CUE
🔥 ""Brace the support leg and curl only the working leg back""

There is no dedicated Bodystone SKU for this category. Confirm pads, levers, and safeties on the unit in your gym, then follow the movement pattern below.

---

⚙️ ① Setup
🪑 Seat / pads
Set the seat/back pad first. Your start depth is where the pelvis stays planted and the low back does not peel up.
🦶 Feet
Center the feet. If placement is too high or low, the pelvis lifts first.
⚙️ Adjustments
Check 허벅지 패드, 발목 롤러, 중량.

---

💪 ② Start position
Plant the pelvis and feel the whole foot on the platform. Align knees with toes.
Check only this:
👉 Pelvis not curling under

---

🔥 ③ Execution
Do not kick the platform. Drive it away through the whole foot and let the knees track the toes.
Bend, press through the mid-foot, and return without bouncing the knees.

---

💥 ④ Peak contraction
Stop just short of hard lockout where quads/glutes still own the load.
⏱️ 1-second STOP
Own that position for one second. This is not where you dump the weight.

---

🐌 ⑤ Controlled return
Do not dump the load.
Take 2–3 seconds on the way back.
Reverse before the pelvis curls under.

---

❌ Common mistakes
❌ Knees collapsing inward
Drive knees with the toes. Reduce load immediately if they cave.
❌ Pelvis curling / low back peeling at the bottom
Own pelvis position before depth.
❌ Snapping into a hard knee lockout
If position breaks, cut the load.

---

💡 MACHINE FIT PRO TIP
🔥 No dedicated Hammer Strength SKU for this slot. Trust the pads/levers/safeties on the unit labeled like ""Standing Leg Curl"", rehearse five light reps, then start working sets.

---

🎯 MACHINE FIT CHECK
🟢 Seat/pad → pelvis planted
🟢 Feet → centered and aligned
🟢 Knees → track toes
🟢 Return → 2–3 sec control

### 🔥 Remember this

""Whole-foot drive, pelvis stays honest."""
BODYSTONE,싱글 레그 컬,Single Leg Curl,,BRAND_MODEL_NOT_FOUND,Bodystone,,https://bodystone.co.kr/category/%EC%9B%A8%EC%9D%B4%ED%8A%B8%EB%A8%B8%EC%8B%A0/382/,바디스톤 공개 카탈로그에 Single Leg Curl 전용 SKU가 확인되지 않습니다,"시트/패드, 단측 롤러, 중량","🏋️ BODYSTONE — 싱글 레그 컬

🎯 ONE KEY CUE
🔥 ""한 다리만으로 균형을 맞추며 천천히 컬""

바디스톤 전용 모델이 없는 카테고리입니다. 헬스장에 있는 실제 기구의 패드·레버·안전장치를 먼저 확인한 뒤, 아래 패턴으로 움직이세요.

---

⚙️ ① 기구 세팅
🪑 좌석 / 패드
시트부터 맞추세요. 밀었을 때 골반이 말리거나 허리가 뜨지 않는 깊이가 시작점입니다.
🦶 발 위치
발판 중앙에 발을 두고, 무릎이 발끝 방향으로 가게 맞추세요. 너무 높거나 낮으면 골반이 먼저 뜹니다.
⚙️ 조절 포인트
시트/패드, 단측 롤러, 중량을 확인하세요.

---

💪 ② 시작 자세
골반을 시트/패드에 붙이고 발 전체로 발판을 느낍니다. 무릎·발끝 방향을 맞춥니다.
이 자세에서 이것만 확인하세요.
👉 골반이 말리지 않는 깊이인지

---

🔥 ③ 운동 방법
단측으로 당겼다 천천히 복귀.
발판을 “발로 차듯” 밀지 말고, 발 전체로 멀리 보낸다는 느낌으로 밀어요. 무릎은 발끝 방향을 따라갑니다.

---

💥 ④ 최고 수축
무릎을 완전히 잠그기 직전, 허벅지·둔근이 일을 받는 지점에서 멈춥니다.
⏱️ 1초 STOP
튕기지 말고 그 지점에서 1초만 소유하세요. 무게를 놓는 순간이 아닙니다.

---

🐌 ⑤ 천천히 돌아오기
중량을 그냥 놓지 마세요.
2~3초 동안 통제하면서 복귀합니다.
내려올 때 골반이 말리는 깊이 직전에서 방향을 바꾸세요.

---

❌ 흔한 실수
❌ 빠른 반동으로 약한 쪽을 보상하는
템포를 늦추고 같은 궤적만 반복하세요.
❌ 무릎이 안쪽으로 무너지는 것
발끝 방향으로 무릎을 보내세요. 안쪽으로 모이면 바로 중량을 낮춥니다.
❌ 하부 범위에서 요추가 뜨거나 골반이 말리는 것
깊이보다 골반 고정이 먼저입니다. 허리가 뜨면 범위를 줄이세요.
❌ 무릎을 강하게 잠그며 튕기는 것
자세가 무너지면 깊이·무게를 줄이세요.

---

💡 MACHINE FIT PRO TIP
🔥 이 항목은 해머 스트렝스 전용 SKU가 없습니다. ""싱글 레그 컬""로 분류된 실제 기구의 패드·레버·안전장치만 믿고, 가벼운 무게로 5회 리허설 후 본 세트를 시작하세요.

---

🎯 MACHINE FIT CHECK
🟢 시트/패드 → 골반 고정
🟢 발 → 발판 중앙·방향 정렬
🟢 무릎 → 발끝 방향
🟢 복귀 → 2~3초 통제

### 🔥 이것만 기억하세요

""발 전체로 밀고, 골반은 끝까지 안정적으로.""","🏋️ BODYSTONE — Single Leg Curl

🎯 ONE KEY CUE
🔥 ""Curl slowly with one leg while keeping control""

There is no dedicated Bodystone SKU for this category. Confirm pads, levers, and safeties on the unit in your gym, then follow the movement pattern below.

---

⚙️ ① Setup
🪑 Seat / pads
Set the seat/back pad first. Your start depth is where the pelvis stays planted and the low back does not peel up.
🦶 Feet
Center the feet. If placement is too high or low, the pelvis lifts first.
⚙️ Adjustments
Check 시트/패드, 단측 롤러, 중량.

---

💪 ② Start position
Plant the pelvis and feel the whole foot on the platform. Align knees with toes.
Check only this:
👉 Pelvis not curling under

---

🔥 ③ Execution
Do not kick the platform. Drive it away through the whole foot and let the knees track the toes.
Bend, press through the mid-foot, and return without bouncing the knees.

---

💥 ④ Peak contraction
Stop just short of hard lockout where quads/glutes still own the load.
⏱️ 1-second STOP
Own that position for one second. This is not where you dump the weight.

---

🐌 ⑤ Controlled return
Do not dump the load.
Take 2–3 seconds on the way back.
Reverse before the pelvis curls under.

---

❌ Common mistakes
❌ Knees collapsing inward
Drive knees with the toes. Reduce load immediately if they cave.
❌ Pelvis curling / low back peeling at the bottom
Own pelvis position before depth.
❌ Snapping into a hard knee lockout
If position breaks, cut the load.

---

💡 MACHINE FIT PRO TIP
🔥 No dedicated Hammer Strength SKU for this slot. Trust the pads/levers/safeties on the unit labeled like ""Single Leg Curl"", rehearse five light reps, then start working sets.

---

🎯 MACHINE FIT CHECK
🟢 Seat/pad → pelvis planted
🟢 Feet → centered and aligned
🟢 Knees → track toes
🟢 Return → 2–3 sec control

### 🔥 Remember this

""Whole-foot drive, pelvis stays honest."""
BODYSTONE,힙 쓰러스트,Hip Thrust,,BRAND_MODEL_NOT_FOUND,Bodystone,,https://bodystone.co.kr/category/%EC%9B%A8%EC%9D%B4%ED%8A%B8%EB%A8%B8%EC%8B%A0/382/,바디스톤 공개 카탈로그에 Hip Thrust 전용 머신이 확인되지 않습니다,"등 패드 높이, 바/벨트 위치, 풋 스탠스","🏋️ BODYSTONE — 힙 쓰러스트

🎯 ONE KEY CUE
🔥 ""턱을 끌고 엉덩이를 위로 밀어 둔근을 수축""

바디스톤 전용 모델이 없는 카테고리입니다. 헬스장에 있는 실제 기구의 패드·레버·안전장치를 먼저 확인한 뒤, 아래 패턴으로 움직이세요.

---

⚙️ ① 기구 세팅
🪑 좌석 / 패드
시트·백패드를 먼저 맞추세요. 밀었을 때 골반이 말리거나 허리가 뜨지 않는 깊이가 시작점입니다.
🦶 발 위치
지지하는 발을 먼저 고정하세요. 흔들리면 중량을 낮춥니다.
⚙️ 조절 포인트
등 패드 높이, 바/벨트 위치, 풋 스탠스를 확인하세요.

---

💪 ② 시작 자세
골반 위치를 먼저 고정합니다. 허리로 높이 만들 준비를 하지 마세요.
이 자세에서 이것만 확인하세요.
👉 허리가 아니라 엉덩이가 일을 받을 준비인지

---

🔥 ③ 운동 방법
엉덩이를 위로 밀어올렸다 천천히 내리기.
허리로 높이를 만들지 말고 골반·엉덩이로 밀어 마무리하세요.

---

💥 ④ 최고 수축
목표 근육이 가장 조여지는 끝 지점에서 멈춥니다.
⏱️ 1초 STOP
튕기지 말고 그 지점에서 1초만 소유하세요. 무게를 놓는 순간이 아닙니다.

---

🐌 ⑤ 천천히 돌아오기
중량을 그냥 놓지 마세요.
2~3초 동안 통제하면서 복귀합니다.
시작 자세로 돌아갈 때도 같은 궤적을 유지하세요.

---

❌ 흔한 실수
❌ 허리를 과아치해 요추로 미는
깊이보다 골반 고정이 먼저입니다. 허리가 뜨면 범위를 줄이세요.
❌ 허리로 높이 만드는 것
자세가 무너지면 무게를 낮추세요.
❌ 골반이 돌아가며 한쪽만 미는 것
약한 쪽 속도에 강한 쪽을 맞추세요.
❌ 반동으로 올리는 것
템포를 늦추고 같은 궤적만 반복하세요.

---

💡 MACHINE FIT PRO TIP
🔥 이 항목은 해머 스트렝스 전용 SKU가 없습니다. ""힙 쓰러스트""로 분류된 실제 기구의 패드·레버·안전장치만 믿고, 가벼운 무게로 5회 리허설 후 본 세트를 시작하세요.

---

🎯 MACHINE FIT CHECK
🟢 발 → 발판 중앙·방향 정렬
🟢 어깨 → 으쓱하지 않기
🟢 복귀 → 2~3초 통제

### 🔥 이것만 기억하세요

""턱을 끌고 엉덩이를 위로 밀어 둔근을 수축. 끝에서 1초, 복귀는 통제.""","🏋️ BODYSTONE — Hip Thrust

🎯 ONE KEY CUE
🔥 ""Tuck the chin and drive the hips up to squeeze the glutes""

There is no dedicated Bodystone SKU for this category. Confirm pads, levers, and safeties on the unit in your gym, then follow the movement pattern below.

---

⚙️ ① Setup
🪑 Seat / pads
Set the seat/back pad first. Your start depth is where the pelvis stays planted and the low back does not peel up.
🦶 Feet
Lock in the support foot before you move. Reduce load if you wobble.
⚙️ Adjustments
Check 등 패드 높이, 바/벨트 위치, 풋 스탠스.

---

💪 ② Start position
Set the pelvis first. Do not plan to create height with the lower back.
Check only this:
👉 Glutes ready to drive, not the lumbar spine

---

🔥 ③ Execution
Finish with the hips/glutes — do not manufacture height with the lumbar spine.
Drive the hips, squeeze, then lower without lumbar snap.

---

💥 ④ Peak contraction
Stop where the target muscle is most shortened.
⏱️ 1-second STOP
Own that position for one second. This is not where you dump the weight.

---

🐌 ⑤ Controlled return
Do not dump the load.
Take 2–3 seconds on the way back.
Return on the same path you pressed or pulled.

---

❌ Common mistakes
❌ Creating height with the lumbar spine
If position breaks, cut the load.
❌ Rotating the pelvis and favoring one side
If position breaks, cut the load.
❌ Bouncing the lockout
Slow the tempo and repeat one clean path.

---

💡 MACHINE FIT PRO TIP
🔥 No dedicated Hammer Strength SKU for this slot. Trust the pads/levers/safeties on the unit labeled like ""Hip Thrust"", rehearse five light reps, then start working sets.

---

🎯 MACHINE FIT CHECK
🟢 Feet → centered and aligned
🟢 Shoulders → not shrugged
🟢 Return → 2–3 sec control

### 🔥 Remember this

""Tuck the chin and drive the hips up to squeeze the glutes. One-second peak, controlled return."""
BODYSTONE,글루트 드라이브,Glute Drive,NKRS-019 Glute Press,PARTIALLY_VERIFIED,Bodystone,Kairos,https://bodystone.co.kr/product/detail.html?product_no=3692,글루트 드라이브 통칭에 Kairos NKRS-019 글루트프레스가 가깝습니다,"등/어깨 패드, 풋 플랫폼, 중량","🏋️ BODYSTONE — NKRS-019 Glute Press · Kairos

🎯 ONE KEY CUE
🔥 ""발뒤꿈치로 밀어 힙을 완전히 신전""

글루트 드라이브 통칭에 Kairos NKRS-019 글루트프레스가 가깝습니다. Kairos 구조입니다. 처음부터 무게 올리지 말고, 세팅부터 잡으세요.

---

⚙️ ① 기구 세팅
🪑 좌석 / 패드
시트·백패드를 먼저 맞추세요. 밀었을 때 골반이 말리거나 허리가 뜨지 않는 깊이가 시작점입니다.
🦶 발 위치
지지하는 발을 먼저 고정하세요. 흔들리면 중량을 낮춥니다.
⚙️ 조절 포인트
등/어깨 패드, 풋 플랫폼, 중량을 확인하세요.
이 카테고리는 공식 명칭이 겹칠 수 있으니, 헬스장 기구의 실제 레버·패드 배치를 우선하세요.

---

💪 ② 시작 자세
골반 위치를 먼저 고정합니다. 허리로 높이 만들 준비를 하지 마세요.
이 자세에서 이것만 확인하세요.
👉 허리가 아니라 엉덩이가 일을 받을 준비인지

---

🔥 ③ 운동 방법
풋 플랫폼을 밀어 힙을 펴고 천천히 복귀.
허리로 높이를 만들지 말고 골반·엉덩이로 밀어 마무리하세요.

---

💥 ④ 최고 수축
목표 근육이 가장 조여지는 끝 지점에서 멈춥니다.
⏱️ 1초 STOP
튕기지 말고 그 지점에서 1초만 소유하세요. 무게를 놓는 순간이 아닙니다.

---

🐌 ⑤ 천천히 돌아오기
중량을 그냥 놓지 마세요.
2~3초 동안 통제하면서 복귀합니다.
시작 자세로 돌아갈 때도 같은 궤적을 유지하세요.

---

❌ 흔한 실수
❌ 무릎만 펴고 둔근 수축을 놓치는
자세가 무너지면 무게를 낮추세요.
❌ 허리로 높이 만드는 것
자세가 무너지면 무게를 낮추세요.
❌ 골반이 돌아가며 한쪽만 미는 것
약한 쪽 속도에 강한 쪽을 맞추세요.
❌ 반동으로 올리는 것
템포를 늦추고 같은 궤적만 반복하세요.

---

💡 MACHINE FIT PRO TIP
🔥 NKRS-019 Glute Press의 가이드 궤적을 이용하세요. 첫 2세트는 천천히, 대칭이 확인된 뒤에만 무게를 올립니다.

---

🎯 MACHINE FIT CHECK
🟢 발 → 발판 중앙·방향 정렬
🟢 어깨 → 으쓱하지 않기
🟢 복귀 → 2~3초 통제

### 🔥 이것만 기억하세요

""발뒤꿈치로 밀어 힙을 완전히 신전. 끝에서 1초, 복귀는 통제.""","🏋️ BODYSTONE — NKRS-019 Glute Press · Kairos

🎯 ONE KEY CUE
🔥 ""Drive through the heels and fully extend the hips""

글루트 드라이브 통칭에 Kairos NKRS-019 글루트프레스가 가깝습니다 Lean into the Kairos design. Do not chase load until the setup feels locked in.

---

⚙️ ① Setup
🪑 Seat / pads
Set the seat/back pad first. Your start depth is where the pelvis stays planted and the low back does not peel up.
🦶 Feet
Lock in the support foot before you move. Reduce load if you wobble.
⚙️ Adjustments
Check 등/어깨 패드, 풋 플랫폼, 중량.
Naming can overlap in this category — trust the levers and pads on the unit in front of you.

---

💪 ② Start position
Set the pelvis first. Do not plan to create height with the lower back.
Check only this:
👉 Glutes ready to drive, not the lumbar spine

---

🔥 ③ Execution
Finish with the hips/glutes — do not manufacture height with the lumbar spine.
Drive the hips, squeeze, then lower without lumbar snap.

---

💥 ④ Peak contraction
Stop where the target muscle is most shortened.
⏱️ 1-second STOP
Own that position for one second. This is not where you dump the weight.

---

🐌 ⑤ Controlled return
Do not dump the load.
Take 2–3 seconds on the way back.
Return on the same path you pressed or pulled.

---

❌ Common mistakes
❌ Creating height with the lumbar spine
If position breaks, cut the load.
❌ Rotating the pelvis and favoring one side
If position breaks, cut the load.
❌ Bouncing the lockout
Slow the tempo and repeat one clean path.

---

💡 MACHINE FIT PRO TIP
🔥 Use the guided path on NKRS-019 Glute Press. Slow the first two sets, confirm symmetry, then add load.

---

🎯 MACHINE FIT CHECK
🟢 Feet → centered and aligned
🟢 Shoulders → not shrugged
🟢 Return → 2–3 sec control

### 🔥 Remember this

""Drive through the heels and fully extend the hips. One-second peak, controlled return."""
BODYSTONE,글루트 킥백,Glute Kickback,SW-11 Total Hip / NKRS-017 Total Hip,PARTIALLY_VERIFIED,Bodystone,SW Club,https://bodystone.co.kr/product/detail.html?product_no=3300,킥백 전용명보다 SW-11·NKRS-017 토탈 힙의 후방 신전 모드가 해당합니다,"골반 패드, 발목/허벅지 패드, 가동 방향, 중량","🏋️ BODYSTONE — SW-11 Total Hip / NKRS-017 Total Hip · SW Club

🎯 ONE KEY CUE
🔥 ""골반을 고정하고 다리를 뒤로 차며 둔근 수축""

킥백 전용명보다 SW-11·NKRS-017 토탈 힙의 후방 신전 모드가 해당합니다. SW Club 구조입니다. 처음부터 무게 올리지 말고, 세팅부터 잡으세요.

---

⚙️ ① 기구 세팅
🪑 좌석 / 패드
시트·백패드를 먼저 맞추세요. 밀었을 때 골반이 말리거나 허리가 뜨지 않는 깊이가 시작점입니다.
🦶 발 위치
지지하는 발을 먼저 고정하세요. 흔들리면 중량을 낮춥니다.
⚙️ 조절 포인트
골반 패드, 발목/허벅지 패드, 가동 방향, 중량을 확인하세요.
이 카테고리는 공식 명칭이 겹칠 수 있으니, 헬스장 기구의 실제 레버·패드 배치를 우선하세요.

---

💪 ② 시작 자세
골반 위치를 먼저 고정합니다. 허리로 높이 만들 준비를 하지 마세요.
이 자세에서 이것만 확인하세요.
👉 허리가 아니라 엉덩이가 일을 받을 준비인지

---

🔥 ③ 운동 방법
한 다리를 뒤로 밀었다 천천히 복귀.
허리로 높이를 만들지 말고 골반·엉덩이로 밀어 마무리하세요.

---

💥 ④ 최고 수축
목표 근육이 가장 조여지는 끝 지점에서 멈춥니다.
⏱️ 1초 STOP
튕기지 말고 그 지점에서 1초만 소유하세요. 무게를 놓는 순간이 아닙니다.

---

🐌 ⑤ 천천히 돌아오기
중량을 그냥 놓지 마세요.
2~3초 동안 통제하면서 복귀합니다.
시작 자세로 돌아갈 때도 같은 궤적을 유지하세요.

---

❌ 흔한 실수
❌ 허리를 젖히며 다리를 과도하게 올리는
자세가 무너지면 무게를 낮추세요.
❌ 허리로 높이 만드는 것
자세가 무너지면 무게를 낮추세요.
❌ 골반이 돌아가며 한쪽만 미는 것
약한 쪽 속도에 강한 쪽을 맞추세요.
❌ 반동으로 올리는 것
템포를 늦추고 같은 궤적만 반복하세요.

---

💡 MACHINE FIT PRO TIP
🔥 SW-11 Total Hip / NKRS-017 Total Hip의 가이드 궤적을 이용하세요. 첫 2세트는 천천히, 대칭이 확인된 뒤에만 무게를 올립니다.

---

🎯 MACHINE FIT CHECK
🟢 발 → 발판 중앙·방향 정렬
🟢 어깨 → 으쓱하지 않기
🟢 복귀 → 2~3초 통제

### 🔥 이것만 기억하세요

""골반을 고정하고 다리를 뒤로 차며 둔근 수축. 끝에서 1초, 복귀는 통제.""","🏋️ BODYSTONE — SW-11 Total Hip / NKRS-017 Total Hip · SW Club

🎯 ONE KEY CUE
🔥 ""Brace the hips and kick the leg back to squeeze the glute""

킥백 전용명보다 SW-11·NKRS-017 토탈 힙의 후방 신전 모드가 해당합니다 Lean into the SW Club design. Do not chase load until the setup feels locked in.

---

⚙️ ① Setup
🪑 Seat / pads
Set the seat/back pad first. Your start depth is where the pelvis stays planted and the low back does not peel up.
🦶 Feet
Lock in the support foot before you move. Reduce load if you wobble.
⚙️ Adjustments
Check 골반 패드, 발목/허벅지 패드, 가동 방향, 중량.
Naming can overlap in this category — trust the levers and pads on the unit in front of you.

---

💪 ② Start position
Set the pelvis first. Do not plan to create height with the lower back.
Check only this:
👉 Glutes ready to drive, not the lumbar spine

---

🔥 ③ Execution
Finish with the hips/glutes — do not manufacture height with the lumbar spine.
Drive the hips, squeeze, then lower without lumbar snap.

---

💥 ④ Peak contraction
Stop where the target muscle is most shortened.
⏱️ 1-second STOP
Own that position for one second. This is not where you dump the weight.

---

🐌 ⑤ Controlled return
Do not dump the load.
Take 2–3 seconds on the way back.
Return on the same path you pressed or pulled.

---

❌ Common mistakes
❌ Creating height with the lumbar spine
If position breaks, cut the load.
❌ Rotating the pelvis and favoring one side
If position breaks, cut the load.
❌ Bouncing the lockout
Slow the tempo and repeat one clean path.

---

💡 MACHINE FIT PRO TIP
🔥 Use the guided path on SW-11 Total Hip / NKRS-017 Total Hip. Slow the first two sets, confirm symmetry, then add load.

---

🎯 MACHINE FIT CHECK
🟢 Feet → centered and aligned
🟢 Shoulders → not shrugged
🟢 Return → 2–3 sec control

### 🔥 Remember this

""Brace the hips and kick the leg back to squeeze the glute. One-second peak, controlled return."""
BODYSTONE,힙 어브덕션,Hip Abduction,NKRS-016 Inner Outer Thigh,PARTIALLY_VERIFIED,Bodystone,Kairos,https://bodystone.co.kr/product/detail.html?product_no=3689,어브덕션 전용보다 Kairos NKRS-016 이너·아웃타이의 외전 모드가 해당합니다,"시트, 무릎/허벅지 패드, 가동 범위, 중량 스택","🏋️ BODYSTONE — NKRS-016 Inner Outer Thigh · Kairos

🎯 ONE KEY CUE
🔥 ""상체를 세운 채 무릎을 바깥으로 벌리며 중둔근 수축""

어브덕션 전용보다 Kairos NKRS-016 이너·아웃타이의 외전 모드가 해당합니다. Kairos 구조입니다. 처음부터 무게 올리지 말고, 세팅부터 잡으세요.

---

⚙️ ① 기구 세팅
🪑 좌석 / 패드
시트부터 맞추세요. 밀었을 때 골반이 말리거나 허리가 뜨지 않는 깊이가 시작점입니다.
🦶 발 위치
지지하는 발을 먼저 고정하세요. 흔들리면 중량을 낮춥니다.
⚙️ 조절 포인트
시트, 무릎/허벅지 패드, 가동 범위, 중량 스택을 확인하세요.
이 카테고리는 공식 명칭이 겹칠 수 있으니, 헬스장 기구의 실제 레버·패드 배치를 우선하세요.

---

💪 ② 시작 자세
골반 위치를 먼저 고정합니다. 허리로 높이 만들 준비를 하지 마세요.
이 자세에서 이것만 확인하세요.
👉 허리가 아니라 엉덩이가 일을 받을 준비인지

---

🔥 ③ 운동 방법
무릎을 바깥으로 벌렸다 천천히 모으기.
허리로 높이를 만들지 말고 골반·엉덩이로 밀어 마무리하세요.

---

💥 ④ 최고 수축
목표 근육이 가장 조여지는 끝 지점에서 멈춥니다.
⏱️ 1초 STOP
튕기지 말고 그 지점에서 1초만 소유하세요. 무게를 놓는 순간이 아닙니다.

---

🐌 ⑤ 천천히 돌아오기
중량을 그냥 놓지 마세요.
2~3초 동안 통제하면서 복귀합니다.
시작 자세로 돌아갈 때도 같은 궤적을 유지하세요.

---

❌ 흔한 실수
❌ 반동으로 빠르게 벌려 가동 범위를 놓치는
템포를 늦추고 같은 궤적만 반복하세요.
❌ 허리로 높이 만드는 것
자세가 무너지면 무게를 낮추세요.
❌ 골반이 돌아가며 한쪽만 미는 것
약한 쪽 속도에 강한 쪽을 맞추세요.
❌ 반동으로 올리는 것
템포를 늦추고 같은 궤적만 반복하세요.

---

💡 MACHINE FIT PRO TIP
🔥 NKRS-016 Inner Outer Thigh의 가이드 궤적을 이용하세요. 첫 2세트는 천천히, 대칭이 확인된 뒤에만 무게를 올립니다.

---

🎯 MACHINE FIT CHECK
🟢 시트/패드 → 몸에 맞춤
🟢 발 → 발판 중앙·방향 정렬
🟢 어깨 → 으쓱하지 않기
🟢 복귀 → 2~3초 통제

### 🔥 이것만 기억하세요

""상체를 세운 채 무릎을 바깥으로 벌리며 중둔근 수축. 끝에서 1초, 복귀는 통제.""","🏋️ BODYSTONE — NKRS-016 Inner Outer Thigh · Kairos

🎯 ONE KEY CUE
🔥 ""Keep the torso tall and open the knees out to squeeze the glute medius""

어브덕션 전용보다 Kairos NKRS-016 이너·아웃타이의 외전 모드가 해당합니다 Lean into the Kairos design. Do not chase load until the setup feels locked in.

---

⚙️ ① Setup
🪑 Seat / pads
Set the seat/back pad first. Your start depth is where the pelvis stays planted and the low back does not peel up.
🦶 Feet
Lock in the support foot before you move. Reduce load if you wobble.
⚙️ Adjustments
Check 시트, 무릎/허벅지 패드, 가동 범위, 중량 스택.
Naming can overlap in this category — trust the levers and pads on the unit in front of you.

---

💪 ② Start position
Set the pelvis first. Do not plan to create height with the lower back.
Check only this:
👉 Glutes ready to drive, not the lumbar spine

---

🔥 ③ Execution
Finish with the hips/glutes — do not manufacture height with the lumbar spine.
Drive the hips, squeeze, then lower without lumbar snap.

---

💥 ④ Peak contraction
Stop where the target muscle is most shortened.
⏱️ 1-second STOP
Own that position for one second. This is not where you dump the weight.

---

🐌 ⑤ Controlled return
Do not dump the load.
Take 2–3 seconds on the way back.
Return on the same path you pressed or pulled.

---

❌ Common mistakes
❌ Creating height with the lumbar spine
If position breaks, cut the load.
❌ Rotating the pelvis and favoring one side
If position breaks, cut the load.
❌ Bouncing the lockout
Slow the tempo and repeat one clean path.

---

💡 MACHINE FIT PRO TIP
🔥 Use the guided path on NKRS-016 Inner Outer Thigh. Slow the first two sets, confirm symmetry, then add load.

---

🎯 MACHINE FIT CHECK
🟢 Seat/pad → fitted
🟢 Feet → centered and aligned
🟢 Shoulders → not shrugged
🟢 Return → 2–3 sec control

### 🔥 Remember this

""Keep the torso tall and open the knees out to squeeze the glute medius. One-second peak, controlled return."""
BODYSTONE,힙 어덕션,Hip Adduction,SW-10 Inner Thigh / NKRS-016 Inner Outer Thigh,VERIFIED,Bodystone,SW Club,https://bodystone.co.kr/product/detail.html?product_no=3299,바디스톤 SW-10 이너사이·Kairos NKRS-016 내전 모드입니다,"시트, 무릎/허벅지 패드, 중량 스택","🏋️ BODYSTONE — SW-10 Inner Thigh / NKRS-016 Inner Outer Thigh · SW Club

🎯 ONE KEY CUE
🔥 ""허벅지 안쪽으로 패드를 모으며 내전근에 집중""

바디스톤 SW-10 이너사이·Kairos NKRS-016 내전 모드. SW Club 구조입니다. 처음부터 무게 올리지 말고, 세팅부터 잡으세요.

---

⚙️ ① 기구 세팅
🪑 좌석 / 패드
시트부터 맞추세요. 밀었을 때 골반이 말리거나 허리가 뜨지 않는 깊이가 시작점입니다.
🦶 발 위치
지지하는 발을 먼저 고정하세요. 흔들리면 중량을 낮춥니다.
⚙️ 조절 포인트
시트, 무릎/허벅지 패드, 중량 스택을 확인하세요.

---

💪 ② 시작 자세
골반 위치를 먼저 고정합니다. 허리로 높이 만들 준비를 하지 마세요.
이 자세에서 이것만 확인하세요.
👉 허리가 아니라 엉덩이가 일을 받을 준비인지

---

🔥 ③ 운동 방법
무릎을 모았다 천천히 벌려 복귀.
허리로 높이를 만들지 말고 골반·엉덩이로 밀어 마무리하세요.

---

💥 ④ 최고 수축
목표 근육이 가장 조여지는 끝 지점에서 멈춥니다.
⏱️ 1초 STOP
튕기지 말고 그 지점에서 1초만 소유하세요. 무게를 놓는 순간이 아닙니다.

---

🐌 ⑤ 천천히 돌아오기
중량을 그냥 놓지 마세요.
2~3초 동안 통제하면서 복귀합니다.
시작 자세로 돌아갈 때도 같은 궤적을 유지하세요.

---

❌ 흔한 실수
❌ 상체를 숙이며 반동으로 모으는
템포를 늦추고 같은 궤적만 반복하세요.
❌ 허리로 높이 만드는 것
자세가 무너지면 무게를 낮추세요.
❌ 골반이 돌아가며 한쪽만 미는 것
약한 쪽 속도에 강한 쪽을 맞추세요.
❌ 반동으로 올리는 것
템포를 늦추고 같은 궤적만 반복하세요.

---

💡 MACHINE FIT PRO TIP
🔥 SW-10 Inner Thigh / NKRS-016 Inner Outer Thigh의 가이드 궤적을 이용하세요. 첫 2세트는 천천히, 대칭이 확인된 뒤에만 무게를 올립니다.

---

🎯 MACHINE FIT CHECK
🟢 시트/패드 → 몸에 맞춤
🟢 발 → 발판 중앙·방향 정렬
🟢 어깨 → 으쓱하지 않기
🟢 복귀 → 2~3초 통제

### 🔥 이것만 기억하세요

""허벅지 안쪽으로 패드를 모으며 내전근에 집중. 끝에서 1초, 복귀는 통제.""","🏋️ BODYSTONE — SW-10 Inner Thigh / NKRS-016 Inner Outer Thigh · SW Club

🎯 ONE KEY CUE
🔥 ""Squeeze the pads inward and focus on the adductors""

바디스톤 SW-10 이너사이·Kairos NKRS-016 내전 모드입니다 Lean into the SW Club design. Do not chase load until the setup feels locked in.

---

⚙️ ① Setup
🪑 Seat / pads
Set the seat/back pad first. Your start depth is where the pelvis stays planted and the low back does not peel up.
🦶 Feet
Lock in the support foot before you move. Reduce load if you wobble.
⚙️ Adjustments
Check 시트, 무릎/허벅지 패드, 중량 스택.

---

💪 ② Start position
Set the pelvis first. Do not plan to create height with the lower back.
Check only this:
👉 Glutes ready to drive, not the lumbar spine

---

🔥 ③ Execution
Finish with the hips/glutes — do not manufacture height with the lumbar spine.
Drive the hips, squeeze, then lower without lumbar snap.

---

💥 ④ Peak contraction
Stop where the target muscle is most shortened.
⏱️ 1-second STOP
Own that position for one second. This is not where you dump the weight.

---

🐌 ⑤ Controlled return
Do not dump the load.
Take 2–3 seconds on the way back.
Return on the same path you pressed or pulled.

---

❌ Common mistakes
❌ Creating height with the lumbar spine
If position breaks, cut the load.
❌ Rotating the pelvis and favoring one side
If position breaks, cut the load.
❌ Bouncing the lockout
Slow the tempo and repeat one clean path.

---

💡 MACHINE FIT PRO TIP
🔥 Use the guided path on SW-10 Inner Thigh / NKRS-016 Inner Outer Thigh. Slow the first two sets, confirm symmetry, then add load.

---

🎯 MACHINE FIT CHECK
🟢 Seat/pad → fitted
🟢 Feet → centered and aligned
🟢 Shoulders → not shrugged
🟢 Return → 2–3 sec control

### 🔥 Remember this

""Squeeze the pads inward and focus on the adductors. One-second peak, controlled return."""
BODYSTONE,글루트 / 힙 머신,Glute / Hip Machine,SW-11 Total Hip / NKRS-017 Total Hip,VERIFIED,Bodystone,SW Club,https://bodystone.co.kr/product/detail.html?product_no=3300,바디스톤 SW-11·Kairos NKRS-017 토탈 힙 다방향 힙 머신입니다,"골반 패드, 레그 패드, 방향 설정, 중량 스택","🏋️ BODYSTONE — SW-11 Total Hip / NKRS-017 Total Hip · SW Club

🎯 ONE KEY CUE
🔥 ""선택한 방향에서 골반을 고정한 채 둔근으로만 움직이기""

바디스톤 SW-11·Kairos NKRS-017 토탈 힙 다방향 힙 머신. SW Club 구조입니다. 처음부터 무게 올리지 말고, 세팅부터 잡으세요.

---

⚙️ ① 기구 세팅
🪑 좌석 / 패드
시트·백패드를 먼저 맞추세요. 밀었을 때 골반이 말리거나 허리가 뜨지 않는 깊이가 시작점입니다.
🦶 발 위치
지지하는 발을 먼저 고정하세요. 흔들리면 중량을 낮춥니다.
⚙️ 조절 포인트
골반 패드, 레그 패드, 방향 설정, 중량 스택을 확인하세요.

---

💪 ② 시작 자세
골반 위치를 먼저 고정합니다. 허리로 높이 만들 준비를 하지 마세요.
이 자세에서 이것만 확인하세요.
👉 허리가 아니라 엉덩이가 일을 받을 준비인지

---

🔥 ③ 운동 방법
설정 방향으로 다리를 밀었다 천천히 복귀.
허리로 높이를 만들지 말고 골반·엉덩이로 밀어 마무리하세요.

---

💥 ④ 최고 수축
목표 근육이 가장 조여지는 끝 지점에서 멈춥니다.
⏱️ 1초 STOP
튕기지 말고 그 지점에서 1초만 소유하세요. 무게를 놓는 순간이 아닙니다.

---

🐌 ⑤ 천천히 돌아오기
중량을 그냥 놓지 마세요.
2~3초 동안 통제하면서 복귀합니다.
시작 자세로 돌아갈 때도 같은 궤적을 유지하세요.

---

❌ 흔한 실수
❌ 허리를 흔들어 반동으로 무게를 넘기는
템포를 늦추고 같은 궤적만 반복하세요.
❌ 허리로 높이 만드는 것
자세가 무너지면 무게를 낮추세요.
❌ 골반이 돌아가며 한쪽만 미는 것
약한 쪽 속도에 강한 쪽을 맞추세요.
❌ 반동으로 올리는 것
템포를 늦추고 같은 궤적만 반복하세요.

---

💡 MACHINE FIT PRO TIP
🔥 SW-11 Total Hip / NKRS-017 Total Hip의 가이드 궤적을 이용하세요. 첫 2세트는 천천히, 대칭이 확인된 뒤에만 무게를 올립니다.

---

🎯 MACHINE FIT CHECK
🟢 발 → 발판 중앙·방향 정렬
🟢 어깨 → 으쓱하지 않기
🟢 복귀 → 2~3초 통제

### 🔥 이것만 기억하세요

""선택한 방향에서 골반을 고정한 채 둔근으로만 움직이기. 끝에서 1초, 복귀는 통제.""","🏋️ BODYSTONE — SW-11 Total Hip / NKRS-017 Total Hip · SW Club

🎯 ONE KEY CUE
🔥 ""Brace the hips and move only with the glutes in the selected direction""

바디스톤 SW-11·Kairos NKRS-017 토탈 힙 다방향 힙 머신입니다 Lean into the SW Club design. Do not chase load until the setup feels locked in.

---

⚙️ ① Setup
🪑 Seat / pads
Set the seat/back pad first. Your start depth is where the pelvis stays planted and the low back does not peel up.
🦶 Feet
Lock in the support foot before you move. Reduce load if you wobble.
⚙️ Adjustments
Check 골반 패드, 레그 패드, 방향 설정, 중량 스택.

---

💪 ② Start position
Set the pelvis first. Do not plan to create height with the lower back.
Check only this:
👉 Glutes ready to drive, not the lumbar spine

---

🔥 ③ Execution
Finish with the hips/glutes — do not manufacture height with the lumbar spine.
Drive the hips, squeeze, then lower without lumbar snap.

---

💥 ④ Peak contraction
Stop where the target muscle is most shortened.
⏱️ 1-second STOP
Own that position for one second. This is not where you dump the weight.

---

🐌 ⑤ Controlled return
Do not dump the load.
Take 2–3 seconds on the way back.
Return on the same path you pressed or pulled.

---

❌ Common mistakes
❌ Creating height with the lumbar spine
If position breaks, cut the load.
❌ Rotating the pelvis and favoring one side
If position breaks, cut the load.
❌ Bouncing the lockout
Slow the tempo and repeat one clean path.

---

💡 MACHINE FIT PRO TIP
🔥 Use the guided path on SW-11 Total Hip / NKRS-017 Total Hip. Slow the first two sets, confirm symmetry, then add load.

---

🎯 MACHINE FIT CHECK
🟢 Feet → centered and aligned
🟢 Shoulders → not shrugged
🟢 Return → 2–3 sec control

### 🔥 Remember this

""Brace the hips and move only with the glutes in the selected direction. One-second peak, controlled return."""
BODYSTONE,스탠딩 카프,Standing Calf,,BRAND_MODEL_NOT_FOUND,Bodystone,,https://bodystone.co.kr/category/%EC%9B%A8%EC%9D%B4%ED%8A%B8%EB%A8%B8%EC%8B%A0/382/,바디스톤에 BCR-100 카프 블록은 있으나 스탠딩 카프 전용 웨이트 머신은 확인되지 않습니다,"어깨 패드, 풋 포지션, 중량","🏋️ BODYSTONE — 스탠딩 카프

🎯 ONE KEY CUE
🔥 ""무릎을 잠그지 않고 발볼로 밀어 올리기""

바디스톤 전용 모델이 없는 카테고리입니다. 헬스장에 있는 실제 기구의 패드·레버·안전장치를 먼저 확인한 뒤, 아래 패턴으로 움직이세요.

---

⚙️ ① 기구 세팅
🪑 좌석 / 패드
시트를 몸에 맞추세요. 시작 위치가 목표 관절 높이에 오는지 확인합니다.
🦶 발 위치
발볼만 발판에 올리고 발뒤꿈치는 아래로 떨어질 여유를 남기세요.
⚙️ 조절 포인트
어깨 패드, 풋 포지션, 중량을 확인하세요.

---

💪 ② 시작 자세
무릎 각도를 고정한 채 발볼로만 움직일 준비를 합니다.
이 자세에서 이것만 확인하세요.
👉 무릎이 같이 굽혀지지 않는지

---

🔥 ③ 운동 방법
발뒤꿈치를 들었다 천천히 내리기.
무릎으로 밀지 말고 발목 가동범위로만 위아래를 만듭니다.

---

💥 ④ 최고 수축
발볼로 최대한 올린 꼭대기에서 멈춥니다.
⏱️ 1초 STOP
튕기지 말고 그 지점에서 1초만 소유하세요. 무게를 놓는 순간이 아닙니다.

---

🐌 ⑤ 천천히 돌아오기
중량을 그냥 놓지 마세요.
2~3초 동안 통제하면서 복귀합니다.
시작 자세로 돌아갈 때도 같은 궤적을 유지하세요.

---

❌ 흔한 실수
❌ 반동으로 튕기며 가동 하단을 생략하는
템포를 늦추고 같은 궤적만 반복하세요.
❌ 무릎을 같이 굽혀 카프가 아닌 다리로 미는 것
자세가 무너지면 무게를 낮추세요.
❌ 발뒤꿈치를 튕기는 것
자세가 무너지면 무게를 낮추세요.
❌ 가동범위를 너무 짧게 가져가는 것
자세가 무너지면 무게를 낮추세요.

---

💡 MACHINE FIT PRO TIP
🔥 이 항목은 해머 스트렝스 전용 SKU가 없습니다. ""스탠딩 카프""로 분류된 실제 기구의 패드·레버·안전장치만 믿고, 가벼운 무게로 5회 리허설 후 본 세트를 시작하세요.

---

🎯 MACHINE FIT CHECK
🟢 발 → 발판 중앙·방향 정렬
🟢 어깨 → 으쓱하지 않기
🟢 복귀 → 2~3초 통제

### 🔥 이것만 기억하세요

""발볼로만, 꼭대기 1초, 튕기지 않기.""","🏋️ BODYSTONE — Standing Calf

🎯 ONE KEY CUE
🔥 ""Press up through the balls of the feet without locking the knees hard""

There is no dedicated Bodystone SKU for this category. Confirm pads, levers, and safeties on the unit in your gym, then follow the movement pattern below.

---

⚙️ ① Setup
🪑 Seat / pads
Fit the seat to your body so the start position sits naturally on the working joint.
🦶 Feet
Balls of the feet on the platform; leave room for the heels to drop.
⚙️ Adjustments
Check 어깨 패드, 풋 포지션, 중량.

---

💪 ② Start position
Lock the knee angle and prepare to move only through the ankles.
Check only this:
👉 Knees not bending with the calves

---

🔥 ③ Execution
Do not press with the knees. Use ankle range only.
Lower the heels, rise through the balls of the feet, pause, then lower.

---

💥 ④ Peak contraction
Stop at the top of the rise through the balls of the feet.
⏱️ 1-second STOP
Own that position for one second. This is not where you dump the weight.

---

🐌 ⑤ Controlled return
Do not dump the load.
Take 2–3 seconds on the way back.
Return on the same path you pressed or pulled.

---

❌ Common mistakes
❌ Bending the knees and turning it into a leg press
If position breaks, cut the load.
❌ Bouncing the heels
Slow the tempo and repeat one clean path.
❌ Cutting the range too short
If position breaks, cut the load.

---

💡 MACHINE FIT PRO TIP
🔥 No dedicated Hammer Strength SKU for this slot. Trust the pads/levers/safeties on the unit labeled like ""Standing Calf"", rehearse five light reps, then start working sets.

---

🎯 MACHINE FIT CHECK
🟢 Feet → centered and aligned
🟢 Shoulders → not shrugged
🟢 Return → 2–3 sec control

### 🔥 Remember this

""Balls of the feet only, pause on top, no bounce."""
BODYSTONE,시티드 카프,Seated Calf,,BRAND_MODEL_NOT_FOUND,Bodystone,,https://bodystone.co.kr/category/%EC%9B%A8%EC%9D%B4%ED%8A%B8%EB%A8%B8%EC%8B%A0/382/,바디스톤 공개 카탈로그에 Seated Calf 전용 머신이 확인되지 않습니다,"무릎 패드, 풋 포지션, 중량","🏋️ BODYSTONE — 시티드 카프

🎯 ONE KEY CUE
🔥 ""무릎 패드를 누르며 발볼로만 들어올리기""

바디스톤 전용 모델이 없는 카테고리입니다. 헬스장에 있는 실제 기구의 패드·레버·안전장치를 먼저 확인한 뒤, 아래 패턴으로 움직이세요.

---

⚙️ ① 기구 세팅
🪑 좌석 / 패드
시트를 몸에 맞추세요. 시작 위치가 목표 관절 높이에 오는지 확인합니다.
🦶 발 위치
발볼만 발판에 올리고 발뒤꿈치는 아래로 떨어질 여유를 남기세요.
⚙️ 조절 포인트
무릎 패드, 풋 포지션, 중량을 확인하세요.

---

💪 ② 시작 자세
무릎 각도를 고정한 채 발볼로만 움직일 준비를 합니다.
이 자세에서 이것만 확인하세요.
👉 무릎이 같이 굽혀지지 않는지

---

🔥 ③ 운동 방법
발뒤꿈치를 올렸다 천천히 내리기.
무릎으로 밀지 말고 발목 가동범위로만 위아래를 만듭니다.

---

💥 ④ 최고 수축
발볼로 최대한 올린 꼭대기에서 멈춥니다.
⏱️ 1초 STOP
튕기지 말고 그 지점에서 1초만 소유하세요. 무게를 놓는 순간이 아닙니다.

---

🐌 ⑤ 천천히 돌아오기
중량을 그냥 놓지 마세요.
2~3초 동안 통제하면서 복귀합니다.
시작 자세로 돌아갈 때도 같은 궤적을 유지하세요.

---

❌ 흔한 실수
❌ 무릎으로 튕기며 솔레우스를 놓치는
자세가 무너지면 무게를 낮추세요.
❌ 무릎을 같이 굽혀 카프가 아닌 다리로 미는 것
자세가 무너지면 무게를 낮추세요.
❌ 발뒤꿈치를 튕기는 것
자세가 무너지면 무게를 낮추세요.
❌ 가동범위를 너무 짧게 가져가는 것
자세가 무너지면 무게를 낮추세요.

---

💡 MACHINE FIT PRO TIP
🔥 이 항목은 해머 스트렝스 전용 SKU가 없습니다. ""시티드 카프""로 분류된 실제 기구의 패드·레버·안전장치만 믿고, 가벼운 무게로 5회 리허설 후 본 세트를 시작하세요.

---

🎯 MACHINE FIT CHECK
🟢 발 → 발판 중앙·방향 정렬
🟢 어깨 → 으쓱하지 않기
🟢 복귀 → 2~3초 통제

### 🔥 이것만 기억하세요

""발볼로만, 꼭대기 1초, 튕기지 않기.""","🏋️ BODYSTONE — Seated Calf

🎯 ONE KEY CUE
🔥 ""Load the knee pad and raise only through the balls of the feet""

There is no dedicated Bodystone SKU for this category. Confirm pads, levers, and safeties on the unit in your gym, then follow the movement pattern below.

---

⚙️ ① Setup
🪑 Seat / pads
Fit the seat to your body so the start position sits naturally on the working joint.
🦶 Feet
Balls of the feet on the platform; leave room for the heels to drop.
⚙️ Adjustments
Check 무릎 패드, 풋 포지션, 중량.

---

💪 ② Start position
Lock the knee angle and prepare to move only through the ankles.
Check only this:
👉 Knees not bending with the calves

---

🔥 ③ Execution
Do not press with the knees. Use ankle range only.
Lower the heels, rise through the balls of the feet, pause, then lower.

---

💥 ④ Peak contraction
Stop at the top of the rise through the balls of the feet.
⏱️ 1-second STOP
Own that position for one second. This is not where you dump the weight.

---

🐌 ⑤ Controlled return
Do not dump the load.
Take 2–3 seconds on the way back.
Return on the same path you pressed or pulled.

---

❌ Common mistakes
❌ Bending the knees and turning it into a leg press
If position breaks, cut the load.
❌ Bouncing the heels
Slow the tempo and repeat one clean path.
❌ Cutting the range too short
If position breaks, cut the load.

---

💡 MACHINE FIT PRO TIP
🔥 No dedicated Hammer Strength SKU for this slot. Trust the pads/levers/safeties on the unit labeled like ""Seated Calf"", rehearse five light reps, then start working sets.

---

🎯 MACHINE FIT CHECK
🟢 Feet → centered and aligned
🟢 Shoulders → not shrugged
🟢 Return → 2–3 sec control

### 🔥 Remember this

""Balls of the feet only, pause on top, no bounce."""
BODYSTONE,레그 프레스 카프,Leg Press Calf,,BRAND_MODEL_NOT_FOUND,Bodystone,,https://bodystone.co.kr/category/%EC%9B%A8%EC%9D%B4%ED%8A%B8%EB%A8%B8%EC%8B%A0/382/,바디스톤 공개 카탈로그에 Leg Press Calf 전용 세팅 SKU가 확인되지 않습니다,"풋 플랫폼 하단 위치, 안전 스토퍼, 중량","🏋️ BODYSTONE — 레그 프레스 카프

🎯 ONE KEY CUE
🔥 ""발볼만 플랫폼에 걸고 발목을 펴 종아리 수축""

바디스톤 전용 모델이 없는 카테고리입니다. 헬스장에 있는 실제 기구의 패드·레버·안전장치를 먼저 확인한 뒤, 아래 패턴으로 움직이세요.

---

⚙️ ① 기구 세팅
🦶 발 위치
발볼만 발판에 올리고 발뒤꿈치는 아래로 떨어질 여유를 남기세요.
⚙️ 조절 포인트
풋 플랫폼 하단 위치, 안전 스토퍼, 중량을 확인하세요.

---

💪 ② 시작 자세
무릎 각도를 고정한 채 발볼로만 움직일 준비를 합니다.
이 자세에서 이것만 확인하세요.
👉 무릎이 같이 굽혀지지 않는지

---

🔥 ③ 운동 방법
발목을 펴 올렸다 천천히 굽히기.
무릎으로 밀지 말고 발목 가동범위로만 위아래를 만듭니다.

---

💥 ④ 최고 수축
발볼로 최대한 올린 꼭대기에서 멈춥니다.
⏱️ 1초 STOP
튕기지 말고 그 지점에서 1초만 소유하세요. 무게를 놓는 순간이 아닙니다.

---

🐌 ⑤ 천천히 돌아오기
중량을 그냥 놓지 마세요.
2~3초 동안 통제하면서 복귀합니다.
시작 자세로 돌아갈 때도 같은 궤적을 유지하세요.

---

❌ 흔한 실수
❌ 무릎을 함께 펴 레그프레스로 바꿔버리는
자세가 무너지면 무게를 낮추세요.
❌ 무릎을 같이 굽혀 카프가 아닌 다리로 미는 것
자세가 무너지면 무게를 낮추세요.
❌ 발뒤꿈치를 튕기는 것
자세가 무너지면 무게를 낮추세요.
❌ 가동범위를 너무 짧게 가져가는 것
자세가 무너지면 무게를 낮추세요.

---

💡 MACHINE FIT PRO TIP
🔥 이 항목은 해머 스트렝스 전용 SKU가 없습니다. ""레그 프레스 카프""로 분류된 실제 기구의 패드·레버·안전장치만 믿고, 가벼운 무게로 5회 리허설 후 본 세트를 시작하세요.

---

🎯 MACHINE FIT CHECK
🟢 발 → 발판 중앙·방향 정렬
🟢 어깨 → 으쓱하지 않기
🟢 복귀 → 2~3초 통제

### 🔥 이것만 기억하세요

""발볼로만, 꼭대기 1초, 튕기지 않기.""","🏋️ BODYSTONE — Leg Press Calf

🎯 ONE KEY CUE
🔥 ""Place only the balls of the feet on the platform and extend the ankles""

There is no dedicated Bodystone SKU for this category. Confirm pads, levers, and safeties on the unit in your gym, then follow the movement pattern below.

---

⚙️ ① Setup
🦶 Feet
Balls of the feet on the platform; leave room for the heels to drop.
⚙️ Adjustments
Check 풋 플랫폼 하단 위치, 안전 스토퍼, 중량.

---

💪 ② Start position
Lock the knee angle and prepare to move only through the ankles.
Check only this:
👉 Knees not bending with the calves

---

🔥 ③ Execution
Do not press with the knees. Use ankle range only.
Lower the heels, rise through the balls of the feet, pause, then lower.

---

💥 ④ Peak contraction
Stop at the top of the rise through the balls of the feet.
⏱️ 1-second STOP
Own that position for one second. This is not where you dump the weight.

---

🐌 ⑤ Controlled return
Do not dump the load.
Take 2–3 seconds on the way back.
Return on the same path you pressed or pulled.

---

❌ Common mistakes
❌ Bending the knees and turning it into a leg press
If position breaks, cut the load.
❌ Bouncing the heels
Slow the tempo and repeat one clean path.
❌ Cutting the range too short
If position breaks, cut the load.

---

💡 MACHINE FIT PRO TIP
🔥 No dedicated Hammer Strength SKU for this slot. Trust the pads/levers/safeties on the unit labeled like ""Leg Press Calf"", rehearse five light reps, then start working sets.

---

🎯 MACHINE FIT CHECK
🟢 Feet → centered and aligned
🟢 Shoulders → not shrugged
🟢 Return → 2–3 sec control

### 🔥 Remember this

""Balls of the feet only, pause on top, no bounce."""
BODYSTONE,바이셉 컬,Biceps Curl,SW-12 Arm Curl / NKRS-006 Seated Arm Curl,VERIFIED,Bodystone,SW Club,https://bodystone.co.kr/product/detail.html?product_no=3301,바디스톤 SW-12 암컬·Kairos NKRS-006 시티드 암컬입니다,"시트 높이, 팔꿈치 패드, 손잡이, 중량 스택","🏋️ BODYSTONE — SW-12 Arm Curl / NKRS-006 Seated Arm Curl · SW Club

🎯 ONE KEY CUE
🔥 ""팔꿈치를 패드에 고정한 채 손잡이만 들어올리기""

바디스톤 SW-12 암컬·Kairos NKRS-006 시티드 암컬. SW Club 구조입니다. 처음부터 무게 올리지 말고, 세팅부터 잡으세요.

---

⚙️ ① 기구 세팅
🪑 좌석 / 패드
시트 높이를 몸에 맞추세요. 시작 위치가 어깨·관절에 자연스럽게 오는지 확인합니다.
🤲 그립 / 손 위치
손잡이를 편안한 너비로 잡으세요. 손목이 꺾이지 않게 합니다.
⚙️ 조절 포인트
시트 높이, 팔꿈치 패드, 손잡이, 중량 스택을 확인하세요.

---

💪 ② 시작 자세
팔꿈치 위치를 패드나 몸 옆에 고정합니다. 몸통 반동은 끕니다.
이 자세에서 이것만 확인하세요.
👉 팔꿈치가 앞으로 흘러가지 않는지

---

🔥 ③ 운동 방법
손잡이를 어깨 쪽으로 컬했다 천천히 펴기.
몸통은 고정, 팔꿈치 아래만 움직입니다.

---

💥 ④ 최고 수축
목표 근육이 가장 조여지는 끝 지점에서 멈춥니다.
⏱️ 1초 STOP
튕기지 말고 그 지점에서 1초만 소유하세요. 무게를 놓는 순간이 아닙니다.

---

🐌 ⑤ 천천히 돌아오기
중량을 그냥 놓지 마세요.
2~3초 동안 통제하면서 복귀합니다.
시작 자세로 돌아갈 때도 같은 궤적을 유지하세요.

---

❌ 흔한 실수
❌ 어깨를 앞으로 들어 반동으로 컬하는
템포를 늦추고 같은 궤적만 반복하세요.
❌ 팔꿈치가 앞으로 흘러가며 어깨가 개입하는 것
자세가 무너지면 무게를 낮추세요.
❌ 몸통 반동으로 올리는 것
템포를 늦추고 같은 궤적만 반복하세요.
❌ 손목을 과하게 꺾는 것
자세가 무너지면 무게를 낮추세요.

---

💡 MACHINE FIT PRO TIP
🔥 SW-12 Arm Curl / NKRS-006 Seated Arm Curl의 가이드 궤적을 이용하세요. 첫 2세트는 천천히, 대칭이 확인된 뒤에만 무게를 올립니다.

---

🎯 MACHINE FIT CHECK
🟢 시트/패드 → 몸에 맞춤
🟢 팔꿈치 → 미는/드는 방향
🟢 어깨 → 으쓱하지 않기
🟢 복귀 → 2~3초 통제

### 🔥 이것만 기억하세요

""팔꿈치를 패드에 고정한 채 손잡이만 들어올리기. 끝에서 1초, 복귀는 통제.""","🏋️ BODYSTONE — SW-12 Arm Curl / NKRS-006 Seated Arm Curl · SW Club

🎯 ONE KEY CUE
🔥 ""Pin the elbows to the pad and curl only the handles up""

바디스톤 SW-12 암컬·Kairos NKRS-006 시티드 암컬입니다 Lean into the SW Club design. Do not chase load until the setup feels locked in.

---

⚙️ ① Setup
🪑 Seat / pads
Fit the seat to your body so the start position sits naturally on the working joint.
🤲 Grip / hands
Take a comfortable grip width and keep the wrists stacked, not bent.
⚙️ Adjustments
Check 시트 높이, 팔꿈치 패드, 손잡이, 중량 스택.

---

💪 ② Start position
Fix the elbows on the pad or at your sides. Kill torso swing.
Check only this:
👉 Elbows not drifting forward

---

🔥 ③ Execution
Torso stays quiet. Move only below the elbows.
Curl or extend only at the elbow, then reverse slowly.

---

💥 ④ Peak contraction
Stop where the target muscle is most shortened.
⏱️ 1-second STOP
Own that position for one second. This is not where you dump the weight.

---

🐌 ⑤ Controlled return
Do not dump the load.
Take 2–3 seconds on the way back.
Return on the same path you pressed or pulled.

---

❌ Common mistakes
❌ Letting the elbows drift so the shoulders take over
If position breaks, cut the load.
❌ Swinging the torso
If position breaks, cut the load.
❌ Over-bending the wrists
If position breaks, cut the load.

---

💡 MACHINE FIT PRO TIP
🔥 Use the guided path on SW-12 Arm Curl / NKRS-006 Seated Arm Curl. Slow the first two sets, confirm symmetry, then add load.

---

🎯 MACHINE FIT CHECK
🟢 Seat/pad → fitted
🟢 Elbows → press/raise direction
🟢 Shoulders → not shrugged
🟢 Return → 2–3 sec control

### 🔥 Remember this

""Pin the elbows to the pad and curl only the handles up. One-second peak, controlled return."""
BODYSTONE,프리처 컬,Preacher Curl,SW-12 Arm Curl,PARTIALLY_VERIFIED,Bodystone,SW Club,https://bodystone.co.kr/product/detail.html?product_no=3301,프리처 전용 벤치형보다 SW-12 암컬의 팔꿈치 고정 패드 컬이 가깝습니다,"시트, 팔꿈치 패드 각도, 중량 스택","🏋️ BODYSTONE — SW-12 Arm Curl · SW Club

🎯 ONE KEY CUE
🔥 ""상완을 패드에 밀착하고 하단에서 완전히 펴지 않기""

프리처 전용 벤치형보다 SW-12 암컬의 팔꿈치 고정 패드 컬이 가깝습니다. SW Club 구조입니다. 처음부터 무게 올리지 말고, 세팅부터 잡으세요.

---

⚙️ ① 기구 세팅
🪑 좌석 / 패드
시트를 몸에 맞추세요. 시작 위치가 어깨·관절에 자연스럽게 오는지 확인합니다.
🤲 그립 / 손 위치
손잡이를 편안한 너비로 잡으세요. 손목이 꺾이지 않게 합니다.
⚙️ 조절 포인트
시트, 팔꿈치 패드 각도, 중량 스택을 확인하세요.
이 카테고리는 공식 명칭이 겹칠 수 있으니, 헬스장 기구의 실제 레버·패드 배치를 우선하세요.

---

💪 ② 시작 자세
팔꿈치 위치를 패드나 몸 옆에 고정합니다. 몸통 반동은 끕니다.
이 자세에서 이것만 확인하세요.
👉 팔꿈치가 앞으로 흘러가지 않는지

---

🔥 ③ 운동 방법
손잡이를 컬했다 통제하며 내리기.
몸통은 고정, 팔꿈치 아래만 움직입니다.

---

💥 ④ 최고 수축
목표 근육이 가장 조여지는 끝 지점에서 멈춥니다.
⏱️ 1초 STOP
튕기지 말고 그 지점에서 1초만 소유하세요. 무게를 놓는 순간이 아닙니다.

---

🐌 ⑤ 천천히 돌아오기
중량을 그냥 놓지 마세요.
2~3초 동안 통제하면서 복귀합니다.
시작 자세로 돌아갈 때도 같은 궤적을 유지하세요.

---

❌ 흔한 실수
❌ 하단에서 팔을 과신전해 팔꿈치에 부하를 주는
자세가 무너지면 무게를 낮추세요.
❌ 팔꿈치가 앞으로 흘러가며 어깨가 개입하는 것
자세가 무너지면 무게를 낮추세요.
❌ 몸통 반동으로 올리는 것
템포를 늦추고 같은 궤적만 반복하세요.
❌ 손목을 과하게 꺾는 것
자세가 무너지면 무게를 낮추세요.

---

💡 MACHINE FIT PRO TIP
🔥 SW-12 Arm Curl의 가이드 궤적을 이용하세요. 첫 2세트는 천천히, 대칭이 확인된 뒤에만 무게를 올립니다.

---

🎯 MACHINE FIT CHECK
🟢 시트/패드 → 몸에 맞춤
🟢 팔꿈치 → 미는/드는 방향
🟢 어깨 → 으쓱하지 않기
🟢 복귀 → 2~3초 통제

### 🔥 이것만 기억하세요

""상완을 패드에 밀착하고 하단에서 완전히 펴지 않기. 끝에서 1초, 복귀는 통제.""","🏋️ BODYSTONE — SW-12 Arm Curl · SW Club

🎯 ONE KEY CUE
🔥 ""Keep the upper arms on the pad and avoid full lockout at the bottom""

프리처 전용 벤치형보다 SW-12 암컬의 팔꿈치 고정 패드 컬이 가깝습니다 Lean into the SW Club design. Do not chase load until the setup feels locked in.

---

⚙️ ① Setup
🪑 Seat / pads
Fit the seat to your body so the start position sits naturally on the working joint.
🤲 Grip / hands
Take a comfortable grip width and keep the wrists stacked, not bent.
⚙️ Adjustments
Check 시트, 팔꿈치 패드 각도, 중량 스택.
Naming can overlap in this category — trust the levers and pads on the unit in front of you.

---

💪 ② Start position
Fix the elbows on the pad or at your sides. Kill torso swing.
Check only this:
👉 Elbows not drifting forward

---

🔥 ③ Execution
Torso stays quiet. Move only below the elbows.
Curl or extend only at the elbow, then reverse slowly.

---

💥 ④ Peak contraction
Stop where the target muscle is most shortened.
⏱️ 1-second STOP
Own that position for one second. This is not where you dump the weight.

---

🐌 ⑤ Controlled return
Do not dump the load.
Take 2–3 seconds on the way back.
Return on the same path you pressed or pulled.

---

❌ Common mistakes
❌ Letting the elbows drift so the shoulders take over
If position breaks, cut the load.
❌ Swinging the torso
If position breaks, cut the load.
❌ Over-bending the wrists
If position breaks, cut the load.

---

💡 MACHINE FIT PRO TIP
🔥 Use the guided path on SW-12 Arm Curl. Slow the first two sets, confirm symmetry, then add load.

---

🎯 MACHINE FIT CHECK
🟢 Seat/pad → fitted
🟢 Elbows → press/raise direction
🟢 Shoulders → not shrugged
🟢 Return → 2–3 sec control

### 🔥 Remember this

""Keep the upper arms on the pad and avoid full lockout at the bottom. One-second peak, controlled return."""
BODYSTONE,아이소래터럴 바이셉 컬,Iso-Lateral Biceps Curl,,BRAND_MODEL_NOT_FOUND,Bodystone,,https://bodystone.co.kr/category/%EC%9B%A8%EC%9D%B4%ED%8A%B8%EB%A8%B8%EC%8B%A0/382/,바디스톤 공개 라인에 Iso-Lateral Biceps Curl 전용 SKU가 확인되지 않습니다,"시트, 좌·우 독립 암, 중량","🏋️ BODYSTONE — 아이소래터럴 바이셉 컬

🎯 ONE KEY CUE
🔥 ""좌우를 같은 속도로 컬하며 균형 확인""

바디스톤 전용 모델이 없는 카테고리입니다. 헬스장에 있는 실제 기구의 패드·레버·안전장치를 먼저 확인한 뒤, 아래 패턴으로 움직이세요.

---

⚙️ ① 기구 세팅
🪑 좌석 / 패드
시트를 몸에 맞추세요. 시작 위치가 어깨·관절에 자연스럽게 오는지 확인합니다.
🤲 그립 / 손 위치
양손잡이 높이가 좌우 같은지 먼저 보세요. 독립 암이라 한쪽만 어긋나도 바로 느껴집니다.
⚙️ 조절 포인트
시트, 좌·우 독립 암, 중량을 확인하세요. 좌우 시작 위치가 같은지도 같이 봅니다.

---

💪 ② 시작 자세
팔꿈치 위치를 패드나 몸 옆에 고정합니다. 몸통 반동은 끕니다.
좌우가 같은 높이에서 시작하는지 한 번 더 보세요.
이 자세에서 이것만 확인하세요.
👉 팔꿈치가 앞으로 흘러가지 않는지

---

🔥 ③ 운동 방법
각 팔을 독립적으로 컬했다 복귀.
양쪽을 같은 속도로 움직이세요. 한쪽이 먼저 끝나면 무게를 더 올리기 전에 밸런스부터 잡습니다.

---

💥 ④ 최고 수축
목표 근육이 가장 조여지는 끝 지점에서 멈춥니다.
⏱️ 1초 STOP
튕기지 말고 그 지점에서 1초만 소유하세요. 무게를 놓는 순간이 아닙니다.

---

🐌 ⑤ 천천히 돌아오기
중량을 그냥 놓지 마세요.
2~3초 동안 통제하면서 복귀합니다.
시작 자세로 돌아갈 때도 같은 궤적을 유지하세요.

---

❌ 흔한 실수
❌ 강한 팔만으로 무게를 올리는
자세가 무너지면 무게를 낮추세요.
❌ 팔꿈치가 앞으로 흘러가며 어깨가 개입하는 것
자세가 무너지면 무게를 낮추세요.
❌ 몸통 반동으로 올리는 것
템포를 늦추고 같은 궤적만 반복하세요.
❌ 손목을 과하게 꺾는 것
자세가 무너지면 무게를 낮추세요.
❌ 한쪽만 먼저 끝내고 반대쪽을 따라가게 하는 것
약한 쪽 속도에 강한 쪽을 맞추세요.

---

💡 MACHINE FIT PRO TIP
🔥 이 항목은 해머 스트렝스 전용 SKU가 없습니다. ""아이소래터럴 바이셉 컬""로 분류된 실제 기구의 패드·레버·안전장치만 믿고, 가벼운 무게로 5회 리허설 후 본 세트를 시작하세요.

---

🎯 MACHINE FIT CHECK
🟢 시트/패드 → 몸에 맞춤
🟢 팔꿈치 → 미는/드는 방향
🟢 좌우 → 같은 속도
🟢 복귀 → 2~3초 통제

### 🔥 이것만 기억하세요

""좌우 같은 속도, 끝에서 1초, 복귀는 통제.""","🏋️ BODYSTONE — Iso-Lateral Biceps Curl

🎯 ONE KEY CUE
🔥 ""Curl both sides at the same speed and check balance""

There is no dedicated Bodystone SKU for this category. Confirm pads, levers, and safeties on the unit in your gym, then follow the movement pattern below.

---

⚙️ ① Setup
🪑 Seat / pads
Fit the seat to your body so the start position sits naturally on the working joint.
🤲 Grip / hands
Match left and right handle height first — independent arms expose any mismatch immediately.
⚙️ Adjustments
Check 시트, 좌·우 독립 암, 중량. Confirm both sides start from the same position.

---

💪 ② Start position
Fix the elbows on the pad or at your sides. Kill torso swing.
Double-check both sides start at the same height.
Check only this:
👉 Elbows not drifting forward

---

🔥 ③ Execution
Match left-right speed. If one side finishes early, fix balance before adding load.
Curl or extend only at the elbow, then reverse slowly. Keep both sides honest.

---

💥 ④ Peak contraction
Stop where the target muscle is most shortened.
⏱️ 1-second STOP
Own that position for one second. This is not where you dump the weight.

---

🐌 ⑤ Controlled return
Do not dump the load.
Take 2–3 seconds on the way back.
Return on the same path you pressed or pulled.

---

❌ Common mistakes
❌ Letting the elbows drift so the shoulders take over
If position breaks, cut the load.
❌ Swinging the torso
If position breaks, cut the load.
❌ Over-bending the wrists
If position breaks, cut the load.
❌ Letting one side finish early
Match the stronger side to the weaker side’s speed.

---

💡 MACHINE FIT PRO TIP
🔥 No dedicated Hammer Strength SKU for this slot. Trust the pads/levers/safeties on the unit labeled like ""Iso-Lateral Biceps Curl"", rehearse five light reps, then start working sets.

---

🎯 MACHINE FIT CHECK
🟢 Seat/pad → fitted
🟢 Elbows → press/raise direction
🟢 Left/right → same speed
🟢 Return → 2–3 sec control

### 🔥 Remember this

""Match sides, one-second peak, controlled return."""
BODYSTONE,암 컬,Arm Curl,SW-12 Arm Curl,VERIFIED,Bodystone,SW Club,https://bodystone.co.kr/product/detail.html?product_no=3301,바디스톤 SW-12 암컬 셀렉터라이즈드입니다,"시트, 팔꿈치 패드, 손잡이, 중량 스택","🏋️ BODYSTONE — SW-12 Arm Curl · SW Club

🎯 ONE KEY CUE
🔥 ""손목을 중립으로 유지한 채 이두만으로 들어올리기""

바디스톤 SW-12 암컬 셀렉터라이즈드. 셀렉터 스택 · SW Club 구조입니다. 처음부터 무게 올리지 말고, 세팅부터 잡으세요.

---

⚙️ ① 기구 세팅
🪑 좌석 / 패드
시트를 몸에 맞추세요. 시작 위치가 어깨·관절에 자연스럽게 오는지 확인합니다.
🤲 그립 / 손 위치
손잡이를 편안한 너비로 잡으세요. 손목이 꺾이지 않게 합니다.
⚙️ 조절 포인트
시트, 팔꿈치 패드, 손잡이, 중량 스택을 확인하세요.

---

💪 ② 시작 자세
팔꿈치 위치를 패드나 몸 옆에 고정합니다. 몸통 반동은 끕니다.
이 자세에서 이것만 확인하세요.
👉 팔꿈치가 앞으로 흘러가지 않는지

---

🔥 ③ 운동 방법
손잡이를 올렸다 천천히 펴 복귀.
몸통은 고정, 팔꿈치 아래만 움직입니다.

---

💥 ④ 최고 수축
목표 근육이 가장 조여지는 끝 지점에서 멈춥니다.
⏱️ 1초 STOP
튕기지 말고 그 지점에서 1초만 소유하세요. 무게를 놓는 순간이 아닙니다.

---

🐌 ⑤ 천천히 돌아오기
중량을 그냥 놓지 마세요.
2~3초 동안 통제하면서 복귀합니다.
시작 자세로 돌아갈 때도 같은 궤적을 유지하세요.

---

❌ 흔한 실수
❌ 상체를 흔들며 힙 드라이브로 올리는
자세가 무너지면 무게를 낮추세요.
❌ 팔꿈치가 앞으로 흘러가며 어깨가 개입하는 것
자세가 무너지면 무게를 낮추세요.
❌ 몸통 반동으로 올리는 것
템포를 늦추고 같은 궤적만 반복하세요.
❌ 손목을 과하게 꺾는 것
자세가 무너지면 무게를 낮추세요.

---

💡 MACHINE FIT PRO TIP
🔥 Select 라인(SW-12 Arm Curl)은 스택 핀 위치가 곧 시작 난이도입니다. 시트부터 맞춘 뒤 핀을 고르고, 첫 세트에서 궤적이 어깨·관절에 맞는지 확인하세요.

---

🎯 MACHINE FIT CHECK
🟢 시트/패드 → 몸에 맞춤
🟢 팔꿈치 → 미는/드는 방향
🟢 어깨 → 으쓱하지 않기
🟢 복귀 → 2~3초 통제

### 🔥 이것만 기억하세요

""손목을 중립으로 유지한 채 이두만으로 들어올리기. 끝에서 1초, 복귀는 통제.""","🏋️ BODYSTONE — SW-12 Arm Curl · SW Club

🎯 ONE KEY CUE
🔥 ""Keep a neutral wrist and curl using the biceps only""

바디스톤 SW-12 암컬 셀렉터라이즈드입니다 Lean into the selectorized stack / SW Club design. Do not chase load until the setup feels locked in.

---

⚙️ ① Setup
🪑 Seat / pads
Fit the seat to your body so the start position sits naturally on the working joint.
🤲 Grip / hands
Take a comfortable grip width and keep the wrists stacked, not bent.
⚙️ Adjustments
Check 시트, 팔꿈치 패드, 손잡이, 중량 스택.

---

💪 ② Start position
Fix the elbows on the pad or at your sides. Kill torso swing.
Check only this:
👉 Elbows not drifting forward

---

🔥 ③ Execution
Torso stays quiet. Move only below the elbows.
Curl or extend only at the elbow, then reverse slowly.

---

💥 ④ Peak contraction
Stop where the target muscle is most shortened.
⏱️ 1-second STOP
Own that position for one second. This is not where you dump the weight.

---

🐌 ⑤ Controlled return
Do not dump the load.
Take 2–3 seconds on the way back.
Return on the same path you pressed or pulled.

---

❌ Common mistakes
❌ Letting the elbows drift so the shoulders take over
If position breaks, cut the load.
❌ Swinging the torso
If position breaks, cut the load.
❌ Over-bending the wrists
If position breaks, cut the load.

---

💡 MACHINE FIT PRO TIP
🔥 On Select (SW-12 Arm Curl), the pin is your difficulty. Fit the seat first, choose the pin second, and confirm the path on set one.

---

🎯 MACHINE FIT CHECK
🟢 Seat/pad → fitted
🟢 Elbows → press/raise direction
🟢 Shoulders → not shrugged
🟢 Return → 2–3 sec control

### 🔥 Remember this

""Keep a neutral wrist and curl using the biceps only. One-second peak, controlled return."""
BODYSTONE,트라이셉스 익스텐션,Triceps Extension,,BRAND_MODEL_NOT_FOUND,Bodystone,,https://bodystone.co.kr/category/%EC%9B%A8%EC%9D%B4%ED%8A%B8%EB%A8%B8%EC%8B%A0/382/,바디스톤 공개 카탈로그에 Triceps Extension 전용 머신이 확인되지 않습니다,"시트, 팔꿈치 패드, 손잡이, 중량","🏋️ BODYSTONE — 트라이셉스 익스텐션

🎯 ONE KEY CUE
🔥 ""팔꿈치를 고정한 채 전완만 펴 삼두 수축""

바디스톤 전용 모델이 없는 카테고리입니다. 헬스장에 있는 실제 기구의 패드·레버·안전장치를 먼저 확인한 뒤, 아래 패턴으로 움직이세요.

---

⚙️ ① 기구 세팅
🪑 좌석 / 패드
시트를 몸에 맞추세요. 시작 위치가 어깨·관절에 자연스럽게 오는지 확인합니다.
🤲 그립 / 손 위치
손잡이를 편안한 너비로 잡으세요. 손목이 꺾이지 않게 합니다.
⚙️ 조절 포인트
시트, 팔꿈치 패드, 손잡이, 중량을 확인하세요.

---

💪 ② 시작 자세
팔꿈치 위치를 패드나 몸 옆에 고정합니다. 몸통 반동은 끕니다.
이 자세에서 이것만 확인하세요.
👉 팔꿈치가 앞으로 흘러가지 않는지

---

🔥 ③ 운동 방법
손잡이를 펴 올렸다 천천히 굽히기.
몸통은 고정, 팔꿈치 아래만 움직입니다.

---

💥 ④ 최고 수축
목표 근육이 가장 조여지는 끝 지점에서 멈춥니다.
⏱️ 1초 STOP
튕기지 말고 그 지점에서 1초만 소유하세요. 무게를 놓는 순간이 아닙니다.

---

🐌 ⑤ 천천히 돌아오기
중량을 그냥 놓지 마세요.
2~3초 동안 통제하면서 복귀합니다.
시작 자세로 돌아갈 때도 같은 궤적을 유지하세요.

---

❌ 흔한 실수
❌ 팔꿈치를 벌리며 어깨로 미는
자세가 무너지면 무게를 낮추세요.
❌ 팔꿈치가 앞으로 흘러가며 어깨가 개입하는 것
자세가 무너지면 무게를 낮추세요.
❌ 몸통 반동으로 올리는 것
템포를 늦추고 같은 궤적만 반복하세요.
❌ 손목을 과하게 꺾는 것
자세가 무너지면 무게를 낮추세요.

---

💡 MACHINE FIT PRO TIP
🔥 이 항목은 해머 스트렝스 전용 SKU가 없습니다. ""트라이셉스 익스텐션""로 분류된 실제 기구의 패드·레버·안전장치만 믿고, 가벼운 무게로 5회 리허설 후 본 세트를 시작하세요.

---

🎯 MACHINE FIT CHECK
🟢 시트/패드 → 몸에 맞춤
🟢 팔꿈치 → 미는/드는 방향
🟢 어깨 → 으쓱하지 않기
🟢 복귀 → 2~3초 통제

### 🔥 이것만 기억하세요

""팔꿈치를 고정한 채 전완만 펴 삼두 수축. 끝에서 1초, 복귀는 통제.""","🏋️ BODYSTONE — Triceps Extension

🎯 ONE KEY CUE
🔥 ""Pin the elbows and extend only the forearms to squeeze the triceps""

There is no dedicated Bodystone SKU for this category. Confirm pads, levers, and safeties on the unit in your gym, then follow the movement pattern below.

---

⚙️ ① Setup
🪑 Seat / pads
Fit the seat to your body so the start position sits naturally on the working joint.
🤲 Grip / hands
Take a comfortable grip width and keep the wrists stacked, not bent.
⚙️ Adjustments
Check 시트, 팔꿈치 패드, 손잡이, 중량.

---

💪 ② Start position
Fix the elbows on the pad or at your sides. Kill torso swing.
Check only this:
👉 Elbows not drifting forward

---

🔥 ③ Execution
Torso stays quiet. Move only below the elbows.
Curl or extend only at the elbow, then reverse slowly.

---

💥 ④ Peak contraction
Stop where the target muscle is most shortened.
⏱️ 1-second STOP
Own that position for one second. This is not where you dump the weight.

---

🐌 ⑤ Controlled return
Do not dump the load.
Take 2–3 seconds on the way back.
Return on the same path you pressed or pulled.

---

❌ Common mistakes
❌ Letting the elbows drift so the shoulders take over
If position breaks, cut the load.
❌ Swinging the torso
If position breaks, cut the load.
❌ Over-bending the wrists
If position breaks, cut the load.

---

💡 MACHINE FIT PRO TIP
🔥 No dedicated Hammer Strength SKU for this slot. Trust the pads/levers/safeties on the unit labeled like ""Triceps Extension"", rehearse five light reps, then start working sets.

---

🎯 MACHINE FIT CHECK
🟢 Seat/pad → fitted
🟢 Elbows → press/raise direction
🟢 Shoulders → not shrugged
🟢 Return → 2–3 sec control

### 🔥 Remember this

""Pin the elbows and extend only the forearms to squeeze the triceps. One-second peak, controlled return."""
BODYSTONE,트라이셉스 프레스,Triceps Press,,BRAND_MODEL_NOT_FOUND,Bodystone,,https://bodystone.co.kr/category/%EC%9B%A8%EC%9D%B4%ED%8A%B8%EB%A8%B8%EC%8B%A0/382/,바디스톤 공개 카탈로그에 Triceps Press 전용 머신이 확인되지 않습니다,"시트, 손잡이, 중량","🏋️ BODYSTONE — 트라이셉스 프레스

🎯 ONE KEY CUE
🔥 ""팔꿈치를 몸통에 붙인 채 아래로 눌러 펴기""

바디스톤 전용 모델이 없는 카테고리입니다. 헬스장에 있는 실제 기구의 패드·레버·안전장치를 먼저 확인한 뒤, 아래 패턴으로 움직이세요.

---

⚙️ ① 기구 세팅
🪑 좌석 / 패드
시트를 몸에 맞추세요. 시작 위치가 어깨·관절에 자연스럽게 오는지 확인합니다.
🤲 그립 / 손 위치
손잡이를 편안한 너비로 잡으세요. 손목이 꺾이지 않게 합니다.
⚙️ 조절 포인트
시트, 손잡이, 중량을 확인하세요.

---

💪 ② 시작 자세
팔꿈치 위치를 패드나 몸 옆에 고정합니다. 몸통 반동은 끕니다.
이 자세에서 이것만 확인하세요.
👉 팔꿈치가 앞으로 흘러가지 않는지

---

🔥 ③ 운동 방법
손잡이를 아래로 프레스했다 복귀.
몸통은 고정, 팔꿈치 아래만 움직입니다.

---

💥 ④ 최고 수축
목표 근육이 가장 조여지는 끝 지점에서 멈춥니다.
⏱️ 1초 STOP
튕기지 말고 그 지점에서 1초만 소유하세요. 무게를 놓는 순간이 아닙니다.

---

🐌 ⑤ 천천히 돌아오기
중량을 그냥 놓지 마세요.
2~3초 동안 통제하면서 복귀합니다.
시작 자세로 돌아갈 때도 같은 궤적을 유지하세요.

---

❌ 흔한 실수
❌ 상체를 숙이며 가슴 힘으로 누르는
자세가 무너지면 무게를 낮추세요.
❌ 팔꿈치가 앞으로 흘러가며 어깨가 개입하는 것
자세가 무너지면 무게를 낮추세요.
❌ 몸통 반동으로 올리는 것
템포를 늦추고 같은 궤적만 반복하세요.
❌ 손목을 과하게 꺾는 것
자세가 무너지면 무게를 낮추세요.

---

💡 MACHINE FIT PRO TIP
🔥 이 항목은 해머 스트렝스 전용 SKU가 없습니다. ""트라이셉스 프레스""로 분류된 실제 기구의 패드·레버·안전장치만 믿고, 가벼운 무게로 5회 리허설 후 본 세트를 시작하세요.

---

🎯 MACHINE FIT CHECK
🟢 시트/패드 → 몸에 맞춤
🟢 팔꿈치 → 미는/드는 방향
🟢 어깨 → 으쓱하지 않기
🟢 복귀 → 2~3초 통제

### 🔥 이것만 기억하세요

""팔꿈치를 몸통에 붙인 채 아래로 눌러 펴기. 끝에서 1초, 복귀는 통제.""","🏋️ BODYSTONE — Triceps Press

🎯 ONE KEY CUE
🔥 ""Keep the elbows by the torso and press down to extension""

There is no dedicated Bodystone SKU for this category. Confirm pads, levers, and safeties on the unit in your gym, then follow the movement pattern below.

---

⚙️ ① Setup
🪑 Seat / pads
Fit the seat to your body so the start position sits naturally on the working joint.
🤲 Grip / hands
Take a comfortable grip width and keep the wrists stacked, not bent.
⚙️ Adjustments
Check 시트, 손잡이, 중량.

---

💪 ② Start position
Fix the elbows on the pad or at your sides. Kill torso swing.
Check only this:
👉 Elbows not drifting forward

---

🔥 ③ Execution
Torso stays quiet. Move only below the elbows.
Curl or extend only at the elbow, then reverse slowly.

---

💥 ④ Peak contraction
Stop where the target muscle is most shortened.
⏱️ 1-second STOP
Own that position for one second. This is not where you dump the weight.

---

🐌 ⑤ Controlled return
Do not dump the load.
Take 2–3 seconds on the way back.
Return on the same path you pressed or pulled.

---

❌ Common mistakes
❌ Letting the elbows drift so the shoulders take over
If position breaks, cut the load.
❌ Swinging the torso
If position breaks, cut the load.
❌ Over-bending the wrists
If position breaks, cut the load.

---

💡 MACHINE FIT PRO TIP
🔥 No dedicated Hammer Strength SKU for this slot. Trust the pads/levers/safeties on the unit labeled like ""Triceps Press"", rehearse five light reps, then start working sets.

---

🎯 MACHINE FIT CHECK
🟢 Seat/pad → fitted
🟢 Elbows → press/raise direction
🟢 Shoulders → not shrugged
🟢 Return → 2–3 sec control

### 🔥 Remember this

""Keep the elbows by the torso and press down to extension. One-second peak, controlled return."""
BODYSTONE,딥 / 트라이셉스 머신,Dip / Triceps Machine,SW-26 Dipping Machine,PARTIALLY_VERIFIED,Bodystone,SW Club,https://bodystone.co.kr/product/detail.html?product_no=3317,트라이셉스 딥 겸용으로 SW-26 디핑 머신이 해당합니다,"풋 지지, 손잡이, 중량 스택","🏋️ BODYSTONE — SW-26 Dipping Machine · SW Club

🎯 ONE KEY CUE
🔥 ""상체를 세운 채 팔꿈치만 접어 삼두 딥""

트라이셉스 딥 겸용으로 SW-26 디핑 머신이 해당합니다. SW Club 구조입니다. 처음부터 무게 올리지 말고, 세팅부터 잡으세요.

---

⚙️ ① 기구 세팅
🤲 그립 / 손 위치
손잡이를 편안한 너비로 잡으세요. 손목이 꺾이지 않게 합니다.
⚙️ 조절 포인트
풋 지지, 손잡이, 중량 스택을 확인하세요.
이 카테고리는 공식 명칭이 겹칠 수 있으니, 헬스장 기구의 실제 레버·패드 배치를 우선하세요.

---

💪 ② 시작 자세
팔꿈치 위치를 패드나 몸 옆에 고정합니다. 몸통 반동은 끕니다.
이 자세에서 이것만 확인하세요.
👉 팔꿈치가 앞으로 흘러가지 않는지

---

🔥 ③ 운동 방법
몸을 짧게 내렸다가 팔꿈치를 펴 올리기.
몸통은 고정, 팔꿈치 아래만 움직입니다.

---

💥 ④ 최고 수축
목표 근육이 가장 조여지는 끝 지점에서 멈춥니다.
⏱️ 1초 STOP
튕기지 말고 그 지점에서 1초만 소유하세요. 무게를 놓는 순간이 아닙니다.

---

🐌 ⑤ 천천히 돌아오기
중량을 그냥 놓지 마세요.
2~3초 동안 통제하면서 복귀합니다.
시작 자세로 돌아갈 때도 같은 궤적을 유지하세요.

---

❌ 흔한 실수
❌ 과도하게 숙여 가슴 딥으로 바꾸는
자세가 무너지면 무게를 낮추세요.
❌ 팔꿈치가 앞으로 흘러가며 어깨가 개입하는 것
자세가 무너지면 무게를 낮추세요.
❌ 몸통 반동으로 올리는 것
템포를 늦추고 같은 궤적만 반복하세요.
❌ 손목을 과하게 꺾는 것
자세가 무너지면 무게를 낮추세요.

---

💡 MACHINE FIT PRO TIP
🔥 SW-26 Dipping Machine의 가이드 궤적을 이용하세요. 첫 2세트는 천천히, 대칭이 확인된 뒤에만 무게를 올립니다.

---

🎯 MACHINE FIT CHECK
🟢 시트/패드 → 몸에 맞춤
🟢 팔꿈치 → 미는/드는 방향
🟢 어깨 → 으쓱하지 않기
🟢 복귀 → 2~3초 통제

### 🔥 이것만 기억하세요

""상체를 세운 채 팔꿈치만 접어 삼두 딥. 끝에서 1초, 복귀는 통제.""","🏋️ BODYSTONE — SW-26 Dipping Machine · SW Club

🎯 ONE KEY CUE
🔥 ""Keep the torso upright and bend only the elbows for a triceps dip""

트라이셉스 딥 겸용으로 SW-26 디핑 머신이 해당합니다 Lean into the SW Club design. Do not chase load until the setup feels locked in.

---

⚙️ ① Setup
🤲 Grip / hands
Take a comfortable grip width and keep the wrists stacked, not bent.
⚙️ Adjustments
Check 풋 지지, 손잡이, 중량 스택.
Naming can overlap in this category — trust the levers and pads on the unit in front of you.

---

💪 ② Start position
Fix the elbows on the pad or at your sides. Kill torso swing.
Check only this:
👉 Elbows not drifting forward

---

🔥 ③ Execution
Torso stays quiet. Move only below the elbows.
Curl or extend only at the elbow, then reverse slowly.

---

💥 ④ Peak contraction
Stop where the target muscle is most shortened.
⏱️ 1-second STOP
Own that position for one second. This is not where you dump the weight.

---

🐌 ⑤ Controlled return
Do not dump the load.
Take 2–3 seconds on the way back.
Return on the same path you pressed or pulled.

---

❌ Common mistakes
❌ Letting the elbows drift so the shoulders take over
If position breaks, cut the load.
❌ Swinging the torso
If position breaks, cut the load.
❌ Over-bending the wrists
If position breaks, cut the load.

---

💡 MACHINE FIT PRO TIP
🔥 Use the guided path on SW-26 Dipping Machine. Slow the first two sets, confirm symmetry, then add load.

---

🎯 MACHINE FIT CHECK
🟢 Seat/pad → fitted
🟢 Elbows → press/raise direction
🟢 Shoulders → not shrugged
🟢 Return → 2–3 sec control

### 🔥 Remember this

""Keep the torso upright and bend only the elbows for a triceps dip. One-second peak, controlled return."""
BODYSTONE,바이셉스 / 트라이셉스 복합 머신,Biceps / Triceps Combo,,BRAND_MODEL_NOT_FOUND,Bodystone,,https://bodystone.co.kr/category/%EC%9B%A8%EC%9D%B4%ED%8A%B8%EB%A8%B8%EC%8B%A0/382/,바디스톤 공개 라인에 바이셉·트라이셉 복합 전용 SKU가 확인되지 않습니다,"시트, 모드 전환, 중량","🏋️ BODYSTONE — 바이셉스 / 트라이셉스 복합 머신

🎯 ONE KEY CUE
🔥 ""선택한 모드의 관절만 움직이고 반동을 없애기""

바디스톤 전용 모델이 없는 카테고리입니다. 헬스장에 있는 실제 기구의 패드·레버·안전장치를 먼저 확인한 뒤, 아래 패턴으로 움직이세요.

---

⚙️ ① 기구 세팅
🪑 좌석 / 패드
시트를 몸에 맞추세요. 시작 위치가 어깨·관절에 자연스럽게 오는지 확인합니다.
🤲 그립 / 손 위치
손잡이를 편안한 너비로 잡으세요. 손목이 꺾이지 않게 합니다.
⚙️ 조절 포인트
시트, 모드 전환, 중량을 확인하세요.

---

💪 ② 시작 자세
팔꿈치 위치를 패드나 몸 옆에 고정합니다. 몸통 반동은 끕니다.
이 자세에서 이것만 확인하세요.
👉 팔꿈치가 앞으로 흘러가지 않는지

---

🔥 ③ 운동 방법
컬 또는 익스텐션 궤적으로 왕복.
몸통은 고정, 팔꿈치 아래만 움직입니다.

---

💥 ④ 최고 수축
목표 근육이 가장 조여지는 끝 지점에서 멈춥니다.
⏱️ 1초 STOP
튕기지 말고 그 지점에서 1초만 소유하세요. 무게를 놓는 순간이 아닙니다.

---

🐌 ⑤ 천천히 돌아오기
중량을 그냥 놓지 마세요.
2~3초 동안 통제하면서 복귀합니다.
시작 자세로 돌아갈 때도 같은 궤적을 유지하세요.

---

❌ 흔한 실수
❌ 모드를 혼동해 잘못된 근육으로 가압하는
자세가 무너지면 무게를 낮추세요.
❌ 팔꿈치가 앞으로 흘러가며 어깨가 개입하는 것
자세가 무너지면 무게를 낮추세요.
❌ 몸통 반동으로 올리는 것
템포를 늦추고 같은 궤적만 반복하세요.
❌ 손목을 과하게 꺾는 것
자세가 무너지면 무게를 낮추세요.

---

💡 MACHINE FIT PRO TIP
🔥 이 항목은 해머 스트렝스 전용 SKU가 없습니다. ""바이셉스 / 트라이셉스 복합 머신""로 분류된 실제 기구의 패드·레버·안전장치만 믿고, 가벼운 무게로 5회 리허설 후 본 세트를 시작하세요.

---

🎯 MACHINE FIT CHECK
🟢 시트/패드 → 몸에 맞춤
🟢 팔꿈치 → 미는/드는 방향
🟢 어깨 → 으쓱하지 않기
🟢 복귀 → 2~3초 통제

### 🔥 이것만 기억하세요

""선택한 모드의 관절만 움직이고 반동을 없애기. 끝에서 1초, 복귀는 통제.""","🏋️ BODYSTONE — Biceps / Triceps Combo

🎯 ONE KEY CUE
🔥 ""Move only the intended joint for the selected mode without momentum""

There is no dedicated Bodystone SKU for this category. Confirm pads, levers, and safeties on the unit in your gym, then follow the movement pattern below.

---

⚙️ ① Setup
🪑 Seat / pads
Fit the seat to your body so the start position sits naturally on the working joint.
🤲 Grip / hands
Take a comfortable grip width and keep the wrists stacked, not bent.
⚙️ Adjustments
Check 시트, 모드 전환, 중량.

---

💪 ② Start position
Fix the elbows on the pad or at your sides. Kill torso swing.
Check only this:
👉 Elbows not drifting forward

---

🔥 ③ Execution
Torso stays quiet. Move only below the elbows.
Curl or extend only at the elbow, then reverse slowly.

---

💥 ④ Peak contraction
Stop where the target muscle is most shortened.
⏱️ 1-second STOP
Own that position for one second. This is not where you dump the weight.

---

🐌 ⑤ Controlled return
Do not dump the load.
Take 2–3 seconds on the way back.
Return on the same path you pressed or pulled.

---

❌ Common mistakes
❌ Letting the elbows drift so the shoulders take over
If position breaks, cut the load.
❌ Swinging the torso
If position breaks, cut the load.
❌ Over-bending the wrists
If position breaks, cut the load.

---

💡 MACHINE FIT PRO TIP
🔥 No dedicated Hammer Strength SKU for this slot. Trust the pads/levers/safeties on the unit labeled like ""Biceps / Triceps Combo"", rehearse five light reps, then start working sets.

---

🎯 MACHINE FIT CHECK
🟢 Seat/pad → fitted
🟢 Elbows → press/raise direction
🟢 Shoulders → not shrugged
🟢 Return → 2–3 sec control

### 🔥 Remember this

""Move only the intended joint for the selected mode without momentum. One-second peak, controlled return."""
BODYSTONE,앱 크런치,Ab Crunch,SW-24 Abdominal,VERIFIED,Bodystone,SW Club,https://bodystone.co.kr/product/detail.html?product_no=3315,바디스톤 SW-24 업도미널 복근 크런치 머신입니다,"시트, 가슴/어깨 패드, 중량 스택","🏋️ BODYSTONE — SW-24 Abdominal · SW Club

🎯 ONE KEY CUE
🔥 ""골반을 고정하고 갈비뼈를 골반 쪽으로 말아 내리기""

바디스톤 SW-24 업도미널 복근 크런치 머신. SW Club 구조입니다. 처음부터 무게 올리지 말고, 세팅부터 잡으세요.

---

⚙️ ① 기구 세팅
🪑 좌석 / 패드
시트를 몸에 맞추세요. 시작 위치가 어깨·관절에 자연스럽게 오는지 확인합니다.
⚙️ 조절 포인트
시트, 가슴/어깨 패드, 중량 스택을 확인하세요.

---

💪 ② 시작 자세
골반을 안정시키고 목으로 당길 생각을 지웁니다.
이 자세에서 이것만 확인하세요.
👉 골반이 고정돼 있는지

---

🔥 ③ 운동 방법
상체를 말아 내렸다가 천천히 펴기.
갈비뼈를 골반 쪽으로 말아 올리는 느낌으로 수축하세요.

---

💥 ④ 최고 수축
목표 근육이 가장 조여지는 끝 지점에서 멈춥니다.
⏱️ 1초 STOP
튕기지 말고 그 지점에서 1초만 소유하세요. 무게를 놓는 순간이 아닙니다.

---

🐌 ⑤ 천천히 돌아오기
중량을 그냥 놓지 마세요.
2~3초 동안 통제하면서 복귀합니다.
시작 자세로 돌아갈 때도 같은 궤적을 유지하세요.

---

❌ 흔한 실수
❌ 팔로 패드를 당기며 고관절만 접는
자세가 무너지면 무게를 낮추세요.
❌ 목으로 당겨 몸통을 접는 것
갈비뼈를 골반 쪽으로 만다는 느낌으로 바꾸세요.
❌ 골반이 뜨며 반동을 쓰는 것
템포를 늦추고 같은 궤적만 반복하세요.
❌ 너무 큰 범위로 과하게 꺾는 것
자세가 무너지면 무게를 낮추세요.

---

💡 MACHINE FIT PRO TIP
🔥 SW-24 Abdominal의 가이드 궤적을 이용하세요. 첫 2세트는 천천히, 대칭이 확인된 뒤에만 무게를 올립니다.

---

🎯 MACHINE FIT CHECK
🟢 시트/패드 → 몸에 맞춤
🟢 몸통 → 브레스·고정
🟢 어깨 → 으쓱하지 않기
🟢 복귀 → 2~3초 통제

### 🔥 이것만 기억하세요

""목 말고 몸통으로, 끝에서 조이고 천천히.""","🏋️ BODYSTONE — SW-24 Abdominal · SW Club

🎯 ONE KEY CUE
🔥 ""Brace the pelvis and curl the ribs down toward the hips""

바디스톤 SW-24 업도미널 복근 크런치 머신입니다 Lean into the SW Club design. Do not chase load until the setup feels locked in.

---

⚙️ ① Setup
🪑 Seat / pads
Fit the seat to your body so the start position sits naturally on the working joint.
⚙️ Adjustments
Check 시트, 가슴/어깨 패드, 중량 스택.

---

💪 ② Start position
Stabilize the pelvis and stop thinking about pulling with the neck.
Check only this:
👉 Pelvis locked

---

🔥 ③ Execution
Curl the ribcage toward the pelvis.
Curl or rotate through the torso, then return without momentum.

---

💥 ④ Peak contraction
Stop where the target muscle is most shortened.
⏱️ 1-second STOP
Own that position for one second. This is not where you dump the weight.

---

🐌 ⑤ Controlled return
Do not dump the load.
Take 2–3 seconds on the way back.
Return on the same path you pressed or pulled.

---

❌ Common mistakes
❌ Pulling with the neck
Curl ribs toward the pelvis instead.
❌ Lifting the pelvis and using momentum
Slow the tempo and repeat one clean path.
❌ Forcing an excessive range
If position breaks, cut the load.

---

💡 MACHINE FIT PRO TIP
🔥 Use the guided path on SW-24 Abdominal. Slow the first two sets, confirm symmetry, then add load.

---

🎯 MACHINE FIT CHECK
🟢 Seat/pad → fitted
🟢 Torso → braced
🟢 Shoulders → not shrugged
🟢 Return → 2–3 sec control

### 🔥 Remember this

""Torso curl, squeeze, slow return — not the neck."""
BODYSTONE,어브도미널,Abdominal,SW-24 Abdominal,VERIFIED,Bodystone,SW Club,https://bodystone.co.kr/product/detail.html?product_no=3315,바디스톤 SW-24 업도미널(어브도미널) 셀렉터라이즈드입니다,"시트 높이, 패드 위치, 중량 스택","🏋️ BODYSTONE — SW-24 Abdominal · SW Club

🎯 ONE KEY CUE
🔥 ""복부를 먼저 수축한 뒤 상체를 짧게 말기""

바디스톤 SW-24 업도미널(어브도미널) 셀렉터라이즈드. 셀렉터 스택 · SW Club 구조입니다. 처음부터 무게 올리지 말고, 세팅부터 잡으세요.

---

⚙️ ① 기구 세팅
🪑 좌석 / 패드
시트 높이를 몸에 맞추세요. 시작 위치가 어깨·관절에 자연스럽게 오는지 확인합니다.
⚙️ 조절 포인트
시트 높이, 패드 위치, 중량 스택을 확인하세요.

---

💪 ② 시작 자세
골반을 안정시키고 목으로 당길 생각을 지웁니다.
이 자세에서 이것만 확인하세요.
👉 골반이 고정돼 있는지

---

🔥 ③ 운동 방법
크런치로 내렸다가 통제하며 복귀.
갈비뼈를 골반 쪽으로 말아 올리는 느낌으로 수축하세요.

---

💥 ④ 최고 수축
목표 근육이 가장 조여지는 끝 지점에서 멈춥니다.
⏱️ 1초 STOP
튕기지 말고 그 지점에서 1초만 소유하세요. 무게를 놓는 순간이 아닙니다.

---

🐌 ⑤ 천천히 돌아오기
중량을 그냥 놓지 마세요.
2~3초 동안 통제하면서 복귀합니다.
시작 자세로 돌아갈 때도 같은 궤적을 유지하세요.

---

❌ 흔한 실수
❌ 목에 힘을 주고 머리만 숙이는
자세가 무너지면 무게를 낮추세요.
❌ 목으로 당겨 몸통을 접는 것
갈비뼈를 골반 쪽으로 만다는 느낌으로 바꾸세요.
❌ 골반이 뜨며 반동을 쓰는 것
템포를 늦추고 같은 궤적만 반복하세요.
❌ 너무 큰 범위로 과하게 꺾는 것
자세가 무너지면 무게를 낮추세요.

---

💡 MACHINE FIT PRO TIP
🔥 Select 라인(SW-24 Abdominal)은 스택 핀 위치가 곧 시작 난이도입니다. 시트부터 맞춘 뒤 핀을 고르고, 첫 세트에서 궤적이 어깨·관절에 맞는지 확인하세요.

---

🎯 MACHINE FIT CHECK
🟢 시트/패드 → 몸에 맞춤
🟢 몸통 → 브레스·고정
🟢 어깨 → 으쓱하지 않기
🟢 복귀 → 2~3초 통제

### 🔥 이것만 기억하세요

""목 말고 몸통으로, 끝에서 조이고 천천히.""","🏋️ BODYSTONE — SW-24 Abdominal · SW Club

🎯 ONE KEY CUE
🔥 ""Initiate with the abs and curl the torso through a short range""

바디스톤 SW-24 업도미널(어브도미널) 셀렉터라이즈드입니다 Lean into the selectorized stack / SW Club design. Do not chase load until the setup feels locked in.

---

⚙️ ① Setup
🪑 Seat / pads
Fit the seat to your body so the start position sits naturally on the working joint.
⚙️ Adjustments
Check 시트 높이, 패드 위치, 중량 스택.

---

💪 ② Start position
Stabilize the pelvis and stop thinking about pulling with the neck.
Check only this:
👉 Pelvis locked

---

🔥 ③ Execution
Curl the ribcage toward the pelvis.
Curl or rotate through the torso, then return without momentum.

---

💥 ④ Peak contraction
Stop where the target muscle is most shortened.
⏱️ 1-second STOP
Own that position for one second. This is not where you dump the weight.

---

🐌 ⑤ Controlled return
Do not dump the load.
Take 2–3 seconds on the way back.
Return on the same path you pressed or pulled.

---

❌ Common mistakes
❌ Pulling with the neck
Curl ribs toward the pelvis instead.
❌ Lifting the pelvis and using momentum
Slow the tempo and repeat one clean path.
❌ Forcing an excessive range
If position breaks, cut the load.

---

💡 MACHINE FIT PRO TIP
🔥 On Select (SW-24 Abdominal), the pin is your difficulty. Fit the seat first, choose the pin second, and confirm the path on set one.

---

🎯 MACHINE FIT CHECK
🟢 Seat/pad → fitted
🟢 Torso → braced
🟢 Shoulders → not shrugged
🟢 Return → 2–3 sec control

### 🔥 Remember this

""Torso curl, squeeze, slow return — not the neck."""
BODYSTONE,로터리 토르소,Rotary Torso,SW-23 Torso / NKRS-012 Rotary Torso,VERIFIED,Bodystone,SW Club,https://bodystone.co.kr/product/detail.html?product_no=3314,바디스톤 SW-23 토르소·Kairos NKRS-012 로타리 토르소입니다,"시트, 무릎/골반 고정, 회전 손잡이/패드, 중량 스택","🏋️ BODYSTONE — SW-23 Torso / NKRS-012 Rotary Torso · SW Club

🎯 ONE KEY CUE
🔥 ""골반을 고정한 채 갈비뼈만 좌우로 회전""

바디스톤 SW-23 토르소·Kairos NKRS-012 로타리 토르소. SW Club 구조입니다. 처음부터 무게 올리지 말고, 세팅부터 잡으세요.

---

⚙️ ① 기구 세팅
🪑 좌석 / 패드
시트를 몸에 맞추세요. 시작 위치가 어깨·관절에 자연스럽게 오는지 확인합니다.
🤲 그립 / 손 위치
회전 손잡이를 편안한 너비로 잡으세요. 손목이 꺾이지 않게 합니다.
⚙️ 조절 포인트
시트, 무릎/골반 고정, 회전 손잡이/패드, 중량 스택을 확인하세요.

---

💪 ② 시작 자세
골반을 안정시키고 목으로 당길 생각을 지웁니다.
이 자세에서 이것만 확인하세요.
👉 골반이 고정돼 있는지

---

🔥 ③ 운동 방법
상체를 한쪽으로 돌렸다 반대쪽으로 왕복.
갈비뼈를 골반 쪽으로 말아 올리는 느낌으로 수축하세요.

---

💥 ④ 최고 수축
목표 근육이 가장 조여지는 끝 지점에서 멈춥니다.
⏱️ 1초 STOP
튕기지 말고 그 지점에서 1초만 소유하세요. 무게를 놓는 순간이 아닙니다.

---

🐌 ⑤ 천천히 돌아오기
중량을 그냥 놓지 마세요.
2~3초 동안 통제하면서 복귀합니다.
시작 자세로 돌아갈 때도 같은 궤적을 유지하세요.

---

❌ 흔한 실수
❌ 무릎까지 돌려 하체로 회전을 만드는
자세가 무너지면 무게를 낮추세요.
❌ 목으로 당겨 몸통을 접는 것
갈비뼈를 골반 쪽으로 만다는 느낌으로 바꾸세요.
❌ 골반이 뜨며 반동을 쓰는 것
템포를 늦추고 같은 궤적만 반복하세요.
❌ 너무 큰 범위로 과하게 꺾는 것
자세가 무너지면 무게를 낮추세요.

---

💡 MACHINE FIT PRO TIP
🔥 SW-23 Torso / NKRS-012 Rotary Torso의 가이드 궤적을 이용하세요. 첫 2세트는 천천히, 대칭이 확인된 뒤에만 무게를 올립니다.

---

🎯 MACHINE FIT CHECK
🟢 시트/패드 → 몸에 맞춤
🟢 몸통 → 브레스·고정
🟢 어깨 → 으쓱하지 않기
🟢 복귀 → 2~3초 통제

### 🔥 이것만 기억하세요

""목 말고 몸통으로, 끝에서 조이고 천천히.""","🏋️ BODYSTONE — SW-23 Torso / NKRS-012 Rotary Torso · SW Club

🎯 ONE KEY CUE
🔥 ""Lock the pelvis and rotate only the ribcage left and right""

바디스톤 SW-23 토르소·Kairos NKRS-012 로타리 토르소입니다 Lean into the SW Club design. Do not chase load until the setup feels locked in.

---

⚙️ ① Setup
🪑 Seat / pads
Fit the seat to your body so the start position sits naturally on the working joint.
🤲 Grip / hands
Take a comfortable grip width and keep the wrists stacked, not bent.
⚙️ Adjustments
Check 시트, 무릎/골반 고정, 회전 손잡이/패드, 중량 스택.

---

💪 ② Start position
Stabilize the pelvis and stop thinking about pulling with the neck.
Check only this:
👉 Pelvis locked

---

🔥 ③ Execution
Curl the ribcage toward the pelvis.
Curl or rotate through the torso, then return without momentum.

---

💥 ④ Peak contraction
Stop where the target muscle is most shortened.
⏱️ 1-second STOP
Own that position for one second. This is not where you dump the weight.

---

🐌 ⑤ Controlled return
Do not dump the load.
Take 2–3 seconds on the way back.
Return on the same path you pressed or pulled.

---

❌ Common mistakes
❌ Pulling with the neck
Curl ribs toward the pelvis instead.
❌ Lifting the pelvis and using momentum
Slow the tempo and repeat one clean path.
❌ Forcing an excessive range
If position breaks, cut the load.

---

💡 MACHINE FIT PRO TIP
🔥 Use the guided path on SW-23 Torso / NKRS-012 Rotary Torso. Slow the first two sets, confirm symmetry, then add load.

---

🎯 MACHINE FIT CHECK
🟢 Seat/pad → fitted
🟢 Torso → braced
🟢 Shoulders → not shrugged
🟢 Return → 2–3 sec control

### 🔥 Remember this

""Torso curl, squeeze, slow return — not the neck."""
BODYSTONE,사이드 밴드,Side Bend,BEX-350 Back Extension / Side Crunch,PARTIALLY_VERIFIED,Bodystone,Bench / Accessory,https://bodystone.co.kr/product/detail.html?product_no=1916,사이드 밴드 전용보다 BEX-350 로망체어의 사이드 크런치 모드가 가깝습니다,"골반 패드, 풋 지지, 측면 가동 위치","🏋️ BODYSTONE — BEX-350 Back Extension / Side Crunch · Bench / Accessory

🎯 ONE KEY CUE
🔥 ""골반을 고정하고 옆구리를 짧게 접어 내리기""

사이드 밴드 전용보다 BEX-350 로망체어의 사이드 크런치 모드가 가깝습니다. Bodystone line 구조입니다. 처음부터 무게 올리지 말고, 세팅부터 잡으세요.

---

⚙️ ① 기구 세팅
🪑 좌석 / 패드
시트를 몸에 맞추세요. 시작 위치가 목표 관절 높이에 오는지 확인합니다.
⚙️ 조절 포인트
골반 패드, 풋 지지, 측면 가동 위치를 확인하세요.
이 카테고리는 공식 명칭이 겹칠 수 있으니, 헬스장 기구의 실제 레버·패드 배치를 우선하세요.

---

💪 ② 시작 자세
골반을 안정시키고 목으로 당길 생각을 지웁니다.
이 자세에서 이것만 확인하세요.
👉 골반이 고정돼 있는지

---

🔥 ③ 운동 방법
옆구리를 접었다 천천히 펴기.
갈비뼈를 골반 쪽으로 말아 올리는 느낌으로 수축하세요.

---

💥 ④ 최고 수축
목표 근육이 가장 조여지는 끝 지점에서 멈춥니다.
⏱️ 1초 STOP
튕기지 말고 그 지점에서 1초만 소유하세요. 무게를 놓는 순간이 아닙니다.

---

🐌 ⑤ 천천히 돌아오기
중량을 그냥 놓지 마세요.
2~3초 동안 통제하면서 복귀합니다.
시작 자세로 돌아갈 때도 같은 궤적을 유지하세요.

---

❌ 흔한 실수
❌ 반동으로 크게 숙여 요추를 비트는
깊이보다 골반 고정이 먼저입니다. 허리가 뜨면 범위를 줄이세요.
❌ 목으로 당겨 몸통을 접는 것
갈비뼈를 골반 쪽으로 만다는 느낌으로 바꾸세요.
❌ 골반이 뜨며 반동을 쓰는 것
템포를 늦추고 같은 궤적만 반복하세요.
❌ 너무 큰 범위로 과하게 꺾는 것
자세가 무너지면 무게를 낮추세요.

---

💡 MACHINE FIT PRO TIP
🔥 BEX-350 Back Extension / Side Crunch의 가이드 궤적을 이용하세요. 첫 2세트는 천천히, 대칭이 확인된 뒤에만 무게를 올립니다.

---

🎯 MACHINE FIT CHECK
🟢 시트/패드 → 몸에 맞춤
🟢 몸통 → 브레스·고정
🟢 어깨 → 으쓱하지 않기
🟢 복귀 → 2~3초 통제

### 🔥 이것만 기억하세요

""목 말고 몸통으로, 끝에서 조이고 천천히.""","🏋️ BODYSTONE — BEX-350 Back Extension / Side Crunch · Bench / Accessory

🎯 ONE KEY CUE
🔥 ""Brace the hips and side-bend through a short range""

사이드 밴드 전용보다 BEX-350 로망체어의 사이드 크런치 모드가 가깝습니다 Lean into the Bodystone line design. Do not chase load until the setup feels locked in.

---

⚙️ ① Setup
🪑 Seat / pads
Fit the seat to your body so the start position sits naturally on the working joint.
⚙️ Adjustments
Check 골반 패드, 풋 지지, 측면 가동 위치.
Naming can overlap in this category — trust the levers and pads on the unit in front of you.

---

💪 ② Start position
Stabilize the pelvis and stop thinking about pulling with the neck.
Check only this:
👉 Pelvis locked

---

🔥 ③ Execution
Curl the ribcage toward the pelvis.
Curl or rotate through the torso, then return without momentum.

---

💥 ④ Peak contraction
Stop where the target muscle is most shortened.
⏱️ 1-second STOP
Own that position for one second. This is not where you dump the weight.

---

🐌 ⑤ Controlled return
Do not dump the load.
Take 2–3 seconds on the way back.
Return on the same path you pressed or pulled.

---

❌ Common mistakes
❌ Pulling with the neck
Curl ribs toward the pelvis instead.
❌ Lifting the pelvis and using momentum
Slow the tempo and repeat one clean path.
❌ Forcing an excessive range
If position breaks, cut the load.

---

💡 MACHINE FIT PRO TIP
🔥 Use the guided path on BEX-350 Back Extension / Side Crunch. Slow the first two sets, confirm symmetry, then add load.

---

🎯 MACHINE FIT CHECK
🟢 Seat/pad → fitted
🟢 Torso → braced
🟢 Shoulders → not shrugged
🟢 Return → 2–3 sec control

### 🔥 Remember this

""Torso curl, squeeze, slow return — not the neck."""
BODYSTONE,백 익스텐션,Back Extension,BEX-350 Back Extension,VERIFIED,Bodystone,Bench / Accessory,https://bodystone.co.kr/product/detail.html?product_no=1916,바디스톤 BEX-350 로망체어 백익스텐션입니다,"골반 패드 높이, 풋 지지, 가동 각도","🏋️ BODYSTONE — BEX-350 Back Extension · Bench / Accessory

🎯 ONE KEY CUE
🔥 ""엉덩이를 패드에 붙이고 허리를 과신전하지 않게 펴기""

바디스톤 BEX-350 로망체어 백익스텐션. Bodystone line 구조입니다. 처음부터 무게 올리지 말고, 세팅부터 잡으세요.

---

⚙️ ① 기구 세팅
🪑 좌석 / 패드
시트를 몸에 맞추세요. 시작 위치가 목표 관절 높이에 오는지 확인합니다.
⚙️ 조절 포인트
골반 패드 높이, 풋 지지, 가동 각도를 확인하세요.

---

💪 ② 시작 자세
골반을 안정시키고 목으로 당길 생각을 지웁니다.
이 자세에서 이것만 확인하세요.
👉 골반이 고정돼 있는지

---

🔥 ③ 운동 방법
상체를 내렸다가 중립까지 펴 올리기.
갈비뼈를 골반 쪽으로 말아 올리는 느낌으로 수축하세요.

---

💥 ④ 최고 수축
목표 근육이 가장 조여지는 끝 지점에서 멈춥니다.
⏱️ 1초 STOP
튕기지 말고 그 지점에서 1초만 소유하세요. 무게를 놓는 순간이 아닙니다.

---

🐌 ⑤ 천천히 돌아오기
중량을 그냥 놓지 마세요.
2~3초 동안 통제하면서 복귀합니다.
시작 자세로 돌아갈 때도 같은 궤적을 유지하세요.

---

❌ 흔한 실수
❌ 상체를 과도하게 젖혀 요추만 압박하는
깊이보다 골반 고정이 먼저입니다. 허리가 뜨면 범위를 줄이세요.
❌ 목으로 당겨 몸통을 접는 것
갈비뼈를 골반 쪽으로 만다는 느낌으로 바꾸세요.
❌ 골반이 뜨며 반동을 쓰는 것
템포를 늦추고 같은 궤적만 반복하세요.
❌ 너무 큰 범위로 과하게 꺾는 것
자세가 무너지면 무게를 낮추세요.

---

💡 MACHINE FIT PRO TIP
🔥 BEX-350 Back Extension의 가이드 궤적을 이용하세요. 첫 2세트는 천천히, 대칭이 확인된 뒤에만 무게를 올립니다.

---

🎯 MACHINE FIT CHECK
🟢 시트/패드 → 몸에 맞춤
🟢 몸통 → 브레스·고정
🟢 어깨 → 으쓱하지 않기
🟢 복귀 → 2~3초 통제

### 🔥 이것만 기억하세요

""목 말고 몸통으로, 끝에서 조이고 천천히.""","🏋️ BODYSTONE — BEX-350 Back Extension · Bench / Accessory

🎯 ONE KEY CUE
🔥 ""Keep the hips on the pad and extend without over-arching the low back""

바디스톤 BEX-350 로망체어 백익스텐션입니다 Lean into the Bodystone line design. Do not chase load until the setup feels locked in.

---

⚙️ ① Setup
🪑 Seat / pads
Fit the seat to your body so the start position sits naturally on the working joint.
⚙️ Adjustments
Check 골반 패드 높이, 풋 지지, 가동 각도.

---

💪 ② Start position
Stabilize the pelvis and stop thinking about pulling with the neck.
Check only this:
👉 Pelvis locked

---

🔥 ③ Execution
Curl the ribcage toward the pelvis.
Curl or rotate through the torso, then return without momentum.

---

💥 ④ Peak contraction
Stop where the target muscle is most shortened.
⏱️ 1-second STOP
Own that position for one second. This is not where you dump the weight.

---

🐌 ⑤ Controlled return
Do not dump the load.
Take 2–3 seconds on the way back.
Return on the same path you pressed or pulled.

---

❌ Common mistakes
❌ Pulling with the neck
Curl ribs toward the pelvis instead.
❌ Lifting the pelvis and using momentum
Slow the tempo and repeat one clean path.
❌ Forcing an excessive range
If position breaks, cut the load.

---

💡 MACHINE FIT PRO TIP
🔥 Use the guided path on BEX-350 Back Extension. Slow the first two sets, confirm symmetry, then add load.

---

🎯 MACHINE FIT CHECK
🟢 Seat/pad → fitted
🟢 Torso → braced
🟢 Shoulders → not shrugged
🟢 Return → 2–3 sec control

### 🔥 Remember this

""Torso curl, squeeze, slow return — not the neck."""
BODYSTONE,힙 익스텐션,Hip Extension,GHD3.0 Glute Ham Raise / SW-11 Total Hip,PARTIALLY_VERIFIED,Bodystone,Free Weight,https://bodystone.co.kr/product/detail.html?product_no=3479,힙 익스텐션 통칭에 GHD3.0·토탈 힙 후방 모드가 가깝습니다,"골반/발목 고정, 풋 지지, 가동 범위","🏋️ BODYSTONE — GHD3.0 Glute Ham Raise / SW-11 Total Hip · Free Weight

🎯 ONE KEY CUE
🔥 ""둔근·햄스트링으로 엉덩이를 펴며 상체를 올리기""

힙 익스텐션 통칭에 GHD3.0·토탈 힙 후방 모드가 가깝습니다. SW Club 구조입니다. 처음부터 무게 올리지 말고, 세팅부터 잡으세요.

---

⚙️ ① 기구 세팅
🦶 발 위치
지지하는 발을 먼저 고정하세요. 흔들리면 중량을 낮춥니다.
⚙️ 조절 포인트
골반/발목 고정, 풋 지지, 가동 범위를 확인하세요.
이 카테고리는 공식 명칭이 겹칠 수 있으니, 헬스장 기구의 실제 레버·패드 배치를 우선하세요.

---

💪 ② 시작 자세
골반 위치를 먼저 고정합니다. 허리로 높이 만들 준비를 하지 마세요.
이 자세에서 이것만 확인하세요.
👉 허리가 아니라 엉덩이가 일을 받을 준비인지

---

🔥 ③ 운동 방법
엉덩이를 펴며 올렸다 천천히 내리기.
허리로 높이를 만들지 말고 골반·엉덩이로 밀어 마무리하세요.

---

💥 ④ 최고 수축
목표 근육이 가장 조여지는 끝 지점에서 멈춥니다.
⏱️ 1초 STOP
튕기지 말고 그 지점에서 1초만 소유하세요. 무게를 놓는 순간이 아닙니다.

---

🐌 ⑤ 천천히 돌아오기
중량을 그냥 놓지 마세요.
2~3초 동안 통제하면서 복귀합니다.
시작 자세로 돌아갈 때도 같은 궤적을 유지하세요.

---

❌ 흔한 실수
❌ 허리만 젖혀 힙 신전을 대체하는
자세가 무너지면 무게를 낮추세요.
❌ 허리로 높이 만드는 것
자세가 무너지면 무게를 낮추세요.
❌ 골반이 돌아가며 한쪽만 미는 것
약한 쪽 속도에 강한 쪽을 맞추세요.
❌ 반동으로 올리는 것
템포를 늦추고 같은 궤적만 반복하세요.

---

💡 MACHINE FIT PRO TIP
🔥 GHD3.0 Glute Ham Raise / SW-11 Total Hip의 가이드 궤적을 이용하세요. 첫 2세트는 천천히, 대칭이 확인된 뒤에만 무게를 올립니다.

---

🎯 MACHINE FIT CHECK
🟢 발 → 발판 중앙·방향 정렬
🟢 어깨 → 으쓱하지 않기
🟢 복귀 → 2~3초 통제

### 🔥 이것만 기억하세요

""둔근·햄스트링으로 엉덩이를 펴며 상체를 올리기. 끝에서 1초, 복귀는 통제.""","🏋️ BODYSTONE — GHD3.0 Glute Ham Raise / SW-11 Total Hip · Free Weight

🎯 ONE KEY CUE
🔥 ""Extend the hips with the glutes and hamstrings to raise the torso""

힙 익스텐션 통칭에 GHD3.0·토탈 힙 후방 모드가 가깝습니다 Lean into the SW Club design. Do not chase load until the setup feels locked in.

---

⚙️ ① Setup
🦶 Feet
Lock in the support foot before you move. Reduce load if you wobble.
⚙️ Adjustments
Check 골반/발목 고정, 풋 지지, 가동 범위.
Naming can overlap in this category — trust the levers and pads on the unit in front of you.

---

💪 ② Start position
Set the pelvis first. Do not plan to create height with the lower back.
Check only this:
👉 Glutes ready to drive, not the lumbar spine

---

🔥 ③ Execution
Finish with the hips/glutes — do not manufacture height with the lumbar spine.
Drive the hips, squeeze, then lower without lumbar snap.

---

💥 ④ Peak contraction
Stop where the target muscle is most shortened.
⏱️ 1-second STOP
Own that position for one second. This is not where you dump the weight.

---

🐌 ⑤ Controlled return
Do not dump the load.
Take 2–3 seconds on the way back.
Return on the same path you pressed or pulled.

---

❌ Common mistakes
❌ Creating height with the lumbar spine
If position breaks, cut the load.
❌ Rotating the pelvis and favoring one side
If position breaks, cut the load.
❌ Bouncing the lockout
Slow the tempo and repeat one clean path.

---

💡 MACHINE FIT PRO TIP
🔥 Use the guided path on GHD3.0 Glute Ham Raise / SW-11 Total Hip. Slow the first two sets, confirm symmetry, then add load.

---

🎯 MACHINE FIT CHECK
🟢 Feet → centered and aligned
🟢 Shoulders → not shrugged
🟢 Return → 2–3 sec control

### 🔥 Remember this

""Extend the hips with the glutes and hamstrings to raise the torso. One-second peak, controlled return."""
BODYSTONE,복근 / 허리 복합 머신,Abs / Back Combo,BEX-350 Back Extension / Side Crunch,PARTIALLY_VERIFIED,Bodystone,Bench / Accessory,https://bodystone.co.kr/product/detail.html?product_no=1916,복근·허리 복합으로 BEX-350 백익스텐션·사이드 크런치 겸용이 해당합니다,"골반 패드, 풋 지지, 모드 자세","🏋️ BODYSTONE — BEX-350 Back Extension / Side Crunch · Bench / Accessory

🎯 ONE KEY CUE
🔥 ""선택한 모드에서 가동 범위를 짧게 통제""

복근·허리 복합으로 BEX-350 백익스텐션·사이드 크런치 겸용이 해당합니다. Bodystone line 구조입니다. 처음부터 무게 올리지 말고, 세팅부터 잡으세요.

---

⚙️ ① 기구 세팅
🪑 좌석 / 패드
시트를 몸에 맞추세요. 시작 위치가 목표 관절 높이에 오는지 확인합니다.
⚙️ 조절 포인트
골반 패드, 풋 지지, 모드 자세를 확인하세요.
이 카테고리는 공식 명칭이 겹칠 수 있으니, 헬스장 기구의 실제 레버·패드 배치를 우선하세요.

---

💪 ② 시작 자세
골반을 안정시키고 목으로 당길 생각을 지웁니다.
이 자세에서 이것만 확인하세요.
👉 골반이 고정돼 있는지

---

🔥 ③ 운동 방법
크런치 또는 익스텐션 궤적으로 왕복.
갈비뼈를 골반 쪽으로 말아 올리는 느낌으로 수축하세요.

---

💥 ④ 최고 수축
목표 근육이 가장 조여지는 끝 지점에서 멈춥니다.
⏱️ 1초 STOP
튕기지 말고 그 지점에서 1초만 소유하세요. 무게를 놓는 순간이 아닙니다.

---

🐌 ⑤ 천천히 돌아오기
중량을 그냥 놓지 마세요.
2~3초 동안 통제하면서 복귀합니다.
시작 자세로 돌아갈 때도 같은 궤적을 유지하세요.

---

❌ 흔한 실수
❌ 반동으로 크게 흔들어 허리를 비트는
템포를 늦추고 같은 궤적만 반복하세요.
❌ 목으로 당겨 몸통을 접는 것
갈비뼈를 골반 쪽으로 만다는 느낌으로 바꾸세요.
❌ 골반이 뜨며 반동을 쓰는 것
템포를 늦추고 같은 궤적만 반복하세요.
❌ 너무 큰 범위로 과하게 꺾는 것
자세가 무너지면 무게를 낮추세요.

---

💡 MACHINE FIT PRO TIP
🔥 BEX-350 Back Extension / Side Crunch의 가이드 궤적을 이용하세요. 첫 2세트는 천천히, 대칭이 확인된 뒤에만 무게를 올립니다.

---

🎯 MACHINE FIT CHECK
🟢 시트/패드 → 몸에 맞춤
🟢 몸통 → 브레스·고정
🟢 어깨 → 으쓱하지 않기
🟢 복귀 → 2~3초 통제

### 🔥 이것만 기억하세요

""목 말고 몸통으로, 끝에서 조이고 천천히.""","🏋️ BODYSTONE — BEX-350 Back Extension / Side Crunch · Bench / Accessory

🎯 ONE KEY CUE
🔥 ""Keep a short, controlled range in the selected mode""

복근·허리 복합으로 BEX-350 백익스텐션·사이드 크런치 겸용이 해당합니다 Lean into the Bodystone line design. Do not chase load until the setup feels locked in.

---

⚙️ ① Setup
🪑 Seat / pads
Fit the seat to your body so the start position sits naturally on the working joint.
⚙️ Adjustments
Check 골반 패드, 풋 지지, 모드 자세.
Naming can overlap in this category — trust the levers and pads on the unit in front of you.

---

💪 ② Start position
Stabilize the pelvis and stop thinking about pulling with the neck.
Check only this:
👉 Pelvis locked

---

🔥 ③ Execution
Curl the ribcage toward the pelvis.
Curl or rotate through the torso, then return without momentum.

---

💥 ④ Peak contraction
Stop where the target muscle is most shortened.
⏱️ 1-second STOP
Own that position for one second. This is not where you dump the weight.

---

🐌 ⑤ Controlled return
Do not dump the load.
Take 2–3 seconds on the way back.
Return on the same path you pressed or pulled.

---

❌ Common mistakes
❌ Pulling with the neck
Curl ribs toward the pelvis instead.
❌ Lifting the pelvis and using momentum
Slow the tempo and repeat one clean path.
❌ Forcing an excessive range
If position breaks, cut the load.

---

💡 MACHINE FIT PRO TIP
🔥 Use the guided path on BEX-350 Back Extension / Side Crunch. Slow the first two sets, confirm symmetry, then add load.

---

🎯 MACHINE FIT CHECK
🟢 Seat/pad → fitted
🟢 Torso → braced
🟢 Shoulders → not shrugged
🟢 Return → 2–3 sec control

### 🔥 Remember this

""Torso curl, squeeze, slow return — not the neck."""
BODYSTONE,케이블 크로스오버,Cable Crossover,SW-05 Cable Crossover / NKRS-021 Cable Crossover,VERIFIED,Bodystone,SW Club,https://bodystone.co.kr/product/detail.html?product_no=3296,바디스톤 SW-05·Kairos NKRS-021 케이블 크로스오버입니다,"도르래 높이, 손잡이, 중량 스택, 스텝 위치","🏋️ BODYSTONE — SW-05 Cable Crossover / NKRS-021 Cable Crossover · SW Club

🎯 ONE KEY CUE
🔥 ""팔꿈치를 고정한 채 케이블을 몸 앞에서 호로 모으기""

바디스톤 SW-05·Kairos NKRS-021 케이블 크로스오버. Cable Motion · SW Club 구조입니다. 처음부터 무게 올리지 말고, 세팅부터 잡으세요.

---

⚙️ ① 기구 세팅
🤲 그립 / 손 위치
손잡이를 편안한 너비로 잡으세요. 손목이 꺾이지 않게 합니다.
⚙️ 조절 포인트
도르래 높이, 손잡이, 중량 스택, 스텝 위치를 확인하세요.

---

💪 ② 시작 자세
발 위치를 잡고 몸통을 브레스한 뒤, 케이블 높이부터 확인합니다.
이 자세에서 이것만 확인하세요.
👉 몸이 케이블에 끌려가지 않는지

---

🔥 ③ 운동 방법
양손을 아래에서 또는 앞에서 모았다 벌리기.
반동 없이 같은 궤적을 반복하세요. 흔들리면 중량을 낮춥니다.

---

💥 ④ 최고 수축
목표 근육이 가장 조여지는 끝 지점에서 멈춥니다.
⏱️ 1초 STOP
튕기지 말고 그 지점에서 1초만 소유하세요. 무게를 놓는 순간이 아닙니다.

---

🐌 ⑤ 천천히 돌아오기
중량을 그냥 놓지 마세요.
2~3초 동안 통제하면서 복귀합니다.
시작 자세로 돌아갈 때도 같은 궤적을 유지하세요.

---

❌ 흔한 실수
❌ 상체를 과도하게 숙여 반동으로 모으는
템포를 늦추고 같은 궤적만 반복하세요.
❌ 케이블에 몸이 끌려가는 것
자세가 무너지면 무게를 낮추세요.
❌ 높이 설정을 대충 하고 시작하는 것
자세가 무너지면 무게를 낮추세요.
❌ 스택을 놓듯 되돌리는 것
자세가 무너지면 무게를 낮추세요.

---

💡 MACHINE FIT PRO TIP
🔥 SW-05 Cable Crossover / NKRS-021 Cable Crossover의 가이드 궤적을 이용하세요. 첫 2세트는 천천히, 대칭이 확인된 뒤에만 무게를 올립니다.

---

🎯 MACHINE FIT CHECK
🟢 몸통 → 브레스·고정
🟢 어깨 → 으쓱하지 않기
🟢 복귀 → 2~3초 통제

### 🔥 이것만 기억하세요

""팔꿈치를 고정한 채 케이블을 몸 앞에서 호로 모으기. 끝에서 1초, 복귀는 통제.""","🏋️ BODYSTONE — SW-05 Cable Crossover / NKRS-021 Cable Crossover · SW Club

🎯 ONE KEY CUE
🔥 ""Keep elbow angle fixed and arc the cables together in front of the body""

바디스톤 SW-05·Kairos NKRS-021 케이블 크로스오버입니다 Lean into the Cable Motion / SW Club design. Do not chase load until the setup feels locked in.

---

⚙️ ① Setup
🤲 Grip / hands
Take a comfortable grip width and keep the wrists stacked, not bent.
⚙️ Adjustments
Check 도르래 높이, 손잡이, 중량 스택, 스텝 위치.

---

💪 ② Start position
Set the stance, brace, then confirm cable height.
Check only this:
👉 Cable is not towing your torso

---

🔥 ③ Execution
Repeat the same path without momentum. Reduce load if you wobble.
Set the line of pull, move through the elbows, return without letting the stack yank you.

---

💥 ④ Peak contraction
Stop where the target muscle is most shortened.
⏱️ 1-second STOP
Own that position for one second. This is not where you dump the weight.

---

🐌 ⑤ Controlled return
Do not dump the load.
Take 2–3 seconds on the way back.
Return on the same path you pressed or pulled.

---

❌ Common mistakes
❌ Letting the cable tow the torso
If position breaks, cut the load.
❌ Skipping height setup
If position breaks, cut the load.
❌ Dumping the stack on the return
If position breaks, cut the load.

---

💡 MACHINE FIT PRO TIP
🔥 Use the guided path on SW-05 Cable Crossover / NKRS-021 Cable Crossover. Slow the first two sets, confirm symmetry, then add load.

---

🎯 MACHINE FIT CHECK
🟢 Torso → braced
🟢 Shoulders → not shrugged
🟢 Return → 2–3 sec control

### 🔥 Remember this

""Keep elbow angle fixed and arc the cables together in front of the body. One-second peak, controlled return."""
BODYSTONE,듀얼 어저스터블 풀리,Dual Adjustable Pulley,DCR-3000 Dual Cable Multi Rack / SW-05 Cable Crossover,PARTIALLY_VERIFIED,Bodystone,Free Weight,https://bodystone.co.kr/product/detail.html?product_no=3888,DAP 전용명보다 DCR-3000 듀얼케이블 멀티랙·SW-05 크로스오버가 해당합니다,"도르래 높이, 좌·우 스택, 손잡이 종류","🏋️ BODYSTONE — DCR-3000 Dual Cable Multi Rack / SW-05 Cable Crossover · Free Weight

🎯 ONE KEY CUE
🔥 ""도르래 높이를 맞춘 뒤 궤적을 짧게 통제""

DAP 전용명보다 DCR-3000 듀얼케이블 멀티랙·SW-05 크로스오버가 해당합니다. Cable Motion · SW Club 구조입니다. 처음부터 무게 올리지 말고, 세팅부터 잡으세요.

---

⚙️ ① 기구 세팅
🤲 그립 / 손 위치
손잡이 종류를 편안한 너비로 잡으세요. 손목이 꺾이지 않게 합니다.
⚙️ 조절 포인트
도르래 높이, 좌·우 스택, 손잡이 종류를 확인하세요.
이 카테고리는 공식 명칭이 겹칠 수 있으니, 헬스장 기구의 실제 레버·패드 배치를 우선하세요.

---

💪 ② 시작 자세
발 위치를 잡고 몸통을 브레스한 뒤, 케이블 높이부터 확인합니다.
이 자세에서 이것만 확인하세요.
👉 몸이 케이블에 끌려가지 않는지

---

🔥 ③ 운동 방법
양 케이블을 목표 근육 방향으로 당겼다 복귀.
반동 없이 같은 궤적을 반복하세요. 흔들리면 중량을 낮춥니다.

---

💥 ④ 최고 수축
목표 근육이 가장 조여지는 끝 지점에서 멈춥니다.
⏱️ 1초 STOP
튕기지 말고 그 지점에서 1초만 소유하세요. 무게를 놓는 순간이 아닙니다.

---

🐌 ⑤ 천천히 돌아오기
중량을 그냥 놓지 마세요.
2~3초 동안 통제하면서 복귀합니다.
시작 자세로 돌아갈 때도 같은 궤적을 유지하세요.

---

❌ 흔한 실수
❌ 너무 무거운 스택으로 자세가 무너지는
자세가 무너지면 무게를 낮추세요.
❌ 케이블에 몸이 끌려가는 것
자세가 무너지면 무게를 낮추세요.
❌ 높이 설정을 대충 하고 시작하는 것
자세가 무너지면 무게를 낮추세요.
❌ 스택을 놓듯 되돌리는 것
자세가 무너지면 무게를 낮추세요.

---

💡 MACHINE FIT PRO TIP
🔥 DCR-3000 Dual Cable Multi Rack / SW-05 Cable Crossover의 가이드 궤적을 이용하세요. 첫 2세트는 천천히, 대칭이 확인된 뒤에만 무게를 올립니다.

---

🎯 MACHINE FIT CHECK
🟢 몸통 → 브레스·고정
🟢 어깨 → 으쓱하지 않기
🟢 복귀 → 2~3초 통제

### 🔥 이것만 기억하세요

""도르래 높이를 맞춘 뒤 궤적을 짧게 통제. 끝에서 1초, 복귀는 통제.""","🏋️ BODYSTONE — DCR-3000 Dual Cable Multi Rack / SW-05 Cable Crossover · Free Weight

🎯 ONE KEY CUE
🔥 ""Set matching pulley heights and keep a short controlled path""

DAP 전용명보다 DCR-3000 듀얼케이블 멀티랙·SW-05 크로스오버가 해당합니다 Lean into the Cable Motion / SW Club design. Do not chase load until the setup feels locked in.

---

⚙️ ① Setup
🤲 Grip / hands
Take a comfortable grip width and keep the wrists stacked, not bent.
⚙️ Adjustments
Check 도르래 높이, 좌·우 스택, 손잡이 종류.
Naming can overlap in this category — trust the levers and pads on the unit in front of you.

---

💪 ② Start position
Set the stance, brace, then confirm cable height.
Check only this:
👉 Cable is not towing your torso

---

🔥 ③ Execution
Repeat the same path without momentum. Reduce load if you wobble.
Set the line of pull, move through the elbows, return without letting the stack yank you.

---

💥 ④ Peak contraction
Stop where the target muscle is most shortened.
⏱️ 1-second STOP
Own that position for one second. This is not where you dump the weight.

---

🐌 ⑤ Controlled return
Do not dump the load.
Take 2–3 seconds on the way back.
Return on the same path you pressed or pulled.

---

❌ Common mistakes
❌ Letting the cable tow the torso
If position breaks, cut the load.
❌ Skipping height setup
If position breaks, cut the load.
❌ Dumping the stack on the return
If position breaks, cut the load.

---

💡 MACHINE FIT PRO TIP
🔥 Use the guided path on DCR-3000 Dual Cable Multi Rack / SW-05 Cable Crossover. Slow the first two sets, confirm symmetry, then add load.

---

🎯 MACHINE FIT CHECK
🟢 Torso → braced
🟢 Shoulders → not shrugged
🟢 Return → 2–3 sec control

### 🔥 Remember this

""Set matching pulley heights and keep a short controlled path. One-second peak, controlled return."""
BODYSTONE,멀티 정글짐,Multi Jungle Gym,SW-04 Chest Weight / NKRS-020 Chest Weight,VERIFIED,Bodystone,SW Club,https://bodystone.co.kr/product/detail.html?product_no=3295,바디스톤 SW-04·Kairos NKRS-020 체스트웨이트 멀티 스테이션(정글짐)입니다,"스테이션 선택, 도르래/패드, 중량 스택","🏋️ BODYSTONE — SW-04 Chest Weight / NKRS-020 Chest Weight · SW Club

🎯 ONE KEY CUE
🔥 ""사용 스테이션의 패드를 맞춘 뒤 해당 궤적만 수행""

바디스톤 SW-04·Kairos NKRS-020 체스트웨이트 멀티 스테이션(정글짐). SW Club 구조입니다. 처음부터 무게 올리지 말고, 세팅부터 잡으세요.

---

⚙️ ① 기구 세팅
🪑 좌석 / 패드
시트를 몸에 맞추세요. 시작 위치가 목표 관절 높이에 오는지 확인합니다.
⚙️ 조절 포인트
스테이션 선택, 도르래/패드, 중량 스택을 확인하세요.

---

💪 ② 시작 자세
발 위치를 잡고 몸통을 브레스한 뒤, 케이블 높이부터 확인합니다.
이 자세에서 이것만 확인하세요.
👉 몸이 케이블에 끌려가지 않는지

---

🔥 ③ 운동 방법
선택한 스테이션 동작으로 당기거나 밀기.
반동 없이 같은 궤적을 반복하세요. 흔들리면 중량을 낮춥니다.

---

💥 ④ 최고 수축
목표 근육이 가장 조여지는 끝 지점에서 멈춥니다.
⏱️ 1초 STOP
튕기지 말고 그 지점에서 1초만 소유하세요. 무게를 놓는 순간이 아닙니다.

---

🐌 ⑤ 천천히 돌아오기
중량을 그냥 놓지 마세요.
2~3초 동안 통제하면서 복귀합니다.
시작 자세로 돌아갈 때도 같은 궤적을 유지하세요.

---

❌ 흔한 실수
❌ 스테이션을 바꾸며 셋업 없이 바로 가압하는
자세가 무너지면 무게를 낮추세요.
❌ 케이블에 몸이 끌려가는 것
자세가 무너지면 무게를 낮추세요.
❌ 높이 설정을 대충 하고 시작하는 것
자세가 무너지면 무게를 낮추세요.
❌ 스택을 놓듯 되돌리는 것
자세가 무너지면 무게를 낮추세요.

---

💡 MACHINE FIT PRO TIP
🔥 SW-04 Chest Weight / NKRS-020 Chest Weight의 가이드 궤적을 이용하세요. 첫 2세트는 천천히, 대칭이 확인된 뒤에만 무게를 올립니다.

---

🎯 MACHINE FIT CHECK
🟢 몸통 → 브레스·고정
🟢 어깨 → 으쓱하지 않기
🟢 복귀 → 2~3초 통제

### 🔥 이것만 기억하세요

""사용 스테이션의 패드를 맞춘 뒤 해당 궤적만 수행. 끝에서 1초, 복귀는 통제.""","🏋️ BODYSTONE — SW-04 Chest Weight / NKRS-020 Chest Weight · SW Club

🎯 ONE KEY CUE
🔥 ""Set the pads for the chosen station and train only that path""

바디스톤 SW-04·Kairos NKRS-020 체스트웨이트 멀티 스테이션(정글짐)입니다 Lean into the SW Club design. Do not chase load until the setup feels locked in.

---

⚙️ ① Setup
🪑 Seat / pads
Fit the seat to your body so the start position sits naturally on the working joint.
⚙️ Adjustments
Check 스테이션 선택, 도르래/패드, 중량 스택.

---

💪 ② Start position
Set the stance, brace, then confirm cable height.
Check only this:
👉 Cable is not towing your torso

---

🔥 ③ Execution
Repeat the same path without momentum. Reduce load if you wobble.
Set the line of pull, move through the elbows, return without letting the stack yank you.

---

💥 ④ Peak contraction
Stop where the target muscle is most shortened.
⏱️ 1-second STOP
Own that position for one second. This is not where you dump the weight.

---

🐌 ⑤ Controlled return
Do not dump the load.
Take 2–3 seconds on the way back.
Return on the same path you pressed or pulled.

---

❌ Common mistakes
❌ Letting the cable tow the torso
If position breaks, cut the load.
❌ Skipping height setup
If position breaks, cut the load.
❌ Dumping the stack on the return
If position breaks, cut the load.

---

💡 MACHINE FIT PRO TIP
🔥 Use the guided path on SW-04 Chest Weight / NKRS-020 Chest Weight. Slow the first two sets, confirm symmetry, then add load.

---

🎯 MACHINE FIT CHECK
🟢 Torso → braced
🟢 Shoulders → not shrugged
🟢 Return → 2–3 sec control

### 🔥 Remember this

""Set the pads for the chosen station and train only that path. One-second peak, controlled return."""
BODYSTONE,어시스트 풀업 / 딥,Assisted Pull-up / Dip,NKRS-010 Assist Chinning & Dipping / SW-16 Chinning & Dipping,VERIFIED,Bodystone,Kairos,https://bodystone.co.kr/product/detail.html?product_no=3684,바디스톤 Kairos NKRS-010 어시스트 치닝디핑·SW-16 치닝&디핑입니다,"무릎/풋 지지 패드, 어시스트 중량, 풀업·딥 손잡이","🏋️ BODYSTONE — NKRS-010 Assist Chinning & Dipping / SW-16 Chinning & Dipping · Kairos

🎯 ONE KEY CUE
🔥 ""모드에 맞춰 어깨를 안정시킨 채 가동을 통제""

바디스톤 Kairos NKRS-010 어시스트 치닝디핑·SW-16 치닝&디핑. Kairos 구조입니다. 처음부터 무게 올리지 말고, 세팅부터 잡으세요.

---

⚙️ ① 기구 세팅
🪑 좌석 / 패드
시트를 몸에 맞추세요. 시작 위치가 목표 관절 높이에 오는지 확인합니다.
🤲 그립 / 손 위치
딥 손잡이를 편안한 너비로 잡으세요. 손목이 꺾이지 않게 합니다.
⚙️ 조절 포인트
무릎/풋 지지 패드, 어시스트 중량, 풀업·딥 손잡이를 확인하세요.

---

💪 ② 시작 자세
발 위치를 잡고 몸통을 브레스한 뒤, 케이블 높이부터 확인합니다.
이 자세에서 이것만 확인하세요.
👉 몸이 케이블에 끌려가지 않는지

---

🔥 ③ 운동 방법
풀업 또는 딥 궤적으로 올렸다 내리기.
반동 없이 같은 궤적을 반복하세요. 흔들리면 중량을 낮춥니다.

---

💥 ④ 최고 수축
목표 근육이 가장 조여지는 끝 지점에서 멈춥니다.
⏱️ 1초 STOP
튕기지 말고 그 지점에서 1초만 소유하세요. 무게를 놓는 순간이 아닙니다.

---

🐌 ⑤ 천천히 돌아오기
중량을 그냥 놓지 마세요.
2~3초 동안 통제하면서 복귀합니다.
시작 자세로 돌아갈 때도 같은 궤적을 유지하세요.

---

❌ 흔한 실수
❌ 어시스트에 의존해 반동으로만 움직이는
템포를 늦추고 같은 궤적만 반복하세요.
❌ 케이블에 몸이 끌려가는 것
자세가 무너지면 무게를 낮추세요.
❌ 높이 설정을 대충 하고 시작하는 것
자세가 무너지면 무게를 낮추세요.
❌ 스택을 놓듯 되돌리는 것
자세가 무너지면 무게를 낮추세요.

---

💡 MACHINE FIT PRO TIP
🔥 NKRS-010 Assist Chinning & Dipping / SW-16 Chinning & Dipping의 가이드 궤적을 이용하세요. 첫 2세트는 천천히, 대칭이 확인된 뒤에만 무게를 올립니다.

---

🎯 MACHINE FIT CHECK
🟢 몸통 → 브레스·고정
🟢 어깨 → 으쓱하지 않기
🟢 복귀 → 2~3초 통제

### 🔥 이것만 기억하세요

""모드에 맞춰 어깨를 안정시킨 채 가동을 통제. 끝에서 1초, 복귀는 통제.""","🏋️ BODYSTONE — NKRS-010 Assist Chinning & Dipping / SW-16 Chinning & Dipping · Kairos

🎯 ONE KEY CUE
🔥 ""Stabilize the shoulders and control the full range for the chosen mode""

바디스톤 Kairos NKRS-010 어시스트 치닝디핑·SW-16 치닝&디핑입니다 Lean into the Kairos design. Do not chase load until the setup feels locked in.

---

⚙️ ① Setup
🪑 Seat / pads
Fit the seat to your body so the start position sits naturally on the working joint.
🤲 Grip / hands
Take a comfortable grip width and keep the wrists stacked, not bent.
⚙️ Adjustments
Check 무릎/풋 지지 패드, 어시스트 중량, 풀업·딥 손잡이.

---

💪 ② Start position
Set the stance, brace, then confirm cable height.
Check only this:
👉 Cable is not towing your torso

---

🔥 ③ Execution
Repeat the same path without momentum. Reduce load if you wobble.
Set the line of pull, move through the elbows, return without letting the stack yank you.

---

💥 ④ Peak contraction
Stop where the target muscle is most shortened.
⏱️ 1-second STOP
Own that position for one second. This is not where you dump the weight.

---

🐌 ⑤ Controlled return
Do not dump the load.
Take 2–3 seconds on the way back.
Return on the same path you pressed or pulled.

---

❌ Common mistakes
❌ Letting the cable tow the torso
If position breaks, cut the load.
❌ Skipping height setup
If position breaks, cut the load.
❌ Dumping the stack on the return
If position breaks, cut the load.

---

💡 MACHINE FIT PRO TIP
🔥 Use the guided path on NKRS-010 Assist Chinning & Dipping / SW-16 Chinning & Dipping. Slow the first two sets, confirm symmetry, then add load.

---

🎯 MACHINE FIT CHECK
🟢 Torso → braced
🟢 Shoulders → not shrugged
🟢 Return → 2–3 sec control

### 🔥 Remember this

""Stabilize the shoulders and control the full range for the chosen mode. One-second peak, controlled return."""
BODYSTONE,스미스 머신,Smith Machine,SW-03 Smith Machine,VERIFIED,Bodystone,SW Club,https://bodystone.co.kr/product/detail.html?product_no=3294,바디스톤 SW-03 스미스머신 클럽용입니다,"바 훅/안전, 바 높이, 풋 스탠스","🏋️ BODYSTONE — SW-03 Smith Machine · SW Club

🎯 ONE KEY CUE
🔥 ""바가 가이드를 따라가게 코어를 잡고 수직에 가깝게 움직이기""

바디스톤 SW-03 스미스머신 클럽용. SW Club 구조입니다. 처음부터 무게 올리지 말고, 세팅부터 잡으세요.

---

⚙️ ① 기구 세팅
⚙️ 조절 포인트
바 훅/안전, 바 높이, 풋 스탠스를 확인하세요.

---

💪 ② 시작 자세
바·안전 높이를 맞춘 뒤 랙 중앙에 몸을 정렬합니다.
이 자세에서 이것만 확인하세요.
👉 안전바가 내 가동범위에 맞는지

---

🔥 ③ 운동 방법
바를 레일을 따라 올렸다 내리기.
반동 없이 같은 궤적을 반복하세요. 흔들리면 중량을 낮춥니다.

---

💥 ④ 최고 수축
목표 근육이 가장 조여지는 끝 지점에서 멈춥니다.
⏱️ 1초 STOP
튕기지 말고 그 지점에서 1초만 소유하세요. 무게를 놓는 순간이 아닙니다.

---

🐌 ⑤ 천천히 돌아오기
중량을 그냥 놓지 마세요.
2~3초 동안 통제하면서 복귀합니다.
시작 자세로 돌아갈 때도 같은 궤적을 유지하세요.

---

❌ 흔한 실수
❌ 안전 훅을 무시하고 과도한 전경·후경을 만드는
자세가 무너지면 무게를 낮추세요.
❌ 안전바 높이를 안 맞추고 올리는 것
세트 전에 안전 위치부터 다시 맞추세요.
❌ 좌우 원판 불균형
자세가 무너지면 무게를 낮추세요.
❌ 바 경로와 발 위치가 어긋나는 것
자세가 무너지면 무게를 낮추세요.

---

💡 MACHINE FIT PRO TIP
🔥 해머 스트렝스 랙/스미스는 “바 경로에 몸을 맞추는” 장비입니다. 중량보다 안전바·시작 높이·발 위치를 먼저 고정하세요.

---

🎯 MACHINE FIT CHECK
🟢 안전바 → 가동범위에 맞춤
🟢 어깨 → 으쓱하지 않기
🟢 복귀 → 2~3초 통제

### 🔥 이것만 기억하세요

""바가 가이드를 따라가게 코어를 잡고 수직에 가깝게 움직이기. 끝에서 1초, 복귀는 통제.""","🏋️ BODYSTONE — SW-03 Smith Machine · SW Club

🎯 ONE KEY CUE
🔥 ""Brace the core and move nearly vertical so the bar follows the guides""

바디스톤 SW-03 스미스머신 클럽용입니다 Lean into the SW Club design. Do not chase load until the setup feels locked in.

---

⚙️ ① Setup
⚙️ Adjustments
Check 바 훅/안전, 바 높이, 풋 스탠스.

---

💪 ② Start position
Set bar and safety height, then center yourself in the rack.
Check only this:
👉 Safeties match your range

---

🔥 ③ Execution
Repeat the same path without momentum. Reduce load if you wobble.
Stay centered on the bar path and control every rep into the safeties.

---

💥 ④ Peak contraction
Stop where the target muscle is most shortened.
⏱️ 1-second STOP
Own that position for one second. This is not where you dump the weight.

---

🐌 ⑤ Controlled return
Do not dump the load.
Take 2–3 seconds on the way back.
Return on the same path you pressed or pulled.

---

❌ Common mistakes
❌ Loading before setting safeties
Reset safety height before the set.
❌ Uneven plates
Match both sides, then confirm with a light set.
❌ Feet fighting the bar path
If position breaks, cut the load.

---

💡 MACHINE FIT PRO TIP
🔥 Hammer Strength racks/Smith units reward lining your body up to the bar path. Safeties and foot placement beat ego loading.

---

🎯 MACHINE FIT CHECK
🟢 Safeties → match your range
🟢 Shoulders → not shrugged
🟢 Return → 2–3 sec control

### 🔥 Remember this

""Brace the core and move nearly vertical so the bar follows the guides. One-second peak, controlled return."""
BODYSTONE,파워 랙,Power Rack,MR3.5N Power Rack / SW-06 Iron Rack,VERIFIED,Bodystone,Free Weight,https://bodystone.co.kr/product/detail.html?product_no=3557,바디스톤 MR3.5N 파워랙·SW-06 아이언랙(스미스+파워랙)입니다,"J훅/세이프티 높이, 바벨 위치, 풋 스탠스","🏋️ BODYSTONE — MR3.5N Power Rack / SW-06 Iron Rack · Free Weight

🎯 ONE KEY CUE
🔥 ""세이프티를 맞춘 뒤 바가 수직 궤적을 유지하게 움직이기""

바디스톤 MR3.5N 파워랙·SW-06 아이언랙(스미스+파워랙). SW Club 구조입니다. 처음부터 무게 올리지 말고, 세팅부터 잡으세요.

---

⚙️ ① 기구 세팅
⚙️ 조절 포인트
J훅/세이프티 높이, 바벨 위치, 풋 스탠스를 확인하세요.

---

💪 ② 시작 자세
바·안전 높이를 맞춘 뒤 랙 중앙에 몸을 정렬합니다.
이 자세에서 이것만 확인하세요.
👉 안전바가 내 가동범위에 맞는지

---

🔥 ③ 운동 방법
랙에서 바벨을 들어 스쿼트·프레스 후 다시 랙.
반동 없이 같은 궤적을 반복하세요. 흔들리면 중량을 낮춥니다.

---

💥 ④ 최고 수축
목표 근육이 가장 조여지는 끝 지점에서 멈춥니다.
⏱️ 1초 STOP
튕기지 말고 그 지점에서 1초만 소유하세요. 무게를 놓는 순간이 아닙니다.

---

🐌 ⑤ 천천히 돌아오기
중량을 그냥 놓지 마세요.
2~3초 동안 통제하면서 복귀합니다.
시작 자세로 돌아갈 때도 같은 궤적을 유지하세요.

---

❌ 흔한 실수
❌ 세이프티 없이 고중량을 다루는
자세가 무너지면 무게를 낮추세요.
❌ 안전바 높이를 안 맞추고 올리는 것
세트 전에 안전 위치부터 다시 맞추세요.
❌ 좌우 원판 불균형
자세가 무너지면 무게를 낮추세요.
❌ 바 경로와 발 위치가 어긋나는 것
자세가 무너지면 무게를 낮추세요.

---

💡 MACHINE FIT PRO TIP
🔥 해머 스트렝스 랙/스미스는 “바 경로에 몸을 맞추는” 장비입니다. 중량보다 안전바·시작 높이·발 위치를 먼저 고정하세요.

---

🎯 MACHINE FIT CHECK
🟢 안전바 → 가동범위에 맞춤
🟢 어깨 → 으쓱하지 않기
🟢 복귀 → 2~3초 통제

### 🔥 이것만 기억하세요

""세이프티를 맞춘 뒤 바가 수직 궤적을 유지하게 움직이기. 끝에서 1초, 복귀는 통제.""","🏋️ BODYSTONE — MR3.5N Power Rack / SW-06 Iron Rack · Free Weight

🎯 ONE KEY CUE
🔥 ""Set the safeties and keep the bar on a vertical path""

바디스톤 MR3.5N 파워랙·SW-06 아이언랙(스미스+파워랙)입니다 Lean into the SW Club design. Do not chase load until the setup feels locked in.

---

⚙️ ① Setup
⚙️ Adjustments
Check J훅/세이프티 높이, 바벨 위치, 풋 스탠스.

---

💪 ② Start position
Set bar and safety height, then center yourself in the rack.
Check only this:
👉 Safeties match your range

---

🔥 ③ Execution
Repeat the same path without momentum. Reduce load if you wobble.
Stay centered on the bar path and control every rep into the safeties.

---

💥 ④ Peak contraction
Stop where the target muscle is most shortened.
⏱️ 1-second STOP
Own that position for one second. This is not where you dump the weight.

---

🐌 ⑤ Controlled return
Do not dump the load.
Take 2–3 seconds on the way back.
Return on the same path you pressed or pulled.

---

❌ Common mistakes
❌ Loading before setting safeties
Reset safety height before the set.
❌ Uneven plates
Match both sides, then confirm with a light set.
❌ Feet fighting the bar path
If position breaks, cut the load.

---

💡 MACHINE FIT PRO TIP
🔥 Hammer Strength racks/Smith units reward lining your body up to the bar path. Safeties and foot placement beat ego loading.

---

🎯 MACHINE FIT CHECK
🟢 Safeties → match your range
🟢 Shoulders → not shrugged
🟢 Return → 2–3 sec control

### 🔥 Remember this

""Set the safeties and keep the bar on a vertical path. One-second peak, controlled return."""
BODYSTONE,하프 랙,Half Rack,MR2.5N Half Rack / HPK-100 Half Rack,VERIFIED,Bodystone,Free Weight,https://bodystone.co.kr/product/detail.html?product_no=3558,바디스톤 MR2.5N·HPK-100 하프랙입니다,"J훅/세이프티 높이, 바벨 위치, 풋 스탠스","🏋️ BODYSTONE — MR2.5N Half Rack / HPK-100 Half Rack · Free Weight

🎯 ONE KEY CUE
🔥 ""하프랙 세이프티 안에서 바가 흔들리지 않게 중심 잡기""

바디스톤 MR2.5N·HPK-100 하프랙. Bodystone line 구조입니다. 처음부터 무게 올리지 말고, 세팅부터 잡으세요.

---

⚙️ ① 기구 세팅
⚙️ 조절 포인트
J훅/세이프티 높이, 바벨 위치, 풋 스탠스를 확인하세요.

---

💪 ② 시작 자세
바·안전 높이를 맞춘 뒤 랙 중앙에 몸을 정렬합니다.
이 자세에서 이것만 확인하세요.
👉 안전바가 내 가동범위에 맞는지

---

🔥 ③ 운동 방법
언랙 후 동작하고 다시 훅에 랙.
반동 없이 같은 궤적을 반복하세요. 흔들리면 중량을 낮춥니다.

---

💥 ④ 최고 수축
목표 근육이 가장 조여지는 끝 지점에서 멈춥니다.
⏱️ 1초 STOP
튕기지 말고 그 지점에서 1초만 소유하세요. 무게를 놓는 순간이 아닙니다.

---

🐌 ⑤ 천천히 돌아오기
중량을 그냥 놓지 마세요.
2~3초 동안 통제하면서 복귀합니다.
시작 자세로 돌아갈 때도 같은 궤적을 유지하세요.

---

❌ 흔한 실수
❌ 훅 높이를 잘못 맞춰 언랙이 불안정한
자세가 무너지면 무게를 낮추세요.
❌ 안전바 높이를 안 맞추고 올리는 것
세트 전에 안전 위치부터 다시 맞추세요.
❌ 좌우 원판 불균형
자세가 무너지면 무게를 낮추세요.
❌ 바 경로와 발 위치가 어긋나는 것
자세가 무너지면 무게를 낮추세요.

---

💡 MACHINE FIT PRO TIP
🔥 해머 스트렝스 랙/스미스는 “바 경로에 몸을 맞추는” 장비입니다. 중량보다 안전바·시작 높이·발 위치를 먼저 고정하세요.

---

🎯 MACHINE FIT CHECK
🟢 안전바 → 가동범위에 맞춤
🟢 어깨 → 으쓱하지 않기
🟢 복귀 → 2~3초 통제

### 🔥 이것만 기억하세요

""하프랙 세이프티 안에서 바가 흔들리지 않게 중심 잡기. 끝에서 1초, 복귀는 통제.""","🏋️ BODYSTONE — MR2.5N Half Rack / HPK-100 Half Rack · Free Weight

🎯 ONE KEY CUE
🔥 ""Stay centered so the bar stays stable inside the half-rack safeties""

바디스톤 MR2.5N·HPK-100 하프랙입니다 Lean into the Bodystone line design. Do not chase load until the setup feels locked in.

---

⚙️ ① Setup
⚙️ Adjustments
Check J훅/세이프티 높이, 바벨 위치, 풋 스탠스.

---

💪 ② Start position
Set bar and safety height, then center yourself in the rack.
Check only this:
👉 Safeties match your range

---

🔥 ③ Execution
Repeat the same path without momentum. Reduce load if you wobble.
Stay centered on the bar path and control every rep into the safeties.

---

💥 ④ Peak contraction
Stop where the target muscle is most shortened.
⏱️ 1-second STOP
Own that position for one second. This is not where you dump the weight.

---

🐌 ⑤ Controlled return
Do not dump the load.
Take 2–3 seconds on the way back.
Return on the same path you pressed or pulled.

---

❌ Common mistakes
❌ Loading before setting safeties
Reset safety height before the set.
❌ Uneven plates
Match both sides, then confirm with a light set.
❌ Feet fighting the bar path
If position breaks, cut the load.

---

💡 MACHINE FIT PRO TIP
🔥 Hammer Strength racks/Smith units reward lining your body up to the bar path. Safeties and foot placement beat ego loading.

---

🎯 MACHINE FIT CHECK
🟢 Safeties → match your range
🟢 Shoulders → not shrugged
🟢 Return → 2–3 sec control

### 🔥 Remember this

""Stay centered so the bar stays stable inside the half-rack safeties. One-second peak, controlled return."""
