brand_code,machine_name_ko,machine_name_en,verified_model,verification_status,manufacturer,product_series,source_url,verified_structure,verified_adjustments,exercise_tip,exercise_tip_en
GYMLECO,체스트 프레스,Chest Press,321 Seated Wide Chest Press,VERIFIED,Gymleco,300 Series Selectorized,https://gymleco.com/collections/selectorized-gym-machines,Gymleco 300시리즈 321 Seated Wide Chest Press(셀렉토라이즈드 체스트)입니다,"시트 높이, 시작 위치, 중량 스택 핀","🏋️ GYMLECO — 321 Seated Wide Chest Press · 300 Series Selectorized

🎯 ONE KEY CUE
🔥 ""견갑을 붙인 채 손잡이를 가슴 중앙으로 밀기""

Gymleco 300시리즈 321 Seated Wide Chest Press(셀렉토라이즈드 체스트). 안쪽으로 모이는 · Gymleco line 구조입니다. 처음부터 무게 올리지 말고, 세팅부터 잡으세요.

---

⚙️ ① 기구 세팅
🪑 좌석 / 패드
시트 높이를 몸에 맞추세요. 시작 위치가 어깨·관절에 자연스럽게 오는지 확인합니다.
🤲 그립 / 손 위치
손잡이를 편안한 너비로 잡으세요. 손목이 꺾이지 않게 합니다.
⚙️ 조절 포인트
시트 높이, 시작 위치, 중량 스택 핀을 확인하세요.

---

💪 ② 시작 자세
등과 골반을 패드에 붙이고, 손잡이가 가슴 높이에 오게 잡습니다.
이 자세에서 이것만 확인하세요.
👉 등이 패드에서 뜨지 않는지

---

🔥 ③ 운동 방법
손잡이를 앞으로 밀었다 천천히 복귀.
손잡이가 직선으로만 가는 게 아닙니다. 기구가 만들어 주는 안쪽 궤적을 그대로 타세요. 억지로 모으지 마세요.

---

💥 ④ 최고 수축
팔꿈치가 앞으로 나가 가슴이 수축되는 지점에서 멈춥니다. 어깨를 더 밀지 마세요.
⏱️ 1초 STOP
튕기지 말고 그 지점에서 1초만 소유하세요. 무게를 놓는 순간이 아닙니다.

---

🐌 ⑤ 천천히 돌아오기
중량을 그냥 놓지 마세요.
2~3초 동안 통제하면서 복귀합니다.
시작 자세로 돌아갈 때도 같은 궤적을 유지하세요.

---

❌ 흔한 실수
❌ 어깨를 앞으로 말며 반동으로 미는 것
템포를 늦추고 같은 궤적만 반복하세요.
❌ 허리를 과하게 아치해 가슴 대신 요추로 미는 것
깊이보다 골반 고정이 먼저입니다. 허리가 뜨면 범위를 줄이세요.
❌ 끝에서 어깨를 더 밀어 넣는 것
자세가 무너지면 무게를 낮추세요.

---

💡 MACHINE FIT PRO TIP
🔥 손잡이가 가운데로 모이는 궤적이 설계입니다. 평행으로만 밀려고 버티지 말고, 기구가 안내하는 수렴 경로를 그대로 타세요.

---

🎯 MACHINE FIT CHECK
🟢 시트/패드 → 몸에 맞춤
🟢 팔꿈치 → 미는/드는 방향
🟢 어깨 → 으쓱하지 않기
🟢 복귀 → 2~3초 통제

### 🔥 이것만 기억하세요

""견갑을 붙인 채 손잡이를 가슴 중앙으로 밀기. 끝에서 1초, 복귀는 통제.""","🏋️ GYMLECO — 321 Seated Wide Chest Press · 300 Series Selectorized

🎯 ONE KEY CUE
🔥 ""Brace scapulae and press the handles through center chest""

Gymleco 300시리즈 321 Seated Wide Chest Press(셀렉토라이즈드 체스트)입니다 Lean into the converging path / Gymleco line design. Do not chase load until the setup feels locked in.

---

⚙️ ① Setup
🪑 Seat / pads
Fit the seat to your body so the start position sits naturally on the working joint.
🤲 Grip / hands
Take a comfortable grip width and keep the wrists stacked, not bent.
⚙️ Adjustments
Check 시트 높이, 시작 위치, 중량 스택 핀.

---

💪 ② Start position
Pin back and pelvis to the pad with the handles at chest height.
Check only this:
👉 Back still on the pad

---

🔥 ③ Execution
The handles are not a straight line — ride the converging path. Do not force them together.
Press out on the machine path, then return under control.

---

💥 ④ Peak contraction
Stop where the chest is contracted — do not dump the shoulders farther forward.
⏱️ 1-second STOP
Own that position for one second. This is not where you dump the weight.

---

🐌 ⑤ Controlled return
Do not dump the load.
Take 2–3 seconds on the way back.
Return on the same path you pressed or pulled.

---

❌ Common mistakes
❌ Dumping the shoulders forward and bouncing the press
Slow the tempo and repeat one clean path.
❌ Over-arching so the low back takes over
If position breaks, cut the load.
❌ Shoving the shoulders farther at lockout
If position breaks, cut the load.

---

💡 MACHINE FIT PRO TIP
🔥 The machine is built to converge. Stop forcing a parallel press — ride the path it gives you.

---

🎯 MACHINE FIT CHECK
🟢 Seat/pad → fitted
🟢 Elbows → press/raise direction
🟢 Shoulders → not shrugged
🟢 Return → 2–3 sec control

### 🔥 Remember this

""Brace scapulae and press the handles through center chest. One-second peak, controlled return."""
GYMLECO,인클라인 체스트 프레스,Incline Chest Press,320 Incline Chest Press,VERIFIED,Gymleco,300 Series Selectorized,https://gymleco.com/collections/selectorized-gym-machines,Gymleco 320 Incline Chest Press 인클라인 체스트입니다,"시트, 시작 각도, 중량 스택","🏋️ GYMLECO — 320 Incline Chest Press · 300 Series Selectorized

🎯 ONE KEY CUE
🔥 ""인클라인 궤적에서 쇄골·상부 가슴 방향으로 밀기""

Gymleco 320 Incline Chest Press 인클라인 체스트. Gymleco line 구조입니다. 처음부터 무게 올리지 말고, 세팅부터 잡으세요.

---

⚙️ ① 기구 세팅
🪑 좌석 / 패드
시트를 몸에 맞추세요. 시작 위치가 어깨·관절에 자연스럽게 오는지 확인합니다.
🤲 그립 / 손 위치
손잡이를 편안한 너비로 잡으세요. 손목이 꺾이지 않게 합니다.
⚙️ 조절 포인트
시트, 시작 각도, 중량 스택을 확인하세요.

---

💪 ② 시작 자세
등과 골반을 패드에 붙이고, 손잡이가 가슴 높이에 오게 잡습니다.
이 자세에서 이것만 확인하세요.
👉 등이 패드에서 뜨지 않는지

---

🔥 ③ 운동 방법
대각선 위·앞으로 밀었다 복귀.
손보다 팔꿈치를 앞(또는 위)으로 보내는 느낌으로 미세요. 끝에서 어깨를 앞으로 밀어 넣지 마세요.

---

💥 ④ 최고 수축
팔꿈치가 앞으로 나가 가슴이 수축되는 지점에서 멈춥니다. 어깨를 더 밀지 마세요.
⏱️ 1초 STOP
튕기지 말고 그 지점에서 1초만 소유하세요. 무게를 놓는 순간이 아닙니다.

---

🐌 ⑤ 천천히 돌아오기
중량을 그냥 놓지 마세요.
2~3초 동안 통제하면서 복귀합니다.
시작 자세로 돌아갈 때도 같은 궤적을 유지하세요.

---

❌ 흔한 실수
❌ 허리를 과아치해 요추에 힘을 주는
깊이보다 골반 고정이 먼저입니다. 허리가 뜨면 범위를 줄이세요.
❌ 어깨를 앞으로 말며 반동으로 미는 것
템포를 늦추고 같은 궤적만 반복하세요.
❌ 허리를 과하게 아치해 가슴 대신 요추로 미는 것
깊이보다 골반 고정이 먼저입니다. 허리가 뜨면 범위를 줄이세요.
❌ 끝에서 어깨를 더 밀어 넣는 것
자세가 무너지면 무게를 낮추세요.

---

💡 MACHINE FIT PRO TIP
🔥 320 Incline Chest Press의 가이드 궤적을 이용하세요. 첫 2세트는 천천히, 대칭이 확인된 뒤에만 무게를 올립니다.

---

🎯 MACHINE FIT CHECK
🟢 시트/패드 → 몸에 맞춤
🟢 팔꿈치 → 미는/드는 방향
🟢 어깨 → 으쓱하지 않기
🟢 복귀 → 2~3초 통제

### 🔥 이것만 기억하세요

""인클라인 궤적에서 쇄골·상부 가슴 방향으로 밀기. 끝에서 1초, 복귀는 통제.""","🏋️ GYMLECO — 320 Incline Chest Press · 300 Series Selectorized

🎯 ONE KEY CUE
🔥 ""Press along the incline path toward upper chest""

Gymleco 320 Incline Chest Press 인클라인 체스트입니다 Lean into the Gymleco line design. Do not chase load until the setup feels locked in.

---

⚙️ ① Setup
🪑 Seat / pads
Fit the seat to your body so the start position sits naturally on the working joint.
🤲 Grip / hands
Take a comfortable grip width and keep the wrists stacked, not bent.
⚙️ Adjustments
Check 시트, 시작 각도, 중량 스택.

---

💪 ② Start position
Pin back and pelvis to the pad with the handles at chest height.
Check only this:
👉 Back still on the pad

---

🔥 ③ Execution
Press by driving the elbows forward/up. Do not dump the shoulders forward at lockout.
Press out on the machine path, then return under control.

---

💥 ④ Peak contraction
Stop where the chest is contracted — do not dump the shoulders farther forward.
⏱️ 1-second STOP
Own that position for one second. This is not where you dump the weight.

---

🐌 ⑤ Controlled return
Do not dump the load.
Take 2–3 seconds on the way back.
Return on the same path you pressed or pulled.

---

❌ Common mistakes
❌ Dumping the shoulders forward and bouncing the press
Slow the tempo and repeat one clean path.
❌ Over-arching so the low back takes over
If position breaks, cut the load.
❌ Shoving the shoulders farther at lockout
If position breaks, cut the load.

---

💡 MACHINE FIT PRO TIP
🔥 Use the guided path on 320 Incline Chest Press. Slow the first two sets, confirm symmetry, then add load.

---

🎯 MACHINE FIT CHECK
🟢 Seat/pad → fitted
🟢 Elbows → press/raise direction
🟢 Shoulders → not shrugged
🟢 Return → 2–3 sec control

### 🔥 Remember this

""Press along the incline path toward upper chest. One-second peak, controlled return."""
GYMLECO,디클라인 체스트 프레스,Decline Chest Press,027 Decline Chest Press,VERIFIED,Gymleco,010 Series Plate Loaded,https://gymleco.com/collections/plate-loaded-machines/,Gymleco 027 Decline Chest Press 플레이트로드 디클라인입니다,"시트/등판, 양쪽 플레이트 로딩","🏋️ GYMLECO — 027 Decline Chest Press · 010 Series Plate Loaded

🎯 ONE KEY CUE
🔥 ""하부 가슴을 향해 아래·앞으로 통제하며 밀기""

Gymleco 027 Decline Chest Press 플레이트로드 디클라인. 플레이트 로딩 · Gymleco line 구조입니다. 처음부터 무게 올리지 말고, 세팅부터 잡으세요.

---

⚙️ ① 기구 세팅
🪑 좌석 / 패드
시트를 몸에 맞추세요. 시작 위치가 어깨·관절에 자연스럽게 오는지 확인합니다.
🤲 그립 / 손 위치
손잡이를 편안한 너비로 잡으세요. 손목이 꺾이지 않게 합니다.
⚙️ 조절 포인트
시트/등판, 양쪽 플레이트 로딩을 확인하세요. 양쪽 플레이트를 동일하게 맞추고, 한쪽만 먼저 올리지 마세요.

---

💪 ② 시작 자세
등과 골반을 패드에 붙이고, 손잡이가 가슴 높이에 오게 잡습니다.
이 자세에서 이것만 확인하세요.
👉 등이 패드에서 뜨지 않는지

---

🔥 ③ 운동 방법
디클라인 각도로 밀었다 천천히 복귀.
손보다 팔꿈치를 앞(또는 위)으로 보내는 느낌으로 미세요. 끝에서 어깨를 앞으로 밀어 넣지 마세요.

---

💥 ④ 최고 수축
팔꿈치가 앞으로 나가 가슴이 수축되는 지점에서 멈춥니다. 어깨를 더 밀지 마세요.
⏱️ 1초 STOP
튕기지 말고 그 지점에서 1초만 소유하세요. 무게를 놓는 순간이 아닙니다.

---

🐌 ⑤ 천천히 돌아오기
중량을 그냥 놓지 마세요.
2~3초 동안 통제하면서 복귀합니다.
시작 자세로 돌아갈 때도 같은 궤적을 유지하세요.

---

❌ 흔한 실수
❌ 팔꿈치를 과벌려 어깨에 부하를 주는
자세가 무너지면 무게를 낮추세요.
❌ 어깨를 앞으로 말며 반동으로 미는 것
템포를 늦추고 같은 궤적만 반복하세요.
❌ 허리를 과하게 아치해 가슴 대신 요추로 미는 것
깊이보다 골반 고정이 먼저입니다. 허리가 뜨면 범위를 줄이세요.
❌ 끝에서 어깨를 더 밀어 넣는 것
자세가 무너지면 무게를 낮추세요.
❌ 양쪽 플레이트 무게를 다르게 올리는 것
양쪽을 맞춘 뒤 가벼운 세트로 좌우를 확인하세요.

---

💡 MACHINE FIT PRO TIP
🔥 027 Decline Chest Press은 플레이트 로딩입니다. 좌우 원판을 동일하게 맞추고, 첫 세트는 궤적·좌우 대칭만 확인한 다음 무게를 올리세요.

---

🎯 MACHINE FIT CHECK
🟢 시트/패드 → 몸에 맞춤
🟢 팔꿈치 → 미는/드는 방향
🟢 원판 → 좌우 동일
🟢 복귀 → 2~3초 통제

### 🔥 이것만 기억하세요

""하부 가슴을 향해 아래·앞으로 통제하며 밀기. 끝에서 1초, 복귀는 통제.""","🏋️ GYMLECO — 027 Decline Chest Press · 010 Series Plate Loaded

🎯 ONE KEY CUE
🔥 ""Press down and forward toward the lower chest with control""

Gymleco 027 Decline Chest Press 플레이트로드 디클라인입니다 Lean into the plate-loaded / Gymleco line design. Do not chase load until the setup feels locked in.

---

⚙️ ① Setup
🪑 Seat / pads
Fit the seat to your body so the start position sits naturally on the working joint.
🤲 Grip / hands
Take a comfortable grip width and keep the wrists stacked, not bent.
⚙️ Adjustments
Check 시트/등판, 양쪽 플레이트 로딩. Match plates on both sides — do not load one arm first.

---

💪 ② Start position
Pin back and pelvis to the pad with the handles at chest height.
Check only this:
👉 Back still on the pad

---

🔥 ③ Execution
Press by driving the elbows forward/up. Do not dump the shoulders forward at lockout.
Press out on the machine path, then return under control.

---

💥 ④ Peak contraction
Stop where the chest is contracted — do not dump the shoulders farther forward.
⏱️ 1-second STOP
Own that position for one second. This is not where you dump the weight.

---

🐌 ⑤ Controlled return
Do not dump the load.
Take 2–3 seconds on the way back.
Return on the same path you pressed or pulled.

---

❌ Common mistakes
❌ Dumping the shoulders forward and bouncing the press
Slow the tempo and repeat one clean path.
❌ Over-arching so the low back takes over
If position breaks, cut the load.
❌ Shoving the shoulders farther at lockout
If position breaks, cut the load.
❌ Loading unequal plates
Match both sides, then confirm with a light set.

---

💡 MACHINE FIT PRO TIP
🔥 027 Decline Chest Press is plate-loaded. Match plates, confirm path and left-right symmetry on set one, then add load.

---

🎯 MACHINE FIT CHECK
🟢 Seat/pad → fitted
🟢 Elbows → press/raise direction
🟢 Plates → matched
🟢 Return → 2–3 sec control

### 🔥 Remember this

""Press down and forward toward the lower chest with control. One-second peak, controlled return."""
GYMLECO,컨버징 체스트 프레스,Converging Chest Press,,BRAND_MODEL_NOT_FOUND,Gymleco,,https://gymleco.com/collections/selectorized-gym-machines,Gymleco 공개 카탈로그에 Converging Chest Press 전용 SKU가 확인되지 않습니다,"시트, 암 시작 폭, 중량","🏋️ GYMLECO — 컨버징 체스트 프레스

🎯 ONE KEY CUE
🔥 ""넓은 시작에서 중앙으로 모으며 밀기""

짐레코 전용 모델이 없는 카테고리입니다. 헬스장에 있는 실제 기구의 패드·레버·안전장치를 먼저 확인한 뒤, 아래 패턴으로 움직이세요.

---

⚙️ ① 기구 세팅
🪑 좌석 / 패드
시트를 몸에 맞추세요. 시작 위치가 어깨·관절에 자연스럽게 오는지 확인합니다.
🤲 그립 / 손 위치
손잡이를 편안한 너비로 잡으세요. 손목이 꺾이지 않게 합니다.
⚙️ 조절 포인트
시트, 암 시작 폭, 중량을 확인하세요.

---

💪 ② 시작 자세
등과 골반을 패드에 붙이고, 손잡이가 가슴 높이에 오게 잡습니다.
이 자세에서 이것만 확인하세요.
👉 등이 패드에서 뜨지 않는지

---

🔥 ③ 운동 방법
양팔이 바깥에서 안쪽으로 모이며 프레스.
손잡이가 직선으로만 가는 게 아닙니다. 기구가 만들어 주는 안쪽 궤적을 그대로 타세요. 억지로 모으지 마세요.

---

💥 ④ 최고 수축
팔꿈치가 앞으로 나가 가슴이 수축되는 지점에서 멈춥니다. 어깨를 더 밀지 마세요.
⏱️ 1초 STOP
튕기지 말고 그 지점에서 1초만 소유하세요. 무게를 놓는 순간이 아닙니다.

---

🐌 ⑤ 천천히 돌아오기
중량을 그냥 놓지 마세요.
2~3초 동안 통제하면서 복귀합니다.
시작 자세로 돌아갈 때도 같은 궤적을 유지하세요.

---

❌ 흔한 실수
❌ 평행으로만 밀어 수렴 궤적을 무시하는
자세가 무너지면 무게를 낮추세요.
❌ 어깨를 앞으로 말며 반동으로 미는 것
템포를 늦추고 같은 궤적만 반복하세요.
❌ 허리를 과하게 아치해 가슴 대신 요추로 미는 것
깊이보다 골반 고정이 먼저입니다. 허리가 뜨면 범위를 줄이세요.
❌ 끝에서 어깨를 더 밀어 넣는 것
자세가 무너지면 무게를 낮추세요.

---

💡 MACHINE FIT PRO TIP
🔥 이 항목은 해머 스트렝스 전용 SKU가 없습니다. ""컨버징 체스트 프레스""로 분류된 실제 기구의 패드·레버·안전장치만 믿고, 가벼운 무게로 5회 리허설 후 본 세트를 시작하세요.

---

🎯 MACHINE FIT CHECK
🟢 시트/패드 → 몸에 맞춤
🟢 팔꿈치 → 미는/드는 방향
🟢 어깨 → 으쓱하지 않기
🟢 복귀 → 2~3초 통제

### 🔥 이것만 기억하세요

""넓은 시작에서 중앙으로 모으며 밀기. 끝에서 1초, 복귀는 통제.""","🏋️ GYMLECO — Converging Chest Press

🎯 ONE KEY CUE
🔥 ""Start wide and press while converging toward center""

There is no dedicated Gymleco SKU for this category. Confirm pads, levers, and safeties on the unit in your gym, then follow the movement pattern below.

---

⚙️ ① Setup
🪑 Seat / pads
Fit the seat to your body so the start position sits naturally on the working joint.
🤲 Grip / hands
Take a comfortable grip width and keep the wrists stacked, not bent.
⚙️ Adjustments
Check 시트, 암 시작 폭, 중량.

---

💪 ② Start position
Pin back and pelvis to the pad with the handles at chest height.
Check only this:
👉 Back still on the pad

---

🔥 ③ Execution
The handles are not a straight line — ride the converging path. Do not force them together.
Press out on the machine path, then return under control.

---

💥 ④ Peak contraction
Stop where the chest is contracted — do not dump the shoulders farther forward.
⏱️ 1-second STOP
Own that position for one second. This is not where you dump the weight.

---

🐌 ⑤ Controlled return
Do not dump the load.
Take 2–3 seconds on the way back.
Return on the same path you pressed or pulled.

---

❌ Common mistakes
❌ Dumping the shoulders forward and bouncing the press
Slow the tempo and repeat one clean path.
❌ Over-arching so the low back takes over
If position breaks, cut the load.
❌ Shoving the shoulders farther at lockout
If position breaks, cut the load.

---

💡 MACHINE FIT PRO TIP
🔥 No dedicated Hammer Strength SKU for this slot. Trust the pads/levers/safeties on the unit labeled like ""Converging Chest Press"", rehearse five light reps, then start working sets.

---

🎯 MACHINE FIT CHECK
🟢 Seat/pad → fitted
🟢 Elbows → press/raise direction
🟢 Shoulders → not shrugged
🟢 Return → 2–3 sec control

### 🔥 Remember this

""Start wide and press while converging toward center. One-second peak, controlled return."""
GYMLECO,아이소래터럴 체스트 프레스,Iso-Lateral Chest Press,"022 ISO Lateral Bench Press, Horizontal",VERIFIED,Gymleco,010 Series Plate Loaded,https://gymleco.com/collections/plate-loaded-machines/,Gymleco 022 ISO Lateral Bench Press Horizontal 독립 암 체스트입니다,"등판, 좌·우 독립 암, 양쪽 플레이트","🏋️ GYMLECO — 022 ISO Lateral Bench Press, Horizontal · 010 Series Plate Loaded

🎯 ONE KEY CUE
🔥 ""좌우 암을 같은 속도로 밀며 불균형을 확인""

Gymleco 022 ISO Lateral Bench Press Horizontal 독립 암 체스트. 좌우가 독립으로 움직이는 · 플레이트 로딩 · Gymleco line 구조입니다. 처음부터 무게 올리지 말고, 세팅부터 잡으세요.

---

⚙️ ① 기구 세팅
🤲 그립 / 손 위치
양손잡이 높이가 좌우 같은지 먼저 보세요. 독립 암이라 한쪽만 어긋나도 바로 느껴집니다.
⚙️ 조절 포인트
등판, 좌·우 독립 암, 양쪽 플레이트를 확인하세요. 양쪽 플레이트를 동일하게 맞추고, 한쪽만 먼저 올리지 마세요. 좌우 시작 위치가 같은지도 같이 봅니다.

---

💪 ② 시작 자세
등과 골반을 패드에 붙이고, 손잡이가 가슴 높이에 오게 잡습니다.
좌우가 같은 높이에서 시작하는지 한 번 더 보세요.
이 자세에서 이것만 확인하세요.
👉 등이 패드에서 뜨지 않는지

---

🔥 ③ 운동 방법
각 팔을 독립적으로 밀었다 복귀.
양쪽을 같은 속도로 움직이세요. 한쪽이 먼저 끝나면 무게를 더 올리기 전에 밸런스부터 잡습니다.

---

💥 ④ 최고 수축
팔꿈치가 앞으로 나가 가슴이 수축되는 지점에서 멈춥니다. 어깨를 더 밀지 마세요.
⏱️ 1초 STOP
튕기지 말고 그 지점에서 1초만 소유하세요. 무게를 놓는 순간이 아닙니다.

---

🐌 ⑤ 천천히 돌아오기
중량을 그냥 놓지 마세요.
2~3초 동안 통제하면서 복귀합니다.
시작 자세로 돌아갈 때도 같은 궤적을 유지하세요.

---

❌ 흔한 실수
❌ 한쪽만 먼저 밀어 비대칭을 키우는
약한 쪽 속도에 강한 쪽을 맞추세요.
❌ 어깨를 앞으로 말며 반동으로 미는 것
템포를 늦추고 같은 궤적만 반복하세요.
❌ 허리를 과하게 아치해 가슴 대신 요추로 미는 것
깊이보다 골반 고정이 먼저입니다. 허리가 뜨면 범위를 줄이세요.
❌ 끝에서 어깨를 더 밀어 넣는 것
자세가 무너지면 무게를 낮추세요.
❌ 한쪽만 먼저 끝내고 반대쪽을 따라가게 하는 것
약한 쪽 속도에 강한 쪽을 맞추세요.

---

💡 MACHINE FIT PRO TIP
🔥 이 기구는 좌우 암이 독립적으로 움직이는 게 장점입니다. 무게를 올리기 전에 양쪽이 같은 속도로 가는지 확인하세요. 한쪽이 먼저 끝까지 가 버리면 중량보다 밸런스가 먼저입니다.

---

🎯 MACHINE FIT CHECK
🟢 시트/패드 → 몸에 맞춤
🟢 팔꿈치 → 미는/드는 방향
🟢 좌우 → 같은 속도
🟢 복귀 → 2~3초 통제

### 🔥 이것만 기억하세요

""좌우 같은 속도, 끝에서 1초, 복귀는 통제.""","🏋️ GYMLECO — 022 ISO Lateral Bench Press, Horizontal · 010 Series Plate Loaded

🎯 ONE KEY CUE
🔥 ""Press both independent arms at the same speed and check balance""

Gymleco 022 ISO Lateral Bench Press Horizontal 독립 암 체스트입니다 Lean into the independent arms / plate-loaded / Gymleco line design. Do not chase load until the setup feels locked in.

---

⚙️ ① Setup
🤲 Grip / hands
Match left and right handle height first — independent arms expose any mismatch immediately.
⚙️ Adjustments
Check 등판, 좌·우 독립 암, 양쪽 플레이트. Match plates on both sides — do not load one arm first. Confirm both sides start from the same position.

---

💪 ② Start position
Pin back and pelvis to the pad with the handles at chest height.
Double-check both sides start at the same height.
Check only this:
👉 Back still on the pad

---

🔥 ③ Execution
Match left-right speed. If one side finishes early, fix balance before adding load.
Press out on the machine path, then return under control. Keep both sides honest.

---

💥 ④ Peak contraction
Stop where the chest is contracted — do not dump the shoulders farther forward.
⏱️ 1-second STOP
Own that position for one second. This is not where you dump the weight.

---

🐌 ⑤ Controlled return
Do not dump the load.
Take 2–3 seconds on the way back.
Return on the same path you pressed or pulled.

---

❌ Common mistakes
❌ Dumping the shoulders forward and bouncing the press
Slow the tempo and repeat one clean path.
❌ Over-arching so the low back takes over
If position breaks, cut the load.
❌ Shoving the shoulders farther at lockout
If position breaks, cut the load.
❌ Letting one side finish early
Match the stronger side to the weaker side’s speed.
❌ Loading unequal plates
Match both sides, then confirm with a light set.

---

💡 MACHINE FIT PRO TIP
🔥 Independent arms are the point. Before you load up, confirm both sides move at the same speed. If one side finishes early, fix balance before adding plates or pins.

---

🎯 MACHINE FIT CHECK
🟢 Seat/pad → fitted
🟢 Elbows → press/raise direction
🟢 Left/right → same speed
🟢 Return → 2–3 sec control

### 🔥 Remember this

""Match sides, one-second peak, controlled return."""
GYMLECO,플레이트로드 체스트 프레스,Plate-Loaded Chest Press,021 Seated Chest Press,VERIFIED,Gymleco,010 Series Plate Loaded,https://gymleco.com/collections/plate-loaded-machines/,Gymleco 021 Seated Chest Press 플레이트로드 시티드 체스트입니다,"시트, 양쪽 플레이트 로딩","🏋️ GYMLECO — 021 Seated Chest Press · 010 Series Plate Loaded

🎯 ONE KEY CUE
🔥 ""양쪽 플레이트를 맞춘 뒤 견갑을 고정하고 밀기""

Gymleco 021 Seated Chest Press 플레이트로드 시티드 체스트. 플레이트 로딩 · Gymleco line 구조입니다. 처음부터 무게 올리지 말고, 세팅부터 잡으세요.

---

⚙️ ① 기구 세팅
🪑 좌석 / 패드
시트를 몸에 맞추세요. 시작 위치가 어깨·관절에 자연스럽게 오는지 확인합니다.
🤲 그립 / 손 위치
손잡이를 편안한 너비로 잡으세요. 손목이 꺾이지 않게 합니다.
⚙️ 조절 포인트
시트, 양쪽 플레이트 로딩을 확인하세요. 양쪽 플레이트를 동일하게 맞추고, 한쪽만 먼저 올리지 마세요.

---

💪 ② 시작 자세
등과 골반을 패드에 붙이고, 손잡이가 가슴 높이에 오게 잡습니다.
이 자세에서 이것만 확인하세요.
👉 등이 패드에서 뜨지 않는지

---

🔥 ③ 운동 방법
손잡이를 앞으로 밀었다 통제 복귀.
손보다 팔꿈치를 앞(또는 위)으로 보내는 느낌으로 미세요. 끝에서 어깨를 앞으로 밀어 넣지 마세요.

---

💥 ④ 최고 수축
팔꿈치가 앞으로 나가 가슴이 수축되는 지점에서 멈춥니다. 어깨를 더 밀지 마세요.
⏱️ 1초 STOP
튕기지 말고 그 지점에서 1초만 소유하세요. 무게를 놓는 순간이 아닙니다.

---

🐌 ⑤ 천천히 돌아오기
중량을 그냥 놓지 마세요.
2~3초 동안 통제하면서 복귀합니다.
시작 자세로 돌아갈 때도 같은 궤적을 유지하세요.

---

❌ 흔한 실수
❌ 한쪽만 먼저 올려 궤적이 틀어지는
약한 쪽 속도에 강한 쪽을 맞추세요.
❌ 어깨를 앞으로 말며 반동으로 미는 것
템포를 늦추고 같은 궤적만 반복하세요.
❌ 허리를 과하게 아치해 가슴 대신 요추로 미는 것
깊이보다 골반 고정이 먼저입니다. 허리가 뜨면 범위를 줄이세요.
❌ 끝에서 어깨를 더 밀어 넣는 것
자세가 무너지면 무게를 낮추세요.
❌ 양쪽 플레이트 무게를 다르게 올리는 것
양쪽을 맞춘 뒤 가벼운 세트로 좌우를 확인하세요.

---

💡 MACHINE FIT PRO TIP
🔥 021 Seated Chest Press은 플레이트 로딩입니다. 좌우 원판을 동일하게 맞추고, 첫 세트는 궤적·좌우 대칭만 확인한 다음 무게를 올리세요.

---

🎯 MACHINE FIT CHECK
🟢 시트/패드 → 몸에 맞춤
🟢 팔꿈치 → 미는/드는 방향
🟢 원판 → 좌우 동일
🟢 복귀 → 2~3초 통제

### 🔥 이것만 기억하세요

""양쪽 플레이트를 맞춘 뒤 견갑을 고정하고 밀기. 끝에서 1초, 복귀는 통제.""","🏋️ GYMLECO — 021 Seated Chest Press · 010 Series Plate Loaded

🎯 ONE KEY CUE
🔥 ""Match plates on both sides, set scapulae, then press""

Gymleco 021 Seated Chest Press 플레이트로드 시티드 체스트입니다 Lean into the plate-loaded / Gymleco line design. Do not chase load until the setup feels locked in.

---

⚙️ ① Setup
🪑 Seat / pads
Fit the seat to your body so the start position sits naturally on the working joint.
🤲 Grip / hands
Take a comfortable grip width and keep the wrists stacked, not bent.
⚙️ Adjustments
Check 시트, 양쪽 플레이트 로딩. Match plates on both sides — do not load one arm first.

---

💪 ② Start position
Pin back and pelvis to the pad with the handles at chest height.
Check only this:
👉 Back still on the pad

---

🔥 ③ Execution
Press by driving the elbows forward/up. Do not dump the shoulders forward at lockout.
Press out on the machine path, then return under control.

---

💥 ④ Peak contraction
Stop where the chest is contracted — do not dump the shoulders farther forward.
⏱️ 1-second STOP
Own that position for one second. This is not where you dump the weight.

---

🐌 ⑤ Controlled return
Do not dump the load.
Take 2–3 seconds on the way back.
Return on the same path you pressed or pulled.

---

❌ Common mistakes
❌ Dumping the shoulders forward and bouncing the press
Slow the tempo and repeat one clean path.
❌ Over-arching so the low back takes over
If position breaks, cut the load.
❌ Shoving the shoulders farther at lockout
If position breaks, cut the load.
❌ Loading unequal plates
Match both sides, then confirm with a light set.

---

💡 MACHINE FIT PRO TIP
🔥 021 Seated Chest Press is plate-loaded. Match plates, confirm path and left-right symmetry on set one, then add load.

---

🎯 MACHINE FIT CHECK
🟢 Seat/pad → fitted
🟢 Elbows → press/raise direction
🟢 Plates → matched
🟢 Return → 2–3 sec control

### 🔥 Remember this

""Match plates on both sides, set scapulae, then press. One-second peak, controlled return."""
GYMLECO,펙덱,Pec Deck,323 Seated Pec Deck,VERIFIED,Gymleco,300 Series Selectorized,https://gymleco.com/collections/selectorized-gym-machines,Gymleco 323 Seated Pec Deck 시티드 펙덱입니다,"시트 높이, 팔 패드/시작 각도, 스택 핀","🏋️ GYMLECO — 323 Seated Pec Deck · 300 Series Selectorized

🎯 ONE KEY CUE
🔥 ""팔꿈치를 패드에 붙인 채 가슴으로 모아 쥐기""

Gymleco 323 Seated Pec Deck 시티드 펙덱. Gymleco line 구조입니다. 처음부터 무게 올리지 말고, 세팅부터 잡으세요.

---

⚙️ ① 기구 세팅
🪑 좌석 / 패드
시트 높이를 몸에 맞추세요. 시작 위치가 어깨·관절에 자연스럽게 오는지 확인합니다.
🤲 그립 / 손 위치
팔 패드를 편안한 너비로 잡으세요. 손목이 꺾이지 않게 합니다.
⚙️ 조절 포인트
시트 높이, 팔 패드/시작 각도, 스택 핀을 확인하세요.

---

💪 ② 시작 자세
등과 골반을 패드에 붙이고, 손잡이가 가슴 높이에 오게 잡습니다.
이 자세에서 이것만 확인하세요.
👉 등이 패드에서 뜨지 않는지

---

🔥 ③ 운동 방법
양팔을 앞에서 모았다 천천히 벌리기.
손보다 팔꿈치를 앞(또는 위)으로 보내는 느낌으로 미세요. 끝에서 어깨를 앞으로 밀어 넣지 마세요.

---

💥 ④ 최고 수축
팔꿈치가 앞으로 나가 가슴이 수축되는 지점에서 멈춥니다. 어깨를 더 밀지 마세요.
⏱️ 1초 STOP
튕기지 말고 그 지점에서 1초만 소유하세요. 무게를 놓는 순간이 아닙니다.

---

🐌 ⑤ 천천히 돌아오기
중량을 그냥 놓지 마세요.
2~3초 동안 통제하면서 복귀합니다.
시작 자세로 돌아갈 때도 같은 궤적을 유지하세요.

---

❌ 흔한 실수
❌ 어깨를 들어 올리며 승모로 당기는
어깨를 귀에서 멀리 두고 다시 시작하세요.
❌ 어깨를 앞으로 말며 반동으로 미는 것
템포를 늦추고 같은 궤적만 반복하세요.
❌ 허리를 과하게 아치해 가슴 대신 요추로 미는 것
깊이보다 골반 고정이 먼저입니다. 허리가 뜨면 범위를 줄이세요.
❌ 끝에서 어깨를 더 밀어 넣는 것
자세가 무너지면 무게를 낮추세요.

---

💡 MACHINE FIT PRO TIP
🔥 323 Seated Pec Deck의 가이드 궤적을 이용하세요. 첫 2세트는 천천히, 대칭이 확인된 뒤에만 무게를 올립니다.

---

🎯 MACHINE FIT CHECK
🟢 시트/패드 → 몸에 맞춤
🟢 팔꿈치 → 미는/드는 방향
🟢 어깨 → 으쓱하지 않기
🟢 복귀 → 2~3초 통제

### 🔥 이것만 기억하세요

""팔꿈치를 패드에 붙인 채 가슴으로 모아 쥐기. 끝에서 1초, 복귀는 통제.""","🏋️ GYMLECO — 323 Seated Pec Deck · 300 Series Selectorized

🎯 ONE KEY CUE
🔥 ""Keep elbows on the pads and squeeze the arms together through the chest""

Gymleco 323 Seated Pec Deck 시티드 펙덱입니다 Lean into the Gymleco line design. Do not chase load until the setup feels locked in.

---

⚙️ ① Setup
🪑 Seat / pads
Fit the seat to your body so the start position sits naturally on the working joint.
🤲 Grip / hands
Take a comfortable grip width and keep the wrists stacked, not bent.
⚙️ Adjustments
Check 시트 높이, 팔 패드/시작 각도, 스택 핀.

---

💪 ② Start position
Pin back and pelvis to the pad with the handles at chest height.
Check only this:
👉 Back still on the pad

---

🔥 ③ Execution
Press by driving the elbows forward/up. Do not dump the shoulders forward at lockout.
Press out on the machine path, then return under control.

---

💥 ④ Peak contraction
Stop where the chest is contracted — do not dump the shoulders farther forward.
⏱️ 1-second STOP
Own that position for one second. This is not where you dump the weight.

---

🐌 ⑤ Controlled return
Do not dump the load.
Take 2–3 seconds on the way back.
Return on the same path you pressed or pulled.

---

❌ Common mistakes
❌ Dumping the shoulders forward and bouncing the press
Slow the tempo and repeat one clean path.
❌ Over-arching so the low back takes over
If position breaks, cut the load.
❌ Shoving the shoulders farther at lockout
If position breaks, cut the load.

---

💡 MACHINE FIT PRO TIP
🔥 Use the guided path on 323 Seated Pec Deck. Slow the first two sets, confirm symmetry, then add load.

---

🎯 MACHINE FIT CHECK
🟢 Seat/pad → fitted
🟢 Elbows → press/raise direction
🟢 Shoulders → not shrugged
🟢 Return → 2–3 sec control

### 🔥 Remember this

""Keep elbows on the pads and squeeze the arms together through the chest. One-second peak, controlled return."""
GYMLECO,리어 델트 / 리버스 펙덱,Rear Delt / Reverse Pec Deck,333 Rear Deltoid Shoulder,PARTIALLY_VERIFIED,Gymleco,300 Series Selectorized,https://gymleco.com/collections/selectorized-gym-machines,Gymleco 333 Rear Deltoid Shoulder(335 Rear Deltoid/Pec Deck 콤보도 있음) (카탈로그 '리어 델트 머신' → 카테고리 '리어 델트 / 리버스 펙덱' 매핑),"시트, 가슴 패드, 암 시작, 스택","🏋️ GYMLECO — 333 Rear Deltoid Shoulder · 300 Series Selectorized

🎯 ONE KEY CUE
🔥 ""가슴을 패드에 붙인 채 팔꿈치를 뒤로 벌리기""

Gymleco 333 Rear Deltoid Shoulder(335 Rear Deltoid/Pec Deck 콤보도 있음) (카탈로그 '리어 델트 머신' → 카테고리 '리어 델트 / 리버스 펙덱' 매핑). Gymleco line 구조입니다. 처음부터 무게 올리지 말고, 세팅부터 잡으세요.

---

⚙️ ① 기구 세팅
🪑 좌석 / 패드
시트를 몸에 맞추세요. 시작 위치가 어깨·관절에 자연스럽게 오는지 확인합니다.
🤲 그립 / 손 위치
손잡이를 편안한 너비로 잡으세요. 손목이 꺾이지 않게 합니다.
⚙️ 조절 포인트
시트, 가슴 패드, 암 시작, 스택을 확인하세요.
이 카테고리는 공식 명칭이 겹칠 수 있으니, 헬스장 기구의 실제 레버·패드 배치를 우선하세요.

---

💪 ② 시작 자세
갈비뼈를 내리고 허리를 과하게 아치하지 않습니다. 팔꿈치를 시작 궤적에 올립니다.
이 자세에서 이것만 확인하세요.
👉 허리가 과하게 꺾이지 않는지

---

🔥 ③ 운동 방법
팔을 뒤로 벌렸다 앞으로 복귀.
반동으로 올리지 마세요. 팔꿈치가 궤적을 주도하게 둡니다.

---

💥 ④ 최고 수축
목표 근육이 가장 조여지는 끝 지점에서 멈춥니다.
⏱️ 1초 STOP
튕기지 말고 그 지점에서 1초만 소유하세요. 무게를 놓는 순간이 아닙니다.

---

🐌 ⑤ 천천히 돌아오기
중량을 그냥 놓지 마세요.
2~3초 동안 통제하면서 복귀합니다.
시작 자세로 돌아갈 때도 같은 궤적을 유지하세요.

---

❌ 흔한 실수
❌ 광배·허리로 당기며 후면 삼각을 빼는
자세가 무너지면 무게를 낮추세요.
❌ 허리를 꺾어 프레스하는 것
자세가 무너지면 무게를 낮추세요.
❌ 어깨를 귀 쪽으로 으쓱하는 것
어깨를 귀에서 멀리 두고 다시 시작하세요.
❌ 반동으로 들어 올리는 것
템포를 늦추고 같은 궤적만 반복하세요.

---

💡 MACHINE FIT PRO TIP
🔥 333 Rear Deltoid Shoulder의 가이드 궤적을 이용하세요. 첫 2세트는 천천히, 대칭이 확인된 뒤에만 무게를 올립니다.

---

🎯 MACHINE FIT CHECK
🟢 시트/패드 → 몸에 맞춤
🟢 팔꿈치 → 미는/드는 방향
🟢 어깨 → 으쓱하지 않기
🟢 복귀 → 2~3초 통제

### 🔥 이것만 기억하세요

""가슴을 패드에 붙인 채 팔꿈치를 뒤로 벌리기. 끝에서 1초, 복귀는 통제.""","🏋️ GYMLECO — 333 Rear Deltoid Shoulder · 300 Series Selectorized

🎯 ONE KEY CUE
🔥 ""Keep the chest on the pad and open the elbows rearward""

Gymleco 333 Rear Deltoid Shoulder(335 Rear Deltoid/Pec Deck 콤보도 있음) (카탈로그 '리어 델트 머신' → 카테고리 '리어 델트 / 리버스 펙덱' 매핑) Lean into the Gymleco line design. Do not chase load until the setup feels locked in.

---

⚙️ ① Setup
🪑 Seat / pads
Fit the seat to your body so the start position sits naturally on the working joint.
🤲 Grip / hands
Take a comfortable grip width and keep the wrists stacked, not bent.
⚙️ Adjustments
Check 시트, 가슴 패드, 암 시작, 스택.
Naming can overlap in this category — trust the levers and pads on the unit in front of you.

---

💪 ② Start position
Drop the ribs — do not over-arch. Set the elbows on the press path.
Check only this:
👉 Low back not over-arched

---

🔥 ③ Execution
No bounce. Let the elbows own the path.
Press or raise on the guided path, then lower without dumping the shoulders.

---

💥 ④ Peak contraction
Stop where the target muscle is most shortened.
⏱️ 1-second STOP
Own that position for one second. This is not where you dump the weight.

---

🐌 ⑤ Controlled return
Do not dump the load.
Take 2–3 seconds on the way back.
Return on the same path you pressed or pulled.

---

❌ Common mistakes
❌ Pressing with an over-arched low back
If position breaks, cut the load.
❌ Shrugging the shoulders into the ears
Keep the shoulders away from the ears and restart.
❌ Bouncing the weight up
Slow the tempo and repeat one clean path.

---

💡 MACHINE FIT PRO TIP
🔥 Use the guided path on 333 Rear Deltoid Shoulder. Slow the first two sets, confirm symmetry, then add load.

---

🎯 MACHINE FIT CHECK
🟢 Seat/pad → fitted
🟢 Elbows → press/raise direction
🟢 Shoulders → not shrugged
🟢 Return → 2–3 sec control

### 🔥 Remember this

""Keep the chest on the pad and open the elbows rearward. One-second peak, controlled return."""
GYMLECO,플라이 머신,Fly Machine,326 Standing Pec Fly,VERIFIED,Gymleco,300 Series Selectorized,https://gymleco.com/collections/selectorized-gym-machines,Gymleco 326 Standing Pec Fly 스탠딩 펙 플라이입니다,"스탠스, 암 시작 높이, 스택 핀","🏋️ GYMLECO — 326 Standing Pec Fly · 300 Series Selectorized

🎯 ONE KEY CUE
🔥 ""약간 굽힌 팔꿈치를 유지한 채 가슴 앞에서 모으기""

Gymleco 326 Standing Pec Fly 스탠딩 펙 플라이. Gymleco line 구조입니다. 처음부터 무게 올리지 말고, 세팅부터 잡으세요.

---

⚙️ ① 기구 세팅
🤲 그립 / 손 위치
손잡이를 편안한 너비로 잡으세요. 손목이 꺾이지 않게 합니다.
⚙️ 조절 포인트
스탠스, 암 시작 높이, 스택 핀을 확인하세요.

---

💪 ② 시작 자세
등과 골반을 패드에 붙이고, 손잡이가 가슴 높이에 오게 잡습니다.
이 자세에서 이것만 확인하세요.
👉 등이 패드에서 뜨지 않는지

---

🔥 ③ 운동 방법
아크 궤적으로 모았다 벌리기.
손보다 팔꿈치를 앞(또는 위)으로 보내는 느낌으로 미세요. 끝에서 어깨를 앞으로 밀어 넣지 마세요.

---

💥 ④ 최고 수축
팔꿈치가 앞으로 나가 가슴이 수축되는 지점에서 멈춥니다. 어깨를 더 밀지 마세요.
⏱️ 1초 STOP
튕기지 말고 그 지점에서 1초만 소유하세요. 무게를 놓는 순간이 아닙니다.

---

🐌 ⑤ 천천히 돌아오기
중량을 그냥 놓지 마세요.
2~3초 동안 통제하면서 복귀합니다.
시작 자세로 돌아갈 때도 같은 궤적을 유지하세요.

---

❌ 흔한 실수
❌ 팔꿈치를 펴 어깨 관절에 과도한 스트레치를 주는
자세가 무너지면 무게를 낮추세요.
❌ 어깨를 앞으로 말며 반동으로 미는 것
템포를 늦추고 같은 궤적만 반복하세요.
❌ 허리를 과하게 아치해 가슴 대신 요추로 미는 것
깊이보다 골반 고정이 먼저입니다. 허리가 뜨면 범위를 줄이세요.
❌ 끝에서 어깨를 더 밀어 넣는 것
자세가 무너지면 무게를 낮추세요.

---

💡 MACHINE FIT PRO TIP
🔥 326 Standing Pec Fly의 가이드 궤적을 이용하세요. 첫 2세트는 천천히, 대칭이 확인된 뒤에만 무게를 올립니다.

---

🎯 MACHINE FIT CHECK
🟢 시트/패드 → 몸에 맞춤
🟢 팔꿈치 → 미는/드는 방향
🟢 어깨 → 으쓱하지 않기
🟢 복귀 → 2~3초 통제

### 🔥 이것만 기억하세요

""약간 굽힌 팔꿈치를 유지한 채 가슴 앞에서 모으기. 끝에서 1초, 복귀는 통제.""","🏋️ GYMLECO — 326 Standing Pec Fly · 300 Series Selectorized

🎯 ONE KEY CUE
🔥 ""Keep a soft elbow bend and bring the arms together in front of the chest""

Gymleco 326 Standing Pec Fly 스탠딩 펙 플라이입니다 Lean into the Gymleco line design. Do not chase load until the setup feels locked in.

---

⚙️ ① Setup
🤲 Grip / hands
Take a comfortable grip width and keep the wrists stacked, not bent.
⚙️ Adjustments
Check 스탠스, 암 시작 높이, 스택 핀.

---

💪 ② Start position
Pin back and pelvis to the pad with the handles at chest height.
Check only this:
👉 Back still on the pad

---

🔥 ③ Execution
Press by driving the elbows forward/up. Do not dump the shoulders forward at lockout.
Press out on the machine path, then return under control.

---

💥 ④ Peak contraction
Stop where the chest is contracted — do not dump the shoulders farther forward.
⏱️ 1-second STOP
Own that position for one second. This is not where you dump the weight.

---

🐌 ⑤ Controlled return
Do not dump the load.
Take 2–3 seconds on the way back.
Return on the same path you pressed or pulled.

---

❌ Common mistakes
❌ Dumping the shoulders forward and bouncing the press
Slow the tempo and repeat one clean path.
❌ Over-arching so the low back takes over
If position breaks, cut the load.
❌ Shoving the shoulders farther at lockout
If position breaks, cut the load.

---

💡 MACHINE FIT PRO TIP
🔥 Use the guided path on 326 Standing Pec Fly. Slow the first two sets, confirm symmetry, then add load.

---

🎯 MACHINE FIT CHECK
🟢 Seat/pad → fitted
🟢 Elbows → press/raise direction
🟢 Shoulders → not shrugged
🟢 Return → 2–3 sec control

### 🔥 Remember this

""Keep a soft elbow bend and bring the arms together in front of the chest. One-second peak, controlled return."""
GYMLECO,딥 머신,Dip Machine,055 Dip Press,VERIFIED,Gymleco,010 Series Plate Loaded,https://gymleco.com/collections/plate-loaded-machines/,Gymleco 055 Dip Press 플레이트로드 딥 프레스입니다,"시트/풋 지지, 양쪽 플레이트","🏋️ GYMLECO — 055 Dip Press · 010 Series Plate Loaded

🎯 ONE KEY CUE
🔥 ""어깨를 귀에서 내린 채 팔꿈치로 내려갔다 밀기""

Gymleco 055 Dip Press 플레이트로드 딥 프레스. 플레이트 로딩 · Gymleco line 구조입니다. 처음부터 무게 올리지 말고, 세팅부터 잡으세요.

---

⚙️ ① 기구 세팅
🪑 좌석 / 패드
시트를 몸에 맞추세요. 시작 위치가 어깨·관절에 자연스럽게 오는지 확인합니다.
🤲 그립 / 손 위치
손잡이를 편안한 너비로 잡으세요. 손목이 꺾이지 않게 합니다.
⚙️ 조절 포인트
시트/풋 지지, 양쪽 플레이트를 확인하세요. 양쪽 플레이트를 동일하게 맞추고, 한쪽만 먼저 올리지 마세요.

---

💪 ② 시작 자세
등과 골반을 패드에 붙이고, 손잡이가 가슴 높이에 오게 잡습니다.
이 자세에서 이것만 확인하세요.
👉 등이 패드에서 뜨지 않는지

---

🔥 ③ 운동 방법
손잡이를 아래로 눌렀다 위로 밀기.
손보다 팔꿈치를 앞(또는 위)으로 보내는 느낌으로 미세요. 끝에서 어깨를 앞으로 밀어 넣지 마세요.

---

💥 ④ 최고 수축
팔꿈치가 앞으로 나가 가슴이 수축되는 지점에서 멈춥니다. 어깨를 더 밀지 마세요.
⏱️ 1초 STOP
튕기지 말고 그 지점에서 1초만 소유하세요. 무게를 놓는 순간이 아닙니다.

---

🐌 ⑤ 천천히 돌아오기
중량을 그냥 놓지 마세요.
2~3초 동안 통제하면서 복귀합니다.
시작 자세로 돌아갈 때도 같은 궤적을 유지하세요.

---

❌ 흔한 실수
❌ 너무 깊이 내려가 어깨 전면을 과신전하는
자세가 무너지면 무게를 낮추세요.
❌ 어깨를 앞으로 말며 반동으로 미는 것
템포를 늦추고 같은 궤적만 반복하세요.
❌ 허리를 과하게 아치해 가슴 대신 요추로 미는 것
깊이보다 골반 고정이 먼저입니다. 허리가 뜨면 범위를 줄이세요.
❌ 끝에서 어깨를 더 밀어 넣는 것
자세가 무너지면 무게를 낮추세요.
❌ 양쪽 플레이트 무게를 다르게 올리는 것
양쪽을 맞춘 뒤 가벼운 세트로 좌우를 확인하세요.

---

💡 MACHINE FIT PRO TIP
🔥 055 Dip Press은 플레이트 로딩입니다. 좌우 원판을 동일하게 맞추고, 첫 세트는 궤적·좌우 대칭만 확인한 다음 무게를 올리세요.

---

🎯 MACHINE FIT CHECK
🟢 시트/패드 → 몸에 맞춤
🟢 팔꿈치 → 미는/드는 방향
🟢 원판 → 좌우 동일
🟢 복귀 → 2~3초 통제

### 🔥 이것만 기억하세요

""어깨를 귀에서 내린 채 팔꿈치로 내려갔다 밀기. 끝에서 1초, 복귀는 통제.""","🏋️ GYMLECO — 055 Dip Press · 010 Series Plate Loaded

🎯 ONE KEY CUE
🔥 ""Keep shoulders down and drive up from the bottom elbow position""

Gymleco 055 Dip Press 플레이트로드 딥 프레스입니다 Lean into the plate-loaded / Gymleco line design. Do not chase load until the setup feels locked in.

---

⚙️ ① Setup
🪑 Seat / pads
Fit the seat to your body so the start position sits naturally on the working joint.
🤲 Grip / hands
Take a comfortable grip width and keep the wrists stacked, not bent.
⚙️ Adjustments
Check 시트/풋 지지, 양쪽 플레이트. Match plates on both sides — do not load one arm first.

---

💪 ② Start position
Pin back and pelvis to the pad with the handles at chest height.
Check only this:
👉 Back still on the pad

---

🔥 ③ Execution
Press by driving the elbows forward/up. Do not dump the shoulders forward at lockout.
Press out on the machine path, then return under control.

---

💥 ④ Peak contraction
Stop where the chest is contracted — do not dump the shoulders farther forward.
⏱️ 1-second STOP
Own that position for one second. This is not where you dump the weight.

---

🐌 ⑤ Controlled return
Do not dump the load.
Take 2–3 seconds on the way back.
Return on the same path you pressed or pulled.

---

❌ Common mistakes
❌ Dumping the shoulders forward and bouncing the press
Slow the tempo and repeat one clean path.
❌ Over-arching so the low back takes over
If position breaks, cut the load.
❌ Shoving the shoulders farther at lockout
If position breaks, cut the load.
❌ Loading unequal plates
Match both sides, then confirm with a light set.

---

💡 MACHINE FIT PRO TIP
🔥 055 Dip Press is plate-loaded. Match plates, confirm path and left-right symmetry on set one, then add load.

---

🎯 MACHINE FIT CHECK
🟢 Seat/pad → fitted
🟢 Elbows → press/raise direction
🟢 Plates → matched
🟢 Return → 2–3 sec control

### 🔥 Remember this

""Keep shoulders down and drive up from the bottom elbow position. One-second peak, controlled return."""
GYMLECO,어시스트 딥,Assisted Dip,314 Chins/Dips,VERIFIED,Gymleco,300 Series Selectorized,https://gymleco.com/collections/selectorized-gym-machines,Gymleco 314 Chins/Dips 어시스트 친업·딥 콤보입니다,"어시스트 스택, 무릎/발 패드, 딥 그립","🏋️ GYMLECO — 314 Chins/Dips · 300 Series Selectorized

🎯 ONE KEY CUE
🔥 ""어시스트를 맞춘 뒤 몸통을 곧게 유지하고 딥""

Gymleco 314 Chins/Dips 어시스트 친업·딥 콤보. Gymleco line 구조입니다. 처음부터 무게 올리지 말고, 세팅부터 잡으세요.

---

⚙️ ① 기구 세팅
🪑 좌석 / 패드
시트를 몸에 맞추세요. 시작 위치가 목표 관절 높이에 오는지 확인합니다.
🤲 그립 / 손 위치
딥 그립를 편안한 너비로 잡으세요. 손목이 꺾이지 않게 합니다.
🦶 발 위치
지지하는 발을 먼저 고정하세요. 흔들리면 중량을 낮춥니다.
⚙️ 조절 포인트
어시스트 스택, 무릎/발 패드, 딥 그립을 확인하세요.

---

💪 ② 시작 자세
등과 골반을 패드에 붙이고, 손잡이가 가슴 높이에 오게 잡습니다.
이 자세에서 이것만 확인하세요.
👉 등이 패드에서 뜨지 않는지

---

🔥 ③ 운동 방법
팔꿈치를 굽혀 내려갔다 밀어 올리기.
손보다 팔꿈치를 앞(또는 위)으로 보내는 느낌으로 미세요. 끝에서 어깨를 앞으로 밀어 넣지 마세요.

---

💥 ④ 최고 수축
팔꿈치가 앞으로 나가 가슴이 수축되는 지점에서 멈춥니다. 어깨를 더 밀지 마세요.
⏱️ 1초 STOP
튕기지 말고 그 지점에서 1초만 소유하세요. 무게를 놓는 순간이 아닙니다.

---

🐌 ⑤ 천천히 돌아오기
중량을 그냥 놓지 마세요.
2~3초 동안 통제하면서 복귀합니다.
시작 자세로 돌아갈 때도 같은 궤적을 유지하세요.

---

❌ 흔한 실수
❌ 반동으로 몸을 흔들며 내려가는
템포를 늦추고 같은 궤적만 반복하세요.
❌ 어깨를 앞으로 말며 반동으로 미는 것
템포를 늦추고 같은 궤적만 반복하세요.
❌ 허리를 과하게 아치해 가슴 대신 요추로 미는 것
깊이보다 골반 고정이 먼저입니다. 허리가 뜨면 범위를 줄이세요.
❌ 끝에서 어깨를 더 밀어 넣는 것
자세가 무너지면 무게를 낮추세요.

---

💡 MACHINE FIT PRO TIP
🔥 314 Chins/Dips의 가이드 궤적을 이용하세요. 첫 2세트는 천천히, 대칭이 확인된 뒤에만 무게를 올립니다.

---

🎯 MACHINE FIT CHECK
🟢 시트/패드 → 몸에 맞춤
🟢 팔꿈치 → 미는/드는 방향
🟢 어깨 → 으쓱하지 않기
🟢 복귀 → 2~3초 통제

### 🔥 이것만 기억하세요

""어시스트를 맞춘 뒤 몸통을 곧게 유지하고 딥. 끝에서 1초, 복귀는 통제.""","🏋️ GYMLECO — 314 Chins/Dips · 300 Series Selectorized

🎯 ONE KEY CUE
🔥 ""Set the assist, keep the torso tall, then dip""

Gymleco 314 Chins/Dips 어시스트 친업·딥 콤보입니다 Lean into the Gymleco line design. Do not chase load until the setup feels locked in.

---

⚙️ ① Setup
🪑 Seat / pads
Fit the seat to your body so the start position sits naturally on the working joint.
🤲 Grip / hands
Take a comfortable grip width and keep the wrists stacked, not bent.
🦶 Feet
Lock in the support foot before you move. Reduce load if you wobble.
⚙️ Adjustments
Check 어시스트 스택, 무릎/발 패드, 딥 그립.

---

💪 ② Start position
Pin back and pelvis to the pad with the handles at chest height.
Check only this:
👉 Back still on the pad

---

🔥 ③ Execution
Press by driving the elbows forward/up. Do not dump the shoulders forward at lockout.
Press out on the machine path, then return under control.

---

💥 ④ Peak contraction
Stop where the chest is contracted — do not dump the shoulders farther forward.
⏱️ 1-second STOP
Own that position for one second. This is not where you dump the weight.

---

🐌 ⑤ Controlled return
Do not dump the load.
Take 2–3 seconds on the way back.
Return on the same path you pressed or pulled.

---

❌ Common mistakes
❌ Dumping the shoulders forward and bouncing the press
Slow the tempo and repeat one clean path.
❌ Over-arching so the low back takes over
If position breaks, cut the load.
❌ Shoving the shoulders farther at lockout
If position breaks, cut the load.

---

💡 MACHINE FIT PRO TIP
🔥 Use the guided path on 314 Chins/Dips. Slow the first two sets, confirm symmetry, then add load.

---

🎯 MACHINE FIT CHECK
🟢 Seat/pad → fitted
🟢 Elbows → press/raise direction
🟢 Shoulders → not shrugged
🟢 Return → 2–3 sec control

### 🔥 Remember this

""Set the assist, keep the torso tall, then dip. One-second peak, controlled return."""
GYMLECO,슈퍼 인클라인 프레스,Super Incline Press,020 Lateral Incline Bench Press,PARTIALLY_VERIFIED,Gymleco,010 Series Plate Loaded,https://gymleco.com/collections/plate-loaded-machines/,슈퍼 인클라인 전용명 없이 020 Lateral Incline Bench Press가 가장 가깝습니다,"시트/등판, 양쪽 플레이트","🏋️ GYMLECO — 020 Lateral Incline Bench Press · 010 Series Plate Loaded

🎯 ONE KEY CUE
🔥 ""높은 인클라인에서 상부 가슴·전면 삼각으로 밀기""

슈퍼 인클라인 전용명 없이 020 Lateral Incline Bench Press가 가장 가깝습니다. 플레이트 로딩 · Gymleco line 구조입니다. 처음부터 무게 올리지 말고, 세팅부터 잡으세요.

---

⚙️ ① 기구 세팅
🪑 좌석 / 패드
시트를 몸에 맞추세요. 시작 위치가 어깨·관절에 자연스럽게 오는지 확인합니다.
🤲 그립 / 손 위치
손잡이를 편안한 너비로 잡으세요. 손목이 꺾이지 않게 합니다.
⚙️ 조절 포인트
시트/등판, 양쪽 플레이트를 확인하세요. 양쪽 플레이트를 동일하게 맞추고, 한쪽만 먼저 올리지 마세요.
이 카테고리는 공식 명칭이 겹칠 수 있으니, 헬스장 기구의 실제 레버·패드 배치를 우선하세요.

---

💪 ② 시작 자세
등과 골반을 패드에 붙이고, 손잡이가 가슴 높이에 오게 잡습니다.
이 자세에서 이것만 확인하세요.
👉 등이 패드에서 뜨지 않는지

---

🔥 ③ 운동 방법
가파른 인클라인으로 밀었다 복귀.
손보다 팔꿈치를 앞(또는 위)으로 보내는 느낌으로 미세요. 끝에서 어깨를 앞으로 밀어 넣지 마세요.

---

💥 ④ 최고 수축
팔꿈치가 앞으로 나가 가슴이 수축되는 지점에서 멈춥니다. 어깨를 더 밀지 마세요.
⏱️ 1초 STOP
튕기지 말고 그 지점에서 1초만 소유하세요. 무게를 놓는 순간이 아닙니다.

---

🐌 ⑤ 천천히 돌아오기
중량을 그냥 놓지 마세요.
2~3초 동안 통제하면서 복귀합니다.
시작 자세로 돌아갈 때도 같은 궤적을 유지하세요.

---

❌ 흔한 실수
❌ 허리를 띄워 각도를 잃는
자세가 무너지면 무게를 낮추세요.
❌ 어깨를 앞으로 말며 반동으로 미는 것
템포를 늦추고 같은 궤적만 반복하세요.
❌ 허리를 과하게 아치해 가슴 대신 요추로 미는 것
깊이보다 골반 고정이 먼저입니다. 허리가 뜨면 범위를 줄이세요.
❌ 끝에서 어깨를 더 밀어 넣는 것
자세가 무너지면 무게를 낮추세요.
❌ 양쪽 플레이트 무게를 다르게 올리는 것
양쪽을 맞춘 뒤 가벼운 세트로 좌우를 확인하세요.

---

💡 MACHINE FIT PRO TIP
🔥 020 Lateral Incline Bench Press은 플레이트 로딩입니다. 좌우 원판을 동일하게 맞추고, 첫 세트는 궤적·좌우 대칭만 확인한 다음 무게를 올리세요.

---

🎯 MACHINE FIT CHECK
🟢 시트/패드 → 몸에 맞춤
🟢 팔꿈치 → 미는/드는 방향
🟢 원판 → 좌우 동일
🟢 복귀 → 2~3초 통제

### 🔥 이것만 기억하세요

""높은 인클라인에서 상부 가슴·전면 삼각으로 밀기. 끝에서 1초, 복귀는 통제.""","🏋️ GYMLECO — 020 Lateral Incline Bench Press · 010 Series Plate Loaded

🎯 ONE KEY CUE
🔥 ""On a steep incline, press toward upper chest and front delts""

슈퍼 인클라인 전용명 없이 020 Lateral Incline Bench Press가 가장 가깝습니다 Lean into the plate-loaded / Gymleco line design. Do not chase load until the setup feels locked in.

---

⚙️ ① Setup
🪑 Seat / pads
Fit the seat to your body so the start position sits naturally on the working joint.
🤲 Grip / hands
Take a comfortable grip width and keep the wrists stacked, not bent.
⚙️ Adjustments
Check 시트/등판, 양쪽 플레이트. Match plates on both sides — do not load one arm first.
Naming can overlap in this category — trust the levers and pads on the unit in front of you.

---

💪 ② Start position
Pin back and pelvis to the pad with the handles at chest height.
Check only this:
👉 Back still on the pad

---

🔥 ③ Execution
Press by driving the elbows forward/up. Do not dump the shoulders forward at lockout.
Press out on the machine path, then return under control.

---

💥 ④ Peak contraction
Stop where the chest is contracted — do not dump the shoulders farther forward.
⏱️ 1-second STOP
Own that position for one second. This is not where you dump the weight.

---

🐌 ⑤ Controlled return
Do not dump the load.
Take 2–3 seconds on the way back.
Return on the same path you pressed or pulled.

---

❌ Common mistakes
❌ Dumping the shoulders forward and bouncing the press
Slow the tempo and repeat one clean path.
❌ Over-arching so the low back takes over
If position breaks, cut the load.
❌ Shoving the shoulders farther at lockout
If position breaks, cut the load.
❌ Loading unequal plates
Match both sides, then confirm with a light set.

---

💡 MACHINE FIT PRO TIP
🔥 020 Lateral Incline Bench Press is plate-loaded. Match plates, confirm path and left-right symmetry on set one, then add load.

---

🎯 MACHINE FIT CHECK
🟢 Seat/pad → fitted
🟢 Elbows → press/raise direction
🟢 Plates → matched
🟢 Return → 2–3 sec control

### 🔥 Remember this

""On a steep incline, press toward upper chest and front delts. One-second peak, controlled return."""
GYMLECO,랫풀다운,Lat Pulldown,211 Lateral Pulldown,VERIFIED,Gymleco,200 Series Cable,https://gymleco.com/products/211-lateral-pulldown,Gymleco 211 Lateral Pulldown 케이블 랫풀다운입니다,"허벅지 패드, 그립 폭, 스택 핀","🏋️ GYMLECO — 211 Lateral Pulldown · 200 Series Cable

🎯 ONE KEY CUE
🔥 ""가슴을 바 쪽으로 당기며 팔꿈치를 옆구리로""

Gymleco 211 Lateral Pulldown 케이블 랫풀다운. Gymleco line 구조입니다. 처음부터 무게 올리지 말고, 세팅부터 잡으세요.

---

⚙️ ① 기구 세팅
🪑 좌석 / 패드
가슴/등 패드에 몸을 안정적으로 붙이세요. 패드에서 몸이 들리면 반동이 들어갑니다.
🤲 그립 / 손 위치
그립 폭를 편안한 너비로 잡으세요. 손목이 꺾이지 않게 합니다.
⚙️ 조절 포인트
허벅지 패드, 그립 폭, 스택 핀을 확인하세요.

---

💪 ② 시작 자세
가슴을 세우고 어깨를 귀에서 멀리 둡니다. 팔보다 등부터 준비합니다.
이 자세에서 이것만 확인하세요.
👉 어깨가 귀 쪽으로 올라가지 않는지

---

🔥 ③ 운동 방법
바를 쇄골·가슴으로 당겼다 천천히 신장.
손잡이를 당긴다고 생각하지 말고, 팔꿈치를 목표 지점으로 보내세요.

---

💥 ④ 최고 수축
팔꿈치가 목표에 도착해 등이 조여지는 지점에서 멈춥니다.
⏱️ 1초 STOP
튕기지 말고 그 지점에서 1초만 소유하세요. 무게를 놓는 순간이 아닙니다.

---

🐌 ⑤ 천천히 돌아오기
중량을 그냥 놓지 마세요.
2~3초 동안 통제하면서 복귀합니다.
팔이 펴질 때까지 등을 놓지 말고, 어깨가 앞으로 말리지 않게 버팁니다.

---

❌ 흔한 실수
❌ 상체를 과하게 뒤로 젖히며 반동하는
템포를 늦추고 같은 궤적만 반복하세요.
❌ 몸을 뒤로 젖혀 반동으로 당기는 것
템포를 늦추고 같은 궤적만 반복하세요.
❌ 어깨를 으쓱하며 승모근만 쓰는 것
어깨를 귀에서 멀리 두고 다시 시작하세요.
❌ 손잡이만 당기고 팔꿈치는 안 움직이는 것
자세가 무너지면 무게를 낮추세요.

---

💡 MACHINE FIT PRO TIP
🔥 211 Lateral Pulldown의 가이드 궤적을 이용하세요. 첫 2세트는 천천히, 대칭이 확인된 뒤에만 무게를 올립니다.

---

🎯 MACHINE FIT CHECK
🟢 시트/패드 → 몸에 맞춤
🟢 팔꿈치 → 당김 방향
🟢 어깨 → 으쓱하지 않기
🟢 복귀 → 2~3초 통제

### 🔥 이것만 기억하세요

""가슴을 바 쪽으로 당기며 팔꿈치를 옆구리로. 끝에서 1초, 복귀는 통제.""","🏋️ GYMLECO — 211 Lateral Pulldown · 200 Series Cable

🎯 ONE KEY CUE
🔥 ""Pull the bar to the chest and drive elbows to the sides""

Gymleco 211 Lateral Pulldown 케이블 랫풀다운입니다 Lean into the Gymleco line design. Do not chase load until the setup feels locked in.

---

⚙️ ① Setup
🪑 Seat / pads
Pin yourself to the chest/back pad. If you lift off the pad, you are cheating with momentum.
🤲 Grip / hands
Take a comfortable grip width and keep the wrists stacked, not bent.
⚙️ Adjustments
Check 허벅지 패드, 그립 폭, 스택 핀.

---

💪 ② Start position
Lift the chest and keep the shoulders away from the ears. Prepare the back before the arms.
Check only this:
👉 Shoulders not shrugged

---

🔥 ③ Execution
Do not think “pull the handle.” Drive the elbows to the target.
Drive the elbows back/down on the row or pulldown path, then lengthen slowly.

---

💥 ④ Peak contraction
Stop where the elbows arrive and the back is squeezed.
⏱️ 1-second STOP
Own that position for one second. This is not where you dump the weight.

---

🐌 ⑤ Controlled return
Do not dump the load.
Take 2–3 seconds on the way back.
Keep the back set as the arms lengthen — do not let the shoulders dump forward.

---

❌ Common mistakes
❌ Leaning back for momentum
Slow the tempo and repeat one clean path.
❌ Shrugging and turning it into an upper-trap pull
Keep the shoulders away from the ears and restart.
❌ Yank the handles without moving the elbows
If position breaks, cut the load.

---

💡 MACHINE FIT PRO TIP
🔥 Use the guided path on 211 Lateral Pulldown. Slow the first two sets, confirm symmetry, then add load.

---

🎯 MACHINE FIT CHECK
🟢 Seat/pad → fitted
🟢 Elbows → pull direction
🟢 Shoulders → not shrugged
🟢 Return → 2–3 sec control

### 🔥 Remember this

""Pull the bar to the chest and drive elbows to the sides. One-second peak, controlled return."""
GYMLECO,와이드 랫풀다운,Wide Lat Pulldown,211 Lateral Pulldown,PARTIALLY_VERIFIED,Gymleco,200 Series Cable,https://gymleco.com/products/211-lateral-pulldown,와이드 전용 SKU 없이 211 Lateral Pulldown 와이드 그립 사용이 해당합니다,"와이드 바 그립, 허벅지 패드, 스택","🏋️ GYMLECO — 211 Lateral Pulldown · 200 Series Cable

🎯 ONE KEY CUE
🔥 ""넓은 그립에서 견갑을 먼저 내리고 당기기""

와이드 전용 SKU 없이 211 Lateral Pulldown 와이드 그립 사용이 해당합니다. Gymleco line 구조입니다. 처음부터 무게 올리지 말고, 세팅부터 잡으세요.

---

⚙️ ① 기구 세팅
🪑 좌석 / 패드
가슴/등 패드에 몸을 안정적으로 붙이세요. 패드에서 몸이 들리면 반동이 들어갑니다.
🤲 그립 / 손 위치
와이드 바 그립를 편안한 너비로 잡으세요. 손목이 꺾이지 않게 합니다.
⚙️ 조절 포인트
와이드 바 그립, 허벅지 패드, 스택을 확인하세요.
이 카테고리는 공식 명칭이 겹칠 수 있으니, 헬스장 기구의 실제 레버·패드 배치를 우선하세요.

---

💪 ② 시작 자세
가슴을 세우고 어깨를 귀에서 멀리 둡니다. 팔보다 등부터 준비합니다.
이 자세에서 이것만 확인하세요.
👉 어깨가 귀 쪽으로 올라가지 않는지

---

🔥 ③ 운동 방법
와이드 바를 가슴 위로 당겼다 복귀.
손잡이를 당긴다고 생각하지 말고, 팔꿈치를 목표 지점으로 보내세요.

---

💥 ④ 최고 수축
팔꿈치가 목표에 도착해 등이 조여지는 지점에서 멈춥니다.
⏱️ 1초 STOP
튕기지 말고 그 지점에서 1초만 소유하세요. 무게를 놓는 순간이 아닙니다.

---

🐌 ⑤ 천천히 돌아오기
중량을 그냥 놓지 마세요.
2~3초 동안 통제하면서 복귀합니다.
팔이 펴질 때까지 등을 놓지 말고, 어깨가 앞으로 말리지 않게 버팁니다.

---

❌ 흔한 실수
❌ 손만 당겨 손목·전완에 힘이 가는
자세가 무너지면 무게를 낮추세요.
❌ 몸을 뒤로 젖혀 반동으로 당기는 것
템포를 늦추고 같은 궤적만 반복하세요.
❌ 어깨를 으쓱하며 승모근만 쓰는 것
어깨를 귀에서 멀리 두고 다시 시작하세요.
❌ 손잡이만 당기고 팔꿈치는 안 움직이는 것
자세가 무너지면 무게를 낮추세요.

---

💡 MACHINE FIT PRO TIP
🔥 211 Lateral Pulldown의 가이드 궤적을 이용하세요. 첫 2세트는 천천히, 대칭이 확인된 뒤에만 무게를 올립니다.

---

🎯 MACHINE FIT CHECK
🟢 시트/패드 → 몸에 맞춤
🟢 팔꿈치 → 당김 방향
🟢 어깨 → 으쓱하지 않기
🟢 복귀 → 2~3초 통제

### 🔥 이것만 기억하세요

""넓은 그립에서 견갑을 먼저 내리고 당기기. 끝에서 1초, 복귀는 통제.""","🏋️ GYMLECO — 211 Lateral Pulldown · 200 Series Cable

🎯 ONE KEY CUE
🔥 ""With a wide grip, depress the scapulae first then pull""

와이드 전용 SKU 없이 211 Lateral Pulldown 와이드 그립 사용이 해당합니다 Lean into the Gymleco line design. Do not chase load until the setup feels locked in.

---

⚙️ ① Setup
🪑 Seat / pads
Pin yourself to the chest/back pad. If you lift off the pad, you are cheating with momentum.
🤲 Grip / hands
Take a comfortable grip width and keep the wrists stacked, not bent.
⚙️ Adjustments
Check 와이드 바 그립, 허벅지 패드, 스택.
Naming can overlap in this category — trust the levers and pads on the unit in front of you.

---

💪 ② Start position
Lift the chest and keep the shoulders away from the ears. Prepare the back before the arms.
Check only this:
👉 Shoulders not shrugged

---

🔥 ③ Execution
Do not think “pull the handle.” Drive the elbows to the target.
Drive the elbows back/down on the row or pulldown path, then lengthen slowly.

---

💥 ④ Peak contraction
Stop where the elbows arrive and the back is squeezed.
⏱️ 1-second STOP
Own that position for one second. This is not where you dump the weight.

---

🐌 ⑤ Controlled return
Do not dump the load.
Take 2–3 seconds on the way back.
Keep the back set as the arms lengthen — do not let the shoulders dump forward.

---

❌ Common mistakes
❌ Leaning back for momentum
Slow the tempo and repeat one clean path.
❌ Shrugging and turning it into an upper-trap pull
Keep the shoulders away from the ears and restart.
❌ Yank the handles without moving the elbows
If position breaks, cut the load.

---

💡 MACHINE FIT PRO TIP
🔥 Use the guided path on 211 Lateral Pulldown. Slow the first two sets, confirm symmetry, then add load.

---

🎯 MACHINE FIT CHECK
🟢 Seat/pad → fitted
🟢 Elbows → pull direction
🟢 Shoulders → not shrugged
🟢 Return → 2–3 sec control

### 🔥 Remember this

""With a wide grip, depress the scapulae first then pull. One-second peak, controlled return."""
GYMLECO,프론트 풀다운,Front Pulldown,211 Lateral Pulldown,PARTIALLY_VERIFIED,Gymleco,200 Series Cable,https://gymleco.com/products/211-lateral-pulldown,프론트 전용명 없이 211을 가슴 앞(프론트) 풀다운으로 쓰는 패턴입니다,"허벅지 패드, 그립, 스택","🏋️ GYMLECO — 211 Lateral Pulldown · 200 Series Cable

🎯 ONE KEY CUE
🔥 ""바를 목 뒤가 아닌 가슴 앞으로만 당기기""

프론트 전용명 없이 211을 가슴 앞(프론트) 풀다운으로 쓰는 패턴. Gymleco line 구조입니다. 처음부터 무게 올리지 말고, 세팅부터 잡으세요.

---

⚙️ ① 기구 세팅
🪑 좌석 / 패드
가슴/등 패드에 몸을 안정적으로 붙이세요. 패드에서 몸이 들리면 반동이 들어갑니다.
🤲 그립 / 손 위치
그립를 편안한 너비로 잡으세요. 손목이 꺾이지 않게 합니다.
⚙️ 조절 포인트
허벅지 패드, 그립, 스택을 확인하세요.
이 카테고리는 공식 명칭이 겹칠 수 있으니, 헬스장 기구의 실제 레버·패드 배치를 우선하세요.

---

💪 ② 시작 자세
가슴을 세우고 어깨를 귀에서 멀리 둡니다. 팔보다 등부터 준비합니다.
이 자세에서 이것만 확인하세요.
👉 어깨가 귀 쪽으로 올라가지 않는지

---

🔥 ③ 운동 방법
바를 가슴 앞으로 당겼다 신장.
손잡이를 당긴다고 생각하지 말고, 팔꿈치를 목표 지점으로 보내세요.

---

💥 ④ 최고 수축
팔꿈치가 목표에 도착해 등이 조여지는 지점에서 멈춥니다.
⏱️ 1초 STOP
튕기지 말고 그 지점에서 1초만 소유하세요. 무게를 놓는 순간이 아닙니다.

---

🐌 ⑤ 천천히 돌아오기
중량을 그냥 놓지 마세요.
2~3초 동안 통제하면서 복귀합니다.
팔이 펴질 때까지 등을 놓지 말고, 어깨가 앞으로 말리지 않게 버팁니다.

---

❌ 흔한 실수
❌ 바를 목 뒤로 내려 어깨를 위험하게 하는
자세가 무너지면 무게를 낮추세요.
❌ 몸을 뒤로 젖혀 반동으로 당기는 것
템포를 늦추고 같은 궤적만 반복하세요.
❌ 어깨를 으쓱하며 승모근만 쓰는 것
어깨를 귀에서 멀리 두고 다시 시작하세요.
❌ 손잡이만 당기고 팔꿈치는 안 움직이는 것
자세가 무너지면 무게를 낮추세요.

---

💡 MACHINE FIT PRO TIP
🔥 211 Lateral Pulldown의 가이드 궤적을 이용하세요. 첫 2세트는 천천히, 대칭이 확인된 뒤에만 무게를 올립니다.

---

🎯 MACHINE FIT CHECK
🟢 시트/패드 → 몸에 맞춤
🟢 팔꿈치 → 당김 방향
🟢 어깨 → 으쓱하지 않기
🟢 복귀 → 2~3초 통제

### 🔥 이것만 기억하세요

""바를 목 뒤가 아닌 가슴 앞으로만 당기기. 끝에서 1초, 복귀는 통제.""","🏋️ GYMLECO — 211 Lateral Pulldown · 200 Series Cable

🎯 ONE KEY CUE
🔥 ""Pull the bar to the front of the chest, never behind the neck""

프론트 전용명 없이 211을 가슴 앞(프론트) 풀다운으로 쓰는 패턴입니다 Lean into the Gymleco line design. Do not chase load until the setup feels locked in.

---

⚙️ ① Setup
🪑 Seat / pads
Pin yourself to the chest/back pad. If you lift off the pad, you are cheating with momentum.
🤲 Grip / hands
Take a comfortable grip width and keep the wrists stacked, not bent.
⚙️ Adjustments
Check 허벅지 패드, 그립, 스택.
Naming can overlap in this category — trust the levers and pads on the unit in front of you.

---

💪 ② Start position
Lift the chest and keep the shoulders away from the ears. Prepare the back before the arms.
Check only this:
👉 Shoulders not shrugged

---

🔥 ③ Execution
Do not think “pull the handle.” Drive the elbows to the target.
Drive the elbows back/down on the row or pulldown path, then lengthen slowly.

---

💥 ④ Peak contraction
Stop where the elbows arrive and the back is squeezed.
⏱️ 1-second STOP
Own that position for one second. This is not where you dump the weight.

---

🐌 ⑤ Controlled return
Do not dump the load.
Take 2–3 seconds on the way back.
Keep the back set as the arms lengthen — do not let the shoulders dump forward.

---

❌ Common mistakes
❌ Leaning back for momentum
Slow the tempo and repeat one clean path.
❌ Shrugging and turning it into an upper-trap pull
Keep the shoulders away from the ears and restart.
❌ Yank the handles without moving the elbows
If position breaks, cut the load.

---

💡 MACHINE FIT PRO TIP
🔥 Use the guided path on 211 Lateral Pulldown. Slow the first two sets, confirm symmetry, then add load.

---

🎯 MACHINE FIT CHECK
🟢 Seat/pad → fitted
🟢 Elbows → pull direction
🟢 Shoulders → not shrugged
🟢 Return → 2–3 sec control

### 🔥 Remember this

""Pull the bar to the front of the chest, never behind the neck. One-second peak, controlled return."""
GYMLECO,아이소래터럴 랫풀다운,Iso-Lateral Lat Pulldown,311 Iso Lateral Pulldown,VERIFIED,Gymleco,300 Series Selectorized,https://gymleco.com/collections/selectorized-gym-machines,Gymleco 311 Iso Lateral Pulldown(플레이트 011도 동일 계열)입니다,"시트, 좌·우 독립 암, 스택/플레이트","🏋️ GYMLECO — 311 Iso Lateral Pulldown · 300 Series Selectorized

🎯 ONE KEY CUE
🔥 ""좌우를 같은 깊이로 당기며 광배 수축을 맞추기""

Gymleco 311 Iso Lateral Pulldown(플레이트 011도 동일 계열). 좌우가 독립으로 움직이는 · 플레이트 로딩 · Gymleco line 구조입니다. 처음부터 무게 올리지 말고, 세팅부터 잡으세요.

---

⚙️ ① 기구 세팅
🪑 좌석 / 패드
가슴/등 패드에 몸을 안정적으로 붙이세요. 패드에서 몸이 들리면 반동이 들어갑니다.
🤲 그립 / 손 위치
양손잡이 높이가 좌우 같은지 먼저 보세요. 독립 암이라 한쪽만 어긋나도 바로 느껴집니다.
⚙️ 조절 포인트
시트, 좌·우 독립 암, 스택/플레이트를 확인하세요. 양쪽 플레이트를 동일하게 맞추고, 한쪽만 먼저 올리지 마세요. 좌우 시작 위치가 같은지도 같이 봅니다.

---

💪 ② 시작 자세
가슴을 세우고 어깨를 귀에서 멀리 둡니다. 팔보다 등부터 준비합니다.
좌우가 같은 높이에서 시작하는지 한 번 더 보세요.
이 자세에서 이것만 확인하세요.
👉 어깨가 귀 쪽으로 올라가지 않는지

---

🔥 ③ 운동 방법
각 팔을 독립적으로 아래로 당겼다 복귀.
양쪽을 같은 속도로 움직이세요. 한쪽이 먼저 끝나면 무게를 더 올리기 전에 밸런스부터 잡습니다.

---

💥 ④ 최고 수축
팔꿈치가 목표에 도착해 등이 조여지는 지점에서 멈춥니다.
⏱️ 1초 STOP
튕기지 말고 그 지점에서 1초만 소유하세요. 무게를 놓는 순간이 아닙니다.

---

🐌 ⑤ 천천히 돌아오기
중량을 그냥 놓지 마세요.
2~3초 동안 통제하면서 복귀합니다.
팔이 펴질 때까지 등을 놓지 말고, 어깨가 앞으로 말리지 않게 버팁니다.

---

❌ 흔한 실수
❌ 강한 쪽만 먼저 당겨 비대칭을 키우는
자세가 무너지면 무게를 낮추세요.
❌ 몸을 뒤로 젖혀 반동으로 당기는 것
템포를 늦추고 같은 궤적만 반복하세요.
❌ 어깨를 으쓱하며 승모근만 쓰는 것
어깨를 귀에서 멀리 두고 다시 시작하세요.
❌ 손잡이만 당기고 팔꿈치는 안 움직이는 것
자세가 무너지면 무게를 낮추세요.
❌ 한쪽만 먼저 끝내고 반대쪽을 따라가게 하는 것
약한 쪽 속도에 강한 쪽을 맞추세요.

---

💡 MACHINE FIT PRO TIP
🔥 이 기구는 좌우 암이 독립적으로 움직이는 게 장점입니다. 무게를 올리기 전에 양쪽이 같은 속도로 가는지 확인하세요. 한쪽이 먼저 끝까지 가 버리면 중량보다 밸런스가 먼저입니다.

---

🎯 MACHINE FIT CHECK
🟢 시트/패드 → 몸에 맞춤
🟢 팔꿈치 → 당김 방향
🟢 좌우 → 같은 속도
🟢 복귀 → 2~3초 통제

### 🔥 이것만 기억하세요

""좌우 같은 속도, 끝에서 1초, 복귀는 통제.""","🏋️ GYMLECO — 311 Iso Lateral Pulldown · 300 Series Selectorized

🎯 ONE KEY CUE
🔥 ""Pull both sides to the same depth and match lat contraction""

Gymleco 311 Iso Lateral Pulldown(플레이트 011도 동일 계열)입니다 Lean into the independent arms / plate-loaded / Gymleco line design. Do not chase load until the setup feels locked in.

---

⚙️ ① Setup
🪑 Seat / pads
Pin yourself to the chest/back pad. If you lift off the pad, you are cheating with momentum.
🤲 Grip / hands
Match left and right handle height first — independent arms expose any mismatch immediately.
⚙️ Adjustments
Check 시트, 좌·우 독립 암, 스택/플레이트. Match plates on both sides — do not load one arm first. Confirm both sides start from the same position.

---

💪 ② Start position
Lift the chest and keep the shoulders away from the ears. Prepare the back before the arms.
Double-check both sides start at the same height.
Check only this:
👉 Shoulders not shrugged

---

🔥 ③ Execution
Match left-right speed. If one side finishes early, fix balance before adding load.
Drive the elbows back/down on the row or pulldown path, then lengthen slowly. Keep both sides honest.

---

💥 ④ Peak contraction
Stop where the elbows arrive and the back is squeezed.
⏱️ 1-second STOP
Own that position for one second. This is not where you dump the weight.

---

🐌 ⑤ Controlled return
Do not dump the load.
Take 2–3 seconds on the way back.
Keep the back set as the arms lengthen — do not let the shoulders dump forward.

---

❌ Common mistakes
❌ Leaning back for momentum
Slow the tempo and repeat one clean path.
❌ Shrugging and turning it into an upper-trap pull
Keep the shoulders away from the ears and restart.
❌ Yank the handles without moving the elbows
If position breaks, cut the load.
❌ Letting one side finish early
Match the stronger side to the weaker side’s speed.
❌ Loading unequal plates
Match both sides, then confirm with a light set.

---

💡 MACHINE FIT PRO TIP
🔥 Independent arms are the point. Before you load up, confirm both sides move at the same speed. If one side finishes early, fix balance before adding plates or pins.

---

🎯 MACHINE FIT CHECK
🟢 Seat/pad → fitted
🟢 Elbows → pull direction
🟢 Left/right → same speed
🟢 Return → 2–3 sec control

### 🔥 Remember this

""Match sides, one-second peak, controlled return."""
GYMLECO,하이로우,High Row,013 Iso Lateral High Row,VERIFIED,Gymleco,010 Series Plate Loaded,https://gymleco.com/collections/plate-loaded-machines/,Gymleco 013 Iso Lateral High Row 하이로우입니다,"시트, 흉·복부 패드, 양쪽 플레이트","🏋️ GYMLECO — 013 Iso Lateral High Row · 010 Series Plate Loaded

🎯 ONE KEY CUE
🔥 ""높은 경로에서 팔꿈치를 아래로·뒤로 당기기""

Gymleco 013 Iso Lateral High Row 하이로우. 좌우가 독립으로 움직이는 · 플레이트 로딩 · Gymleco line 구조입니다. 처음부터 무게 올리지 말고, 세팅부터 잡으세요.

---

⚙️ ① 기구 세팅
🪑 좌석 / 패드
가슴/등 패드에 몸을 안정적으로 붙이세요. 패드에서 몸이 들리면 반동이 들어갑니다.
🤲 그립 / 손 위치
양손잡이 높이가 좌우 같은지 먼저 보세요. 독립 암이라 한쪽만 어긋나도 바로 느껴집니다.
⚙️ 조절 포인트
시트, 흉·복부 패드, 양쪽 플레이트를 확인하세요. 양쪽 플레이트를 동일하게 맞추고, 한쪽만 먼저 올리지 마세요. 좌우 시작 위치가 같은지도 같이 봅니다.

---

💪 ② 시작 자세
가슴을 세우고 어깨를 귀에서 멀리 둡니다. 팔보다 등부터 준비합니다.
좌우가 같은 높이에서 시작하는지 한 번 더 보세요.
이 자세에서 이것만 확인하세요.
👉 어깨가 귀 쪽으로 올라가지 않는지

---

🔥 ③ 운동 방법
손잡이를 상체 쪽으로 당겼다 신장.
양쪽을 같은 속도로 움직이세요. 한쪽이 먼저 끝나면 무게를 더 올리기 전에 밸런스부터 잡습니다.

---

💥 ④ 최고 수축
팔꿈치가 목표에 도착해 등이 조여지는 지점에서 멈춥니다.
⏱️ 1초 STOP
튕기지 말고 그 지점에서 1초만 소유하세요. 무게를 놓는 순간이 아닙니다.

---

🐌 ⑤ 천천히 돌아오기
중량을 그냥 놓지 마세요.
2~3초 동안 통제하면서 복귀합니다.
팔이 펴질 때까지 등을 놓지 말고, 어깨가 앞으로 말리지 않게 버팁니다.

---

❌ 흔한 실수
❌ 상체를 들고 반동으로 당기는
템포를 늦추고 같은 궤적만 반복하세요.
❌ 몸을 뒤로 젖혀 반동으로 당기는 것
템포를 늦추고 같은 궤적만 반복하세요.
❌ 어깨를 으쓱하며 승모근만 쓰는 것
어깨를 귀에서 멀리 두고 다시 시작하세요.
❌ 손잡이만 당기고 팔꿈치는 안 움직이는 것
자세가 무너지면 무게를 낮추세요.
❌ 한쪽만 먼저 끝내고 반대쪽을 따라가게 하는 것
약한 쪽 속도에 강한 쪽을 맞추세요.

---

💡 MACHINE FIT PRO TIP
🔥 이 기구는 좌우 암이 독립적으로 움직이는 게 장점입니다. 무게를 올리기 전에 양쪽이 같은 속도로 가는지 확인하세요. 한쪽이 먼저 끝까지 가 버리면 중량보다 밸런스가 먼저입니다.

---

🎯 MACHINE FIT CHECK
🟢 시트/패드 → 몸에 맞춤
🟢 팔꿈치 → 당김 방향
🟢 좌우 → 같은 속도
🟢 복귀 → 2~3초 통제

### 🔥 이것만 기억하세요

""좌우 같은 속도, 끝에서 1초, 복귀는 통제.""","🏋️ GYMLECO — 013 Iso Lateral High Row · 010 Series Plate Loaded

🎯 ONE KEY CUE
🔥 ""On the high path, drive elbows down and back""

Gymleco 013 Iso Lateral High Row 하이로우입니다 Lean into the independent arms / plate-loaded / Gymleco line design. Do not chase load until the setup feels locked in.

---

⚙️ ① Setup
🪑 Seat / pads
Pin yourself to the chest/back pad. If you lift off the pad, you are cheating with momentum.
🤲 Grip / hands
Match left and right handle height first — independent arms expose any mismatch immediately.
⚙️ Adjustments
Check 시트, 흉·복부 패드, 양쪽 플레이트. Match plates on both sides — do not load one arm first. Confirm both sides start from the same position.

---

💪 ② Start position
Lift the chest and keep the shoulders away from the ears. Prepare the back before the arms.
Double-check both sides start at the same height.
Check only this:
👉 Shoulders not shrugged

---

🔥 ③ Execution
Match left-right speed. If one side finishes early, fix balance before adding load.
Drive the elbows back/down on the row or pulldown path, then lengthen slowly. Keep both sides honest.

---

💥 ④ Peak contraction
Stop where the elbows arrive and the back is squeezed.
⏱️ 1-second STOP
Own that position for one second. This is not where you dump the weight.

---

🐌 ⑤ Controlled return
Do not dump the load.
Take 2–3 seconds on the way back.
Keep the back set as the arms lengthen — do not let the shoulders dump forward.

---

❌ Common mistakes
❌ Leaning back for momentum
Slow the tempo and repeat one clean path.
❌ Shrugging and turning it into an upper-trap pull
Keep the shoulders away from the ears and restart.
❌ Yank the handles without moving the elbows
If position breaks, cut the load.
❌ Letting one side finish early
Match the stronger side to the weaker side’s speed.
❌ Loading unequal plates
Match both sides, then confirm with a light set.

---

💡 MACHINE FIT PRO TIP
🔥 Independent arms are the point. Before you load up, confirm both sides move at the same speed. If one side finishes early, fix balance before adding plates or pins.

---

🎯 MACHINE FIT CHECK
🟢 Seat/pad → fitted
🟢 Elbows → pull direction
🟢 Left/right → same speed
🟢 Return → 2–3 sec control

### 🔥 Remember this

""Match sides, one-second peak, controlled return."""
GYMLECO,아이소래터럴 하이로우,Iso-Lateral High Row,013 Iso Lateral High Row,VERIFIED,Gymleco,010 Series Plate Loaded,https://gymleco.com/collections/plate-loaded-machines/,Gymleco 013 Iso Lateral High Row 독립 암 하이로우입니다,"시트, 패드, 좌·우 플레이트","🏋️ GYMLECO — 013 Iso Lateral High Row · 010 Series Plate Loaded

🎯 ONE KEY CUE
🔥 ""독립 암으로 좌우를 대칭 속도로 당기기""

Gymleco 013 Iso Lateral High Row 독립 암 하이로우. 좌우가 독립으로 움직이는 · 플레이트 로딩 · Gymleco line 구조입니다. 처음부터 무게 올리지 말고, 세팅부터 잡으세요.

---

⚙️ ① 기구 세팅
🪑 좌석 / 패드
가슴/등 패드에 몸을 안정적으로 붙이세요. 패드에서 몸이 들리면 반동이 들어갑니다.
🤲 그립 / 손 위치
양손잡이 높이가 좌우 같은지 먼저 보세요. 독립 암이라 한쪽만 어긋나도 바로 느껴집니다.
⚙️ 조절 포인트
시트, 패드, 좌·우 플레이트를 확인하세요. 양쪽 플레이트를 동일하게 맞추고, 한쪽만 먼저 올리지 마세요. 좌우 시작 위치가 같은지도 같이 봅니다.

---

💪 ② 시작 자세
가슴을 세우고 어깨를 귀에서 멀리 둡니다. 팔보다 등부터 준비합니다.
좌우가 같은 높이에서 시작하는지 한 번 더 보세요.
이 자세에서 이것만 확인하세요.
👉 어깨가 귀 쪽으로 올라가지 않는지

---

🔥 ③ 운동 방법
각 팔을 하이로우 경로로 당겼다 복귀.
양쪽을 같은 속도로 움직이세요. 한쪽이 먼저 끝나면 무게를 더 올리기 전에 밸런스부터 잡습니다.

---

💥 ④ 최고 수축
팔꿈치가 목표에 도착해 등이 조여지는 지점에서 멈춥니다.
⏱️ 1초 STOP
튕기지 말고 그 지점에서 1초만 소유하세요. 무게를 놓는 순간이 아닙니다.

---

🐌 ⑤ 천천히 돌아오기
중량을 그냥 놓지 마세요.
2~3초 동안 통제하면서 복귀합니다.
팔이 펴질 때까지 등을 놓지 말고, 어깨가 앞으로 말리지 않게 버팁니다.

---

❌ 흔한 실수
❌ 한쪽 궤적만 짧게 끊는
자세가 무너지면 무게를 낮추세요.
❌ 몸을 뒤로 젖혀 반동으로 당기는 것
템포를 늦추고 같은 궤적만 반복하세요.
❌ 어깨를 으쓱하며 승모근만 쓰는 것
어깨를 귀에서 멀리 두고 다시 시작하세요.
❌ 손잡이만 당기고 팔꿈치는 안 움직이는 것
자세가 무너지면 무게를 낮추세요.
❌ 한쪽만 먼저 끝내고 반대쪽을 따라가게 하는 것
약한 쪽 속도에 강한 쪽을 맞추세요.

---

💡 MACHINE FIT PRO TIP
🔥 이 기구는 좌우 암이 독립적으로 움직이는 게 장점입니다. 무게를 올리기 전에 양쪽이 같은 속도로 가는지 확인하세요. 한쪽이 먼저 끝까지 가 버리면 중량보다 밸런스가 먼저입니다.

---

🎯 MACHINE FIT CHECK
🟢 시트/패드 → 몸에 맞춤
🟢 팔꿈치 → 당김 방향
🟢 좌우 → 같은 속도
🟢 복귀 → 2~3초 통제

### 🔥 이것만 기억하세요

""좌우 같은 속도, 끝에서 1초, 복귀는 통제.""","🏋️ GYMLECO — 013 Iso Lateral High Row · 010 Series Plate Loaded

🎯 ONE KEY CUE
🔥 ""With independent arms, pull both sides at matching speed""

Gymleco 013 Iso Lateral High Row 독립 암 하이로우입니다 Lean into the independent arms / plate-loaded / Gymleco line design. Do not chase load until the setup feels locked in.

---

⚙️ ① Setup
🪑 Seat / pads
Pin yourself to the chest/back pad. If you lift off the pad, you are cheating with momentum.
🤲 Grip / hands
Match left and right handle height first — independent arms expose any mismatch immediately.
⚙️ Adjustments
Check 시트, 패드, 좌·우 플레이트. Match plates on both sides — do not load one arm first. Confirm both sides start from the same position.

---

💪 ② Start position
Lift the chest and keep the shoulders away from the ears. Prepare the back before the arms.
Double-check both sides start at the same height.
Check only this:
👉 Shoulders not shrugged

---

🔥 ③ Execution
Match left-right speed. If one side finishes early, fix balance before adding load.
Drive the elbows back/down on the row or pulldown path, then lengthen slowly. Keep both sides honest.

---

💥 ④ Peak contraction
Stop where the elbows arrive and the back is squeezed.
⏱️ 1-second STOP
Own that position for one second. This is not where you dump the weight.

---

🐌 ⑤ Controlled return
Do not dump the load.
Take 2–3 seconds on the way back.
Keep the back set as the arms lengthen — do not let the shoulders dump forward.

---

❌ Common mistakes
❌ Leaning back for momentum
Slow the tempo and repeat one clean path.
❌ Shrugging and turning it into an upper-trap pull
Keep the shoulders away from the ears and restart.
❌ Yank the handles without moving the elbows
If position breaks, cut the load.
❌ Letting one side finish early
Match the stronger side to the weaker side’s speed.
❌ Loading unequal plates
Match both sides, then confirm with a light set.

---

💡 MACHINE FIT PRO TIP
🔥 Independent arms are the point. Before you load up, confirm both sides move at the same speed. If one side finishes early, fix balance before adding plates or pins.

---

🎯 MACHINE FIT CHECK
🟢 Seat/pad → fitted
🟢 Elbows → pull direction
🟢 Left/right → same speed
🟢 Return → 2–3 sec control

### 🔥 Remember this

""Match sides, one-second peak, controlled return."""
GYMLECO,시티드 로우,Seated Row,310 Seated Row,VERIFIED,Gymleco,300 Series Selectorized,https://gymleco.com/collections/selectorized-gym-machines,Gymleco 310 Seated Row(케이블 210·플레이트 010도 시티드 로우)입니다,"시트, 가슴 패드, 스택 핀","🏋️ GYMLECO — 310 Seated Row · 300 Series Selectorized

🎯 ONE KEY CUE
🔥 ""가슴을 패드에 붙인 채 팔꿈치를 뒤로 당기기""

Gymleco 310 Seated Row(케이블 210·플레이트 010도 시티드 로우). 플레이트 로딩 · Gymleco line 구조입니다. 처음부터 무게 올리지 말고, 세팅부터 잡으세요.

---

⚙️ ① 기구 세팅
🪑 좌석 / 패드
가슴/등 패드에 몸을 안정적으로 붙이세요. 패드에서 몸이 들리면 반동이 들어갑니다.
🤲 그립 / 손 위치
손잡이를 편안한 너비로 잡으세요. 손목이 꺾이지 않게 합니다.
⚙️ 조절 포인트
시트, 가슴 패드, 스택 핀을 확인하세요. 양쪽 플레이트를 동일하게 맞추고, 한쪽만 먼저 올리지 마세요.

---

💪 ② 시작 자세
가슴을 세우고 어깨를 귀에서 멀리 둡니다. 팔보다 등부터 준비합니다.
이 자세에서 이것만 확인하세요.
👉 어깨가 귀 쪽으로 올라가지 않는지

---

🔥 ③ 운동 방법
손잡이를 몸통으로 당겼다 천천히 신장.
손잡이를 당긴다고 생각하지 말고, 팔꿈치를 목표 지점으로 보내세요.

---

💥 ④ 최고 수축
팔꿈치가 목표에 도착해 등이 조여지는 지점에서 멈춥니다.
⏱️ 1초 STOP
튕기지 말고 그 지점에서 1초만 소유하세요. 무게를 놓는 순간이 아닙니다.

---

🐌 ⑤ 천천히 돌아오기
중량을 그냥 놓지 마세요.
2~3초 동안 통제하면서 복귀합니다.
팔이 펴질 때까지 등을 놓지 말고, 어깨가 앞으로 말리지 않게 버팁니다.

---

❌ 흔한 실수
❌ 허리를 둥글게 말고 몸통으로 당기는
자세가 무너지면 무게를 낮추세요.
❌ 몸을 뒤로 젖혀 반동으로 당기는 것
템포를 늦추고 같은 궤적만 반복하세요.
❌ 어깨를 으쓱하며 승모근만 쓰는 것
어깨를 귀에서 멀리 두고 다시 시작하세요.
❌ 손잡이만 당기고 팔꿈치는 안 움직이는 것
자세가 무너지면 무게를 낮추세요.
❌ 양쪽 플레이트 무게를 다르게 올리는 것
양쪽을 맞춘 뒤 가벼운 세트로 좌우를 확인하세요.

---

💡 MACHINE FIT PRO TIP
🔥 310 Seated Row은 플레이트 로딩입니다. 좌우 원판을 동일하게 맞추고, 첫 세트는 궤적·좌우 대칭만 확인한 다음 무게를 올리세요.

---

🎯 MACHINE FIT CHECK
🟢 시트/패드 → 몸에 맞춤
🟢 팔꿈치 → 당김 방향
🟢 원판 → 좌우 동일
🟢 복귀 → 2~3초 통제

### 🔥 이것만 기억하세요

""가슴을 패드에 붙인 채 팔꿈치를 뒤로 당기기. 끝에서 1초, 복귀는 통제.""","🏋️ GYMLECO — 310 Seated Row · 300 Series Selectorized

🎯 ONE KEY CUE
🔥 ""Keep the chest on the pad and pull the elbows back""

Gymleco 310 Seated Row(케이블 210·플레이트 010도 시티드 로우)입니다 Lean into the plate-loaded / Gymleco line design. Do not chase load until the setup feels locked in.

---

⚙️ ① Setup
🪑 Seat / pads
Pin yourself to the chest/back pad. If you lift off the pad, you are cheating with momentum.
🤲 Grip / hands
Take a comfortable grip width and keep the wrists stacked, not bent.
⚙️ Adjustments
Check 시트, 가슴 패드, 스택 핀. Match plates on both sides — do not load one arm first.

---

💪 ② Start position
Lift the chest and keep the shoulders away from the ears. Prepare the back before the arms.
Check only this:
👉 Shoulders not shrugged

---

🔥 ③ Execution
Do not think “pull the handle.” Drive the elbows to the target.
Drive the elbows back/down on the row or pulldown path, then lengthen slowly.

---

💥 ④ Peak contraction
Stop where the elbows arrive and the back is squeezed.
⏱️ 1-second STOP
Own that position for one second. This is not where you dump the weight.

---

🐌 ⑤ Controlled return
Do not dump the load.
Take 2–3 seconds on the way back.
Keep the back set as the arms lengthen — do not let the shoulders dump forward.

---

❌ Common mistakes
❌ Leaning back for momentum
Slow the tempo and repeat one clean path.
❌ Shrugging and turning it into an upper-trap pull
Keep the shoulders away from the ears and restart.
❌ Yank the handles without moving the elbows
If position breaks, cut the load.
❌ Loading unequal plates
Match both sides, then confirm with a light set.

---

💡 MACHINE FIT PRO TIP
🔥 310 Seated Row is plate-loaded. Match plates, confirm path and left-right symmetry on set one, then add load.

---

🎯 MACHINE FIT CHECK
🟢 Seat/pad → fitted
🟢 Elbows → pull direction
🟢 Plates → matched
🟢 Return → 2–3 sec control

### 🔥 Remember this

""Keep the chest on the pad and pull the elbows back. One-second peak, controlled return."""
GYMLECO,로우 머신,Row Machine,310 Seated Row,PARTIALLY_VERIFIED,Gymleco,300 Series Selectorized,https://gymleco.com/collections/selectorized-gym-machines,일반명 로우 머신에 가장 가까운 대표 SKU는 310 Seated Row입니다,"시트, 패드, 스택","🏋️ GYMLECO — 310 Seated Row · 300 Series Selectorized

🎯 ONE KEY CUE
🔥 ""견갑을 모으며 팔꿈치를 옆구리 뒤로""

일반명 로우 머신에 가장 가까운 대표 SKU는 310 Seated Row. Gymleco line 구조입니다. 처음부터 무게 올리지 말고, 세팅부터 잡으세요.

---

⚙️ ① 기구 세팅
🪑 좌석 / 패드
가슴/등 패드에 몸을 안정적으로 붙이세요. 패드에서 몸이 들리면 반동이 들어갑니다.
🤲 그립 / 손 위치
손잡이를 편안한 너비로 잡으세요. 손목이 꺾이지 않게 합니다.
⚙️ 조절 포인트
시트, 패드, 스택을 확인하세요.
이 카테고리는 공식 명칭이 겹칠 수 있으니, 헬스장 기구의 실제 레버·패드 배치를 우선하세요.

---

💪 ② 시작 자세
가슴을 세우고 어깨를 귀에서 멀리 둡니다. 팔보다 등부터 준비합니다.
이 자세에서 이것만 확인하세요.
👉 어깨가 귀 쪽으로 올라가지 않는지

---

🔥 ③ 운동 방법
손잡이를 당겼다 통제하며 복귀.
손잡이를 당긴다고 생각하지 말고, 팔꿈치를 목표 지점으로 보내세요.

---

💥 ④ 최고 수축
팔꿈치가 목표에 도착해 등이 조여지는 지점에서 멈춥니다.
⏱️ 1초 STOP
튕기지 말고 그 지점에서 1초만 소유하세요. 무게를 놓는 순간이 아닙니다.

---

🐌 ⑤ 천천히 돌아오기
중량을 그냥 놓지 마세요.
2~3초 동안 통제하면서 복귀합니다.
팔이 펴질 때까지 등을 놓지 말고, 어깨가 앞으로 말리지 않게 버팁니다.

---

❌ 흔한 실수
❌ 손목만 끌어당겨 광배를 빼는
자세가 무너지면 무게를 낮추세요.
❌ 몸을 뒤로 젖혀 반동으로 당기는 것
템포를 늦추고 같은 궤적만 반복하세요.
❌ 어깨를 으쓱하며 승모근만 쓰는 것
어깨를 귀에서 멀리 두고 다시 시작하세요.
❌ 손잡이만 당기고 팔꿈치는 안 움직이는 것
자세가 무너지면 무게를 낮추세요.

---

💡 MACHINE FIT PRO TIP
🔥 310 Seated Row의 가이드 궤적을 이용하세요. 첫 2세트는 천천히, 대칭이 확인된 뒤에만 무게를 올립니다.

---

🎯 MACHINE FIT CHECK
🟢 시트/패드 → 몸에 맞춤
🟢 팔꿈치 → 당김 방향
🟢 어깨 → 으쓱하지 않기
🟢 복귀 → 2~3초 통제

### 🔥 이것만 기억하세요

""견갑을 모으며 팔꿈치를 옆구리 뒤로. 끝에서 1초, 복귀는 통제.""","🏋️ GYMLECO — 310 Seated Row · 300 Series Selectorized

🎯 ONE KEY CUE
🔥 ""Retract the scapulae and drive elbows behind the ribs""

일반명 로우 머신에 가장 가까운 대표 SKU는 310 Seated Row입니다 Lean into the Gymleco line design. Do not chase load until the setup feels locked in.

---

⚙️ ① Setup
🪑 Seat / pads
Pin yourself to the chest/back pad. If you lift off the pad, you are cheating with momentum.
🤲 Grip / hands
Take a comfortable grip width and keep the wrists stacked, not bent.
⚙️ Adjustments
Check 시트, 패드, 스택.
Naming can overlap in this category — trust the levers and pads on the unit in front of you.

---

💪 ② Start position
Lift the chest and keep the shoulders away from the ears. Prepare the back before the arms.
Check only this:
👉 Shoulders not shrugged

---

🔥 ③ Execution
Do not think “pull the handle.” Drive the elbows to the target.
Drive the elbows back/down on the row or pulldown path, then lengthen slowly.

---

💥 ④ Peak contraction
Stop where the elbows arrive and the back is squeezed.
⏱️ 1-second STOP
Own that position for one second. This is not where you dump the weight.

---

🐌 ⑤ Controlled return
Do not dump the load.
Take 2–3 seconds on the way back.
Keep the back set as the arms lengthen — do not let the shoulders dump forward.

---

❌ Common mistakes
❌ Leaning back for momentum
Slow the tempo and repeat one clean path.
❌ Shrugging and turning it into an upper-trap pull
Keep the shoulders away from the ears and restart.
❌ Yank the handles without moving the elbows
If position breaks, cut the load.

---

💡 MACHINE FIT PRO TIP
🔥 Use the guided path on 310 Seated Row. Slow the first two sets, confirm symmetry, then add load.

---

🎯 MACHINE FIT CHECK
🟢 Seat/pad → fitted
🟢 Elbows → pull direction
🟢 Shoulders → not shrugged
🟢 Return → 2–3 sec control

### 🔥 Remember this

""Retract the scapulae and drive elbows behind the ribs. One-second peak, controlled return."""
GYMLECO,로우 로우,Low Row,312 Iso Lateral Low Row,VERIFIED,Gymleco,300 Series Selectorized,https://gymleco.com/collections/selectorized-gym-machines,Gymleco 312 Iso Lateral Low Row(플레이트 012) 로우로우입니다,"시트, 좌·우 암, 스택/플레이트","🏋️ GYMLECO — 312 Iso Lateral Low Row · 300 Series Selectorized

🎯 ONE KEY CUE
🔥 ""낮은 경로에서 손잡이를 배 쪽으로 당기기""

Gymleco 312 Iso Lateral Low Row(플레이트 012) 로우로우. 좌우가 독립으로 움직이는 · 플레이트 로딩 · Gymleco line 구조입니다. 처음부터 무게 올리지 말고, 세팅부터 잡으세요.

---

⚙️ ① 기구 세팅
🪑 좌석 / 패드
가슴/등 패드에 몸을 안정적으로 붙이세요. 패드에서 몸이 들리면 반동이 들어갑니다.
🤲 그립 / 손 위치
양손잡이 높이가 좌우 같은지 먼저 보세요. 독립 암이라 한쪽만 어긋나도 바로 느껴집니다.
⚙️ 조절 포인트
시트, 좌·우 암, 스택/플레이트를 확인하세요. 양쪽 플레이트를 동일하게 맞추고, 한쪽만 먼저 올리지 마세요. 좌우 시작 위치가 같은지도 같이 봅니다.

---

💪 ② 시작 자세
가슴을 세우고 어깨를 귀에서 멀리 둡니다. 팔보다 등부터 준비합니다.
좌우가 같은 높이에서 시작하는지 한 번 더 보세요.
이 자세에서 이것만 확인하세요.
👉 어깨가 귀 쪽으로 올라가지 않는지

---

🔥 ③ 운동 방법
아래에서 몸통으로 당겼다 신장.
양쪽을 같은 속도로 움직이세요. 한쪽이 먼저 끝나면 무게를 더 올리기 전에 밸런스부터 잡습니다.

---

💥 ④ 최고 수축
팔꿈치가 목표에 도착해 등이 조여지는 지점에서 멈춥니다.
⏱️ 1초 STOP
튕기지 말고 그 지점에서 1초만 소유하세요. 무게를 놓는 순간이 아닙니다.

---

🐌 ⑤ 천천히 돌아오기
중량을 그냥 놓지 마세요.
2~3초 동안 통제하면서 복귀합니다.
팔이 펴질 때까지 등을 놓지 말고, 어깨가 앞으로 말리지 않게 버팁니다.

---

❌ 흔한 실수
❌ 몸을 뒤로 젖혀 반동으로 당기는 것
템포를 늦추고 같은 궤적만 반복하세요.
❌ 어깨를 으쓱하며 승모근만 쓰는 것
어깨를 귀에서 멀리 두고 다시 시작하세요.
❌ 손잡이만 당기고 팔꿈치는 안 움직이는 것
자세가 무너지면 무게를 낮추세요.
❌ 한쪽만 먼저 끝내고 반대쪽을 따라가게 하는 것
약한 쪽 속도에 강한 쪽을 맞추세요.
❌ 양쪽 플레이트 무게를 다르게 올리는 것
양쪽을 맞춘 뒤 가벼운 세트로 좌우를 확인하세요.

---

💡 MACHINE FIT PRO TIP
🔥 이 기구는 좌우 암이 독립적으로 움직이는 게 장점입니다. 무게를 올리기 전에 양쪽이 같은 속도로 가는지 확인하세요. 한쪽이 먼저 끝까지 가 버리면 중량보다 밸런스가 먼저입니다.

---

🎯 MACHINE FIT CHECK
🟢 시트/패드 → 몸에 맞춤
🟢 팔꿈치 → 당김 방향
🟢 좌우 → 같은 속도
🟢 복귀 → 2~3초 통제

### 🔥 이것만 기억하세요

""좌우 같은 속도, 끝에서 1초, 복귀는 통제.""","🏋️ GYMLECO — 312 Iso Lateral Low Row · 300 Series Selectorized

🎯 ONE KEY CUE
🔥 ""On the low path, pull the handles toward the midsection""

Gymleco 312 Iso Lateral Low Row(플레이트 012) 로우로우입니다 Lean into the independent arms / plate-loaded / Gymleco line design. Do not chase load until the setup feels locked in.

---

⚙️ ① Setup
🪑 Seat / pads
Pin yourself to the chest/back pad. If you lift off the pad, you are cheating with momentum.
🤲 Grip / hands
Match left and right handle height first — independent arms expose any mismatch immediately.
⚙️ Adjustments
Check 시트, 좌·우 암, 스택/플레이트. Match plates on both sides — do not load one arm first. Confirm both sides start from the same position.

---

💪 ② Start position
Lift the chest and keep the shoulders away from the ears. Prepare the back before the arms.
Double-check both sides start at the same height.
Check only this:
👉 Shoulders not shrugged

---

🔥 ③ Execution
Match left-right speed. If one side finishes early, fix balance before adding load.
Drive the elbows back/down on the row or pulldown path, then lengthen slowly. Keep both sides honest.

---

💥 ④ Peak contraction
Stop where the elbows arrive and the back is squeezed.
⏱️ 1-second STOP
Own that position for one second. This is not where you dump the weight.

---

🐌 ⑤ Controlled return
Do not dump the load.
Take 2–3 seconds on the way back.
Keep the back set as the arms lengthen — do not let the shoulders dump forward.

---

❌ Common mistakes
❌ Leaning back for momentum
Slow the tempo and repeat one clean path.
❌ Shrugging and turning it into an upper-trap pull
Keep the shoulders away from the ears and restart.
❌ Yank the handles without moving the elbows
If position breaks, cut the load.
❌ Letting one side finish early
Match the stronger side to the weaker side’s speed.
❌ Loading unequal plates
Match both sides, then confirm with a light set.

---

💡 MACHINE FIT PRO TIP
🔥 Independent arms are the point. Before you load up, confirm both sides move at the same speed. If one side finishes early, fix balance before adding plates or pins.

---

🎯 MACHINE FIT CHECK
🟢 Seat/pad → fitted
🟢 Elbows → pull direction
🟢 Left/right → same speed
🟢 Return → 2–3 sec control

### 🔥 Remember this

""Match sides, one-second peak, controlled return."""
GYMLECO,미드 로우,Mid Row,017 D.Y. Row,PARTIALLY_VERIFIED,Gymleco,010 Series Plate Loaded,https://gymleco.com/collections/plate-loaded-machines/,미드 로우 전용명 없이 017 D.Y. Row가 중간 높이 로우에 가깝습니다,"패드, 스탠스, 양쪽 플레이트","🏋️ GYMLECO — 017 D.Y. Row · 010 Series Plate Loaded

🎯 ONE KEY CUE
🔥 ""중간 높이에서 팔꿈치를 수평에 가깝게 당기기""

미드 로우 전용명 없이 017 D.Y. Row가 중간 높이 로우에 가깝습니다. 플레이트 로딩 · Gymleco line 구조입니다. 처음부터 무게 올리지 말고, 세팅부터 잡으세요.

---

⚙️ ① 기구 세팅
🪑 좌석 / 패드
가슴/등 패드에 몸을 안정적으로 붙이세요. 패드에서 몸이 들리면 반동이 들어갑니다.
🤲 그립 / 손 위치
손잡이를 편안한 너비로 잡으세요. 손목이 꺾이지 않게 합니다.
⚙️ 조절 포인트
패드, 스탠스, 양쪽 플레이트를 확인하세요. 양쪽 플레이트를 동일하게 맞추고, 한쪽만 먼저 올리지 마세요.
이 카테고리는 공식 명칭이 겹칠 수 있으니, 헬스장 기구의 실제 레버·패드 배치를 우선하세요.

---

💪 ② 시작 자세
가슴을 세우고 어깨를 귀에서 멀리 둡니다. 팔보다 등부터 준비합니다.
이 자세에서 이것만 확인하세요.
👉 어깨가 귀 쪽으로 올라가지 않는지

---

🔥 ③ 운동 방법
손잡이를 몸통 측면으로 당겼다 복귀.
손잡이를 당긴다고 생각하지 말고, 팔꿈치를 목표 지점으로 보내세요.

---

💥 ④ 최고 수축
팔꿈치가 목표에 도착해 등이 조여지는 지점에서 멈춥니다.
⏱️ 1초 STOP
튕기지 말고 그 지점에서 1초만 소유하세요. 무게를 놓는 순간이 아닙니다.

---

🐌 ⑤ 천천히 돌아오기
중량을 그냥 놓지 마세요.
2~3초 동안 통제하면서 복귀합니다.
팔이 펴질 때까지 등을 놓지 말고, 어깨가 앞으로 말리지 않게 버팁니다.

---

❌ 흔한 실수
❌ 상체를 너무 세워 하이로우처럼 만드는
자세가 무너지면 무게를 낮추세요.
❌ 몸을 뒤로 젖혀 반동으로 당기는 것
템포를 늦추고 같은 궤적만 반복하세요.
❌ 어깨를 으쓱하며 승모근만 쓰는 것
어깨를 귀에서 멀리 두고 다시 시작하세요.
❌ 손잡이만 당기고 팔꿈치는 안 움직이는 것
자세가 무너지면 무게를 낮추세요.
❌ 양쪽 플레이트 무게를 다르게 올리는 것
양쪽을 맞춘 뒤 가벼운 세트로 좌우를 확인하세요.

---

💡 MACHINE FIT PRO TIP
🔥 017 D.Y. Row은 플레이트 로딩입니다. 좌우 원판을 동일하게 맞추고, 첫 세트는 궤적·좌우 대칭만 확인한 다음 무게를 올리세요.

---

🎯 MACHINE FIT CHECK
🟢 시트/패드 → 몸에 맞춤
🟢 팔꿈치 → 당김 방향
🟢 원판 → 좌우 동일
🟢 복귀 → 2~3초 통제

### 🔥 이것만 기억하세요

""중간 높이에서 팔꿈치를 수평에 가깝게 당기기. 끝에서 1초, 복귀는 통제.""","🏋️ GYMLECO — 017 D.Y. Row · 010 Series Plate Loaded

🎯 ONE KEY CUE
🔥 ""At mid height, pull with elbows roughly horizontal""

미드 로우 전용명 없이 017 D.Y. Row가 중간 높이 로우에 가깝습니다 Lean into the plate-loaded / Gymleco line design. Do not chase load until the setup feels locked in.

---

⚙️ ① Setup
🪑 Seat / pads
Pin yourself to the chest/back pad. If you lift off the pad, you are cheating with momentum.
🤲 Grip / hands
Take a comfortable grip width and keep the wrists stacked, not bent.
⚙️ Adjustments
Check 패드, 스탠스, 양쪽 플레이트. Match plates on both sides — do not load one arm first.
Naming can overlap in this category — trust the levers and pads on the unit in front of you.

---

💪 ② Start position
Lift the chest and keep the shoulders away from the ears. Prepare the back before the arms.
Check only this:
👉 Shoulders not shrugged

---

🔥 ③ Execution
Do not think “pull the handle.” Drive the elbows to the target.
Drive the elbows back/down on the row or pulldown path, then lengthen slowly.

---

💥 ④ Peak contraction
Stop where the elbows arrive and the back is squeezed.
⏱️ 1-second STOP
Own that position for one second. This is not where you dump the weight.

---

🐌 ⑤ Controlled return
Do not dump the load.
Take 2–3 seconds on the way back.
Keep the back set as the arms lengthen — do not let the shoulders dump forward.

---

❌ Common mistakes
❌ Leaning back for momentum
Slow the tempo and repeat one clean path.
❌ Shrugging and turning it into an upper-trap pull
Keep the shoulders away from the ears and restart.
❌ Yank the handles without moving the elbows
If position breaks, cut the load.
❌ Loading unequal plates
Match both sides, then confirm with a light set.

---

💡 MACHINE FIT PRO TIP
🔥 017 D.Y. Row is plate-loaded. Match plates, confirm path and left-right symmetry on set one, then add load.

---

🎯 MACHINE FIT CHECK
🟢 Seat/pad → fitted
🟢 Elbows → pull direction
🟢 Plates → matched
🟢 Return → 2–3 sec control

### 🔥 Remember this

""At mid height, pull with elbows roughly horizontal. One-second peak, controlled return."""
GYMLECO,아이소래터럴 로우,Iso-Lateral Row,010 Iso Lateral Seated Row,VERIFIED,Gymleco,010 Series Plate Loaded,https://gymleco.com/collections/plate-loaded-machines/,Gymleco 010 Iso Lateral Seated Row 독립 암 시티드 로우입니다,"시트, 좌·우 독립 암, 플레이트","🏋️ GYMLECO — 010 Iso Lateral Seated Row · 010 Series Plate Loaded

🎯 ONE KEY CUE
🔥 ""좌우를 같은 수축 깊이로 맞춰 당기기""

Gymleco 010 Iso Lateral Seated Row 독립 암 시티드 로우. 좌우가 독립으로 움직이는 · 플레이트 로딩 · Gymleco line 구조입니다. 처음부터 무게 올리지 말고, 세팅부터 잡으세요.

---

⚙️ ① 기구 세팅
🪑 좌석 / 패드
가슴/등 패드에 몸을 안정적으로 붙이세요. 패드에서 몸이 들리면 반동이 들어갑니다.
🤲 그립 / 손 위치
양손잡이 높이가 좌우 같은지 먼저 보세요. 독립 암이라 한쪽만 어긋나도 바로 느껴집니다.
⚙️ 조절 포인트
시트, 좌·우 독립 암, 플레이트를 확인하세요. 양쪽 플레이트를 동일하게 맞추고, 한쪽만 먼저 올리지 마세요. 좌우 시작 위치가 같은지도 같이 봅니다.

---

💪 ② 시작 자세
가슴을 세우고 어깨를 귀에서 멀리 둡니다. 팔보다 등부터 준비합니다.
좌우가 같은 높이에서 시작하는지 한 번 더 보세요.
이 자세에서 이것만 확인하세요.
👉 어깨가 귀 쪽으로 올라가지 않는지

---

🔥 ③ 운동 방법
각 팔을 독립적으로 로우했다 복귀.
양쪽을 같은 속도로 움직이세요. 한쪽이 먼저 끝나면 무게를 더 올리기 전에 밸런스부터 잡습니다.

---

💥 ④ 최고 수축
팔꿈치가 목표에 도착해 등이 조여지는 지점에서 멈춥니다.
⏱️ 1초 STOP
튕기지 말고 그 지점에서 1초만 소유하세요. 무게를 놓는 순간이 아닙니다.

---

🐌 ⑤ 천천히 돌아오기
중량을 그냥 놓지 마세요.
2~3초 동안 통제하면서 복귀합니다.
팔이 펴질 때까지 등을 놓지 말고, 어깨가 앞으로 말리지 않게 버팁니다.

---

❌ 흔한 실수
❌ 강한 쪽만 과도하게 당기는
자세가 무너지면 무게를 낮추세요.
❌ 몸을 뒤로 젖혀 반동으로 당기는 것
템포를 늦추고 같은 궤적만 반복하세요.
❌ 어깨를 으쓱하며 승모근만 쓰는 것
어깨를 귀에서 멀리 두고 다시 시작하세요.
❌ 손잡이만 당기고 팔꿈치는 안 움직이는 것
자세가 무너지면 무게를 낮추세요.
❌ 한쪽만 먼저 끝내고 반대쪽을 따라가게 하는 것
약한 쪽 속도에 강한 쪽을 맞추세요.

---

💡 MACHINE FIT PRO TIP
🔥 이 기구는 좌우 암이 독립적으로 움직이는 게 장점입니다. 무게를 올리기 전에 양쪽이 같은 속도로 가는지 확인하세요. 한쪽이 먼저 끝까지 가 버리면 중량보다 밸런스가 먼저입니다.

---

🎯 MACHINE FIT CHECK
🟢 시트/패드 → 몸에 맞춤
🟢 팔꿈치 → 당김 방향
🟢 좌우 → 같은 속도
🟢 복귀 → 2~3초 통제

### 🔥 이것만 기억하세요

""좌우 같은 속도, 끝에서 1초, 복귀는 통제.""","🏋️ GYMLECO — 010 Iso Lateral Seated Row · 010 Series Plate Loaded

🎯 ONE KEY CUE
🔥 ""Match pull depth on both sides through the contraction""

Gymleco 010 Iso Lateral Seated Row 독립 암 시티드 로우입니다 Lean into the independent arms / plate-loaded / Gymleco line design. Do not chase load until the setup feels locked in.

---

⚙️ ① Setup
🪑 Seat / pads
Pin yourself to the chest/back pad. If you lift off the pad, you are cheating with momentum.
🤲 Grip / hands
Match left and right handle height first — independent arms expose any mismatch immediately.
⚙️ Adjustments
Check 시트, 좌·우 독립 암, 플레이트. Match plates on both sides — do not load one arm first. Confirm both sides start from the same position.

---

💪 ② Start position
Lift the chest and keep the shoulders away from the ears. Prepare the back before the arms.
Double-check both sides start at the same height.
Check only this:
👉 Shoulders not shrugged

---

🔥 ③ Execution
Match left-right speed. If one side finishes early, fix balance before adding load.
Drive the elbows back/down on the row or pulldown path, then lengthen slowly. Keep both sides honest.

---

💥 ④ Peak contraction
Stop where the elbows arrive and the back is squeezed.
⏱️ 1-second STOP
Own that position for one second. This is not where you dump the weight.

---

🐌 ⑤ Controlled return
Do not dump the load.
Take 2–3 seconds on the way back.
Keep the back set as the arms lengthen — do not let the shoulders dump forward.

---

❌ Common mistakes
❌ Leaning back for momentum
Slow the tempo and repeat one clean path.
❌ Shrugging and turning it into an upper-trap pull
Keep the shoulders away from the ears and restart.
❌ Yank the handles without moving the elbows
If position breaks, cut the load.
❌ Letting one side finish early
Match the stronger side to the weaker side’s speed.
❌ Loading unequal plates
Match both sides, then confirm with a light set.

---

💡 MACHINE FIT PRO TIP
🔥 Independent arms are the point. Before you load up, confirm both sides move at the same speed. If one side finishes early, fix balance before adding plates or pins.

---

🎯 MACHINE FIT CHECK
🟢 Seat/pad → fitted
🟢 Elbows → pull direction
🟢 Left/right → same speed
🟢 Return → 2–3 sec control

### 🔥 Remember this

""Match sides, one-second peak, controlled return."""
GYMLECO,아이소래터럴 로우 로우,Iso-Lateral Low Row,312 Iso Lateral Low Row,VERIFIED,Gymleco,300 Series Selectorized,https://gymleco.com/collections/selectorized-gym-machines,Gymleco 312/012 Iso Lateral Low Row 아이소래터럴 로우로우입니다,"시트, 독립 암, 스택/플레이트","🏋️ GYMLECO — 312 Iso Lateral Low Row · 300 Series Selectorized

🎯 ONE KEY CUE
🔥 ""낮은 독립 암으로 좌우를 대칭으로 당기기""

Gymleco 312/012 Iso Lateral Low Row 아이소래터럴 로우로우. 좌우가 독립으로 움직이는 · Gymleco line 구조입니다. 처음부터 무게 올리지 말고, 세팅부터 잡으세요.

---

⚙️ ① 기구 세팅
🪑 좌석 / 패드
가슴/등 패드에 몸을 안정적으로 붙이세요. 패드에서 몸이 들리면 반동이 들어갑니다.
🤲 그립 / 손 위치
양손잡이 높이가 좌우 같은지 먼저 보세요. 독립 암이라 한쪽만 어긋나도 바로 느껴집니다.
⚙️ 조절 포인트
시트, 독립 암, 스택/플레이트를 확인하세요. 좌우 시작 위치가 같은지도 같이 봅니다.

---

💪 ② 시작 자세
가슴을 세우고 어깨를 귀에서 멀리 둡니다. 팔보다 등부터 준비합니다.
좌우가 같은 높이에서 시작하는지 한 번 더 보세요.
이 자세에서 이것만 확인하세요.
👉 어깨가 귀 쪽으로 올라가지 않는지

---

🔥 ③ 운동 방법
저경로로 당겼다 천천히 신장.
양쪽을 같은 속도로 움직이세요. 한쪽이 먼저 끝나면 무게를 더 올리기 전에 밸런스부터 잡습니다.

---

💥 ④ 최고 수축
팔꿈치가 목표에 도착해 등이 조여지는 지점에서 멈춥니다.
⏱️ 1초 STOP
튕기지 말고 그 지점에서 1초만 소유하세요. 무게를 놓는 순간이 아닙니다.

---

🐌 ⑤ 천천히 돌아오기
중량을 그냥 놓지 마세요.
2~3초 동안 통제하면서 복귀합니다.
팔이 펴질 때까지 등을 놓지 말고, 어깨가 앞으로 말리지 않게 버팁니다.

---

❌ 흔한 실수
❌ 한쪽만 짧게 끊고 끝내는
약한 쪽 속도에 강한 쪽을 맞추세요.
❌ 몸을 뒤로 젖혀 반동으로 당기는 것
템포를 늦추고 같은 궤적만 반복하세요.
❌ 어깨를 으쓱하며 승모근만 쓰는 것
어깨를 귀에서 멀리 두고 다시 시작하세요.
❌ 손잡이만 당기고 팔꿈치는 안 움직이는 것
자세가 무너지면 무게를 낮추세요.
❌ 한쪽만 먼저 끝내고 반대쪽을 따라가게 하는 것
약한 쪽 속도에 강한 쪽을 맞추세요.

---

💡 MACHINE FIT PRO TIP
🔥 이 기구는 좌우 암이 독립적으로 움직이는 게 장점입니다. 무게를 올리기 전에 양쪽이 같은 속도로 가는지 확인하세요. 한쪽이 먼저 끝까지 가 버리면 중량보다 밸런스가 먼저입니다.

---

🎯 MACHINE FIT CHECK
🟢 시트/패드 → 몸에 맞춤
🟢 팔꿈치 → 당김 방향
🟢 좌우 → 같은 속도
🟢 복귀 → 2~3초 통제

### 🔥 이것만 기억하세요

""좌우 같은 속도, 끝에서 1초, 복귀는 통제.""","🏋️ GYMLECO — 312 Iso Lateral Low Row · 300 Series Selectorized

🎯 ONE KEY CUE
🔥 ""Use the low independent arms and pull both sides symmetrically""

Gymleco 312/012 Iso Lateral Low Row 아이소래터럴 로우로우입니다 Lean into the independent arms / Gymleco line design. Do not chase load until the setup feels locked in.

---

⚙️ ① Setup
🪑 Seat / pads
Pin yourself to the chest/back pad. If you lift off the pad, you are cheating with momentum.
🤲 Grip / hands
Match left and right handle height first — independent arms expose any mismatch immediately.
⚙️ Adjustments
Check 시트, 독립 암, 스택/플레이트. Confirm both sides start from the same position.

---

💪 ② Start position
Lift the chest and keep the shoulders away from the ears. Prepare the back before the arms.
Double-check both sides start at the same height.
Check only this:
👉 Shoulders not shrugged

---

🔥 ③ Execution
Match left-right speed. If one side finishes early, fix balance before adding load.
Drive the elbows back/down on the row or pulldown path, then lengthen slowly. Keep both sides honest.

---

💥 ④ Peak contraction
Stop where the elbows arrive and the back is squeezed.
⏱️ 1-second STOP
Own that position for one second. This is not where you dump the weight.

---

🐌 ⑤ Controlled return
Do not dump the load.
Take 2–3 seconds on the way back.
Keep the back set as the arms lengthen — do not let the shoulders dump forward.

---

❌ Common mistakes
❌ Leaning back for momentum
Slow the tempo and repeat one clean path.
❌ Shrugging and turning it into an upper-trap pull
Keep the shoulders away from the ears and restart.
❌ Yank the handles without moving the elbows
If position breaks, cut the load.
❌ Letting one side finish early
Match the stronger side to the weaker side’s speed.

---

💡 MACHINE FIT PRO TIP
🔥 Independent arms are the point. Before you load up, confirm both sides move at the same speed. If one side finishes early, fix balance before adding plates or pins.

---

🎯 MACHINE FIT CHECK
🟢 Seat/pad → fitted
🟢 Elbows → pull direction
🟢 Left/right → same speed
🟢 Return → 2–3 sec control

### 🔥 Remember this

""Match sides, one-second peak, controlled return."""
GYMLECO,체스트 서포티드 로우,Chest Supported Row,117 Seal Row Bench,VERIFIED,Gymleco,100 Series Core,https://gymleco.com/collections/plate-loaded-machines/,Gymleco 117 Seal Row Bench 흉부 지지 실 로우입니다,"벤치 높이, 바벨/덤벨, 스탠스","🏋️ GYMLECO — 117 Seal Row Bench · 100 Series Core

🎯 ONE KEY CUE
🔥 ""가슴을 벤치에 붙인 채 바를 배꼽 쪽으로 당기기""

Gymleco 117 Seal Row Bench 흉부 지지 실 로우. 가슴 지지 · Gymleco line 구조입니다. 처음부터 무게 올리지 말고, 세팅부터 잡으세요.

---

⚙️ ① 기구 세팅
🤲 그립 / 손 위치
손잡이를 편안한 너비로 잡으세요. 손목이 꺾이지 않게 합니다.
⚙️ 조절 포인트
벤치 높이, 바벨/덤벨, 스탠스를 확인하세요.

---

💪 ② 시작 자세
가슴을 세우고 어깨를 귀에서 멀리 둡니다. 팔보다 등부터 준비합니다.
이 자세에서 이것만 확인하세요.
👉 어깨가 귀 쪽으로 올라가지 않는지

---

🔥 ③ 운동 방법
바를 몸통으로 당겼다 통제 하강.
손잡이를 당긴다고 생각하지 말고, 팔꿈치를 목표 지점으로 보내세요.

---

💥 ④ 최고 수축
팔꿈치가 목표에 도착해 등이 조여지는 지점에서 멈춥니다.
⏱️ 1초 STOP
튕기지 말고 그 지점에서 1초만 소유하세요. 무게를 놓는 순간이 아닙니다.

---

🐌 ⑤ 천천히 돌아오기
중량을 그냥 놓지 마세요.
2~3초 동안 통제하면서 복귀합니다.
팔이 펴질 때까지 등을 놓지 말고, 어깨가 앞으로 말리지 않게 버팁니다.

---

❌ 흔한 실수
❌ 가슴을 떼고 허리로 들어 올리는
자세가 무너지면 무게를 낮추세요.
❌ 몸을 뒤로 젖혀 반동으로 당기는 것
템포를 늦추고 같은 궤적만 반복하세요.
❌ 어깨를 으쓱하며 승모근만 쓰는 것
어깨를 귀에서 멀리 두고 다시 시작하세요.
❌ 손잡이만 당기고 팔꿈치는 안 움직이는 것
자세가 무너지면 무게를 낮추세요.

---

💡 MACHINE FIT PRO TIP
🔥 가슴 패드가 있는 이유가 반동을 끊기 위해서입니다. 패드를 밀고 일어서지 말고, 가슴을 붙인 채 팔꿈치만 움직이세요.

---

🎯 MACHINE FIT CHECK
🟢 시트/패드 → 몸에 맞춤
🟢 가슴 → 패드에 고정
🟢 어깨 → 으쓱하지 않기
🟢 복귀 → 2~3초 통제

### 🔥 이것만 기억하세요

""가슴은 패드에, 팔꿈치는 뒤로, 끝에서 1초.""","🏋️ GYMLECO — 117 Seal Row Bench · 100 Series Core

🎯 ONE KEY CUE
🔥 ""Keep the chest glued to the bench and pull toward the navel""

Gymleco 117 Seal Row Bench 흉부 지지 실 로우입니다 Lean into the chest-supported / Gymleco line design. Do not chase load until the setup feels locked in.

---

⚙️ ① Setup
🤲 Grip / hands
Take a comfortable grip width and keep the wrists stacked, not bent.
⚙️ Adjustments
Check 벤치 높이, 바벨/덤벨, 스탠스.

---

💪 ② Start position
Lift the chest and keep the shoulders away from the ears. Prepare the back before the arms.
Check only this:
👉 Shoulders not shrugged

---

🔥 ③ Execution
Do not think “pull the handle.” Drive the elbows to the target.
Drive the elbows back/down on the row or pulldown path, then lengthen slowly.

---

💥 ④ Peak contraction
Stop where the elbows arrive and the back is squeezed.
⏱️ 1-second STOP
Own that position for one second. This is not where you dump the weight.

---

🐌 ⑤ Controlled return
Do not dump the load.
Take 2–3 seconds on the way back.
Keep the back set as the arms lengthen — do not let the shoulders dump forward.

---

❌ Common mistakes
❌ Leaning back for momentum
Slow the tempo and repeat one clean path.
❌ Shrugging and turning it into an upper-trap pull
Keep the shoulders away from the ears and restart.
❌ Yank the handles without moving the elbows
If position breaks, cut the load.

---

💡 MACHINE FIT PRO TIP
🔥 The chest pad exists to kill momentum. Stay glued to it and move only through the elbows.

---

🎯 MACHINE FIT CHECK
🟢 Seat/pad → fitted
🟢 Chest → glued to pad
🟢 Shoulders → not shrugged
🟢 Return → 2–3 sec control

### 🔥 Remember this

""Chest on the pad, elbows back, one-second squeeze."""
GYMLECO,T바 로우 머신,T-Bar Row,115 T-bar Row,VERIFIED,Gymleco,100 Series Core,https://gymleco.com/collections/plate-loaded-machines/,Gymleco 115 T-bar Row(116 Incline T-bar row도 계열)입니다,"풋 지지, 그립, 플레이트 로딩","🏋️ GYMLECO — 115 T-bar Row · 100 Series Core

🎯 ONE KEY CUE
🔥 ""가슴을 연 채 T바를 복부로 당기기""

Gymleco 115 T-bar Row(116 Incline T-bar row도 계열). Gymleco line 구조입니다. 처음부터 무게 올리지 말고, 세팅부터 잡으세요.

---

⚙️ ① 기구 세팅
🤲 그립 / 손 위치
그립를 편안한 너비로 잡으세요. 손목이 꺾이지 않게 합니다.
⚙️ 조절 포인트
풋 지지, 그립, 플레이트 로딩을 확인하세요.

---

💪 ② 시작 자세
가슴을 세우고 어깨를 귀에서 멀리 둡니다. 팔보다 등부터 준비합니다.
이 자세에서 이것만 확인하세요.
👉 어깨가 귀 쪽으로 올라가지 않는지

---

🔥 ③ 운동 방법
바를 몸통으로 당겼다 천천히 내리기.
손잡이를 당긴다고 생각하지 말고, 팔꿈치를 목표 지점으로 보내세요.

---

💥 ④ 최고 수축
팔꿈치가 목표에 도착해 등이 조여지는 지점에서 멈춥니다.
⏱️ 1초 STOP
튕기지 말고 그 지점에서 1초만 소유하세요. 무게를 놓는 순간이 아닙니다.

---

🐌 ⑤ 천천히 돌아오기
중량을 그냥 놓지 마세요.
2~3초 동안 통제하면서 복귀합니다.
팔이 펴질 때까지 등을 놓지 말고, 어깨가 앞으로 말리지 않게 버팁니다.

---

❌ 흔한 실수
❌ 허리를 둥글게 말고 들어 올리는
자세가 무너지면 무게를 낮추세요.
❌ 몸을 뒤로 젖혀 반동으로 당기는 것
템포를 늦추고 같은 궤적만 반복하세요.
❌ 어깨를 으쓱하며 승모근만 쓰는 것
어깨를 귀에서 멀리 두고 다시 시작하세요.
❌ 손잡이만 당기고 팔꿈치는 안 움직이는 것
자세가 무너지면 무게를 낮추세요.

---

💡 MACHINE FIT PRO TIP
🔥 115 T-bar Row의 가이드 궤적을 이용하세요. 첫 2세트는 천천히, 대칭이 확인된 뒤에만 무게를 올립니다.

---

🎯 MACHINE FIT CHECK
🟢 시트/패드 → 몸에 맞춤
🟢 팔꿈치 → 당김 방향
🟢 어깨 → 으쓱하지 않기
🟢 복귀 → 2~3초 통제

### 🔥 이것만 기억하세요

""가슴을 연 채 T바를 복부로 당기기. 끝에서 1초, 복귀는 통제.""","🏋️ GYMLECO — 115 T-bar Row · 100 Series Core

🎯 ONE KEY CUE
🔥 ""Keep the chest open and pull the T-bar into the midsection""

Gymleco 115 T-bar Row(116 Incline T-bar row도 계열)입니다 Lean into the Gymleco line design. Do not chase load until the setup feels locked in.

---

⚙️ ① Setup
🤲 Grip / hands
Take a comfortable grip width and keep the wrists stacked, not bent.
⚙️ Adjustments
Check 풋 지지, 그립, 플레이트 로딩.

---

💪 ② Start position
Lift the chest and keep the shoulders away from the ears. Prepare the back before the arms.
Check only this:
👉 Shoulders not shrugged

---

🔥 ③ Execution
Do not think “pull the handle.” Drive the elbows to the target.
Drive the elbows back/down on the row or pulldown path, then lengthen slowly.

---

💥 ④ Peak contraction
Stop where the elbows arrive and the back is squeezed.
⏱️ 1-second STOP
Own that position for one second. This is not where you dump the weight.

---

🐌 ⑤ Controlled return
Do not dump the load.
Take 2–3 seconds on the way back.
Keep the back set as the arms lengthen — do not let the shoulders dump forward.

---

❌ Common mistakes
❌ Leaning back for momentum
Slow the tempo and repeat one clean path.
❌ Shrugging and turning it into an upper-trap pull
Keep the shoulders away from the ears and restart.
❌ Yank the handles without moving the elbows
If position breaks, cut the load.

---

💡 MACHINE FIT PRO TIP
🔥 Use the guided path on 115 T-bar Row. Slow the first two sets, confirm symmetry, then add load.

---

🎯 MACHINE FIT CHECK
🟢 Seat/pad → fitted
🟢 Elbows → pull direction
🟢 Shoulders → not shrugged
🟢 Return → 2–3 sec control

### 🔥 Remember this

""Keep the chest open and pull the T-bar into the midsection. One-second peak, controlled return."""
GYMLECO,풀오버,Pullover,324 Pullover,VERIFIED,Gymleco,300 Series Selectorized,https://gymleco.com/collections/selectorized-gym-machines,Gymleco 324 Pullover 셀렉토라이즈드 풀오버입니다,"시트, 팔/팔꿈치 패드, 스택 핀","🏋️ GYMLECO — 324 Pullover · 300 Series Selectorized

🎯 ONE KEY CUE
🔥 ""갈비뼈를 내린 채 팔을 크게 아크로 당기기""

Gymleco 324 Pullover 셀렉토라이즈드 풀오버. Gymleco line 구조입니다. 처음부터 무게 올리지 말고, 세팅부터 잡으세요.

---

⚙️ ① 기구 세팅
🪑 좌석 / 패드
가슴/등 패드에 몸을 안정적으로 붙이세요. 패드에서 몸이 들리면 반동이 들어갑니다.
🤲 그립 / 손 위치
손잡이를 편안한 너비로 잡으세요. 손목이 꺾이지 않게 합니다.
⚙️ 조절 포인트
시트, 팔/팔꿈치 패드, 스택 핀을 확인하세요.

---

💪 ② 시작 자세
가슴을 세우고 어깨를 귀에서 멀리 둡니다. 팔보다 등부터 준비합니다.
이 자세에서 이것만 확인하세요.
👉 어깨가 귀 쪽으로 올라가지 않는지

---

🔥 ③ 운동 방법
손잡이를 머리 위에서 몸통으로 당겼다 복귀.
손잡이를 당긴다고 생각하지 말고, 팔꿈치를 목표 지점으로 보내세요.

---

💥 ④ 최고 수축
팔꿈치가 목표에 도착해 등이 조여지는 지점에서 멈춥니다.
⏱️ 1초 STOP
튕기지 말고 그 지점에서 1초만 소유하세요. 무게를 놓는 순간이 아닙니다.

---

🐌 ⑤ 천천히 돌아오기
중량을 그냥 놓지 마세요.
2~3초 동안 통제하면서 복귀합니다.
팔이 펴질 때까지 등을 놓지 말고, 어깨가 앞으로 말리지 않게 버팁니다.

---

❌ 흔한 실수
❌ 허리를 젖혀 요추로 힘을 보내는
깊이보다 골반 고정이 먼저입니다. 허리가 뜨면 범위를 줄이세요.
❌ 몸을 뒤로 젖혀 반동으로 당기는 것
템포를 늦추고 같은 궤적만 반복하세요.
❌ 어깨를 으쓱하며 승모근만 쓰는 것
어깨를 귀에서 멀리 두고 다시 시작하세요.
❌ 손잡이만 당기고 팔꿈치는 안 움직이는 것
자세가 무너지면 무게를 낮추세요.

---

💡 MACHINE FIT PRO TIP
🔥 324 Pullover의 가이드 궤적을 이용하세요. 첫 2세트는 천천히, 대칭이 확인된 뒤에만 무게를 올립니다.

---

🎯 MACHINE FIT CHECK
🟢 시트/패드 → 몸에 맞춤
🟢 팔꿈치 → 당김 방향
🟢 어깨 → 으쓱하지 않기
🟢 복귀 → 2~3초 통제

### 🔥 이것만 기억하세요

""갈비뼈를 내린 채 팔을 크게 아크로 당기기. 끝에서 1초, 복귀는 통제.""","🏋️ GYMLECO — 324 Pullover · 300 Series Selectorized

🎯 ONE KEY CUE
🔥 ""Keep ribs down and pull through a large arc""

Gymleco 324 Pullover 셀렉토라이즈드 풀오버입니다 Lean into the Gymleco line design. Do not chase load until the setup feels locked in.

---

⚙️ ① Setup
🪑 Seat / pads
Pin yourself to the chest/back pad. If you lift off the pad, you are cheating with momentum.
🤲 Grip / hands
Take a comfortable grip width and keep the wrists stacked, not bent.
⚙️ Adjustments
Check 시트, 팔/팔꿈치 패드, 스택 핀.

---

💪 ② Start position
Lift the chest and keep the shoulders away from the ears. Prepare the back before the arms.
Check only this:
👉 Shoulders not shrugged

---

🔥 ③ Execution
Do not think “pull the handle.” Drive the elbows to the target.
Drive the elbows back/down on the row or pulldown path, then lengthen slowly.

---

💥 ④ Peak contraction
Stop where the elbows arrive and the back is squeezed.
⏱️ 1-second STOP
Own that position for one second. This is not where you dump the weight.

---

🐌 ⑤ Controlled return
Do not dump the load.
Take 2–3 seconds on the way back.
Keep the back set as the arms lengthen — do not let the shoulders dump forward.

---

❌ Common mistakes
❌ Leaning back for momentum
Slow the tempo and repeat one clean path.
❌ Shrugging and turning it into an upper-trap pull
Keep the shoulders away from the ears and restart.
❌ Yank the handles without moving the elbows
If position breaks, cut the load.

---

💡 MACHINE FIT PRO TIP
🔥 Use the guided path on 324 Pullover. Slow the first two sets, confirm symmetry, then add load.

---

🎯 MACHINE FIT CHECK
🟢 Seat/pad → fitted
🟢 Elbows → pull direction
🟢 Shoulders → not shrugged
🟢 Return → 2–3 sec control

### 🔥 Remember this

""Keep ribs down and pull through a large arc. One-second peak, controlled return."""
GYMLECO,어시스트 풀업 / 친업,Assisted Pull-up / Chin-up,314 Chins/Dips,PARTIALLY_VERIFIED,Gymleco,300 Series Selectorized,https://gymleco.com/collections/selectorized-gym-machines,Gymleco 314 Chins/Dips 어시스트 친업·딥 (카탈로그 '어시스트 친업' → 카테고리 '어시스트 풀업 / 친업' 매핑),"어시스트 스택, 무릎 패드, 친 그립","🏋️ GYMLECO — 314 Chins/Dips · 300 Series Selectorized

🎯 ONE KEY CUE
🔥 ""어시스트를 맞춘 뒤 가슴을 바 쪽으로 당기기""

Gymleco 314 Chins/Dips 어시스트 친업·딥 (카탈로그 '어시스트 친업' → 카테고리 '어시스트 풀업 / 친업' 매핑). Gymleco line 구조입니다. 처음부터 무게 올리지 말고, 세팅부터 잡으세요.

---

⚙️ ① 기구 세팅
🪑 좌석 / 패드
가슴/등 패드에 몸을 안정적으로 붙이세요. 패드에서 몸이 들리면 반동이 들어갑니다.
🤲 그립 / 손 위치
친 그립를 편안한 너비로 잡으세요. 손목이 꺾이지 않게 합니다.
⚙️ 조절 포인트
어시스트 스택, 무릎 패드, 친 그립을 확인하세요.
이 카테고리는 공식 명칭이 겹칠 수 있으니, 헬스장 기구의 실제 레버·패드 배치를 우선하세요.

---

💪 ② 시작 자세
가슴을 세우고 어깨를 귀에서 멀리 둡니다. 팔보다 등부터 준비합니다.
이 자세에서 이것만 확인하세요.
👉 어깨가 귀 쪽으로 올라가지 않는지

---

🔥 ③ 운동 방법
몸을 위로 당겼다 천천히 내려오기.
손잡이를 당긴다고 생각하지 말고, 팔꿈치를 목표 지점으로 보내세요.

---

💥 ④ 최고 수축
팔꿈치가 목표에 도착해 등이 조여지는 지점에서 멈춥니다.
⏱️ 1초 STOP
튕기지 말고 그 지점에서 1초만 소유하세요. 무게를 놓는 순간이 아닙니다.

---

🐌 ⑤ 천천히 돌아오기
중량을 그냥 놓지 마세요.
2~3초 동안 통제하면서 복귀합니다.
팔이 펴질 때까지 등을 놓지 말고, 어깨가 앞으로 말리지 않게 버팁니다.

---

❌ 흔한 실수
❌ 반동으로 몸을 흔들며 턱만 올리는
템포를 늦추고 같은 궤적만 반복하세요.
❌ 몸을 뒤로 젖혀 반동으로 당기는 것
템포를 늦추고 같은 궤적만 반복하세요.
❌ 어깨를 으쓱하며 승모근만 쓰는 것
어깨를 귀에서 멀리 두고 다시 시작하세요.
❌ 손잡이만 당기고 팔꿈치는 안 움직이는 것
자세가 무너지면 무게를 낮추세요.

---

💡 MACHINE FIT PRO TIP
🔥 314 Chins/Dips의 가이드 궤적을 이용하세요. 첫 2세트는 천천히, 대칭이 확인된 뒤에만 무게를 올립니다.

---

🎯 MACHINE FIT CHECK
🟢 시트/패드 → 몸에 맞춤
🟢 팔꿈치 → 당김 방향
🟢 어깨 → 으쓱하지 않기
🟢 복귀 → 2~3초 통제

### 🔥 이것만 기억하세요

""어시스트를 맞춘 뒤 가슴을 바 쪽으로 당기기. 끝에서 1초, 복귀는 통제.""","🏋️ GYMLECO — 314 Chins/Dips · 300 Series Selectorized

🎯 ONE KEY CUE
🔥 ""Set the assist then pull the chest toward the bar""

Gymleco 314 Chins/Dips 어시스트 친업·딥 (카탈로그 '어시스트 친업' → 카테고리 '어시스트 풀업 / 친업' 매핑) Lean into the Gymleco line design. Do not chase load until the setup feels locked in.

---

⚙️ ① Setup
🪑 Seat / pads
Pin yourself to the chest/back pad. If you lift off the pad, you are cheating with momentum.
🤲 Grip / hands
Take a comfortable grip width and keep the wrists stacked, not bent.
⚙️ Adjustments
Check 어시스트 스택, 무릎 패드, 친 그립.
Naming can overlap in this category — trust the levers and pads on the unit in front of you.

---

💪 ② Start position
Lift the chest and keep the shoulders away from the ears. Prepare the back before the arms.
Check only this:
👉 Shoulders not shrugged

---

🔥 ③ Execution
Do not think “pull the handle.” Drive the elbows to the target.
Drive the elbows back/down on the row or pulldown path, then lengthen slowly.

---

💥 ④ Peak contraction
Stop where the elbows arrive and the back is squeezed.
⏱️ 1-second STOP
Own that position for one second. This is not where you dump the weight.

---

🐌 ⑤ Controlled return
Do not dump the load.
Take 2–3 seconds on the way back.
Keep the back set as the arms lengthen — do not let the shoulders dump forward.

---

❌ Common mistakes
❌ Leaning back for momentum
Slow the tempo and repeat one clean path.
❌ Shrugging and turning it into an upper-trap pull
Keep the shoulders away from the ears and restart.
❌ Yank the handles without moving the elbows
If position breaks, cut the load.

---

💡 MACHINE FIT PRO TIP
🔥 Use the guided path on 314 Chins/Dips. Slow the first two sets, confirm symmetry, then add load.

---

🎯 MACHINE FIT CHECK
🟢 Seat/pad → fitted
🟢 Elbows → pull direction
🟢 Shoulders → not shrugged
🟢 Return → 2–3 sec control

### 🔥 Remember this

""Set the assist then pull the chest toward the bar. One-second peak, controlled return."""
GYMLECO,숄더 프레스,Shoulder Press,330 Shoulder Press,VERIFIED,Gymleco,300 Series Selectorized,https://gymleco.com/collections/selectorized-gym-machines,Gymleco 330 Shoulder Press(플레이트 030도 동일 계열)입니다,"시트, 시작 높이, 스택/플레이트","🏋️ GYMLECO — 330 Shoulder Press · 300 Series Selectorized

🎯 ONE KEY CUE
🔥 ""갈비뼈를 고정하고 손잡이를 머리 위로 밀기""

Gymleco 330 Shoulder Press(플레이트 030도 동일 계열). 플레이트 로딩 · Gymleco line 구조입니다. 처음부터 무게 올리지 말고, 세팅부터 잡으세요.

---

⚙️ ① 기구 세팅
🪑 좌석 / 패드
시트를 몸에 맞추세요. 시작 위치가 어깨·관절에 자연스럽게 오는지 확인합니다.
🤲 그립 / 손 위치
손잡이를 편안한 너비로 잡으세요. 손목이 꺾이지 않게 합니다.
⚙️ 조절 포인트
시트, 시작 높이, 스택/플레이트를 확인하세요. 양쪽 플레이트를 동일하게 맞추고, 한쪽만 먼저 올리지 마세요.

---

💪 ② 시작 자세
갈비뼈를 내리고 허리를 과하게 아치하지 않습니다. 팔꿈치를 시작 궤적에 올립니다.
이 자세에서 이것만 확인하세요.
👉 허리가 과하게 꺾이지 않는지

---

🔥 ③ 운동 방법
손잡이를 위로 밀었다 천천히 내리기.
반동으로 올리지 마세요. 팔꿈치가 궤적을 주도하게 둡니다.

---

💥 ④ 최고 수축
목표 근육이 가장 조여지는 끝 지점에서 멈춥니다.
⏱️ 1초 STOP
튕기지 말고 그 지점에서 1초만 소유하세요. 무게를 놓는 순간이 아닙니다.

---

🐌 ⑤ 천천히 돌아오기
중량을 그냥 놓지 마세요.
2~3초 동안 통제하면서 복귀합니다.
시작 자세로 돌아갈 때도 같은 궤적을 유지하세요.

---

❌ 흔한 실수
❌ 허리를 과아치하며 반동으로 미는
템포를 늦추고 같은 궤적만 반복하세요.
❌ 허리를 꺾어 프레스하는 것
자세가 무너지면 무게를 낮추세요.
❌ 어깨를 귀 쪽으로 으쓱하는 것
어깨를 귀에서 멀리 두고 다시 시작하세요.
❌ 반동으로 들어 올리는 것
템포를 늦추고 같은 궤적만 반복하세요.
❌ 양쪽 플레이트 무게를 다르게 올리는 것
양쪽을 맞춘 뒤 가벼운 세트로 좌우를 확인하세요.

---

💡 MACHINE FIT PRO TIP
🔥 330 Shoulder Press은 플레이트 로딩입니다. 좌우 원판을 동일하게 맞추고, 첫 세트는 궤적·좌우 대칭만 확인한 다음 무게를 올리세요.

---

🎯 MACHINE FIT CHECK
🟢 시트/패드 → 몸에 맞춤
🟢 팔꿈치 → 미는/드는 방향
🟢 원판 → 좌우 동일
🟢 복귀 → 2~3초 통제

### 🔥 이것만 기억하세요

""갈비뼈를 고정하고 손잡이를 머리 위로 밀기. 끝에서 1초, 복귀는 통제.""","🏋️ GYMLECO — 330 Shoulder Press · 300 Series Selectorized

🎯 ONE KEY CUE
🔥 ""Brace the ribs and press the handles overhead""

Gymleco 330 Shoulder Press(플레이트 030도 동일 계열)입니다 Lean into the plate-loaded / Gymleco line design. Do not chase load until the setup feels locked in.

---

⚙️ ① Setup
🪑 Seat / pads
Fit the seat to your body so the start position sits naturally on the working joint.
🤲 Grip / hands
Take a comfortable grip width and keep the wrists stacked, not bent.
⚙️ Adjustments
Check 시트, 시작 높이, 스택/플레이트. Match plates on both sides — do not load one arm first.

---

💪 ② Start position
Drop the ribs — do not over-arch. Set the elbows on the press path.
Check only this:
👉 Low back not over-arched

---

🔥 ③ Execution
No bounce. Let the elbows own the path.
Press or raise on the guided path, then lower without dumping the shoulders.

---

💥 ④ Peak contraction
Stop where the target muscle is most shortened.
⏱️ 1-second STOP
Own that position for one second. This is not where you dump the weight.

---

🐌 ⑤ Controlled return
Do not dump the load.
Take 2–3 seconds on the way back.
Return on the same path you pressed or pulled.

---

❌ Common mistakes
❌ Pressing with an over-arched low back
If position breaks, cut the load.
❌ Shrugging the shoulders into the ears
Keep the shoulders away from the ears and restart.
❌ Bouncing the weight up
Slow the tempo and repeat one clean path.
❌ Loading unequal plates
Match both sides, then confirm with a light set.

---

💡 MACHINE FIT PRO TIP
🔥 330 Shoulder Press is plate-loaded. Match plates, confirm path and left-right symmetry on set one, then add load.

---

🎯 MACHINE FIT CHECK
🟢 Seat/pad → fitted
🟢 Elbows → press/raise direction
🟢 Plates → matched
🟢 Return → 2–3 sec control

### 🔥 Remember this

""Brace the ribs and press the handles overhead. One-second peak, controlled return."""
GYMLECO,아이소래터럴 숄더 프레스,Iso-Lateral Shoulder Press,336 Shoulder Front Press,PARTIALLY_VERIFIED,Gymleco,300 Series Selectorized,https://gymleco.com/collections/selectorized-gym-machines,밀리터리 전용명 없이 336 Shoulder Front Press가 전면 오버헤드에 가깝습니다 (카탈로그 '밀리터리 프레스' → 카테고리 '아이소래터럴 숄더 프레스' 매핑),"시트, 시작 위치, 스택","🏋️ GYMLECO — 336 Shoulder Front Press · 300 Series Selectorized

🎯 ONE KEY CUE
🔥 ""전면 경로에서 팔꿈치를 앞으로 두고 위로 밀기""

밀리터리 전용명 없이 336 Shoulder Front Press가 전면 오버헤드에 가깝습니다 (카탈로그 '밀리터리 프레스' → 카테고리 '아이소래터럴 숄더 프레스' 매핑). 좌우가 독립으로 움직이는 · Gymleco line 구조입니다. 처음부터 무게 올리지 말고, 세팅부터 잡으세요.

---

⚙️ ① 기구 세팅
🪑 좌석 / 패드
시트를 몸에 맞추세요. 시작 위치가 어깨·관절에 자연스럽게 오는지 확인합니다.
🤲 그립 / 손 위치
양손잡이 높이가 좌우 같은지 먼저 보세요. 독립 암이라 한쪽만 어긋나도 바로 느껴집니다.
⚙️ 조절 포인트
시트, 시작 위치, 스택을 확인하세요. 좌우 시작 위치가 같은지도 같이 봅니다.
이 카테고리는 공식 명칭이 겹칠 수 있으니, 헬스장 기구의 실제 레버·패드 배치를 우선하세요.

---

💪 ② 시작 자세
갈비뼈를 내리고 허리를 과하게 아치하지 않습니다. 팔꿈치를 시작 궤적에 올립니다.
좌우가 같은 높이에서 시작하는지 한 번 더 보세요.
이 자세에서 이것만 확인하세요.
👉 허리가 과하게 꺾이지 않는지

---

🔥 ③ 운동 방법
앞쪽에서 머리 위로 밀었다 복귀.
양쪽을 같은 속도로 움직이세요. 한쪽이 먼저 끝나면 무게를 더 올리기 전에 밸런스부터 잡습니다.

---

💥 ④ 최고 수축
목표 근육이 가장 조여지는 끝 지점에서 멈춥니다.
⏱️ 1초 STOP
튕기지 말고 그 지점에서 1초만 소유하세요. 무게를 놓는 순간이 아닙니다.

---

🐌 ⑤ 천천히 돌아오기
중량을 그냥 놓지 마세요.
2~3초 동안 통제하면서 복귀합니다.
시작 자세로 돌아갈 때도 같은 궤적을 유지하세요.

---

❌ 흔한 실수
❌ 바가 뒤로 넘어가며 허리를 젖히는
자세가 무너지면 무게를 낮추세요.
❌ 허리를 꺾어 프레스하는 것
자세가 무너지면 무게를 낮추세요.
❌ 어깨를 귀 쪽으로 으쓱하는 것
어깨를 귀에서 멀리 두고 다시 시작하세요.
❌ 반동으로 들어 올리는 것
템포를 늦추고 같은 궤적만 반복하세요.
❌ 한쪽만 먼저 끝내고 반대쪽을 따라가게 하는 것
약한 쪽 속도에 강한 쪽을 맞추세요.

---

💡 MACHINE FIT PRO TIP
🔥 이 기구는 좌우 암이 독립적으로 움직이는 게 장점입니다. 무게를 올리기 전에 양쪽이 같은 속도로 가는지 확인하세요. 한쪽이 먼저 끝까지 가 버리면 중량보다 밸런스가 먼저입니다.

---

🎯 MACHINE FIT CHECK
🟢 시트/패드 → 몸에 맞춤
🟢 팔꿈치 → 미는/드는 방향
🟢 좌우 → 같은 속도
🟢 복귀 → 2~3초 통제

### 🔥 이것만 기억하세요

""좌우 같은 속도, 끝에서 1초, 복귀는 통제.""","🏋️ GYMLECO — 336 Shoulder Front Press · 300 Series Selectorized

🎯 ONE KEY CUE
🔥 ""On the front path, keep elbows forward and press up""

밀리터리 전용명 없이 336 Shoulder Front Press가 전면 오버헤드에 가깝습니다 (카탈로그 '밀리터리 프레스' → 카테고리 '아이소래터럴 숄더 프레스' 매핑) Lean into the independent arms / Gymleco line design. Do not chase load until the setup feels locked in.

---

⚙️ ① Setup
🪑 Seat / pads
Fit the seat to your body so the start position sits naturally on the working joint.
🤲 Grip / hands
Match left and right handle height first — independent arms expose any mismatch immediately.
⚙️ Adjustments
Check 시트, 시작 위치, 스택. Confirm both sides start from the same position.
Naming can overlap in this category — trust the levers and pads on the unit in front of you.

---

💪 ② Start position
Drop the ribs — do not over-arch. Set the elbows on the press path.
Double-check both sides start at the same height.
Check only this:
👉 Low back not over-arched

---

🔥 ③ Execution
Match left-right speed. If one side finishes early, fix balance before adding load.
Press or raise on the guided path, then lower without dumping the shoulders. Keep both sides honest.

---

💥 ④ Peak contraction
Stop where the target muscle is most shortened.
⏱️ 1-second STOP
Own that position for one second. This is not where you dump the weight.

---

🐌 ⑤ Controlled return
Do not dump the load.
Take 2–3 seconds on the way back.
Return on the same path you pressed or pulled.

---

❌ Common mistakes
❌ Pressing with an over-arched low back
If position breaks, cut the load.
❌ Shrugging the shoulders into the ears
Keep the shoulders away from the ears and restart.
❌ Bouncing the weight up
Slow the tempo and repeat one clean path.
❌ Letting one side finish early
Match the stronger side to the weaker side’s speed.

---

💡 MACHINE FIT PRO TIP
🔥 Independent arms are the point. Before you load up, confirm both sides move at the same speed. If one side finishes early, fix balance before adding plates or pins.

---

🎯 MACHINE FIT CHECK
🟢 Seat/pad → fitted
🟢 Elbows → press/raise direction
🟢 Left/right → same speed
🟢 Return → 2–3 sec control

### 🔥 Remember this

""Match sides, one-second peak, controlled return."""
GYMLECO,플레이트로드 숄더 프레스,Plate-Loaded Shoulder Press,038 Viking Press,PARTIALLY_VERIFIED,Gymleco,010 Series Plate Loaded,https://gymleco.com/collections/plate-loaded-machines/,오버헤드 전용명보다 038 Viking Press·330 Shoulder Press가 해당합니다 (카탈로그 '오버헤드 프레스' → 카테고리 '플레이트로드 숄더 프레스' 매핑),"스탠스/시트, 손잡이, 플레이트/스택","🏋️ GYMLECO — 038 Viking Press · 010 Series Plate Loaded

🎯 ONE KEY CUE
🔥 ""코어를 잠근 채 손잡이를 수직으로 밀기""

오버헤드 전용명보다 038 Viking Press·330 Shoulder Press가 해당합니다 (카탈로그 '오버헤드 프레스' → 카테고리 '플레이트로드 숄더 프레스' 매핑). 플레이트 로딩 · Gymleco line 구조입니다. 처음부터 무게 올리지 말고, 세팅부터 잡으세요.

---

⚙️ ① 기구 세팅
🪑 좌석 / 패드
시트를 몸에 맞추세요. 시작 위치가 어깨·관절에 자연스럽게 오는지 확인합니다.
🤲 그립 / 손 위치
손잡이를 편안한 너비로 잡으세요. 손목이 꺾이지 않게 합니다.
⚙️ 조절 포인트
스탠스/시트, 손잡이, 플레이트/스택을 확인하세요. 양쪽 플레이트를 동일하게 맞추고, 한쪽만 먼저 올리지 마세요.
이 카테고리는 공식 명칭이 겹칠 수 있으니, 헬스장 기구의 실제 레버·패드 배치를 우선하세요.

---

💪 ② 시작 자세
갈비뼈를 내리고 허리를 과하게 아치하지 않습니다. 팔꿈치를 시작 궤적에 올립니다.
이 자세에서 이것만 확인하세요.
👉 허리가 과하게 꺾이지 않는지

---

🔥 ③ 운동 방법
손잡이를 머리 위로 밀었다 내리기.
반동으로 올리지 마세요. 팔꿈치가 궤적을 주도하게 둡니다.

---

💥 ④ 최고 수축
목표 근육이 가장 조여지는 끝 지점에서 멈춥니다.
⏱️ 1초 STOP
튕기지 말고 그 지점에서 1초만 소유하세요. 무게를 놓는 순간이 아닙니다.

---

🐌 ⑤ 천천히 돌아오기
중량을 그냥 놓지 마세요.
2~3초 동안 통제하면서 복귀합니다.
시작 자세로 돌아갈 때도 같은 궤적을 유지하세요.

---

❌ 흔한 실수
❌ 무릎·허리 반동으로 올리는
템포를 늦추고 같은 궤적만 반복하세요.
❌ 허리를 꺾어 프레스하는 것
자세가 무너지면 무게를 낮추세요.
❌ 어깨를 귀 쪽으로 으쓱하는 것
어깨를 귀에서 멀리 두고 다시 시작하세요.
❌ 반동으로 들어 올리는 것
템포를 늦추고 같은 궤적만 반복하세요.
❌ 양쪽 플레이트 무게를 다르게 올리는 것
양쪽을 맞춘 뒤 가벼운 세트로 좌우를 확인하세요.

---

💡 MACHINE FIT PRO TIP
🔥 038 Viking Press은 플레이트 로딩입니다. 좌우 원판을 동일하게 맞추고, 첫 세트는 궤적·좌우 대칭만 확인한 다음 무게를 올리세요.

---

🎯 MACHINE FIT CHECK
🟢 시트/패드 → 몸에 맞춤
🟢 팔꿈치 → 미는/드는 방향
🟢 원판 → 좌우 동일
🟢 복귀 → 2~3초 통제

### 🔥 이것만 기억하세요

""코어를 잠근 채 손잡이를 수직으로 밀기. 끝에서 1초, 복귀는 통제.""","🏋️ GYMLECO — 038 Viking Press · 010 Series Plate Loaded

🎯 ONE KEY CUE
🔥 ""Lock the core and press the handles vertically""

오버헤드 전용명보다 038 Viking Press·330 Shoulder Press가 해당합니다 (카탈로그 '오버헤드 프레스' → 카테고리 '플레이트로드 숄더 프레스' 매핑) Lean into the plate-loaded / Gymleco line design. Do not chase load until the setup feels locked in.

---

⚙️ ① Setup
🪑 Seat / pads
Fit the seat to your body so the start position sits naturally on the working joint.
🤲 Grip / hands
Take a comfortable grip width and keep the wrists stacked, not bent.
⚙️ Adjustments
Check 스탠스/시트, 손잡이, 플레이트/스택. Match plates on both sides — do not load one arm first.
Naming can overlap in this category — trust the levers and pads on the unit in front of you.

---

💪 ② Start position
Drop the ribs — do not over-arch. Set the elbows on the press path.
Check only this:
👉 Low back not over-arched

---

🔥 ③ Execution
No bounce. Let the elbows own the path.
Press or raise on the guided path, then lower without dumping the shoulders.

---

💥 ④ Peak contraction
Stop where the target muscle is most shortened.
⏱️ 1-second STOP
Own that position for one second. This is not where you dump the weight.

---

🐌 ⑤ Controlled return
Do not dump the load.
Take 2–3 seconds on the way back.
Return on the same path you pressed or pulled.

---

❌ Common mistakes
❌ Pressing with an over-arched low back
If position breaks, cut the load.
❌ Shrugging the shoulders into the ears
Keep the shoulders away from the ears and restart.
❌ Bouncing the weight up
Slow the tempo and repeat one clean path.
❌ Loading unequal plates
Match both sides, then confirm with a light set.

---

💡 MACHINE FIT PRO TIP
🔥 038 Viking Press is plate-loaded. Match plates, confirm path and left-right symmetry on set one, then add load.

---

🎯 MACHINE FIT CHECK
🟢 Seat/pad → fitted
🟢 Elbows → press/raise direction
🟢 Plates → matched
🟢 Return → 2–3 sec control

### 🔥 Remember this

""Lock the core and press the handles vertically. One-second peak, controlled return."""
GYMLECO,레터럴 레이즈,Lateral Raise,334 Standing Side Lateral,PARTIALLY_VERIFIED,Gymleco,300 Series Selectorized,https://gymleco.com/collections/selectorized-gym-machines,Gymleco 334 Standing Side Lateral 사이드 레터럴 (카탈로그 '사이드 레터럴 레이즈' → 카테고리 '레터럴 레이즈' 매핑),"스탠스, 암 패드, 스택 핀","🏋️ GYMLECO — 334 Standing Side Lateral · 300 Series Selectorized

🎯 ONE KEY CUE
🔥 ""팔꿈치를 살짝 굽힌 채 어깨 높이까지 옆으로 들기""

Gymleco 334 Standing Side Lateral 사이드 레터럴 (카탈로그 '사이드 레터럴 레이즈' → 카테고리 '레터럴 레이즈' 매핑). Gymleco line 구조입니다. 처음부터 무게 올리지 말고, 세팅부터 잡으세요.

---

⚙️ ① 기구 세팅
🪑 좌석 / 패드
시트를 몸에 맞추세요. 시작 위치가 목표 관절 높이에 오는지 확인합니다.
🤲 그립 / 손 위치
손잡이를 편안한 너비로 잡으세요. 손목이 꺾이지 않게 합니다.
⚙️ 조절 포인트
스탠스, 암 패드, 스택 핀을 확인하세요.
이 카테고리는 공식 명칭이 겹칠 수 있으니, 헬스장 기구의 실제 레버·패드 배치를 우선하세요.

---

💪 ② 시작 자세
갈비뼈를 내리고 허리를 과하게 아치하지 않습니다. 팔꿈치를 시작 궤적에 올립니다.
이 자세에서 이것만 확인하세요.
👉 허리가 과하게 꺾이지 않는지

---

🔥 ③ 운동 방법
팔을 측면으로 들었다 천천히 내리기.
반동으로 올리지 마세요. 팔꿈치가 궤적을 주도하게 둡니다.

---

💥 ④ 최고 수축
목표 근육이 가장 조여지는 끝 지점에서 멈춥니다.
⏱️ 1초 STOP
튕기지 말고 그 지점에서 1초만 소유하세요. 무게를 놓는 순간이 아닙니다.

---

🐌 ⑤ 천천히 돌아오기
중량을 그냥 놓지 마세요.
2~3초 동안 통제하면서 복귀합니다.
시작 자세로 돌아갈 때도 같은 궤적을 유지하세요.

---

❌ 흔한 실수
❌ 승모를 으쓱하며 무게를 들어 올리는
어깨를 귀에서 멀리 두고 다시 시작하세요.
❌ 허리를 꺾어 프레스하는 것
자세가 무너지면 무게를 낮추세요.
❌ 어깨를 귀 쪽으로 으쓱하는 것
어깨를 귀에서 멀리 두고 다시 시작하세요.
❌ 반동으로 들어 올리는 것
템포를 늦추고 같은 궤적만 반복하세요.

---

💡 MACHINE FIT PRO TIP
🔥 334 Standing Side Lateral의 가이드 궤적을 이용하세요. 첫 2세트는 천천히, 대칭이 확인된 뒤에만 무게를 올립니다.

---

🎯 MACHINE FIT CHECK
🟢 시트/패드 → 몸에 맞춤
🟢 팔꿈치 → 미는/드는 방향
🟢 어깨 → 으쓱하지 않기
🟢 복귀 → 2~3초 통제

### 🔥 이것만 기억하세요

""팔꿈치를 살짝 굽힌 채 어깨 높이까지 옆으로 들기. 끝에서 1초, 복귀는 통제.""","🏋️ GYMLECO — 334 Standing Side Lateral · 300 Series Selectorized

🎯 ONE KEY CUE
🔥 ""With soft elbows, raise the arms sideways to shoulder height""

Gymleco 334 Standing Side Lateral 사이드 레터럴 (카탈로그 '사이드 레터럴 레이즈' → 카테고리 '레터럴 레이즈' 매핑) Lean into the Gymleco line design. Do not chase load until the setup feels locked in.

---

⚙️ ① Setup
🪑 Seat / pads
Fit the seat to your body so the start position sits naturally on the working joint.
🤲 Grip / hands
Take a comfortable grip width and keep the wrists stacked, not bent.
⚙️ Adjustments
Check 스탠스, 암 패드, 스택 핀.
Naming can overlap in this category — trust the levers and pads on the unit in front of you.

---

💪 ② Start position
Drop the ribs — do not over-arch. Set the elbows on the press path.
Check only this:
👉 Low back not over-arched

---

🔥 ③ Execution
No bounce. Let the elbows own the path.
Press or raise on the guided path, then lower without dumping the shoulders.

---

💥 ④ Peak contraction
Stop where the target muscle is most shortened.
⏱️ 1-second STOP
Own that position for one second. This is not where you dump the weight.

---

🐌 ⑤ Controlled return
Do not dump the load.
Take 2–3 seconds on the way back.
Return on the same path you pressed or pulled.

---

❌ Common mistakes
❌ Pressing with an over-arched low back
If position breaks, cut the load.
❌ Shrugging the shoulders into the ears
Keep the shoulders away from the ears and restart.
❌ Bouncing the weight up
Slow the tempo and repeat one clean path.

---

💡 MACHINE FIT PRO TIP
🔥 Use the guided path on 334 Standing Side Lateral. Slow the first two sets, confirm symmetry, then add load.

---

🎯 MACHINE FIT CHECK
🟢 Seat/pad → fitted
🟢 Elbows → press/raise direction
🟢 Shoulders → not shrugged
🟢 Return → 2–3 sec control

### 🔥 Remember this

""With soft elbows, raise the arms sideways to shoulder height. One-second peak, controlled return."""
GYMLECO,머신 레터럴 레이즈,Machine Lateral Raise,334 Standing Side Lateral,PARTIALLY_VERIFIED,Gymleco,300 Series Selectorized,https://gymleco.com/collections/selectorized-gym-machines,Gymleco 334 Standing Side Lateral 사이드 레터럴 (카탈로그 '사이드 레터럴 레이즈' → 카테고리 '머신 레터럴 레이즈' 매핑),"스탠스, 암 패드, 스택 핀","🏋️ GYMLECO — 334 Standing Side Lateral · 300 Series Selectorized

🎯 ONE KEY CUE
🔥 ""팔꿈치를 살짝 굽힌 채 어깨 높이까지 옆으로 들기""

Gymleco 334 Standing Side Lateral 사이드 레터럴 (카탈로그 '사이드 레터럴 레이즈' → 카테고리 '머신 레터럴 레이즈' 매핑). Gymleco line 구조입니다. 처음부터 무게 올리지 말고, 세팅부터 잡으세요.

---

⚙️ ① 기구 세팅
🪑 좌석 / 패드
시트를 몸에 맞추세요. 시작 위치가 목표 관절 높이에 오는지 확인합니다.
🤲 그립 / 손 위치
손잡이를 편안한 너비로 잡으세요. 손목이 꺾이지 않게 합니다.
⚙️ 조절 포인트
스탠스, 암 패드, 스택 핀을 확인하세요.
이 카테고리는 공식 명칭이 겹칠 수 있으니, 헬스장 기구의 실제 레버·패드 배치를 우선하세요.

---

💪 ② 시작 자세
갈비뼈를 내리고 허리를 과하게 아치하지 않습니다. 팔꿈치를 시작 궤적에 올립니다.
이 자세에서 이것만 확인하세요.
👉 허리가 과하게 꺾이지 않는지

---

🔥 ③ 운동 방법
팔을 측면으로 들었다 천천히 내리기.
반동으로 올리지 마세요. 팔꿈치가 궤적을 주도하게 둡니다.

---

💥 ④ 최고 수축
목표 근육이 가장 조여지는 끝 지점에서 멈춥니다.
⏱️ 1초 STOP
튕기지 말고 그 지점에서 1초만 소유하세요. 무게를 놓는 순간이 아닙니다.

---

🐌 ⑤ 천천히 돌아오기
중량을 그냥 놓지 마세요.
2~3초 동안 통제하면서 복귀합니다.
시작 자세로 돌아갈 때도 같은 궤적을 유지하세요.

---

❌ 흔한 실수
❌ 승모를 으쓱하며 무게를 들어 올리는
어깨를 귀에서 멀리 두고 다시 시작하세요.
❌ 허리를 꺾어 프레스하는 것
자세가 무너지면 무게를 낮추세요.
❌ 어깨를 귀 쪽으로 으쓱하는 것
어깨를 귀에서 멀리 두고 다시 시작하세요.
❌ 반동으로 들어 올리는 것
템포를 늦추고 같은 궤적만 반복하세요.

---

💡 MACHINE FIT PRO TIP
🔥 334 Standing Side Lateral의 가이드 궤적을 이용하세요. 첫 2세트는 천천히, 대칭이 확인된 뒤에만 무게를 올립니다.

---

🎯 MACHINE FIT CHECK
🟢 시트/패드 → 몸에 맞춤
🟢 팔꿈치 → 미는/드는 방향
🟢 어깨 → 으쓱하지 않기
🟢 복귀 → 2~3초 통제

### 🔥 이것만 기억하세요

""팔꿈치를 살짝 굽힌 채 어깨 높이까지 옆으로 들기. 끝에서 1초, 복귀는 통제.""","🏋️ GYMLECO — 334 Standing Side Lateral · 300 Series Selectorized

🎯 ONE KEY CUE
🔥 ""With soft elbows, raise the arms sideways to shoulder height""

Gymleco 334 Standing Side Lateral 사이드 레터럴 (카탈로그 '사이드 레터럴 레이즈' → 카테고리 '머신 레터럴 레이즈' 매핑) Lean into the Gymleco line design. Do not chase load until the setup feels locked in.

---

⚙️ ① Setup
🪑 Seat / pads
Fit the seat to your body so the start position sits naturally on the working joint.
🤲 Grip / hands
Take a comfortable grip width and keep the wrists stacked, not bent.
⚙️ Adjustments
Check 스탠스, 암 패드, 스택 핀.
Naming can overlap in this category — trust the levers and pads on the unit in front of you.

---

💪 ② Start position
Drop the ribs — do not over-arch. Set the elbows on the press path.
Check only this:
👉 Low back not over-arched

---

🔥 ③ Execution
No bounce. Let the elbows own the path.
Press or raise on the guided path, then lower without dumping the shoulders.

---

💥 ④ Peak contraction
Stop where the target muscle is most shortened.
⏱️ 1-second STOP
Own that position for one second. This is not where you dump the weight.

---

🐌 ⑤ Controlled return
Do not dump the load.
Take 2–3 seconds on the way back.
Return on the same path you pressed or pulled.

---

❌ Common mistakes
❌ Pressing with an over-arched low back
If position breaks, cut the load.
❌ Shrugging the shoulders into the ears
Keep the shoulders away from the ears and restart.
❌ Bouncing the weight up
Slow the tempo and repeat one clean path.

---

💡 MACHINE FIT PRO TIP
🔥 Use the guided path on 334 Standing Side Lateral. Slow the first two sets, confirm symmetry, then add load.

---

🎯 MACHINE FIT CHECK
🟢 Seat/pad → fitted
🟢 Elbows → press/raise direction
🟢 Shoulders → not shrugged
🟢 Return → 2–3 sec control

### 🔥 Remember this

""With soft elbows, raise the arms sideways to shoulder height. One-second peak, controlled return."""
GYMLECO,리어 델트,Rear Delt,333 Rear Deltoid Shoulder,PARTIALLY_VERIFIED,Gymleco,300 Series Selectorized,https://gymleco.com/collections/selectorized-gym-machines,Gymleco 333 Rear Deltoid Shoulder(335 Rear Deltoid/Pec Deck 콤보도 있음) (카탈로그 '리어 델트 머신' → 카테고리 '리어 델트' 매핑),"시트, 가슴 패드, 암 시작, 스택","🏋️ GYMLECO — 333 Rear Deltoid Shoulder · 300 Series Selectorized

🎯 ONE KEY CUE
🔥 ""가슴을 패드에 붙인 채 팔꿈치를 뒤로 벌리기""

Gymleco 333 Rear Deltoid Shoulder(335 Rear Deltoid/Pec Deck 콤보도 있음) (카탈로그 '리어 델트 머신' → 카테고리 '리어 델트' 매핑). Gymleco line 구조입니다. 처음부터 무게 올리지 말고, 세팅부터 잡으세요.

---

⚙️ ① 기구 세팅
🪑 좌석 / 패드
시트를 몸에 맞추세요. 시작 위치가 어깨·관절에 자연스럽게 오는지 확인합니다.
🤲 그립 / 손 위치
손잡이를 편안한 너비로 잡으세요. 손목이 꺾이지 않게 합니다.
⚙️ 조절 포인트
시트, 가슴 패드, 암 시작, 스택을 확인하세요.
이 카테고리는 공식 명칭이 겹칠 수 있으니, 헬스장 기구의 실제 레버·패드 배치를 우선하세요.

---

💪 ② 시작 자세
갈비뼈를 내리고 허리를 과하게 아치하지 않습니다. 팔꿈치를 시작 궤적에 올립니다.
이 자세에서 이것만 확인하세요.
👉 허리가 과하게 꺾이지 않는지

---

🔥 ③ 운동 방법
팔을 뒤로 벌렸다 앞으로 복귀.
반동으로 올리지 마세요. 팔꿈치가 궤적을 주도하게 둡니다.

---

💥 ④ 최고 수축
목표 근육이 가장 조여지는 끝 지점에서 멈춥니다.
⏱️ 1초 STOP
튕기지 말고 그 지점에서 1초만 소유하세요. 무게를 놓는 순간이 아닙니다.

---

🐌 ⑤ 천천히 돌아오기
중량을 그냥 놓지 마세요.
2~3초 동안 통제하면서 복귀합니다.
시작 자세로 돌아갈 때도 같은 궤적을 유지하세요.

---

❌ 흔한 실수
❌ 광배·허리로 당기며 후면 삼각을 빼는
자세가 무너지면 무게를 낮추세요.
❌ 허리를 꺾어 프레스하는 것
자세가 무너지면 무게를 낮추세요.
❌ 어깨를 귀 쪽으로 으쓱하는 것
어깨를 귀에서 멀리 두고 다시 시작하세요.
❌ 반동으로 들어 올리는 것
템포를 늦추고 같은 궤적만 반복하세요.

---

💡 MACHINE FIT PRO TIP
🔥 333 Rear Deltoid Shoulder의 가이드 궤적을 이용하세요. 첫 2세트는 천천히, 대칭이 확인된 뒤에만 무게를 올립니다.

---

🎯 MACHINE FIT CHECK
🟢 시트/패드 → 몸에 맞춤
🟢 팔꿈치 → 미는/드는 방향
🟢 어깨 → 으쓱하지 않기
🟢 복귀 → 2~3초 통제

### 🔥 이것만 기억하세요

""가슴을 패드에 붙인 채 팔꿈치를 뒤로 벌리기. 끝에서 1초, 복귀는 통제.""","🏋️ GYMLECO — 333 Rear Deltoid Shoulder · 300 Series Selectorized

🎯 ONE KEY CUE
🔥 ""Keep the chest on the pad and open the elbows rearward""

Gymleco 333 Rear Deltoid Shoulder(335 Rear Deltoid/Pec Deck 콤보도 있음) (카탈로그 '리어 델트 머신' → 카테고리 '리어 델트' 매핑) Lean into the Gymleco line design. Do not chase load until the setup feels locked in.

---

⚙️ ① Setup
🪑 Seat / pads
Fit the seat to your body so the start position sits naturally on the working joint.
🤲 Grip / hands
Take a comfortable grip width and keep the wrists stacked, not bent.
⚙️ Adjustments
Check 시트, 가슴 패드, 암 시작, 스택.
Naming can overlap in this category — trust the levers and pads on the unit in front of you.

---

💪 ② Start position
Drop the ribs — do not over-arch. Set the elbows on the press path.
Check only this:
👉 Low back not over-arched

---

🔥 ③ Execution
No bounce. Let the elbows own the path.
Press or raise on the guided path, then lower without dumping the shoulders.

---

💥 ④ Peak contraction
Stop where the target muscle is most shortened.
⏱️ 1-second STOP
Own that position for one second. This is not where you dump the weight.

---

🐌 ⑤ Controlled return
Do not dump the load.
Take 2–3 seconds on the way back.
Return on the same path you pressed or pulled.

---

❌ Common mistakes
❌ Pressing with an over-arched low back
If position breaks, cut the load.
❌ Shrugging the shoulders into the ears
Keep the shoulders away from the ears and restart.
❌ Bouncing the weight up
Slow the tempo and repeat one clean path.

---

💡 MACHINE FIT PRO TIP
🔥 Use the guided path on 333 Rear Deltoid Shoulder. Slow the first two sets, confirm symmetry, then add load.

---

🎯 MACHINE FIT CHECK
🟢 Seat/pad → fitted
🟢 Elbows → press/raise direction
🟢 Shoulders → not shrugged
🟢 Return → 2–3 sec control

### 🔥 Remember this

""Keep the chest on the pad and open the elbows rearward. One-second peak, controlled return."""
GYMLECO,프론트 레이즈,Front Raise,,BRAND_MODEL_NOT_FOUND,Gymleco,,https://gymleco.com/collections/selectorized-gym-machines,Gymleco 카탈로그에서 프론트 레이즈 전용 SKU를 확인하지 못했습니다,"스탠스, 암 패드, 스택 핀","🏋️ GYMLECO — 프론트 레이즈

🎯 ONE KEY CUE
🔥 ""팔꿈치를 살짝 굽힌 채 어깨 높이까지 옆으로 들기""

짐레코 전용 모델이 없는 카테고리입니다. 헬스장에 있는 실제 기구의 패드·레버·안전장치를 먼저 확인한 뒤, 아래 패턴으로 움직이세요.

---

⚙️ ① 기구 세팅
🪑 좌석 / 패드
시트를 몸에 맞추세요. 시작 위치가 목표 관절 높이에 오는지 확인합니다.
🤲 그립 / 손 위치
손잡이를 편안한 너비로 잡으세요. 손목이 꺾이지 않게 합니다.
⚙️ 조절 포인트
스탠스, 암 패드, 스택 핀을 확인하세요.

---

💪 ② 시작 자세
갈비뼈를 내리고 허리를 과하게 아치하지 않습니다. 팔꿈치를 시작 궤적에 올립니다.
이 자세에서 이것만 확인하세요.
👉 허리가 과하게 꺾이지 않는지

---

🔥 ③ 운동 방법
팔을 측면으로 들었다 천천히 내리기.
반동으로 올리지 마세요. 팔꿈치가 궤적을 주도하게 둡니다.

---

💥 ④ 최고 수축
목표 근육이 가장 조여지는 끝 지점에서 멈춥니다.
⏱️ 1초 STOP
튕기지 말고 그 지점에서 1초만 소유하세요. 무게를 놓는 순간이 아닙니다.

---

🐌 ⑤ 천천히 돌아오기
중량을 그냥 놓지 마세요.
2~3초 동안 통제하면서 복귀합니다.
시작 자세로 돌아갈 때도 같은 궤적을 유지하세요.

---

❌ 흔한 실수
❌ 승모를 으쓱하며 무게를 들어 올리는
어깨를 귀에서 멀리 두고 다시 시작하세요.
❌ 허리를 꺾어 프레스하는 것
자세가 무너지면 무게를 낮추세요.
❌ 어깨를 귀 쪽으로 으쓱하는 것
어깨를 귀에서 멀리 두고 다시 시작하세요.
❌ 반동으로 들어 올리는 것
템포를 늦추고 같은 궤적만 반복하세요.

---

💡 MACHINE FIT PRO TIP
🔥 이 항목은 해머 스트렝스 전용 SKU가 없습니다. ""프론트 레이즈""로 분류된 실제 기구의 패드·레버·안전장치만 믿고, 가벼운 무게로 5회 리허설 후 본 세트를 시작하세요.

---

🎯 MACHINE FIT CHECK
🟢 시트/패드 → 몸에 맞춤
🟢 팔꿈치 → 미는/드는 방향
🟢 어깨 → 으쓱하지 않기
🟢 복귀 → 2~3초 통제

### 🔥 이것만 기억하세요

""팔꿈치를 살짝 굽힌 채 어깨 높이까지 옆으로 들기. 끝에서 1초, 복귀는 통제.""","🏋️ GYMLECO — Front Raise

🎯 ONE KEY CUE
🔥 ""With soft elbows, raise the arms sideways to shoulder height""

There is no dedicated Gymleco SKU for this category. Confirm pads, levers, and safeties on the unit in your gym, then follow the movement pattern below.

---

⚙️ ① Setup
🪑 Seat / pads
Fit the seat to your body so the start position sits naturally on the working joint.
🤲 Grip / hands
Take a comfortable grip width and keep the wrists stacked, not bent.
⚙️ Adjustments
Check 스탠스, 암 패드, 스택 핀.

---

💪 ② Start position
Drop the ribs — do not over-arch. Set the elbows on the press path.
Check only this:
👉 Low back not over-arched

---

🔥 ③ Execution
No bounce. Let the elbows own the path.
Press or raise on the guided path, then lower without dumping the shoulders.

---

💥 ④ Peak contraction
Stop where the target muscle is most shortened.
⏱️ 1-second STOP
Own that position for one second. This is not where you dump the weight.

---

🐌 ⑤ Controlled return
Do not dump the load.
Take 2–3 seconds on the way back.
Return on the same path you pressed or pulled.

---

❌ Common mistakes
❌ Pressing with an over-arched low back
If position breaks, cut the load.
❌ Shrugging the shoulders into the ears
Keep the shoulders away from the ears and restart.
❌ Bouncing the weight up
Slow the tempo and repeat one clean path.

---

💡 MACHINE FIT PRO TIP
🔥 No dedicated Hammer Strength SKU for this slot. Trust the pads/levers/safeties on the unit labeled like ""Front Raise"", rehearse five light reps, then start working sets.

---

🎯 MACHINE FIT CHECK
🟢 Seat/pad → fitted
🟢 Elbows → press/raise direction
🟢 Shoulders → not shrugged
🟢 Return → 2–3 sec control

### 🔥 Remember this

""With soft elbows, raise the arms sideways to shoulder height. One-second peak, controlled return."""
GYMLECO,업라이트 로우,Upright Row,,BRAND_MODEL_NOT_FOUND,Gymleco,,https://gymleco.com/,Gymleco 카탈로그에서 이 카테고리 전용 SKU를 확인하지 못했습니다,"시트, 손잡이, 중량","🏋️ GYMLECO — 업라이트 로우

🎯 ONE KEY CUE
🔥 ""헬스장 실물 기구의 패드·레버를 확인한 뒤 목표 근육 패턴으로 움직이기""

짐레코 전용 모델이 없는 카테고리입니다. 헬스장에 있는 실제 기구의 패드·레버·안전장치를 먼저 확인한 뒤, 아래 패턴으로 움직이세요.

---

⚙️ ① 기구 세팅
🪑 좌석 / 패드
시트를 몸에 맞추세요. 시작 위치가 어깨·관절에 자연스럽게 오는지 확인합니다.
🤲 그립 / 손 위치
손잡이를 편안한 너비로 잡으세요. 손목이 꺾이지 않게 합니다.
⚙️ 조절 포인트
시트, 손잡이, 중량을 확인하세요.

---

💪 ② 시작 자세
갈비뼈를 내리고 허리를 과하게 아치하지 않습니다. 팔꿈치를 시작 궤적에 올립니다.
이 자세에서 이것만 확인하세요.
👉 허리가 과하게 꺾이지 않는지

---

🔥 ③ 운동 방법
해당 카테고리의 표준 가동 범위로 천천히 반복.
반동으로 올리지 마세요. 팔꿈치가 궤적을 주도하게 둡니다.

---

💥 ④ 최고 수축
목표 근육이 가장 조여지는 끝 지점에서 멈춥니다.
⏱️ 1초 STOP
튕기지 말고 그 지점에서 1초만 소유하세요. 무게를 놓는 순간이 아닙니다.

---

🐌 ⑤ 천천히 돌아오기
중량을 그냥 놓지 마세요.
2~3초 동안 통제하면서 복귀합니다.
시작 자세로 돌아갈 때도 같은 궤적을 유지하세요.

---

❌ 흔한 실수
❌ 확인되지 않은 모델명에 맞춰 억지로 세팅하는
자세가 무너지면 무게를 낮추세요.
❌ 허리를 꺾어 프레스하는 것
자세가 무너지면 무게를 낮추세요.
❌ 어깨를 귀 쪽으로 으쓱하는 것
어깨를 귀에서 멀리 두고 다시 시작하세요.
❌ 반동으로 들어 올리는 것
템포를 늦추고 같은 궤적만 반복하세요.

---

💡 MACHINE FIT PRO TIP
🔥 이 항목은 해머 스트렝스 전용 SKU가 없습니다. ""업라이트 로우""로 분류된 실제 기구의 패드·레버·안전장치만 믿고, 가벼운 무게로 5회 리허설 후 본 세트를 시작하세요.

---

🎯 MACHINE FIT CHECK
🟢 시트/패드 → 몸에 맞춤
🟢 팔꿈치 → 미는/드는 방향
🟢 어깨 → 으쓱하지 않기
🟢 복귀 → 2~3초 통제

### 🔥 이것만 기억하세요

""헬스장 실물 기구의 패드·레버를 확인한 뒤 목표 근육 패턴으로 움직이기. 끝에서 1초, 복귀는 통제.""","🏋️ GYMLECO — Upright Row

🎯 ONE KEY CUE
🔥 ""Confirm pads and levers on the unit in your gym, then follow the movement pattern""

There is no dedicated Gymleco SKU for this category. Confirm pads, levers, and safeties on the unit in your gym, then follow the movement pattern below.

---

⚙️ ① Setup
🪑 Seat / pads
Fit the seat to your body so the start position sits naturally on the working joint.
🤲 Grip / hands
Take a comfortable grip width and keep the wrists stacked, not bent.
⚙️ Adjustments
Check 시트, 손잡이, 중량.

---

💪 ② Start position
Drop the ribs — do not over-arch. Set the elbows on the press path.
Check only this:
👉 Low back not over-arched

---

🔥 ③ Execution
No bounce. Let the elbows own the path.
Press or raise on the guided path, then lower without dumping the shoulders.

---

💥 ④ Peak contraction
Stop where the target muscle is most shortened.
⏱️ 1-second STOP
Own that position for one second. This is not where you dump the weight.

---

🐌 ⑤ Controlled return
Do not dump the load.
Take 2–3 seconds on the way back.
Return on the same path you pressed or pulled.

---

❌ Common mistakes
❌ Pressing with an over-arched low back
If position breaks, cut the load.
❌ Shrugging the shoulders into the ears
Keep the shoulders away from the ears and restart.
❌ Bouncing the weight up
Slow the tempo and repeat one clean path.

---

💡 MACHINE FIT PRO TIP
🔥 No dedicated Hammer Strength SKU for this slot. Trust the pads/levers/safeties on the unit labeled like ""Upright Row"", rehearse five light reps, then start working sets.

---

🎯 MACHINE FIT CHECK
🟢 Seat/pad → fitted
🟢 Elbows → press/raise direction
🟢 Shoulders → not shrugged
🟢 Return → 2–3 sec control

### 🔥 Remember this

""Confirm pads and levers on the unit in your gym, then follow the movement pattern. One-second peak, controlled return."""
GYMLECO,로테이터 머신,Rotator Machine,,BRAND_MODEL_NOT_FOUND,Gymleco,,https://gymleco.com/,Gymleco 카탈로그에서 이 카테고리 전용 SKU를 확인하지 못했습니다,"시트, 손잡이, 중량","🏋️ GYMLECO — 로테이터 머신

🎯 ONE KEY CUE
🔥 ""헬스장 실물 기구의 패드·레버를 확인한 뒤 목표 근육 패턴으로 움직이기""

짐레코 전용 모델이 없는 카테고리입니다. 헬스장에 있는 실제 기구의 패드·레버·안전장치를 먼저 확인한 뒤, 아래 패턴으로 움직이세요.

---

⚙️ ① 기구 세팅
🪑 좌석 / 패드
시트를 몸에 맞추세요. 시작 위치가 어깨·관절에 자연스럽게 오는지 확인합니다.
🤲 그립 / 손 위치
손잡이를 편안한 너비로 잡으세요. 손목이 꺾이지 않게 합니다.
⚙️ 조절 포인트
시트, 손잡이, 중량을 확인하세요.

---

💪 ② 시작 자세
갈비뼈를 내리고 허리를 과하게 아치하지 않습니다. 팔꿈치를 시작 궤적에 올립니다.
이 자세에서 이것만 확인하세요.
👉 허리가 과하게 꺾이지 않는지

---

🔥 ③ 운동 방법
해당 카테고리의 표준 가동 범위로 천천히 반복.
반동으로 올리지 마세요. 팔꿈치가 궤적을 주도하게 둡니다.

---

💥 ④ 최고 수축
목표 근육이 가장 조여지는 끝 지점에서 멈춥니다.
⏱️ 1초 STOP
튕기지 말고 그 지점에서 1초만 소유하세요. 무게를 놓는 순간이 아닙니다.

---

🐌 ⑤ 천천히 돌아오기
중량을 그냥 놓지 마세요.
2~3초 동안 통제하면서 복귀합니다.
시작 자세로 돌아갈 때도 같은 궤적을 유지하세요.

---

❌ 흔한 실수
❌ 확인되지 않은 모델명에 맞춰 억지로 세팅하는
자세가 무너지면 무게를 낮추세요.
❌ 허리를 꺾어 프레스하는 것
자세가 무너지면 무게를 낮추세요.
❌ 어깨를 귀 쪽으로 으쓱하는 것
어깨를 귀에서 멀리 두고 다시 시작하세요.
❌ 반동으로 들어 올리는 것
템포를 늦추고 같은 궤적만 반복하세요.

---

💡 MACHINE FIT PRO TIP
🔥 이 항목은 해머 스트렝스 전용 SKU가 없습니다. ""로테이터 머신""로 분류된 실제 기구의 패드·레버·안전장치만 믿고, 가벼운 무게로 5회 리허설 후 본 세트를 시작하세요.

---

🎯 MACHINE FIT CHECK
🟢 시트/패드 → 몸에 맞춤
🟢 팔꿈치 → 미는/드는 방향
🟢 어깨 → 으쓱하지 않기
🟢 복귀 → 2~3초 통제

### 🔥 이것만 기억하세요

""헬스장 실물 기구의 패드·레버를 확인한 뒤 목표 근육 패턴으로 움직이기. 끝에서 1초, 복귀는 통제.""","🏋️ GYMLECO — Rotator Machine

🎯 ONE KEY CUE
🔥 ""Confirm pads and levers on the unit in your gym, then follow the movement pattern""

There is no dedicated Gymleco SKU for this category. Confirm pads, levers, and safeties on the unit in your gym, then follow the movement pattern below.

---

⚙️ ① Setup
🪑 Seat / pads
Fit the seat to your body so the start position sits naturally on the working joint.
🤲 Grip / hands
Take a comfortable grip width and keep the wrists stacked, not bent.
⚙️ Adjustments
Check 시트, 손잡이, 중량.

---

💪 ② Start position
Drop the ribs — do not over-arch. Set the elbows on the press path.
Check only this:
👉 Low back not over-arched

---

🔥 ③ Execution
No bounce. Let the elbows own the path.
Press or raise on the guided path, then lower without dumping the shoulders.

---

💥 ④ Peak contraction
Stop where the target muscle is most shortened.
⏱️ 1-second STOP
Own that position for one second. This is not where you dump the weight.

---

🐌 ⑤ Controlled return
Do not dump the load.
Take 2–3 seconds on the way back.
Return on the same path you pressed or pulled.

---

❌ Common mistakes
❌ Pressing with an over-arched low back
If position breaks, cut the load.
❌ Shrugging the shoulders into the ears
Keep the shoulders away from the ears and restart.
❌ Bouncing the weight up
Slow the tempo and repeat one clean path.

---

💡 MACHINE FIT PRO TIP
🔥 No dedicated Hammer Strength SKU for this slot. Trust the pads/levers/safeties on the unit labeled like ""Rotator Machine"", rehearse five light reps, then start working sets.

---

🎯 MACHINE FIT CHECK
🟢 Seat/pad → fitted
🟢 Elbows → press/raise direction
🟢 Shoulders → not shrugged
🟢 Return → 2–3 sec control

### 🔥 Remember this

""Confirm pads and levers on the unit in your gym, then follow the movement pattern. One-second peak, controlled return."""
GYMLECO,숄더 프레스 / 레터럴 복합 머신,Shoulder Press / Lateral Combo,285 Multi Smith Machine,PARTIALLY_VERIFIED,Gymleco,200 Series,https://gymleco.com/products/285-multi-smith-machine,멀티 프레스 전용명 없이 285 Multi Smith가 다각도 프레스에 가깝습니다 (카탈로그 '멀티 프레스' → 카테고리 '숄더 프레스 / 레터럴 복합 머신' 매핑),"바 후크, 세이프티, 발 위치, 플레이트","🏋️ GYMLECO — 285 Multi Smith Machine · 200 Series

🎯 ONE KEY CUE
🔥 ""선택한 프레스 각도에 맞춰 발·바 경로를 고정""

멀티 프레스 전용명 없이 285 Multi Smith가 다각도 프레스에 가깝습니다 (카탈로그 '멀티 프레스' → 카테고리 '숄더 프레스 / 레터럴 복합 머신' 매핑). Gymleco line 구조입니다. 처음부터 무게 올리지 말고, 세팅부터 잡으세요.

---

⚙️ ① 기구 세팅
🤲 그립 / 손 위치
손잡이를 편안한 너비로 잡으세요. 손목이 꺾이지 않게 합니다.
🦶 발 위치
지지하는 발을 먼저 고정하세요. 흔들리면 중량을 낮춥니다.
⚙️ 조절 포인트
바 후크, 세이프티, 발 위치, 플레이트를 확인하세요.
이 카테고리는 공식 명칭이 겹칠 수 있으니, 헬스장 기구의 실제 레버·패드 배치를 우선하세요.

---

💪 ② 시작 자세
갈비뼈를 내리고 허리를 과하게 아치하지 않습니다. 팔꿈치를 시작 궤적에 올립니다.
이 자세에서 이것만 확인하세요.
👉 허리가 과하게 꺾이지 않는지

---

🔥 ③ 운동 방법
멀티 스미스 경로로 밀었다 내리기.
반동으로 올리지 마세요. 팔꿈치가 궤적을 주도하게 둡니다.

---

💥 ④ 최고 수축
목표 근육이 가장 조여지는 끝 지점에서 멈춥니다.
⏱️ 1초 STOP
튕기지 말고 그 지점에서 1초만 소유하세요. 무게를 놓는 순간이 아닙니다.

---

🐌 ⑤ 천천히 돌아오기
중량을 그냥 놓지 마세요.
2~3초 동안 통제하면서 복귀합니다.
시작 자세로 돌아갈 때도 같은 궤적을 유지하세요.

---

❌ 흔한 실수
❌ 각도마다 발 위치를 바꿔 불안정해지는
자세가 무너지면 무게를 낮추세요.
❌ 허리를 꺾어 프레스하는 것
자세가 무너지면 무게를 낮추세요.
❌ 어깨를 귀 쪽으로 으쓱하는 것
어깨를 귀에서 멀리 두고 다시 시작하세요.
❌ 반동으로 들어 올리는 것
템포를 늦추고 같은 궤적만 반복하세요.

---

💡 MACHINE FIT PRO TIP
🔥 285 Multi Smith Machine의 가이드 궤적을 이용하세요. 첫 2세트는 천천히, 대칭이 확인된 뒤에만 무게를 올립니다.

---

🎯 MACHINE FIT CHECK
🟢 시트/패드 → 몸에 맞춤
🟢 팔꿈치 → 미는/드는 방향
🟢 어깨 → 으쓱하지 않기
🟢 복귀 → 2~3초 통제

### 🔥 이것만 기억하세요

""선택한 프레스 각도에 맞춰 발·바 경로를 고정. 끝에서 1초, 복귀는 통제.""","🏋️ GYMLECO — 285 Multi Smith Machine · 200 Series

🎯 ONE KEY CUE
🔥 ""Fix feet and bar path for the chosen press angle""

멀티 프레스 전용명 없이 285 Multi Smith가 다각도 프레스에 가깝습니다 (카탈로그 '멀티 프레스' → 카테고리 '숄더 프레스 / 레터럴 복합 머신' 매핑) Lean into the Gymleco line design. Do not chase load until the setup feels locked in.

---

⚙️ ① Setup
🤲 Grip / hands
Take a comfortable grip width and keep the wrists stacked, not bent.
🦶 Feet
Lock in the support foot before you move. Reduce load if you wobble.
⚙️ Adjustments
Check 바 후크, 세이프티, 발 위치, 플레이트.
Naming can overlap in this category — trust the levers and pads on the unit in front of you.

---

💪 ② Start position
Drop the ribs — do not over-arch. Set the elbows on the press path.
Check only this:
👉 Low back not over-arched

---

🔥 ③ Execution
No bounce. Let the elbows own the path.
Press or raise on the guided path, then lower without dumping the shoulders.

---

💥 ④ Peak contraction
Stop where the target muscle is most shortened.
⏱️ 1-second STOP
Own that position for one second. This is not where you dump the weight.

---

🐌 ⑤ Controlled return
Do not dump the load.
Take 2–3 seconds on the way back.
Return on the same path you pressed or pulled.

---

❌ Common mistakes
❌ Pressing with an over-arched low back
If position breaks, cut the load.
❌ Shrugging the shoulders into the ears
Keep the shoulders away from the ears and restart.
❌ Bouncing the weight up
Slow the tempo and repeat one clean path.

---

💡 MACHINE FIT PRO TIP
🔥 Use the guided path on 285 Multi Smith Machine. Slow the first two sets, confirm symmetry, then add load.

---

🎯 MACHINE FIT CHECK
🟢 Seat/pad → fitted
🟢 Elbows → press/raise direction
🟢 Shoulders → not shrugged
🟢 Return → 2–3 sec control

### 🔥 Remember this

""Fix feet and bar path for the chosen press angle. One-second peak, controlled return."""
GYMLECO,레그 프레스,Leg Press,343 Seated Leg Press,VERIFIED,Gymleco,300 Series Selectorized,https://gymleco.com/collections/selectorized-gym-machines,Gymleco 343 Seated Leg Press(243 45°·344 Horizontal·043도 계열)입니다,"시트, 발판 위치, 스택/플레이트","🏋️ GYMLECO — 343 Seated Leg Press · 300 Series Selectorized

🎯 ONE KEY CUE
🔥 ""발바닥 전체로 밀되 무릎이 안쪽으로 무너지지 않게""

Gymleco 343 Seated Leg Press(243 45°·344 Horizontal·043도 계열). Gymleco line 구조입니다. 처음부터 무게 올리지 말고, 세팅부터 잡으세요.

---

⚙️ ① 기구 세팅
🪑 좌석 / 패드
시트부터 맞추세요. 밀었을 때 골반이 말리거나 허리가 뜨지 않는 깊이가 시작점입니다.
🦶 발 위치
발판 중앙에 발을 두고, 무릎이 발끝 방향으로 가게 맞추세요. 너무 높거나 낮으면 골반이 먼저 뜹니다.
⚙️ 조절 포인트
시트, 발판 위치, 스택/플레이트를 확인하세요.

---

💪 ② 시작 자세
골반을 시트/패드에 붙이고 발 전체로 발판을 느낍니다. 무릎·발끝 방향을 맞춥니다.
이 자세에서 이것만 확인하세요.
👉 골반이 말리지 않는 깊이인지

---

🔥 ③ 운동 방법
발판을 밀었다 통제하며 굽히기.
발판을 “발로 차듯” 밀지 말고, 발 전체로 멀리 보낸다는 느낌으로 밀어요. 무릎은 발끝 방향을 따라갑니다.

---

💥 ④ 최고 수축
무릎을 완전히 잠그기 직전, 허벅지·둔근이 일을 받는 지점에서 멈춥니다.
⏱️ 1초 STOP
튕기지 말고 그 지점에서 1초만 소유하세요. 무게를 놓는 순간이 아닙니다.

---

🐌 ⑤ 천천히 돌아오기
중량을 그냥 놓지 마세요.
2~3초 동안 통제하면서 복귀합니다.
내려올 때 골반이 말리는 깊이 직전에서 방향을 바꾸세요.

---

❌ 흔한 실수
❌ 무릎을 과도하게 잠그며 반동으로 미는
템포를 늦추고 같은 궤적만 반복하세요.
❌ 무릎이 안쪽으로 무너지는 것
발끝 방향으로 무릎을 보내세요. 안쪽으로 모이면 바로 중량을 낮춥니다.
❌ 하부 범위에서 요추가 뜨거나 골반이 말리는 것
깊이보다 골반 고정이 먼저입니다. 허리가 뜨면 범위를 줄이세요.
❌ 무릎을 강하게 잠그며 튕기는 것
자세가 무너지면 깊이·무게를 줄이세요.

---

💡 MACHINE FIT PRO TIP
🔥 343 Seated Leg Press의 가이드 궤적을 이용하세요. 첫 2세트는 천천히, 대칭이 확인된 뒤에만 무게를 올립니다.

---

🎯 MACHINE FIT CHECK
🟢 시트/패드 → 골반 고정
🟢 발 → 발판 중앙·방향 정렬
🟢 무릎 → 발끝 방향
🟢 복귀 → 2~3초 통제

### 🔥 이것만 기억하세요

""발 전체로 밀고, 골반은 끝까지 안정적으로.""","🏋️ GYMLECO — 343 Seated Leg Press · 300 Series Selectorized

🎯 ONE KEY CUE
🔥 ""Drive through the full foot and keep knees tracking over toes""

Gymleco 343 Seated Leg Press(243 45°·344 Horizontal·043도 계열)입니다 Lean into the Gymleco line design. Do not chase load until the setup feels locked in.

---

⚙️ ① Setup
🪑 Seat / pads
Set the seat/back pad first. Your start depth is where the pelvis stays planted and the low back does not peel up.
🦶 Feet
Center the feet. If placement is too high or low, the pelvis lifts first.
⚙️ Adjustments
Check 시트, 발판 위치, 스택/플레이트.

---

💪 ② Start position
Plant the pelvis and feel the whole foot on the platform. Align knees with toes.
Check only this:
👉 Pelvis not curling under

---

🔥 ③ Execution
Do not kick the platform. Drive it away through the whole foot and let the knees track the toes.
Bend, press through the mid-foot, and return without bouncing the knees.

---

💥 ④ Peak contraction
Stop just short of hard lockout where quads/glutes still own the load.
⏱️ 1-second STOP
Own that position for one second. This is not where you dump the weight.

---

🐌 ⑤ Controlled return
Do not dump the load.
Take 2–3 seconds on the way back.
Reverse before the pelvis curls under.

---

❌ Common mistakes
❌ Knees collapsing inward
Drive knees with the toes. Reduce load immediately if they cave.
❌ Pelvis curling / low back peeling at the bottom
Own pelvis position before depth.
❌ Snapping into a hard knee lockout
If position breaks, cut the load.

---

💡 MACHINE FIT PRO TIP
🔥 Use the guided path on 343 Seated Leg Press. Slow the first two sets, confirm symmetry, then add load.

---

🎯 MACHINE FIT CHECK
🟢 Seat/pad → pelvis planted
🟢 Feet → centered and aligned
🟢 Knees → track toes
🟢 Return → 2–3 sec control

### 🔥 Remember this

""Whole-foot drive, pelvis stays honest."""
GYMLECO,45도 레그 프레스,45° Leg Press,"044 V-Squat, Plate Loaded",PARTIALLY_VERIFIED,Gymleco,010 Series Plate Loaded,https://gymleco.com/collections/plate-loaded-machines/,Gymleco 044 V-Squat Plate Loaded 브이스쿼트 (카탈로그 '브이 스쿼트' → 카테고리 '45도 레그 프레스' 매핑),"어깨 패드, 발판 위치, 플레이트","🏋️ GYMLECO — 044 V-Squat, Plate Loaded · 010 Series Plate Loaded

🎯 ONE KEY CUE
🔥 ""V 경로에서 등을 패드에 붙이고 발판으로 일어서기""

Gymleco 044 V-Squat Plate Loaded 브이스쿼트 (카탈로그 '브이 스쿼트' → 카테고리 '45도 레그 프레스' 매핑). 플레이트 로딩 · Gymleco line 구조입니다. 처음부터 무게 올리지 말고, 세팅부터 잡으세요.

---

⚙️ ① 기구 세팅
🪑 좌석 / 패드
시트·백패드를 먼저 맞추세요. 밀었을 때 골반이 말리거나 허리가 뜨지 않는 깊이가 시작점입니다.
🦶 발 위치
발판 중앙에 발을 두고, 무릎이 발끝 방향으로 가게 맞추세요. 너무 높거나 낮으면 골반이 먼저 뜹니다.
⚙️ 조절 포인트
어깨 패드, 발판 위치, 플레이트를 확인하세요. 양쪽 플레이트를 동일하게 맞추고, 한쪽만 먼저 올리지 마세요.
이 카테고리는 공식 명칭이 겹칠 수 있으니, 헬스장 기구의 실제 레버·패드 배치를 우선하세요.

---

💪 ② 시작 자세
골반을 시트/패드에 붙이고 발 전체로 발판을 느낍니다. 무릎·발끝 방향을 맞춥니다.
이 자세에서 이것만 확인하세요.
👉 골반이 말리지 않는 깊이인지

---

🔥 ③ 운동 방법
V 궤적으로 앉았다 일어서기.
발판을 “발로 차듯” 밀지 말고, 발 전체로 멀리 보낸다는 느낌으로 밀어요. 무릎은 발끝 방향을 따라갑니다.

---

💥 ④ 최고 수축
무릎을 완전히 잠그기 직전, 허벅지·둔근이 일을 받는 지점에서 멈춥니다.
⏱️ 1초 STOP
튕기지 말고 그 지점에서 1초만 소유하세요. 무게를 놓는 순간이 아닙니다.

---

🐌 ⑤ 천천히 돌아오기
중량을 그냥 놓지 마세요.
2~3초 동안 통제하면서 복귀합니다.
내려올 때 골반이 말리는 깊이 직전에서 방향을 바꾸세요.

---

❌ 흔한 실수
❌ 발판을 너무 낮게 둬 무릎만 과굴곡하는
자세가 무너지면 깊이·무게를 줄이세요.
❌ 무릎이 안쪽으로 무너지는 것
발끝 방향으로 무릎을 보내세요. 안쪽으로 모이면 바로 중량을 낮춥니다.
❌ 하부 범위에서 요추가 뜨거나 골반이 말리는 것
깊이보다 골반 고정이 먼저입니다. 허리가 뜨면 범위를 줄이세요.
❌ 무릎을 강하게 잠그며 튕기는 것
자세가 무너지면 깊이·무게를 줄이세요.
❌ 양쪽 플레이트 무게를 다르게 올리는 것
양쪽을 맞춘 뒤 가벼운 세트로 좌우를 확인하세요.

---

💡 MACHINE FIT PRO TIP
🔥 044 V-Squat, Plate Loaded은 플레이트 로딩 레그 프레스입니다. 양쪽 원판을 맞춘 뒤, 안전 스톱을 내 가동범위에 먼저 걸고 시작하세요. 첫 2세트는 템포를 늦춰 골반이 뜨는지 확인합니다.

---

🎯 MACHINE FIT CHECK
🟢 시트/패드 → 골반 고정
🟢 발 → 발판 중앙·방향 정렬
🟢 원판 → 좌우 동일
🟢 복귀 → 2~3초 통제

### 🔥 이것만 기억하세요

""발 전체로 밀고, 골반은 끝까지 안정적으로.""","🏋️ GYMLECO — 044 V-Squat, Plate Loaded · 010 Series Plate Loaded

🎯 ONE KEY CUE
🔥 ""On the V path, keep the back on the pad and stand through the footplate""

Gymleco 044 V-Squat Plate Loaded 브이스쿼트 (카탈로그 '브이 스쿼트' → 카테고리 '45도 레그 프레스' 매핑) Lean into the plate-loaded / Gymleco line design. Do not chase load until the setup feels locked in.

---

⚙️ ① Setup
🪑 Seat / pads
Set the seat/back pad first. Your start depth is where the pelvis stays planted and the low back does not peel up.
🦶 Feet
Center the feet. If placement is too high or low, the pelvis lifts first.
⚙️ Adjustments
Check 어깨 패드, 발판 위치, 플레이트. Match plates on both sides — do not load one arm first.
Naming can overlap in this category — trust the levers and pads on the unit in front of you.

---

💪 ② Start position
Plant the pelvis and feel the whole foot on the platform. Align knees with toes.
Check only this:
👉 Pelvis not curling under

---

🔥 ③ Execution
Do not kick the platform. Drive it away through the whole foot and let the knees track the toes.
Bend, press through the mid-foot, and return without bouncing the knees.

---

💥 ④ Peak contraction
Stop just short of hard lockout where quads/glutes still own the load.
⏱️ 1-second STOP
Own that position for one second. This is not where you dump the weight.

---

🐌 ⑤ Controlled return
Do not dump the load.
Take 2–3 seconds on the way back.
Reverse before the pelvis curls under.

---

❌ Common mistakes
❌ Knees collapsing inward
Drive knees with the toes. Reduce load immediately if they cave.
❌ Pelvis curling / low back peeling at the bottom
Own pelvis position before depth.
❌ Snapping into a hard knee lockout
If position breaks, cut the load.
❌ Loading unequal plates
Match both sides, then confirm with a light set.

---

💡 MACHINE FIT PRO TIP
🔥 044 V-Squat, Plate Loaded is plate-loaded. Match both sides, set the safety stops to your range first, and use the first two sets to confirm the pelvis stays down.

---

🎯 MACHINE FIT CHECK
🟢 Seat/pad → pelvis planted
🟢 Feet → centered and aligned
🟢 Plates → matched
🟢 Return → 2–3 sec control

### 🔥 Remember this

""Whole-foot drive, pelvis stays honest."""
GYMLECO,수평 레그 프레스,Horizontal Leg Press,045 Pendulum Squat,PARTIALLY_VERIFIED,Gymleco,010 Series Plate Loaded,https://gymleco.com/collections/plate-loaded-machines/,Gymleco 045 Pendulum Squat 펜듈럼 스쿼트 (카탈로그 '펜듈럼 스쿼트' → 카테고리 '수평 레그 프레스' 매핑),"어깨 패드, 발판, 플레이트","🏋️ GYMLECO — 045 Pendulum Squat · 010 Series Plate Loaded

🎯 ONE KEY CUE
🔥 ""진자 경로를 따라 무릎이 발끝 위로 가게 앉기""

Gymleco 045 Pendulum Squat 펜듈럼 스쿼트 (카탈로그 '펜듈럼 스쿼트' → 카테고리 '수평 레그 프레스' 매핑). 플레이트 로딩 · Gymleco line 구조입니다. 처음부터 무게 올리지 말고, 세팅부터 잡으세요.

---

⚙️ ① 기구 세팅
🪑 좌석 / 패드
시트·백패드를 먼저 맞추세요. 밀었을 때 골반이 말리거나 허리가 뜨지 않는 깊이가 시작점입니다.
🦶 발 위치
수평 궤적에 맞춰 발판 중앙에 발을 안정적으로 두세요. 무릎·발끝 방향을 맞춥니다.
⚙️ 조절 포인트
어깨 패드, 발판, 플레이트를 확인하세요. 양쪽 플레이트를 동일하게 맞추고, 한쪽만 먼저 올리지 마세요.
이 카테고리는 공식 명칭이 겹칠 수 있으니, 헬스장 기구의 실제 레버·패드 배치를 우선하세요.

---

💪 ② 시작 자세
골반을 시트/패드에 붙이고 발 전체로 발판을 느낍니다. 무릎·발끝 방향을 맞춥니다.
이 자세에서 이것만 확인하세요.
👉 골반이 말리지 않는 깊이인지

---

🔥 ③ 운동 방법
진자 궤적으로 앉았다 일어서기.
발판을 “발로 차듯” 밀지 말고, 발 전체로 멀리 보낸다는 느낌으로 밀어요. 무릎은 발끝 방향을 따라갑니다.

---

💥 ④ 최고 수축
무릎을 완전히 잠그기 직전, 허벅지·둔근이 일을 받는 지점에서 멈춥니다.
⏱️ 1초 STOP
튕기지 말고 그 지점에서 1초만 소유하세요. 무게를 놓는 순간이 아닙니다.

---

🐌 ⑤ 천천히 돌아오기
중량을 그냥 놓지 마세요.
2~3초 동안 통제하면서 복귀합니다.
내려올 때 골반이 말리는 깊이 직전에서 방향을 바꾸세요.

---

❌ 흔한 실수
❌ 발판을 너무 뒤로 둬 전경을 잃는
자세가 무너지면 깊이·무게를 줄이세요.
❌ 무릎이 안쪽으로 무너지는 것
발끝 방향으로 무릎을 보내세요. 안쪽으로 모이면 바로 중량을 낮춥니다.
❌ 하부 범위에서 요추가 뜨거나 골반이 말리는 것
깊이보다 골반 고정이 먼저입니다. 허리가 뜨면 범위를 줄이세요.
❌ 무릎을 강하게 잠그며 튕기는 것
자세가 무너지면 깊이·무게를 줄이세요.
❌ 양쪽 플레이트 무게를 다르게 올리는 것
양쪽을 맞춘 뒤 가벼운 세트로 좌우를 확인하세요.

---

💡 MACHINE FIT PRO TIP
🔥 045 Pendulum Squat은 플레이트 로딩 레그 프레스입니다. 양쪽 원판을 맞춘 뒤, 안전 스톱을 내 가동범위에 먼저 걸고 시작하세요. 첫 2세트는 템포를 늦춰 골반이 뜨는지 확인합니다.

---

🎯 MACHINE FIT CHECK
🟢 시트/패드 → 골반 고정
🟢 발 → 발판 중앙·방향 정렬
🟢 원판 → 좌우 동일
🟢 복귀 → 2~3초 통제

### 🔥 이것만 기억하세요

""골반은 시트에, 발 전체로 수평으로 밀고, 복귀는 2~3초.""","🏋️ GYMLECO — 045 Pendulum Squat · 010 Series Plate Loaded

🎯 ONE KEY CUE
🔥 ""Follow the pendulum path and track knees over the toes""

Gymleco 045 Pendulum Squat 펜듈럼 스쿼트 (카탈로그 '펜듈럼 스쿼트' → 카테고리 '수평 레그 프레스' 매핑) Lean into the plate-loaded / Gymleco line design. Do not chase load until the setup feels locked in.

---

⚙️ ① Setup
🪑 Seat / pads
Set the seat/back pad first. Your start depth is where the pelvis stays planted and the low back does not peel up.
🦶 Feet
Center the feet on the horizontal path and keep knees tracking with toes.
⚙️ Adjustments
Check 어깨 패드, 발판, 플레이트. Match plates on both sides — do not load one arm first.
Naming can overlap in this category — trust the levers and pads on the unit in front of you.

---

💪 ② Start position
Plant the pelvis and feel the whole foot on the platform. Align knees with toes.
Check only this:
👉 Pelvis not curling under

---

🔥 ③ Execution
Do not kick the platform. Drive it away through the whole foot and let the knees track the toes.
Bend, press through the mid-foot, and return without bouncing the knees.

---

💥 ④ Peak contraction
Stop just short of hard lockout where quads/glutes still own the load.
⏱️ 1-second STOP
Own that position for one second. This is not where you dump the weight.

---

🐌 ⑤ Controlled return
Do not dump the load.
Take 2–3 seconds on the way back.
Reverse before the pelvis curls under.

---

❌ Common mistakes
❌ Knees collapsing inward
Drive knees with the toes. Reduce load immediately if they cave.
❌ Pelvis curling / low back peeling at the bottom
Own pelvis position before depth.
❌ Snapping into a hard knee lockout
If position breaks, cut the load.
❌ Loading unequal plates
Match both sides, then confirm with a light set.

---

💡 MACHINE FIT PRO TIP
🔥 045 Pendulum Squat is plate-loaded. Match both sides, set the safety stops to your range first, and use the first two sets to confirm the pelvis stays down.

---

🎯 MACHINE FIT CHECK
🟢 Seat/pad → pelvis planted
🟢 Feet → centered and aligned
🟢 Plates → matched
🟢 Return → 2–3 sec control

### 🔥 Remember this

""Pelvis glued, whole-foot horizontal drive, 2–3 sec return."""
GYMLECO,핵 스쿼트,Hack Squat,244 Hacklift,PARTIALLY_VERIFIED,Gymleco,010/200 Plate Loaded,https://gymleco.com/collections/plate-loaded-machines/,Gymleco 244 Hacklift 해크 리프트/해크 스쿼트 (카탈로그 '해크 스쿼트' → 카테고리 '핵 스쿼트' 매핑),"어깨 패드, 발판 위치, 플레이트","🏋️ GYMLECO — 244 Hacklift · 010/200 Plate Loaded

🎯 ONE KEY CUE
🔥 ""등을 패드에 붙인 채 발판 중앙으로 일어서기""

Gymleco 244 Hacklift 해크 리프트/해크 스쿼트 (카탈로그 '해크 스쿼트' → 카테고리 '핵 스쿼트' 매핑). 플레이트 로딩 · Gymleco line 구조입니다. 처음부터 무게 올리지 말고, 세팅부터 잡으세요.

---

⚙️ ① 기구 세팅
🪑 좌석 / 패드
시트·백패드를 먼저 맞추세요. 밀었을 때 골반이 말리거나 허리가 뜨지 않는 깊이가 시작점입니다.
🦶 발 위치
발판 중앙에 발을 두고, 무릎이 발끝 방향으로 가게 맞추세요. 너무 높거나 낮으면 골반이 먼저 뜹니다.
⚙️ 조절 포인트
어깨 패드, 발판 위치, 플레이트를 확인하세요. 양쪽 플레이트를 동일하게 맞추고, 한쪽만 먼저 올리지 마세요.
이 카테고리는 공식 명칭이 겹칠 수 있으니, 헬스장 기구의 실제 레버·패드 배치를 우선하세요.

---

💪 ② 시작 자세
골반을 시트/패드에 붙이고 발 전체로 발판을 느낍니다. 무릎·발끝 방향을 맞춥니다.
이 자세에서 이것만 확인하세요.
👉 골반이 말리지 않는 깊이인지

---

🔥 ③ 운동 방법
앉았다 패드에 등을 붙인 채 일어서기.
발판을 “발로 차듯” 밀지 말고, 발 전체로 멀리 보낸다는 느낌으로 밀어요. 무릎은 발끝 방향을 따라갑니다.

---

💥 ④ 최고 수축
무릎을 완전히 잠그기 직전, 허벅지·둔근이 일을 받는 지점에서 멈춥니다.
⏱️ 1초 STOP
튕기지 말고 그 지점에서 1초만 소유하세요. 무게를 놓는 순간이 아닙니다.

---

🐌 ⑤ 천천히 돌아오기
중량을 그냥 놓지 마세요.
2~3초 동안 통제하면서 복귀합니다.
내려올 때 골반이 말리는 깊이 직전에서 방향을 바꾸세요.

---

❌ 흔한 실수
❌ 발판을 너무 앞에 둬 무릎만 과굴곡하는
자세가 무너지면 깊이·무게를 줄이세요.
❌ 무릎이 안쪽으로 무너지는 것
발끝 방향으로 무릎을 보내세요. 안쪽으로 모이면 바로 중량을 낮춥니다.
❌ 하부 범위에서 요추가 뜨거나 골반이 말리는 것
깊이보다 골반 고정이 먼저입니다. 허리가 뜨면 범위를 줄이세요.
❌ 무릎을 강하게 잠그며 튕기는 것
자세가 무너지면 깊이·무게를 줄이세요.
❌ 양쪽 플레이트 무게를 다르게 올리는 것
양쪽을 맞춘 뒤 가벼운 세트로 좌우를 확인하세요.

---

💡 MACHINE FIT PRO TIP
🔥 244 Hacklift은 플레이트 로딩 레그 프레스입니다. 양쪽 원판을 맞춘 뒤, 안전 스톱을 내 가동범위에 먼저 걸고 시작하세요. 첫 2세트는 템포를 늦춰 골반이 뜨는지 확인합니다.

---

🎯 MACHINE FIT CHECK
🟢 시트/패드 → 골반 고정
🟢 발 → 발판 중앙·방향 정렬
🟢 원판 → 좌우 동일
🟢 복귀 → 2~3초 통제

### 🔥 이것만 기억하세요

""발 전체로 밀고, 골반은 끝까지 안정적으로.""","🏋️ GYMLECO — 244 Hacklift · 010/200 Plate Loaded

🎯 ONE KEY CUE
🔥 ""Keep the back on the pad and stand through mid-foot""

Gymleco 244 Hacklift 해크 리프트/해크 스쿼트 (카탈로그 '해크 스쿼트' → 카테고리 '핵 스쿼트' 매핑) Lean into the plate-loaded / Gymleco line design. Do not chase load until the setup feels locked in.

---

⚙️ ① Setup
🪑 Seat / pads
Set the seat/back pad first. Your start depth is where the pelvis stays planted and the low back does not peel up.
🦶 Feet
Center the feet. If placement is too high or low, the pelvis lifts first.
⚙️ Adjustments
Check 어깨 패드, 발판 위치, 플레이트. Match plates on both sides — do not load one arm first.
Naming can overlap in this category — trust the levers and pads on the unit in front of you.

---

💪 ② Start position
Plant the pelvis and feel the whole foot on the platform. Align knees with toes.
Check only this:
👉 Pelvis not curling under

---

🔥 ③ Execution
Do not kick the platform. Drive it away through the whole foot and let the knees track the toes.
Bend, press through the mid-foot, and return without bouncing the knees.

---

💥 ④ Peak contraction
Stop just short of hard lockout where quads/glutes still own the load.
⏱️ 1-second STOP
Own that position for one second. This is not where you dump the weight.

---

🐌 ⑤ Controlled return
Do not dump the load.
Take 2–3 seconds on the way back.
Reverse before the pelvis curls under.

---

❌ Common mistakes
❌ Knees collapsing inward
Drive knees with the toes. Reduce load immediately if they cave.
❌ Pelvis curling / low back peeling at the bottom
Own pelvis position before depth.
❌ Snapping into a hard knee lockout
If position breaks, cut the load.
❌ Loading unequal plates
Match both sides, then confirm with a light set.

---

💡 MACHINE FIT PRO TIP
🔥 244 Hacklift is plate-loaded. Match both sides, set the safety stops to your range first, and use the first two sets to confirm the pelvis stays down.

---

🎯 MACHINE FIT CHECK
🟢 Seat/pad → pelvis planted
🟢 Feet → centered and aligned
🟢 Plates → matched
🟢 Return → 2–3 sec control

### 🔥 Remember this

""Whole-foot drive, pelvis stays honest."""
GYMLECO,스쿼트 프레스,Squat Press,083 Deadlift / Squat Machine,PARTIALLY_VERIFIED,Gymleco,010 Series Plate Loaded,https://gymleco.com/collections/plate-loaded-machines/,스쿼트 머신 일반명에 083 Deadlift/Squat·044 V-Squat가 해당합니다 (카탈로그 '스쿼트 머신' → 카테고리 '스쿼트 프레스' 매핑),"손잡이/벨트, 발 위치, 플레이트","🏋️ GYMLECO — 083 Deadlift / Squat Machine · 010 Series Plate Loaded

🎯 ONE KEY CUE
🔥 ""발 위치를 고정하고 상체를 세운 채 앉았다 일어나기""

스쿼트 머신 일반명에 083 Deadlift/Squat·044 V-Squat가 해당합니다 (카탈로그 '스쿼트 머신' → 카테고리 '스쿼트 프레스' 매핑). 플레이트 로딩 · Gymleco line 구조입니다. 처음부터 무게 올리지 말고, 세팅부터 잡으세요.

---

⚙️ ① 기구 세팅
🤲 그립 / 손 위치
손잡이는 안정용입니다. 힘으로 당기지 말고 몸통만 잡아 주세요.
🦶 발 위치
발판 중앙에 발을 두고, 무릎이 발끝 방향으로 가게 맞추세요. 너무 높거나 낮으면 골반이 먼저 뜹니다.
⚙️ 조절 포인트
손잡이/벨트, 발 위치, 플레이트를 확인하세요. 양쪽 플레이트를 동일하게 맞추고, 한쪽만 먼저 올리지 마세요.
이 카테고리는 공식 명칭이 겹칠 수 있으니, 헬스장 기구의 실제 레버·패드 배치를 우선하세요.

---

💪 ② 시작 자세
골반을 시트/패드에 붙이고 발 전체로 발판을 느낍니다. 무릎·발끝 방향을 맞춥니다.
이 자세에서 이것만 확인하세요.
👉 골반이 말리지 않는 깊이인지

---

🔥 ③ 운동 방법
앉았다 일어서며 중량을 들어 올리기.
발판을 “발로 차듯” 밀지 말고, 발 전체로 멀리 보낸다는 느낌으로 밀어요. 무릎은 발끝 방향을 따라갑니다.

---

💥 ④ 최고 수축
무릎을 완전히 잠그기 직전, 허벅지·둔근이 일을 받는 지점에서 멈춥니다.
⏱️ 1초 STOP
튕기지 말고 그 지점에서 1초만 소유하세요. 무게를 놓는 순간이 아닙니다.

---

🐌 ⑤ 천천히 돌아오기
중량을 그냥 놓지 마세요.
2~3초 동안 통제하면서 복귀합니다.
내려올 때 골반이 말리는 깊이 직전에서 방향을 바꾸세요.

---

❌ 흔한 실수
❌ 무릎이 안쪽으로 무너지는 것
발끝 방향으로 무릎을 보내세요. 안쪽으로 모이면 바로 중량을 낮춥니다.
❌ 하부 범위에서 요추가 뜨거나 골반이 말리는 것
깊이보다 골반 고정이 먼저입니다. 허리가 뜨면 범위를 줄이세요.
❌ 무릎을 강하게 잠그며 튕기는 것
자세가 무너지면 깊이·무게를 줄이세요.
❌ 양쪽 플레이트 무게를 다르게 올리는 것
양쪽을 맞춘 뒤 가벼운 세트로 좌우를 확인하세요.

---

💡 MACHINE FIT PRO TIP
🔥 083 Deadlift / Squat Machine은 플레이트 로딩 레그 프레스입니다. 양쪽 원판을 맞춘 뒤, 안전 스톱을 내 가동범위에 먼저 걸고 시작하세요. 첫 2세트는 템포를 늦춰 골반이 뜨는지 확인합니다.

---

🎯 MACHINE FIT CHECK
🟢 시트/패드 → 골반 고정
🟢 발 → 발판 중앙·방향 정렬
🟢 원판 → 좌우 동일
🟢 복귀 → 2~3초 통제

### 🔥 이것만 기억하세요

""발 전체로 밀고, 골반은 끝까지 안정적으로.""","🏋️ GYMLECO — 083 Deadlift / Squat Machine · 010 Series Plate Loaded

🎯 ONE KEY CUE
🔥 ""Fix foot placement, keep the torso tall, then squat""

스쿼트 머신 일반명에 083 Deadlift/Squat·044 V-Squat가 해당합니다 (카탈로그 '스쿼트 머신' → 카테고리 '스쿼트 프레스' 매핑) Lean into the plate-loaded / Gymleco line design. Do not chase load until the setup feels locked in.

---

⚙️ ① Setup
🤲 Grip / hands
Handles are for bracing only. Do not yank them to move the load.
🦶 Feet
Center the feet. If placement is too high or low, the pelvis lifts first.
⚙️ Adjustments
Check 손잡이/벨트, 발 위치, 플레이트. Match plates on both sides — do not load one arm first.
Naming can overlap in this category — trust the levers and pads on the unit in front of you.

---

💪 ② Start position
Plant the pelvis and feel the whole foot on the platform. Align knees with toes.
Check only this:
👉 Pelvis not curling under

---

🔥 ③ Execution
Do not kick the platform. Drive it away through the whole foot and let the knees track the toes.
Bend, press through the mid-foot, and return without bouncing the knees.

---

💥 ④ Peak contraction
Stop just short of hard lockout where quads/glutes still own the load.
⏱️ 1-second STOP
Own that position for one second. This is not where you dump the weight.

---

🐌 ⑤ Controlled return
Do not dump the load.
Take 2–3 seconds on the way back.
Reverse before the pelvis curls under.

---

❌ Common mistakes
❌ Knees collapsing inward
Drive knees with the toes. Reduce load immediately if they cave.
❌ Pelvis curling / low back peeling at the bottom
Own pelvis position before depth.
❌ Snapping into a hard knee lockout
If position breaks, cut the load.
❌ Loading unequal plates
Match both sides, then confirm with a light set.

---

💡 MACHINE FIT PRO TIP
🔥 083 Deadlift / Squat Machine is plate-loaded. Match both sides, set the safety stops to your range first, and use the first two sets to confirm the pelvis stays down.

---

🎯 MACHINE FIT CHECK
🟢 Seat/pad → pelvis planted
🟢 Feet → centered and aligned
🟢 Plates → matched
🟢 Return → 2–3 sec control

### 🔥 Remember this

""Whole-foot drive, pelvis stays honest."""
GYMLECO,벨트 스쿼트,Belt Squat,082 Belt Squat Machine,VERIFIED,Gymleco,010 Series Plate Loaded,https://gymleco.com/collections/plate-loaded-machines/,Gymleco 082 Belt Squat Machine 벨트 스쿼트입니다,"벨트 사이즈, 발판, 플레이트","🏋️ GYMLECO — 082 Belt Squat Machine · 010 Series Plate Loaded

🎯 ONE KEY CUE
🔥 ""벨트로 하중을 받고 상체를 세운 채 앉았다 일어나기""

Gymleco 082 Belt Squat Machine 벨트 스쿼트. 플레이트 로딩 · Gymleco line 구조입니다. 처음부터 무게 올리지 말고, 세팅부터 잡으세요.

---

⚙️ ① 기구 세팅
🦶 발 위치
발판 중앙에 발을 두고, 무릎이 발끝 방향으로 가게 맞추세요. 너무 높거나 낮으면 골반이 먼저 뜹니다.
⚙️ 조절 포인트
벨트 사이즈, 발판, 플레이트를 확인하세요. 양쪽 플레이트를 동일하게 맞추고, 한쪽만 먼저 올리지 마세요.

---

💪 ② 시작 자세
골반을 시트/패드에 붙이고 발 전체로 발판을 느낍니다. 무릎·발끝 방향을 맞춥니다.
이 자세에서 이것만 확인하세요.
👉 골반이 말리지 않는 깊이인지

---

🔥 ③ 운동 방법
벨트를 차고 앉았다 일어서기.
발판을 “발로 차듯” 밀지 말고, 발 전체로 멀리 보낸다는 느낌으로 밀어요. 무릎은 발끝 방향을 따라갑니다.

---

💥 ④ 최고 수축
무릎을 완전히 잠그기 직전, 허벅지·둔근이 일을 받는 지점에서 멈춥니다.
⏱️ 1초 STOP
튕기지 말고 그 지점에서 1초만 소유하세요. 무게를 놓는 순간이 아닙니다.

---

🐌 ⑤ 천천히 돌아오기
중량을 그냥 놓지 마세요.
2~3초 동안 통제하면서 복귀합니다.
내려올 때 골반이 말리는 깊이 직전에서 방향을 바꾸세요.

---

❌ 흔한 실수
❌ 벨트가 흘러내리며 허리를 숙이는
자세가 무너지면 깊이·무게를 줄이세요.
❌ 무릎이 안쪽으로 무너지는 것
발끝 방향으로 무릎을 보내세요. 안쪽으로 모이면 바로 중량을 낮춥니다.
❌ 하부 범위에서 요추가 뜨거나 골반이 말리는 것
깊이보다 골반 고정이 먼저입니다. 허리가 뜨면 범위를 줄이세요.
❌ 무릎을 강하게 잠그며 튕기는 것
자세가 무너지면 깊이·무게를 줄이세요.
❌ 양쪽 플레이트 무게를 다르게 올리는 것
양쪽을 맞춘 뒤 가벼운 세트로 좌우를 확인하세요.

---

💡 MACHINE FIT PRO TIP
🔥 082 Belt Squat Machine은 플레이트 로딩 레그 프레스입니다. 양쪽 원판을 맞춘 뒤, 안전 스톱을 내 가동범위에 먼저 걸고 시작하세요. 첫 2세트는 템포를 늦춰 골반이 뜨는지 확인합니다.

---

🎯 MACHINE FIT CHECK
🟢 시트/패드 → 골반 고정
🟢 발 → 발판 중앙·방향 정렬
🟢 원판 → 좌우 동일
🟢 복귀 → 2~3초 통제

### 🔥 이것만 기억하세요

""발 전체로 밀고, 골반은 끝까지 안정적으로.""","🏋️ GYMLECO — 082 Belt Squat Machine · 010 Series Plate Loaded

🎯 ONE KEY CUE
🔥 ""Load the belt and squat with a tall torso""

Gymleco 082 Belt Squat Machine 벨트 스쿼트입니다 Lean into the plate-loaded / Gymleco line design. Do not chase load until the setup feels locked in.

---

⚙️ ① Setup
🦶 Feet
Center the feet. If placement is too high or low, the pelvis lifts first.
⚙️ Adjustments
Check 벨트 사이즈, 발판, 플레이트. Match plates on both sides — do not load one arm first.

---

💪 ② Start position
Plant the pelvis and feel the whole foot on the platform. Align knees with toes.
Check only this:
👉 Pelvis not curling under

---

🔥 ③ Execution
Do not kick the platform. Drive it away through the whole foot and let the knees track the toes.
Bend, press through the mid-foot, and return without bouncing the knees.

---

💥 ④ Peak contraction
Stop just short of hard lockout where quads/glutes still own the load.
⏱️ 1-second STOP
Own that position for one second. This is not where you dump the weight.

---

🐌 ⑤ Controlled return
Do not dump the load.
Take 2–3 seconds on the way back.
Reverse before the pelvis curls under.

---

❌ Common mistakes
❌ Knees collapsing inward
Drive knees with the toes. Reduce load immediately if they cave.
❌ Pelvis curling / low back peeling at the bottom
Own pelvis position before depth.
❌ Snapping into a hard knee lockout
If position breaks, cut the load.
❌ Loading unequal plates
Match both sides, then confirm with a light set.

---

💡 MACHINE FIT PRO TIP
🔥 082 Belt Squat Machine is plate-loaded. Match both sides, set the safety stops to your range first, and use the first two sets to confirm the pelvis stays down.

---

🎯 MACHINE FIT CHECK
🟢 Seat/pad → pelvis planted
🟢 Feet → centered and aligned
🟢 Plates → matched
🟢 Return → 2–3 sec control

### 🔥 Remember this

""Whole-foot drive, pelvis stays honest."""
GYMLECO,레그 익스텐션,Leg Extension,340 Leg Extension,VERIFIED,Gymleco,300 Series Selectorized,https://gymleco.com/collections/selectorized-gym-machines,Gymleco 340 Leg Extension(340R 조절형·040 플레이트)입니다,"등판, 발목 패드, 시작 각도(R), 스택","🏋️ GYMLECO — 340 Leg Extension · 300 Series Selectorized

🎯 ONE KEY CUE
🔥 ""무릎을 축으로 발목을 들어 대퇴사두를 수축""

Gymleco 340 Leg Extension(340R 조절형·040 플레이트). 플레이트 로딩 · Gymleco line 구조입니다. 처음부터 무게 올리지 말고, 세팅부터 잡으세요.

---

⚙️ ① 기구 세팅
🪑 좌석 / 패드
시트·백패드를 먼저 맞추세요. 밀었을 때 골반이 말리거나 허리가 뜨지 않는 깊이가 시작점입니다.
🦶 발 위치
발판 중앙에 발을 두고, 무릎이 발끝 방향으로 가게 맞추세요. 너무 높거나 낮으면 골반이 먼저 뜹니다.
⚙️ 조절 포인트
등판, 발목 패드, 시작 각도(R), 스택을 확인하세요. 양쪽 플레이트를 동일하게 맞추고, 한쪽만 먼저 올리지 마세요.

---

💪 ② 시작 자세
골반을 시트/패드에 붙이고 발 전체로 발판을 느낍니다. 무릎·발끝 방향을 맞춥니다.
이 자세에서 이것만 확인하세요.
👉 골반이 말리지 않는 깊이인지

---

🔥 ③ 운동 방법
다리를 펴 올렸다 천천히 굽히기.
발판을 “발로 차듯” 밀지 말고, 발 전체로 멀리 보낸다는 느낌으로 밀어요. 무릎은 발끝 방향을 따라갑니다.

---

💥 ④ 최고 수축
무릎을 완전히 잠그기 직전, 허벅지·둔근이 일을 받는 지점에서 멈춥니다.
⏱️ 1초 STOP
튕기지 말고 그 지점에서 1초만 소유하세요. 무게를 놓는 순간이 아닙니다.

---

🐌 ⑤ 천천히 돌아오기
중량을 그냥 놓지 마세요.
2~3초 동안 통제하면서 복귀합니다.
내려올 때 골반이 말리는 깊이 직전에서 방향을 바꾸세요.

---

❌ 흔한 실수
❌ 엉덩이를 들고 반동으로 펴는
템포를 늦추고 같은 궤적만 반복하세요.
❌ 무릎이 안쪽으로 무너지는 것
발끝 방향으로 무릎을 보내세요. 안쪽으로 모이면 바로 중량을 낮춥니다.
❌ 하부 범위에서 요추가 뜨거나 골반이 말리는 것
깊이보다 골반 고정이 먼저입니다. 허리가 뜨면 범위를 줄이세요.
❌ 무릎을 강하게 잠그며 튕기는 것
자세가 무너지면 깊이·무게를 줄이세요.
❌ 양쪽 플레이트 무게를 다르게 올리는 것
양쪽을 맞춘 뒤 가벼운 세트로 좌우를 확인하세요.

---

💡 MACHINE FIT PRO TIP
🔥 340 Leg Extension은 플레이트 로딩 레그 프레스입니다. 양쪽 원판을 맞춘 뒤, 안전 스톱을 내 가동범위에 먼저 걸고 시작하세요. 첫 2세트는 템포를 늦춰 골반이 뜨는지 확인합니다.

---

🎯 MACHINE FIT CHECK
🟢 시트/패드 → 골반 고정
🟢 발 → 발판 중앙·방향 정렬
🟢 원판 → 좌우 동일
🟢 복귀 → 2~3초 통제

### 🔥 이것만 기억하세요

""발 전체로 밀고, 골반은 끝까지 안정적으로.""","🏋️ GYMLECO — 340 Leg Extension · 300 Series Selectorized

🎯 ONE KEY CUE
🔥 ""Extend from the knees and squeeze the quads at the top""

Gymleco 340 Leg Extension(340R 조절형·040 플레이트)입니다 Lean into the plate-loaded / Gymleco line design. Do not chase load until the setup feels locked in.

---

⚙️ ① Setup
🪑 Seat / pads
Set the seat/back pad first. Your start depth is where the pelvis stays planted and the low back does not peel up.
🦶 Feet
Center the feet. If placement is too high or low, the pelvis lifts first.
⚙️ Adjustments
Check 등판, 발목 패드, 시작 각도(R), 스택. Match plates on both sides — do not load one arm first.

---

💪 ② Start position
Plant the pelvis and feel the whole foot on the platform. Align knees with toes.
Check only this:
👉 Pelvis not curling under

---

🔥 ③ Execution
Do not kick the platform. Drive it away through the whole foot and let the knees track the toes.
Bend, press through the mid-foot, and return without bouncing the knees.

---

💥 ④ Peak contraction
Stop just short of hard lockout where quads/glutes still own the load.
⏱️ 1-second STOP
Own that position for one second. This is not where you dump the weight.

---

🐌 ⑤ Controlled return
Do not dump the load.
Take 2–3 seconds on the way back.
Reverse before the pelvis curls under.

---

❌ Common mistakes
❌ Knees collapsing inward
Drive knees with the toes. Reduce load immediately if they cave.
❌ Pelvis curling / low back peeling at the bottom
Own pelvis position before depth.
❌ Snapping into a hard knee lockout
If position breaks, cut the load.
❌ Loading unequal plates
Match both sides, then confirm with a light set.

---

💡 MACHINE FIT PRO TIP
🔥 340 Leg Extension is plate-loaded. Match both sides, set the safety stops to your range first, and use the first two sets to confirm the pelvis stays down.

---

🎯 MACHINE FIT CHECK
🟢 Seat/pad → pelvis planted
🟢 Feet → centered and aligned
🟢 Plates → matched
🟢 Return → 2–3 sec control

### 🔥 Remember this

""Whole-foot drive, pelvis stays honest."""
GYMLECO,시티드 레그 컬,Seated Leg Curl,341 Seated Leg Curl,VERIFIED,Gymleco,300 Series Selectorized,https://gymleco.com/collections/selectorized-gym-machines,Gymleco 341 Seated Leg Curl(플레이트 041 Leg Curl Seated)입니다,"시트, 허벅지 패드, 발목 롤러, 스택","🏋️ GYMLECO — 341 Seated Leg Curl · 300 Series Selectorized

🎯 ONE KEY CUE
🔥 ""허벅지 패드를 고정한 뒤 발목을 아래로 당기기""

Gymleco 341 Seated Leg Curl(플레이트 041 Leg Curl Seated). 플레이트 로딩 · Gymleco line 구조입니다. 처음부터 무게 올리지 말고, 세팅부터 잡으세요.

---

⚙️ ① 기구 세팅
🪑 좌석 / 패드
시트부터 맞추세요. 밀었을 때 골반이 말리거나 허리가 뜨지 않는 깊이가 시작점입니다.
🦶 발 위치
발판 중앙에 발을 두고, 무릎이 발끝 방향으로 가게 맞추세요. 너무 높거나 낮으면 골반이 먼저 뜹니다.
⚙️ 조절 포인트
시트, 허벅지 패드, 발목 롤러, 스택을 확인하세요. 양쪽 플레이트를 동일하게 맞추고, 한쪽만 먼저 올리지 마세요.

---

💪 ② 시작 자세
골반을 시트/패드에 붙이고 발 전체로 발판을 느낍니다. 무릎·발끝 방향을 맞춥니다.
이 자세에서 이것만 확인하세요.
👉 골반이 말리지 않는 깊이인지

---

🔥 ③ 운동 방법
앉아서 무릎을 굽혔다 펴기.
발판을 “발로 차듯” 밀지 말고, 발 전체로 멀리 보낸다는 느낌으로 밀어요. 무릎은 발끝 방향을 따라갑니다.

---

💥 ④ 최고 수축
무릎을 완전히 잠그기 직전, 허벅지·둔근이 일을 받는 지점에서 멈춥니다.
⏱️ 1초 STOP
튕기지 말고 그 지점에서 1초만 소유하세요. 무게를 놓는 순간이 아닙니다.

---

🐌 ⑤ 천천히 돌아오기
중량을 그냥 놓지 마세요.
2~3초 동안 통제하면서 복귀합니다.
내려올 때 골반이 말리는 깊이 직전에서 방향을 바꾸세요.

---

❌ 흔한 실수
❌ 상체를 앞으로 숙이며 반동하는
템포를 늦추고 같은 궤적만 반복하세요.
❌ 무릎이 안쪽으로 무너지는 것
발끝 방향으로 무릎을 보내세요. 안쪽으로 모이면 바로 중량을 낮춥니다.
❌ 하부 범위에서 요추가 뜨거나 골반이 말리는 것
깊이보다 골반 고정이 먼저입니다. 허리가 뜨면 범위를 줄이세요.
❌ 무릎을 강하게 잠그며 튕기는 것
자세가 무너지면 깊이·무게를 줄이세요.
❌ 양쪽 플레이트 무게를 다르게 올리는 것
양쪽을 맞춘 뒤 가벼운 세트로 좌우를 확인하세요.

---

💡 MACHINE FIT PRO TIP
🔥 341 Seated Leg Curl은 플레이트 로딩 레그 프레스입니다. 양쪽 원판을 맞춘 뒤, 안전 스톱을 내 가동범위에 먼저 걸고 시작하세요. 첫 2세트는 템포를 늦춰 골반이 뜨는지 확인합니다.

---

🎯 MACHINE FIT CHECK
🟢 시트/패드 → 골반 고정
🟢 발 → 발판 중앙·방향 정렬
🟢 원판 → 좌우 동일
🟢 복귀 → 2~3초 통제

### 🔥 이것만 기억하세요

""발 전체로 밀고, 골반은 끝까지 안정적으로.""","🏋️ GYMLECO — 341 Seated Leg Curl · 300 Series Selectorized

🎯 ONE KEY CUE
🔥 ""Lock the thigh pad then curl the ankles downward""

Gymleco 341 Seated Leg Curl(플레이트 041 Leg Curl Seated)입니다 Lean into the plate-loaded / Gymleco line design. Do not chase load until the setup feels locked in.

---

⚙️ ① Setup
🪑 Seat / pads
Set the seat/back pad first. Your start depth is where the pelvis stays planted and the low back does not peel up.
🦶 Feet
Center the feet. If placement is too high or low, the pelvis lifts first.
⚙️ Adjustments
Check 시트, 허벅지 패드, 발목 롤러, 스택. Match plates on both sides — do not load one arm first.

---

💪 ② Start position
Plant the pelvis and feel the whole foot on the platform. Align knees with toes.
Check only this:
👉 Pelvis not curling under

---

🔥 ③ Execution
Do not kick the platform. Drive it away through the whole foot and let the knees track the toes.
Bend, press through the mid-foot, and return without bouncing the knees.

---

💥 ④ Peak contraction
Stop just short of hard lockout where quads/glutes still own the load.
⏱️ 1-second STOP
Own that position for one second. This is not where you dump the weight.

---

🐌 ⑤ Controlled return
Do not dump the load.
Take 2–3 seconds on the way back.
Reverse before the pelvis curls under.

---

❌ Common mistakes
❌ Knees collapsing inward
Drive knees with the toes. Reduce load immediately if they cave.
❌ Pelvis curling / low back peeling at the bottom
Own pelvis position before depth.
❌ Snapping into a hard knee lockout
If position breaks, cut the load.
❌ Loading unequal plates
Match both sides, then confirm with a light set.

---

💡 MACHINE FIT PRO TIP
🔥 341 Seated Leg Curl is plate-loaded. Match both sides, set the safety stops to your range first, and use the first two sets to confirm the pelvis stays down.

---

🎯 MACHINE FIT CHECK
🟢 Seat/pad → pelvis planted
🟢 Feet → centered and aligned
🟢 Plates → matched
🟢 Return → 2–3 sec control

### 🔥 Remember this

""Whole-foot drive, pelvis stays honest."""
GYMLECO,라잉 레그 컬,Lying Leg Curl,342 Lying Leg Curl,VERIFIED,Gymleco,300 Series Selectorized,https://gymleco.com/collections/selectorized-gym-machines,Gymleco 342 Lying Leg Curl(342R 조절형)입니다,"패드 위치, 발목 롤러, 시작 각도(R), 스택","🏋️ GYMLECO — 342 Lying Leg Curl · 300 Series Selectorized

🎯 ONE KEY CUE
🔥 ""골반을 패드에 누른 채 발뒤꿈치를 당기기""

Gymleco 342 Lying Leg Curl(342R 조절형). Gymleco line 구조입니다. 처음부터 무게 올리지 말고, 세팅부터 잡으세요.

---

⚙️ ① 기구 세팅
🪑 좌석 / 패드
시트·백패드를 먼저 맞추세요. 밀었을 때 골반이 말리거나 허리가 뜨지 않는 깊이가 시작점입니다.
🦶 발 위치
발판 중앙에 발을 두고, 무릎이 발끝 방향으로 가게 맞추세요. 너무 높거나 낮으면 골반이 먼저 뜹니다.
⚙️ 조절 포인트
패드 위치, 발목 롤러, 시작 각도(R), 스택을 확인하세요.

---

💪 ② 시작 자세
골반을 시트/패드에 붙이고 발 전체로 발판을 느낍니다. 무릎·발끝 방향을 맞춥니다.
이 자세에서 이것만 확인하세요.
👉 골반이 말리지 않는 깊이인지

---

🔥 ③ 운동 방법
엎드려 무릎을 굽혔다 천천히 펴기.
발판을 “발로 차듯” 밀지 말고, 발 전체로 멀리 보낸다는 느낌으로 밀어요. 무릎은 발끝 방향을 따라갑니다.

---

💥 ④ 최고 수축
무릎을 완전히 잠그기 직전, 허벅지·둔근이 일을 받는 지점에서 멈춥니다.
⏱️ 1초 STOP
튕기지 말고 그 지점에서 1초만 소유하세요. 무게를 놓는 순간이 아닙니다.

---

🐌 ⑤ 천천히 돌아오기
중량을 그냥 놓지 마세요.
2~3초 동안 통제하면서 복귀합니다.
내려올 때 골반이 말리는 깊이 직전에서 방향을 바꾸세요.

---

❌ 흔한 실수
❌ 골반을 들며 반동으로 컬하는
템포를 늦추고 같은 궤적만 반복하세요.
❌ 무릎이 안쪽으로 무너지는 것
발끝 방향으로 무릎을 보내세요. 안쪽으로 모이면 바로 중량을 낮춥니다.
❌ 하부 범위에서 요추가 뜨거나 골반이 말리는 것
깊이보다 골반 고정이 먼저입니다. 허리가 뜨면 범위를 줄이세요.
❌ 무릎을 강하게 잠그며 튕기는 것
자세가 무너지면 깊이·무게를 줄이세요.

---

💡 MACHINE FIT PRO TIP
🔥 342 Lying Leg Curl의 가이드 궤적을 이용하세요. 첫 2세트는 천천히, 대칭이 확인된 뒤에만 무게를 올립니다.

---

🎯 MACHINE FIT CHECK
🟢 시트/패드 → 골반 고정
🟢 발 → 발판 중앙·방향 정렬
🟢 무릎 → 발끝 방향
🟢 복귀 → 2~3초 통제

### 🔥 이것만 기억하세요

""발 전체로 밀고, 골반은 끝까지 안정적으로.""","🏋️ GYMLECO — 342 Lying Leg Curl · 300 Series Selectorized

🎯 ONE KEY CUE
🔥 ""Press the pelvis into the pad and curl the heels up""

Gymleco 342 Lying Leg Curl(342R 조절형)입니다 Lean into the Gymleco line design. Do not chase load until the setup feels locked in.

---

⚙️ ① Setup
🪑 Seat / pads
Set the seat/back pad first. Your start depth is where the pelvis stays planted and the low back does not peel up.
🦶 Feet
Center the feet. If placement is too high or low, the pelvis lifts first.
⚙️ Adjustments
Check 패드 위치, 발목 롤러, 시작 각도(R), 스택.

---

💪 ② Start position
Plant the pelvis and feel the whole foot on the platform. Align knees with toes.
Check only this:
👉 Pelvis not curling under

---

🔥 ③ Execution
Do not kick the platform. Drive it away through the whole foot and let the knees track the toes.
Bend, press through the mid-foot, and return without bouncing the knees.

---

💥 ④ Peak contraction
Stop just short of hard lockout where quads/glutes still own the load.
⏱️ 1-second STOP
Own that position for one second. This is not where you dump the weight.

---

🐌 ⑤ Controlled return
Do not dump the load.
Take 2–3 seconds on the way back.
Reverse before the pelvis curls under.

---

❌ Common mistakes
❌ Knees collapsing inward
Drive knees with the toes. Reduce load immediately if they cave.
❌ Pelvis curling / low back peeling at the bottom
Own pelvis position before depth.
❌ Snapping into a hard knee lockout
If position breaks, cut the load.

---

💡 MACHINE FIT PRO TIP
🔥 Use the guided path on 342 Lying Leg Curl. Slow the first two sets, confirm symmetry, then add load.

---

🎯 MACHINE FIT CHECK
🟢 Seat/pad → pelvis planted
🟢 Feet → centered and aligned
🟢 Knees → track toes
🟢 Return → 2–3 sec control

### 🔥 Remember this

""Whole-foot drive, pelvis stays honest."""
GYMLECO,스탠딩 레그 컬,Standing Leg Curl,341 Seated Leg Curl,PARTIALLY_VERIFIED,Gymleco,300 Series Selectorized,https://gymleco.com/collections/selectorized-gym-machines,Gymleco 341 Seated Leg Curl이 대표 레그 컬 (카탈로그 '레그 컬' → 카테고리 '스탠딩 레그 컬' 매핑),"시트, 허벅지 고정, 발목 롤러, 스택","🏋️ GYMLECO — 341 Seated Leg Curl · 300 Series Selectorized

🎯 ONE KEY CUE
🔥 ""엉덩이를 붙인 채 발뒤꿈치를 엉덩이 쪽으로""

Gymleco 341 Seated Leg Curl이 대표 레그 컬 (카탈로그 '레그 컬' → 카테고리 '스탠딩 레그 컬' 매핑). Gymleco line 구조입니다. 처음부터 무게 올리지 말고, 세팅부터 잡으세요.

---

⚙️ ① 기구 세팅
🪑 좌석 / 패드
시트부터 맞추세요. 밀었을 때 골반이 말리거나 허리가 뜨지 않는 깊이가 시작점입니다.
🦶 발 위치
발판 중앙에 발을 두고, 무릎이 발끝 방향으로 가게 맞추세요. 너무 높거나 낮으면 골반이 먼저 뜹니다.
⚙️ 조절 포인트
시트, 허벅지 고정, 발목 롤러, 스택을 확인하세요.
이 카테고리는 공식 명칭이 겹칠 수 있으니, 헬스장 기구의 실제 레버·패드 배치를 우선하세요.

---

💪 ② 시작 자세
골반을 시트/패드에 붙이고 발 전체로 발판을 느낍니다. 무릎·발끝 방향을 맞춥니다.
이 자세에서 이것만 확인하세요.
👉 골반이 말리지 않는 깊이인지

---

🔥 ③ 운동 방법
무릎을 굽혀 당겼다 천천히 펴기.
발판을 “발로 차듯” 밀지 말고, 발 전체로 멀리 보낸다는 느낌으로 밀어요. 무릎은 발끝 방향을 따라갑니다.

---

💥 ④ 최고 수축
무릎을 완전히 잠그기 직전, 허벅지·둔근이 일을 받는 지점에서 멈춥니다.
⏱️ 1초 STOP
튕기지 말고 그 지점에서 1초만 소유하세요. 무게를 놓는 순간이 아닙니다.

---

🐌 ⑤ 천천히 돌아오기
중량을 그냥 놓지 마세요.
2~3초 동안 통제하면서 복귀합니다.
내려올 때 골반이 말리는 깊이 직전에서 방향을 바꾸세요.

---

❌ 흔한 실수
❌ 엉덩이를 들며 요추로 당기는
깊이보다 골반 고정이 먼저입니다. 허리가 뜨면 범위를 줄이세요.
❌ 무릎이 안쪽으로 무너지는 것
발끝 방향으로 무릎을 보내세요. 안쪽으로 모이면 바로 중량을 낮춥니다.
❌ 하부 범위에서 요추가 뜨거나 골반이 말리는 것
깊이보다 골반 고정이 먼저입니다. 허리가 뜨면 범위를 줄이세요.
❌ 무릎을 강하게 잠그며 튕기는 것
자세가 무너지면 깊이·무게를 줄이세요.

---

💡 MACHINE FIT PRO TIP
🔥 341 Seated Leg Curl의 가이드 궤적을 이용하세요. 첫 2세트는 천천히, 대칭이 확인된 뒤에만 무게를 올립니다.

---

🎯 MACHINE FIT CHECK
🟢 시트/패드 → 골반 고정
🟢 발 → 발판 중앙·방향 정렬
🟢 무릎 → 발끝 방향
🟢 복귀 → 2~3초 통제

### 🔥 이것만 기억하세요

""발 전체로 밀고, 골반은 끝까지 안정적으로.""","🏋️ GYMLECO — 341 Seated Leg Curl · 300 Series Selectorized

🎯 ONE KEY CUE
🔥 ""Keep the hips down and curl the heels toward the glutes""

Gymleco 341 Seated Leg Curl이 대표 레그 컬 (카탈로그 '레그 컬' → 카테고리 '스탠딩 레그 컬' 매핑) Lean into the Gymleco line design. Do not chase load until the setup feels locked in.

---

⚙️ ① Setup
🪑 Seat / pads
Set the seat/back pad first. Your start depth is where the pelvis stays planted and the low back does not peel up.
🦶 Feet
Center the feet. If placement is too high or low, the pelvis lifts first.
⚙️ Adjustments
Check 시트, 허벅지 고정, 발목 롤러, 스택.
Naming can overlap in this category — trust the levers and pads on the unit in front of you.

---

💪 ② Start position
Plant the pelvis and feel the whole foot on the platform. Align knees with toes.
Check only this:
👉 Pelvis not curling under

---

🔥 ③ Execution
Do not kick the platform. Drive it away through the whole foot and let the knees track the toes.
Bend, press through the mid-foot, and return without bouncing the knees.

---

💥 ④ Peak contraction
Stop just short of hard lockout where quads/glutes still own the load.
⏱️ 1-second STOP
Own that position for one second. This is not where you dump the weight.

---

🐌 ⑤ Controlled return
Do not dump the load.
Take 2–3 seconds on the way back.
Reverse before the pelvis curls under.

---

❌ Common mistakes
❌ Knees collapsing inward
Drive knees with the toes. Reduce load immediately if they cave.
❌ Pelvis curling / low back peeling at the bottom
Own pelvis position before depth.
❌ Snapping into a hard knee lockout
If position breaks, cut the load.

---

💡 MACHINE FIT PRO TIP
🔥 Use the guided path on 341 Seated Leg Curl. Slow the first two sets, confirm symmetry, then add load.

---

🎯 MACHINE FIT CHECK
🟢 Seat/pad → pelvis planted
🟢 Feet → centered and aligned
🟢 Knees → track toes
🟢 Return → 2–3 sec control

### 🔥 Remember this

""Whole-foot drive, pelvis stays honest."""
GYMLECO,싱글 레그 컬,Single Leg Curl,341 Seated Leg Curl,PARTIALLY_VERIFIED,Gymleco,300 Series Selectorized,https://gymleco.com/collections/selectorized-gym-machines,Gymleco 341 Seated Leg Curl(플레이트 041 Leg Curl Seated) (단측 레그 컬 패턴 매핑),"시트, 허벅지 패드, 발목 롤러, 스택","🏋️ GYMLECO — 341 Seated Leg Curl · 300 Series Selectorized

🎯 ONE KEY CUE
🔥 ""허벅지 패드를 고정한 뒤 발목을 아래로 당기기""

Gymleco 341 Seated Leg Curl(플레이트 041 Leg Curl Seated) (단측 레그 컬 패턴 매핑). 플레이트 로딩 · Gymleco line 구조입니다. 처음부터 무게 올리지 말고, 세팅부터 잡으세요.

---

⚙️ ① 기구 세팅
🪑 좌석 / 패드
시트부터 맞추세요. 밀었을 때 골반이 말리거나 허리가 뜨지 않는 깊이가 시작점입니다.
🦶 발 위치
발판 중앙에 발을 두고, 무릎이 발끝 방향으로 가게 맞추세요. 너무 높거나 낮으면 골반이 먼저 뜹니다.
⚙️ 조절 포인트
시트, 허벅지 패드, 발목 롤러, 스택을 확인하세요. 양쪽 플레이트를 동일하게 맞추고, 한쪽만 먼저 올리지 마세요.
이 카테고리는 공식 명칭이 겹칠 수 있으니, 헬스장 기구의 실제 레버·패드 배치를 우선하세요.

---

💪 ② 시작 자세
골반을 시트/패드에 붙이고 발 전체로 발판을 느낍니다. 무릎·발끝 방향을 맞춥니다.
이 자세에서 이것만 확인하세요.
👉 골반이 말리지 않는 깊이인지

---

🔥 ③ 운동 방법
앉아서 무릎을 굽혔다 펴기.
발판을 “발로 차듯” 밀지 말고, 발 전체로 멀리 보낸다는 느낌으로 밀어요. 무릎은 발끝 방향을 따라갑니다.

---

💥 ④ 최고 수축
무릎을 완전히 잠그기 직전, 허벅지·둔근이 일을 받는 지점에서 멈춥니다.
⏱️ 1초 STOP
튕기지 말고 그 지점에서 1초만 소유하세요. 무게를 놓는 순간이 아닙니다.

---

🐌 ⑤ 천천히 돌아오기
중량을 그냥 놓지 마세요.
2~3초 동안 통제하면서 복귀합니다.
내려올 때 골반이 말리는 깊이 직전에서 방향을 바꾸세요.

---

❌ 흔한 실수
❌ 상체를 앞으로 숙이며 반동하는
템포를 늦추고 같은 궤적만 반복하세요.
❌ 무릎이 안쪽으로 무너지는 것
발끝 방향으로 무릎을 보내세요. 안쪽으로 모이면 바로 중량을 낮춥니다.
❌ 하부 범위에서 요추가 뜨거나 골반이 말리는 것
깊이보다 골반 고정이 먼저입니다. 허리가 뜨면 범위를 줄이세요.
❌ 무릎을 강하게 잠그며 튕기는 것
자세가 무너지면 깊이·무게를 줄이세요.
❌ 양쪽 플레이트 무게를 다르게 올리는 것
양쪽을 맞춘 뒤 가벼운 세트로 좌우를 확인하세요.

---

💡 MACHINE FIT PRO TIP
🔥 341 Seated Leg Curl은 플레이트 로딩 레그 프레스입니다. 양쪽 원판을 맞춘 뒤, 안전 스톱을 내 가동범위에 먼저 걸고 시작하세요. 첫 2세트는 템포를 늦춰 골반이 뜨는지 확인합니다.

---

🎯 MACHINE FIT CHECK
🟢 시트/패드 → 골반 고정
🟢 발 → 발판 중앙·방향 정렬
🟢 원판 → 좌우 동일
🟢 복귀 → 2~3초 통제

### 🔥 이것만 기억하세요

""발 전체로 밀고, 골반은 끝까지 안정적으로.""","🏋️ GYMLECO — 341 Seated Leg Curl · 300 Series Selectorized

🎯 ONE KEY CUE
🔥 ""Lock the thigh pad then curl the ankles downward""

Gymleco 341 Seated Leg Curl(플레이트 041 Leg Curl Seated) (단측 레그 컬 패턴 매핑) Lean into the plate-loaded / Gymleco line design. Do not chase load until the setup feels locked in.

---

⚙️ ① Setup
🪑 Seat / pads
Set the seat/back pad first. Your start depth is where the pelvis stays planted and the low back does not peel up.
🦶 Feet
Center the feet. If placement is too high or low, the pelvis lifts first.
⚙️ Adjustments
Check 시트, 허벅지 패드, 발목 롤러, 스택. Match plates on both sides — do not load one arm first.
Naming can overlap in this category — trust the levers and pads on the unit in front of you.

---

💪 ② Start position
Plant the pelvis and feel the whole foot on the platform. Align knees with toes.
Check only this:
👉 Pelvis not curling under

---

🔥 ③ Execution
Do not kick the platform. Drive it away through the whole foot and let the knees track the toes.
Bend, press through the mid-foot, and return without bouncing the knees.

---

💥 ④ Peak contraction
Stop just short of hard lockout where quads/glutes still own the load.
⏱️ 1-second STOP
Own that position for one second. This is not where you dump the weight.

---

🐌 ⑤ Controlled return
Do not dump the load.
Take 2–3 seconds on the way back.
Reverse before the pelvis curls under.

---

❌ Common mistakes
❌ Knees collapsing inward
Drive knees with the toes. Reduce load immediately if they cave.
❌ Pelvis curling / low back peeling at the bottom
Own pelvis position before depth.
❌ Snapping into a hard knee lockout
If position breaks, cut the load.
❌ Loading unequal plates
Match both sides, then confirm with a light set.

---

💡 MACHINE FIT PRO TIP
🔥 341 Seated Leg Curl is plate-loaded. Match both sides, set the safety stops to your range first, and use the first two sets to confirm the pelvis stays down.

---

🎯 MACHINE FIT CHECK
🟢 Seat/pad → pelvis planted
🟢 Feet → centered and aligned
🟢 Plates → matched
🟢 Return → 2–3 sec control

### 🔥 Remember this

""Whole-foot drive, pelvis stays honest."""
GYMLECO,힙 쓰러스트,Hip Thrust,066 Hip Thrust,PARTIALLY_VERIFIED,Gymleco,010 Series Plate Loaded,https://gymleco.com/collections/plate-loaded-machines/,Gymleco 066 Hip Thrust 머신(166 Hip Thrust bench도 있음) (카탈로그 '힙 쓰러스트 머신' → 카테고리 '힙 쓰러스트' 매핑),"등판 높이, 벨트/패드, 플레이트","🏋️ GYMLECO — 066 Hip Thrust · 010 Series Plate Loaded

🎯 ONE KEY CUE
🔥 ""발바닥으로 밀어 골반을 위로 잠그기""

Gymleco 066 Hip Thrust 머신(166 Hip Thrust bench도 있음) (카탈로그 '힙 쓰러스트 머신' → 카테고리 '힙 쓰러스트' 매핑). 플레이트 로딩 · Gymleco line 구조입니다. 처음부터 무게 올리지 말고, 세팅부터 잡으세요.

---

⚙️ ① 기구 세팅
🪑 좌석 / 패드
시트·백패드를 먼저 맞추세요. 밀었을 때 골반이 말리거나 허리가 뜨지 않는 깊이가 시작점입니다.
🦶 발 위치
지지하는 발을 먼저 고정하세요. 흔들리면 중량을 낮춥니다.
⚙️ 조절 포인트
등판 높이, 벨트/패드, 플레이트를 확인하세요. 양쪽 플레이트를 동일하게 맞추고, 한쪽만 먼저 올리지 마세요.
이 카테고리는 공식 명칭이 겹칠 수 있으니, 헬스장 기구의 실제 레버·패드 배치를 우선하세요.

---

💪 ② 시작 자세
골반 위치를 먼저 고정합니다. 허리로 높이 만들 준비를 하지 마세요.
이 자세에서 이것만 확인하세요.
👉 허리가 아니라 엉덩이가 일을 받을 준비인지

---

🔥 ③ 운동 방법
골반을 위로 밀어 올렸다 내리기.
허리로 높이를 만들지 말고 골반·엉덩이로 밀어 마무리하세요.

---

💥 ④ 최고 수축
목표 근육이 가장 조여지는 끝 지점에서 멈춥니다.
⏱️ 1초 STOP
튕기지 말고 그 지점에서 1초만 소유하세요. 무게를 놓는 순간이 아닙니다.

---

🐌 ⑤ 천천히 돌아오기
중량을 그냥 놓지 마세요.
2~3초 동안 통제하면서 복귀합니다.
시작 자세로 돌아갈 때도 같은 궤적을 유지하세요.

---

❌ 흔한 실수
❌ 허리를 과아치해 요추로 미는
깊이보다 골반 고정이 먼저입니다. 허리가 뜨면 범위를 줄이세요.
❌ 허리로 높이 만드는 것
자세가 무너지면 무게를 낮추세요.
❌ 골반이 돌아가며 한쪽만 미는 것
약한 쪽 속도에 강한 쪽을 맞추세요.
❌ 반동으로 올리는 것
템포를 늦추고 같은 궤적만 반복하세요.
❌ 양쪽 플레이트 무게를 다르게 올리는 것
양쪽을 맞춘 뒤 가벼운 세트로 좌우를 확인하세요.

---

💡 MACHINE FIT PRO TIP
🔥 066 Hip Thrust은 플레이트 로딩입니다. 좌우 원판을 동일하게 맞추고, 첫 세트는 궤적·좌우 대칭만 확인한 다음 무게를 올리세요.

---

🎯 MACHINE FIT CHECK
🟢 발 → 발판 중앙·방향 정렬
🟢 원판 → 좌우 동일
🟢 복귀 → 2~3초 통제

### 🔥 이것만 기억하세요

""발바닥으로 밀어 골반을 위로 잠그기. 끝에서 1초, 복귀는 통제.""","🏋️ GYMLECO — 066 Hip Thrust · 010 Series Plate Loaded

🎯 ONE KEY CUE
🔥 ""Drive through the feet and lock the hips up at the top""

Gymleco 066 Hip Thrust 머신(166 Hip Thrust bench도 있음) (카탈로그 '힙 쓰러스트 머신' → 카테고리 '힙 쓰러스트' 매핑) Lean into the plate-loaded / Gymleco line design. Do not chase load until the setup feels locked in.

---

⚙️ ① Setup
🪑 Seat / pads
Set the seat/back pad first. Your start depth is where the pelvis stays planted and the low back does not peel up.
🦶 Feet
Lock in the support foot before you move. Reduce load if you wobble.
⚙️ Adjustments
Check 등판 높이, 벨트/패드, 플레이트. Match plates on both sides — do not load one arm first.
Naming can overlap in this category — trust the levers and pads on the unit in front of you.

---

💪 ② Start position
Set the pelvis first. Do not plan to create height with the lower back.
Check only this:
👉 Glutes ready to drive, not the lumbar spine

---

🔥 ③ Execution
Finish with the hips/glutes — do not manufacture height with the lumbar spine.
Drive the hips, squeeze, then lower without lumbar snap.

---

💥 ④ Peak contraction
Stop where the target muscle is most shortened.
⏱️ 1-second STOP
Own that position for one second. This is not where you dump the weight.

---

🐌 ⑤ Controlled return
Do not dump the load.
Take 2–3 seconds on the way back.
Return on the same path you pressed or pulled.

---

❌ Common mistakes
❌ Creating height with the lumbar spine
If position breaks, cut the load.
❌ Rotating the pelvis and favoring one side
If position breaks, cut the load.
❌ Bouncing the lockout
Slow the tempo and repeat one clean path.
❌ Loading unequal plates
Match both sides, then confirm with a light set.

---

💡 MACHINE FIT PRO TIP
🔥 066 Hip Thrust is plate-loaded. Match plates, confirm path and left-right symmetry on set one, then add load.

---

🎯 MACHINE FIT CHECK
🟢 Feet → centered and aligned
🟢 Plates → matched
🟢 Return → 2–3 sec control

### 🔥 Remember this

""Drive through the feet and lock the hips up at the top. One-second peak, controlled return."""
GYMLECO,글루트 드라이브,Glute Drive,141 Glute Ham Raise,PARTIALLY_VERIFIED,Gymleco,100 Series Core,https://gymleco.com/collections/plate-loaded-machines/,Gymleco 141 Glute Ham Raise GHR (카탈로그 '글루트 햄 레이즈' → 카테고리 '글루트 드라이브' 매핑),"발 앵커, 패드 거리, 손 보조","🏋️ GYMLECO — 141 Glute Ham Raise · 100 Series Core

🎯 ONE KEY CUE
🔥 ""햄·둔근으로 몸을 일직선까지 일으켜 세우기""

Gymleco 141 Glute Ham Raise GHR (카탈로그 '글루트 햄 레이즈' → 카테고리 '글루트 드라이브' 매핑). Gymleco line 구조입니다. 처음부터 무게 올리지 말고, 세팅부터 잡으세요.

---

⚙️ ① 기구 세팅
🪑 좌석 / 패드
시트·백패드를 먼저 맞추세요. 밀었을 때 골반이 말리거나 허리가 뜨지 않는 깊이가 시작점입니다.
🦶 발 위치
지지하는 발을 먼저 고정하세요. 흔들리면 중량을 낮춥니다.
⚙️ 조절 포인트
발 앵커, 패드 거리, 손 보조를 확인하세요.
이 카테고리는 공식 명칭이 겹칠 수 있으니, 헬스장 기구의 실제 레버·패드 배치를 우선하세요.

---

💪 ② 시작 자세
골반 위치를 먼저 고정합니다. 허리로 높이 만들 준비를 하지 마세요.
이 자세에서 이것만 확인하세요.
👉 허리가 아니라 엉덩이가 일을 받을 준비인지

---

🔥 ③ 운동 방법
무릎을 축으로 상체를 올렸다 내리기.
허리로 높이를 만들지 말고 골반·엉덩이로 밀어 마무리하세요.

---

💥 ④ 최고 수축
목표 근육이 가장 조여지는 끝 지점에서 멈춥니다.
⏱️ 1초 STOP
튕기지 말고 그 지점에서 1초만 소유하세요. 무게를 놓는 순간이 아닙니다.

---

🐌 ⑤ 천천히 돌아오기
중량을 그냥 놓지 마세요.
2~3초 동안 통제하면서 복귀합니다.
시작 자세로 돌아갈 때도 같은 궤적을 유지하세요.

---

❌ 흔한 실수
❌ 허리만 꺾어 올리며 GHR 궤적을 잃는
자세가 무너지면 무게를 낮추세요.
❌ 허리로 높이 만드는 것
자세가 무너지면 무게를 낮추세요.
❌ 골반이 돌아가며 한쪽만 미는 것
약한 쪽 속도에 강한 쪽을 맞추세요.
❌ 반동으로 올리는 것
템포를 늦추고 같은 궤적만 반복하세요.

---

💡 MACHINE FIT PRO TIP
🔥 141 Glute Ham Raise의 가이드 궤적을 이용하세요. 첫 2세트는 천천히, 대칭이 확인된 뒤에만 무게를 올립니다.

---

🎯 MACHINE FIT CHECK
🟢 발 → 발판 중앙·방향 정렬
🟢 어깨 → 으쓱하지 않기
🟢 복귀 → 2~3초 통제

### 🔥 이것만 기억하세요

""햄·둔근으로 몸을 일직선까지 일으켜 세우기. 끝에서 1초, 복귀는 통제.""","🏋️ GYMLECO — 141 Glute Ham Raise · 100 Series Core

🎯 ONE KEY CUE
🔥 ""Raise the body to a straight line with hamstrings and glutes""

Gymleco 141 Glute Ham Raise GHR (카탈로그 '글루트 햄 레이즈' → 카테고리 '글루트 드라이브' 매핑) Lean into the Gymleco line design. Do not chase load until the setup feels locked in.

---

⚙️ ① Setup
🪑 Seat / pads
Set the seat/back pad first. Your start depth is where the pelvis stays planted and the low back does not peel up.
🦶 Feet
Lock in the support foot before you move. Reduce load if you wobble.
⚙️ Adjustments
Check 발 앵커, 패드 거리, 손 보조.
Naming can overlap in this category — trust the levers and pads on the unit in front of you.

---

💪 ② Start position
Set the pelvis first. Do not plan to create height with the lower back.
Check only this:
👉 Glutes ready to drive, not the lumbar spine

---

🔥 ③ Execution
Finish with the hips/glutes — do not manufacture height with the lumbar spine.
Drive the hips, squeeze, then lower without lumbar snap.

---

💥 ④ Peak contraction
Stop where the target muscle is most shortened.
⏱️ 1-second STOP
Own that position for one second. This is not where you dump the weight.

---

🐌 ⑤ Controlled return
Do not dump the load.
Take 2–3 seconds on the way back.
Return on the same path you pressed or pulled.

---

❌ Common mistakes
❌ Creating height with the lumbar spine
If position breaks, cut the load.
❌ Rotating the pelvis and favoring one side
If position breaks, cut the load.
❌ Bouncing the lockout
Slow the tempo and repeat one clean path.

---

💡 MACHINE FIT PRO TIP
🔥 Use the guided path on 141 Glute Ham Raise. Slow the first two sets, confirm symmetry, then add load.

---

🎯 MACHINE FIT CHECK
🟢 Feet → centered and aligned
🟢 Shoulders → not shrugged
🟢 Return → 2–3 sec control

### 🔥 Remember this

""Raise the body to a straight line with hamstrings and glutes. One-second peak, controlled return."""
GYMLECO,글루트 킥백,Glute Kickback,,BRAND_MODEL_NOT_FOUND,Gymleco,,https://gymleco.com/,Gymleco 카탈로그에서 글루트 킥백 전용 SKU를 확인하지 못했습니다,"패드, 가동 범위, 중량","🏋️ GYMLECO — 글루트 킥백

🎯 ONE KEY CUE
🔥 ""골반을 고정한 채 엉덩이로 뒤로 차기""

짐레코 전용 모델이 없는 카테고리입니다. 헬스장에 있는 실제 기구의 패드·레버·안전장치를 먼저 확인한 뒤, 아래 패턴으로 움직이세요.

---

⚙️ ① 기구 세팅
🪑 좌석 / 패드
시트·백패드를 먼저 맞추세요. 밀었을 때 골반이 말리거나 허리가 뜨지 않는 깊이가 시작점입니다.
🦶 발 위치
지지하는 발을 먼저 고정하세요. 흔들리면 중량을 낮춥니다.
⚙️ 조절 포인트
패드, 가동 범위, 중량을 확인하세요.

---

💪 ② 시작 자세
골반 위치를 먼저 고정합니다. 허리로 높이 만들 준비를 하지 마세요.
이 자세에서 이것만 확인하세요.
👉 허리가 아니라 엉덩이가 일을 받을 준비인지

---

🔥 ③ 운동 방법
무릎을 약간 굽힌 채 다리를 뒤로 뻗었다 천천히 복귀.
허리로 높이를 만들지 말고 골반·엉덩이로 밀어 마무리하세요.

---

💥 ④ 최고 수축
목표 근육이 가장 조여지는 끝 지점에서 멈춥니다.
⏱️ 1초 STOP
튕기지 말고 그 지점에서 1초만 소유하세요. 무게를 놓는 순간이 아닙니다.

---

🐌 ⑤ 천천히 돌아오기
중량을 그냥 놓지 마세요.
2~3초 동안 통제하면서 복귀합니다.
시작 자세로 돌아갈 때도 같은 궤적을 유지하세요.

---

❌ 흔한 실수
❌ 허리를 과신전하며 반동으로 차는
템포를 늦추고 같은 궤적만 반복하세요.
❌ 허리로 높이 만드는 것
자세가 무너지면 무게를 낮추세요.
❌ 골반이 돌아가며 한쪽만 미는 것
약한 쪽 속도에 강한 쪽을 맞추세요.
❌ 반동으로 올리는 것
템포를 늦추고 같은 궤적만 반복하세요.

---

💡 MACHINE FIT PRO TIP
🔥 이 항목은 해머 스트렝스 전용 SKU가 없습니다. ""글루트 킥백""로 분류된 실제 기구의 패드·레버·안전장치만 믿고, 가벼운 무게로 5회 리허설 후 본 세트를 시작하세요.

---

🎯 MACHINE FIT CHECK
🟢 발 → 발판 중앙·방향 정렬
🟢 어깨 → 으쓱하지 않기
🟢 복귀 → 2~3초 통제

### 🔥 이것만 기억하세요

""골반을 고정한 채 엉덩이로 뒤로 차기. 끝에서 1초, 복귀는 통제.""","🏋️ GYMLECO — Glute Kickback

🎯 ONE KEY CUE
🔥 ""Brace the pelvis and kick back with the glute""

There is no dedicated Gymleco SKU for this category. Confirm pads, levers, and safeties on the unit in your gym, then follow the movement pattern below.

---

⚙️ ① Setup
🪑 Seat / pads
Set the seat/back pad first. Your start depth is where the pelvis stays planted and the low back does not peel up.
🦶 Feet
Lock in the support foot before you move. Reduce load if you wobble.
⚙️ Adjustments
Check 패드, 가동 범위, 중량.

---

💪 ② Start position
Set the pelvis first. Do not plan to create height with the lower back.
Check only this:
👉 Glutes ready to drive, not the lumbar spine

---

🔥 ③ Execution
Finish with the hips/glutes — do not manufacture height with the lumbar spine.
Drive the hips, squeeze, then lower without lumbar snap.

---

💥 ④ Peak contraction
Stop where the target muscle is most shortened.
⏱️ 1-second STOP
Own that position for one second. This is not where you dump the weight.

---

🐌 ⑤ Controlled return
Do not dump the load.
Take 2–3 seconds on the way back.
Return on the same path you pressed or pulled.

---

❌ Common mistakes
❌ Creating height with the lumbar spine
If position breaks, cut the load.
❌ Rotating the pelvis and favoring one side
If position breaks, cut the load.
❌ Bouncing the lockout
Slow the tempo and repeat one clean path.

---

💡 MACHINE FIT PRO TIP
🔥 No dedicated Hammer Strength SKU for this slot. Trust the pads/levers/safeties on the unit labeled like ""Glute Kickback"", rehearse five light reps, then start working sets.

---

🎯 MACHINE FIT CHECK
🟢 Feet → centered and aligned
🟢 Shoulders → not shrugged
🟢 Return → 2–3 sec control

### 🔥 Remember this

""Brace the pelvis and kick back with the glute. One-second peak, controlled return."""
GYMLECO,힙 어브덕션,Hip Abduction,362 Standing Abductor,VERIFIED,Gymleco,300 Series Selectorized,https://gymleco.com/collections/selectorized-gym-machines,Gymleco 362 Standing Abductor(364 Adductor/Abductor·062 플레이트)입니다,"패드 높이, 스탠스, 스택","🏋️ GYMLECO — 362 Standing Abductor · 300 Series Selectorized

🎯 ONE KEY CUE
🔥 ""골반을 고정하고 다리를 옆으로 벌리기""

Gymleco 362 Standing Abductor(364 Adductor/Abductor·062 플레이트). 플레이트 로딩 · Gymleco line 구조입니다. 처음부터 무게 올리지 말고, 세팅부터 잡으세요.

---

⚙️ ① 기구 세팅
🪑 좌석 / 패드
시트·백패드를 먼저 맞추세요. 밀었을 때 골반이 말리거나 허리가 뜨지 않는 깊이가 시작점입니다.
🦶 발 위치
지지하는 발을 먼저 고정하세요. 흔들리면 중량을 낮춥니다.
⚙️ 조절 포인트
패드 높이, 스탠스, 스택을 확인하세요. 양쪽 플레이트를 동일하게 맞추고, 한쪽만 먼저 올리지 마세요.

---

💪 ② 시작 자세
골반 위치를 먼저 고정합니다. 허리로 높이 만들 준비를 하지 마세요.
이 자세에서 이것만 확인하세요.
👉 허리가 아니라 엉덩이가 일을 받을 준비인지

---

🔥 ③ 운동 방법
다리를 외측으로 밀었다 천천히 모으기.
허리로 높이를 만들지 말고 골반·엉덩이로 밀어 마무리하세요.

---

💥 ④ 최고 수축
목표 근육이 가장 조여지는 끝 지점에서 멈춥니다.
⏱️ 1초 STOP
튕기지 말고 그 지점에서 1초만 소유하세요. 무게를 놓는 순간이 아닙니다.

---

🐌 ⑤ 천천히 돌아오기
중량을 그냥 놓지 마세요.
2~3초 동안 통제하면서 복귀합니다.
시작 자세로 돌아갈 때도 같은 궤적을 유지하세요.

---

❌ 흔한 실수
❌ 상체를 기울여 반동으로 벌리는
템포를 늦추고 같은 궤적만 반복하세요.
❌ 허리로 높이 만드는 것
자세가 무너지면 무게를 낮추세요.
❌ 골반이 돌아가며 한쪽만 미는 것
약한 쪽 속도에 강한 쪽을 맞추세요.
❌ 반동으로 올리는 것
템포를 늦추고 같은 궤적만 반복하세요.
❌ 양쪽 플레이트 무게를 다르게 올리는 것
양쪽을 맞춘 뒤 가벼운 세트로 좌우를 확인하세요.

---

💡 MACHINE FIT PRO TIP
🔥 362 Standing Abductor은 플레이트 로딩입니다. 좌우 원판을 동일하게 맞추고, 첫 세트는 궤적·좌우 대칭만 확인한 다음 무게를 올리세요.

---

🎯 MACHINE FIT CHECK
🟢 발 → 발판 중앙·방향 정렬
🟢 원판 → 좌우 동일
🟢 복귀 → 2~3초 통제

### 🔥 이것만 기억하세요

""골반을 고정하고 다리를 옆으로 벌리기. 끝에서 1초, 복귀는 통제.""","🏋️ GYMLECO — 362 Standing Abductor · 300 Series Selectorized

🎯 ONE KEY CUE
🔥 ""Stabilize the pelvis and move the leg outward""

Gymleco 362 Standing Abductor(364 Adductor/Abductor·062 플레이트)입니다 Lean into the plate-loaded / Gymleco line design. Do not chase load until the setup feels locked in.

---

⚙️ ① Setup
🪑 Seat / pads
Set the seat/back pad first. Your start depth is where the pelvis stays planted and the low back does not peel up.
🦶 Feet
Lock in the support foot before you move. Reduce load if you wobble.
⚙️ Adjustments
Check 패드 높이, 스탠스, 스택. Match plates on both sides — do not load one arm first.

---

💪 ② Start position
Set the pelvis first. Do not plan to create height with the lower back.
Check only this:
👉 Glutes ready to drive, not the lumbar spine

---

🔥 ③ Execution
Finish with the hips/glutes — do not manufacture height with the lumbar spine.
Drive the hips, squeeze, then lower without lumbar snap.

---

💥 ④ Peak contraction
Stop where the target muscle is most shortened.
⏱️ 1-second STOP
Own that position for one second. This is not where you dump the weight.

---

🐌 ⑤ Controlled return
Do not dump the load.
Take 2–3 seconds on the way back.
Return on the same path you pressed or pulled.

---

❌ Common mistakes
❌ Creating height with the lumbar spine
If position breaks, cut the load.
❌ Rotating the pelvis and favoring one side
If position breaks, cut the load.
❌ Bouncing the lockout
Slow the tempo and repeat one clean path.
❌ Loading unequal plates
Match both sides, then confirm with a light set.

---

💡 MACHINE FIT PRO TIP
🔥 362 Standing Abductor is plate-loaded. Match plates, confirm path and left-right symmetry on set one, then add load.

---

🎯 MACHINE FIT CHECK
🟢 Feet → centered and aligned
🟢 Plates → matched
🟢 Return → 2–3 sec control

### 🔥 Remember this

""Stabilize the pelvis and move the leg outward. One-second peak, controlled return."""
GYMLECO,힙 어덕션,Hip Adduction,364 Adductor/Abductor,VERIFIED,Gymleco,300 Series Selectorized,https://gymleco.com/collections/selectorized-gym-machines,Gymleco 364 Adductor/Abductor 콤보의 어덕션 모드입니다,"시트, 무릎 패드 시작 폭, 스택","🏋️ GYMLECO — 364 Adductor/Abductor · 300 Series Selectorized

🎯 ONE KEY CUE
🔥 ""무릎 패드를 안쪽으로 모아 내전근 수축""

Gymleco 364 Adductor/Abductor 콤보의 어덕션 모드. Gymleco line 구조입니다. 처음부터 무게 올리지 말고, 세팅부터 잡으세요.

---

⚙️ ① 기구 세팅
🪑 좌석 / 패드
시트부터 맞추세요. 밀었을 때 골반이 말리거나 허리가 뜨지 않는 깊이가 시작점입니다.
🦶 발 위치
지지하는 발을 먼저 고정하세요. 흔들리면 중량을 낮춥니다.
⚙️ 조절 포인트
시트, 무릎 패드 시작 폭, 스택을 확인하세요.

---

💪 ② 시작 자세
골반 위치를 먼저 고정합니다. 허리로 높이 만들 준비를 하지 마세요.
이 자세에서 이것만 확인하세요.
👉 허리가 아니라 엉덩이가 일을 받을 준비인지

---

🔥 ③ 운동 방법
다리를 안쪽으로 모았다 천천히 벌리기.
허리로 높이를 만들지 말고 골반·엉덩이로 밀어 마무리하세요.

---

💥 ④ 최고 수축
목표 근육이 가장 조여지는 끝 지점에서 멈춥니다.
⏱️ 1초 STOP
튕기지 말고 그 지점에서 1초만 소유하세요. 무게를 놓는 순간이 아닙니다.

---

🐌 ⑤ 천천히 돌아오기
중량을 그냥 놓지 마세요.
2~3초 동안 통제하면서 복귀합니다.
시작 자세로 돌아갈 때도 같은 궤적을 유지하세요.

---

❌ 흔한 실수
❌ 무게를 키워 반동으로 모으는
템포를 늦추고 같은 궤적만 반복하세요.
❌ 허리로 높이 만드는 것
자세가 무너지면 무게를 낮추세요.
❌ 골반이 돌아가며 한쪽만 미는 것
약한 쪽 속도에 강한 쪽을 맞추세요.
❌ 반동으로 올리는 것
템포를 늦추고 같은 궤적만 반복하세요.

---

💡 MACHINE FIT PRO TIP
🔥 364 Adductor/Abductor의 가이드 궤적을 이용하세요. 첫 2세트는 천천히, 대칭이 확인된 뒤에만 무게를 올립니다.

---

🎯 MACHINE FIT CHECK
🟢 시트/패드 → 몸에 맞춤
🟢 발 → 발판 중앙·방향 정렬
🟢 어깨 → 으쓱하지 않기
🟢 복귀 → 2~3초 통제

### 🔥 이것만 기억하세요

""무릎 패드를 안쪽으로 모아 내전근 수축. 끝에서 1초, 복귀는 통제.""","🏋️ GYMLECO — 364 Adductor/Abductor · 300 Series Selectorized

🎯 ONE KEY CUE
🔥 ""Bring the thigh pads inward and squeeze the adductors""

Gymleco 364 Adductor/Abductor 콤보의 어덕션 모드입니다 Lean into the Gymleco line design. Do not chase load until the setup feels locked in.

---

⚙️ ① Setup
🪑 Seat / pads
Set the seat/back pad first. Your start depth is where the pelvis stays planted and the low back does not peel up.
🦶 Feet
Lock in the support foot before you move. Reduce load if you wobble.
⚙️ Adjustments
Check 시트, 무릎 패드 시작 폭, 스택.

---

💪 ② Start position
Set the pelvis first. Do not plan to create height with the lower back.
Check only this:
👉 Glutes ready to drive, not the lumbar spine

---

🔥 ③ Execution
Finish with the hips/glutes — do not manufacture height with the lumbar spine.
Drive the hips, squeeze, then lower without lumbar snap.

---

💥 ④ Peak contraction
Stop where the target muscle is most shortened.
⏱️ 1-second STOP
Own that position for one second. This is not where you dump the weight.

---

🐌 ⑤ Controlled return
Do not dump the load.
Take 2–3 seconds on the way back.
Return on the same path you pressed or pulled.

---

❌ Common mistakes
❌ Creating height with the lumbar spine
If position breaks, cut the load.
❌ Rotating the pelvis and favoring one side
If position breaks, cut the load.
❌ Bouncing the lockout
Slow the tempo and repeat one clean path.

---

💡 MACHINE FIT PRO TIP
🔥 Use the guided path on 364 Adductor/Abductor. Slow the first two sets, confirm symmetry, then add load.

---

🎯 MACHINE FIT CHECK
🟢 Seat/pad → fitted
🟢 Feet → centered and aligned
🟢 Shoulders → not shrugged
🟢 Return → 2–3 sec control

### 🔥 Remember this

""Bring the thigh pads inward and squeeze the adductors. One-second peak, controlled return."""
GYMLECO,글루트 / 힙 머신,Glute / Hip Machine,"360 Gluteus, One Leg kick",PARTIALLY_VERIFIED,Gymleco,300 Series Selectorized,https://gymleco.com/collections/selectorized-gym-machines,Gymleco 360 Gluteus One Leg kick(플레이트 060 Glute Kickback) (카탈로그 '글루트 머신' → 카테고리 '글루트 / 힙 머신' 매핑),"패드 높이, 스탠스, 스택/플레이트","🏋️ GYMLECO — 360 Gluteus, One Leg kick · 300 Series Selectorized

🎯 ONE KEY CUE
🔥 ""골반을 고정한 채 발을 뒤로 차며 둔근 수축""

Gymleco 360 Gluteus One Leg kick(플레이트 060 Glute Kickback) (카탈로그 '글루트 머신' → 카테고리 '글루트 / 힙 머신' 매핑). 플레이트 로딩 · Gymleco line 구조입니다. 처음부터 무게 올리지 말고, 세팅부터 잡으세요.

---

⚙️ ① 기구 세팅
🪑 좌석 / 패드
시트·백패드를 먼저 맞추세요. 밀었을 때 골반이 말리거나 허리가 뜨지 않는 깊이가 시작점입니다.
🦶 발 위치
지지하는 발을 먼저 고정하세요. 흔들리면 중량을 낮춥니다.
⚙️ 조절 포인트
패드 높이, 스탠스, 스택/플레이트를 확인하세요. 양쪽 플레이트를 동일하게 맞추고, 한쪽만 먼저 올리지 마세요.
이 카테고리는 공식 명칭이 겹칠 수 있으니, 헬스장 기구의 실제 레버·패드 배치를 우선하세요.

---

💪 ② 시작 자세
골반 위치를 먼저 고정합니다. 허리로 높이 만들 준비를 하지 마세요.
이 자세에서 이것만 확인하세요.
👉 허리가 아니라 엉덩이가 일을 받을 준비인지

---

🔥 ③ 운동 방법
한 다리를 뒤로 밀었다 천천히 복귀.
허리로 높이를 만들지 말고 골반·엉덩이로 밀어 마무리하세요.

---

💥 ④ 최고 수축
목표 근육이 가장 조여지는 끝 지점에서 멈춥니다.
⏱️ 1초 STOP
튕기지 말고 그 지점에서 1초만 소유하세요. 무게를 놓는 순간이 아닙니다.

---

🐌 ⑤ 천천히 돌아오기
중량을 그냥 놓지 마세요.
2~3초 동안 통제하면서 복귀합니다.
시작 자세로 돌아갈 때도 같은 궤적을 유지하세요.

---

❌ 흔한 실수
❌ 허리를 과신전하며 차는
자세가 무너지면 무게를 낮추세요.
❌ 허리로 높이 만드는 것
자세가 무너지면 무게를 낮추세요.
❌ 골반이 돌아가며 한쪽만 미는 것
약한 쪽 속도에 강한 쪽을 맞추세요.
❌ 반동으로 올리는 것
템포를 늦추고 같은 궤적만 반복하세요.
❌ 양쪽 플레이트 무게를 다르게 올리는 것
양쪽을 맞춘 뒤 가벼운 세트로 좌우를 확인하세요.

---

💡 MACHINE FIT PRO TIP
🔥 360 Gluteus, One Leg kick은 플레이트 로딩입니다. 좌우 원판을 동일하게 맞추고, 첫 세트는 궤적·좌우 대칭만 확인한 다음 무게를 올리세요.

---

🎯 MACHINE FIT CHECK
🟢 발 → 발판 중앙·방향 정렬
🟢 원판 → 좌우 동일
🟢 복귀 → 2~3초 통제

### 🔥 이것만 기억하세요

""골반을 고정한 채 발을 뒤로 차며 둔근 수축. 끝에서 1초, 복귀는 통제.""","🏋️ GYMLECO — 360 Gluteus, One Leg kick · 300 Series Selectorized

🎯 ONE KEY CUE
🔥 ""Stabilize the pelvis and kick back to squeeze the glute""

Gymleco 360 Gluteus One Leg kick(플레이트 060 Glute Kickback) (카탈로그 '글루트 머신' → 카테고리 '글루트 / 힙 머신' 매핑) Lean into the plate-loaded / Gymleco line design. Do not chase load until the setup feels locked in.

---

⚙️ ① Setup
🪑 Seat / pads
Set the seat/back pad first. Your start depth is where the pelvis stays planted and the low back does not peel up.
🦶 Feet
Lock in the support foot before you move. Reduce load if you wobble.
⚙️ Adjustments
Check 패드 높이, 스탠스, 스택/플레이트. Match plates on both sides — do not load one arm first.
Naming can overlap in this category — trust the levers and pads on the unit in front of you.

---

💪 ② Start position
Set the pelvis first. Do not plan to create height with the lower back.
Check only this:
👉 Glutes ready to drive, not the lumbar spine

---

🔥 ③ Execution
Finish with the hips/glutes — do not manufacture height with the lumbar spine.
Drive the hips, squeeze, then lower without lumbar snap.

---

💥 ④ Peak contraction
Stop where the target muscle is most shortened.
⏱️ 1-second STOP
Own that position for one second. This is not where you dump the weight.

---

🐌 ⑤ Controlled return
Do not dump the load.
Take 2–3 seconds on the way back.
Return on the same path you pressed or pulled.

---

❌ Common mistakes
❌ Creating height with the lumbar spine
If position breaks, cut the load.
❌ Rotating the pelvis and favoring one side
If position breaks, cut the load.
❌ Bouncing the lockout
Slow the tempo and repeat one clean path.
❌ Loading unequal plates
Match both sides, then confirm with a light set.

---

💡 MACHINE FIT PRO TIP
🔥 360 Gluteus, One Leg kick is plate-loaded. Match plates, confirm path and left-right symmetry on set one, then add load.

---

🎯 MACHINE FIT CHECK
🟢 Feet → centered and aligned
🟢 Plates → matched
🟢 Return → 2–3 sec control

### 🔥 Remember this

""Stabilize the pelvis and kick back to squeeze the glute. One-second peak, controlled return."""
GYMLECO,스탠딩 카프,Standing Calf,347 Standing Calf Press,PARTIALLY_VERIFIED,Gymleco,300 Series Selectorized,https://gymleco.com/collections/selectorized-gym-machines,Gymleco 347 Standing Calf Press 스탠딩 카프 (카탈로그 '카프 레이즈' → 카테고리 '스탠딩 카프' 매핑),"어깨 패드, 발판 위치, 스택","🏋️ GYMLECO — 347 Standing Calf Press · 300 Series Selectorized

🎯 ONE KEY CUE
🔥 ""발볼로 밀어 발목을 최대로 신전""

Gymleco 347 Standing Calf Press 스탠딩 카프 (카탈로그 '카프 레이즈' → 카테고리 '스탠딩 카프' 매핑). Gymleco line 구조입니다. 처음부터 무게 올리지 말고, 세팅부터 잡으세요.

---

⚙️ ① 기구 세팅
🪑 좌석 / 패드
시트를 몸에 맞추세요. 시작 위치가 목표 관절 높이에 오는지 확인합니다.
🦶 발 위치
발볼만 발판에 올리고 발뒤꿈치는 아래로 떨어질 여유를 남기세요.
⚙️ 조절 포인트
어깨 패드, 발판 위치, 스택을 확인하세요.
이 카테고리는 공식 명칭이 겹칠 수 있으니, 헬스장 기구의 실제 레버·패드 배치를 우선하세요.

---

💪 ② 시작 자세
무릎 각도를 고정한 채 발볼로만 움직일 준비를 합니다.
이 자세에서 이것만 확인하세요.
👉 무릎이 같이 굽혀지지 않는지

---

🔥 ③ 운동 방법
발꿈치를 올렸다 천천히 내리기.
무릎으로 밀지 말고 발목 가동범위로만 위아래를 만듭니다.

---

💥 ④ 최고 수축
발볼로 최대한 올린 꼭대기에서 멈춥니다.
⏱️ 1초 STOP
튕기지 말고 그 지점에서 1초만 소유하세요. 무게를 놓는 순간이 아닙니다.

---

🐌 ⑤ 천천히 돌아오기
중량을 그냥 놓지 마세요.
2~3초 동안 통제하면서 복귀합니다.
시작 자세로 돌아갈 때도 같은 궤적을 유지하세요.

---

❌ 흔한 실수
❌ 무릎을 굽혀 반동으로 올리는
템포를 늦추고 같은 궤적만 반복하세요.
❌ 무릎을 같이 굽혀 카프가 아닌 다리로 미는 것
자세가 무너지면 무게를 낮추세요.
❌ 발뒤꿈치를 튕기는 것
자세가 무너지면 무게를 낮추세요.
❌ 가동범위를 너무 짧게 가져가는 것
자세가 무너지면 무게를 낮추세요.

---

💡 MACHINE FIT PRO TIP
🔥 347 Standing Calf Press의 가이드 궤적을 이용하세요. 첫 2세트는 천천히, 대칭이 확인된 뒤에만 무게를 올립니다.

---

🎯 MACHINE FIT CHECK
🟢 발 → 발판 중앙·방향 정렬
🟢 어깨 → 으쓱하지 않기
🟢 복귀 → 2~3초 통제

### 🔥 이것만 기억하세요

""발볼로만, 꼭대기 1초, 튕기지 않기.""","🏋️ GYMLECO — 347 Standing Calf Press · 300 Series Selectorized

🎯 ONE KEY CUE
🔥 ""Drive through the balls of the feet to full plantarflexion""

Gymleco 347 Standing Calf Press 스탠딩 카프 (카탈로그 '카프 레이즈' → 카테고리 '스탠딩 카프' 매핑) Lean into the Gymleco line design. Do not chase load until the setup feels locked in.

---

⚙️ ① Setup
🪑 Seat / pads
Fit the seat to your body so the start position sits naturally on the working joint.
🦶 Feet
Balls of the feet on the platform; leave room for the heels to drop.
⚙️ Adjustments
Check 어깨 패드, 발판 위치, 스택.
Naming can overlap in this category — trust the levers and pads on the unit in front of you.

---

💪 ② Start position
Lock the knee angle and prepare to move only through the ankles.
Check only this:
👉 Knees not bending with the calves

---

🔥 ③ Execution
Do not press with the knees. Use ankle range only.
Lower the heels, rise through the balls of the feet, pause, then lower.

---

💥 ④ Peak contraction
Stop at the top of the rise through the balls of the feet.
⏱️ 1-second STOP
Own that position for one second. This is not where you dump the weight.

---

🐌 ⑤ Controlled return
Do not dump the load.
Take 2–3 seconds on the way back.
Return on the same path you pressed or pulled.

---

❌ Common mistakes
❌ Bending the knees and turning it into a leg press
If position breaks, cut the load.
❌ Bouncing the heels
Slow the tempo and repeat one clean path.
❌ Cutting the range too short
If position breaks, cut the load.

---

💡 MACHINE FIT PRO TIP
🔥 Use the guided path on 347 Standing Calf Press. Slow the first two sets, confirm symmetry, then add load.

---

🎯 MACHINE FIT CHECK
🟢 Feet → centered and aligned
🟢 Shoulders → not shrugged
🟢 Return → 2–3 sec control

### 🔥 Remember this

""Balls of the feet only, pause on top, no bounce."""
GYMLECO,시티드 카프,Seated Calf,345 Seated Calf Press,VERIFIED,Gymleco,300 Series Selectorized,https://gymleco.com/collections/selectorized-gym-machines,Gymleco 345 Seated Calf Press(348 45°·145 코어)입니다,"무릎 패드, 발판, 스택","🏋️ GYMLECO — 345 Seated Calf Press · 300 Series Selectorized

🎯 ONE KEY CUE
🔥 ""무릎 아래 패드를 고정한 채 발볼로 밀기""

Gymleco 345 Seated Calf Press(348 45°·145 코어). Gymleco line 구조입니다. 처음부터 무게 올리지 말고, 세팅부터 잡으세요.

---

⚙️ ① 기구 세팅
🪑 좌석 / 패드
시트를 몸에 맞추세요. 시작 위치가 목표 관절 높이에 오는지 확인합니다.
🦶 발 위치
발볼만 발판에 올리고 발뒤꿈치는 아래로 떨어질 여유를 남기세요.
⚙️ 조절 포인트
무릎 패드, 발판, 스택을 확인하세요.

---

💪 ② 시작 자세
무릎 각도를 고정한 채 발볼로만 움직일 준비를 합니다.
이 자세에서 이것만 확인하세요.
👉 무릎이 같이 굽혀지지 않는지

---

🔥 ③ 운동 방법
앉아서 발꿈치를 올렸다 내리기.
무릎으로 밀지 말고 발목 가동범위로만 위아래를 만듭니다.

---

💥 ④ 최고 수축
발볼로 최대한 올린 꼭대기에서 멈춥니다.
⏱️ 1초 STOP
튕기지 말고 그 지점에서 1초만 소유하세요. 무게를 놓는 순간이 아닙니다.

---

🐌 ⑤ 천천히 돌아오기
중량을 그냥 놓지 마세요.
2~3초 동안 통제하면서 복귀합니다.
시작 자세로 돌아갈 때도 같은 궤적을 유지하세요.

---

❌ 흔한 실수
❌ 가동범위를 줄여 짧게만 움직이는
자세가 무너지면 무게를 낮추세요.
❌ 무릎을 같이 굽혀 카프가 아닌 다리로 미는 것
자세가 무너지면 무게를 낮추세요.
❌ 발뒤꿈치를 튕기는 것
자세가 무너지면 무게를 낮추세요.
❌ 가동범위를 너무 짧게 가져가는 것
자세가 무너지면 무게를 낮추세요.

---

💡 MACHINE FIT PRO TIP
🔥 345 Seated Calf Press의 가이드 궤적을 이용하세요. 첫 2세트는 천천히, 대칭이 확인된 뒤에만 무게를 올립니다.

---

🎯 MACHINE FIT CHECK
🟢 발 → 발판 중앙·방향 정렬
🟢 어깨 → 으쓱하지 않기
🟢 복귀 → 2~3초 통제

### 🔥 이것만 기억하세요

""발볼로만, 꼭대기 1초, 튕기지 않기.""","🏋️ GYMLECO — 345 Seated Calf Press · 300 Series Selectorized

🎯 ONE KEY CUE
🔥 ""Lock the thigh pad and press through the balls of the feet""

Gymleco 345 Seated Calf Press(348 45°·145 코어)입니다 Lean into the Gymleco line design. Do not chase load until the setup feels locked in.

---

⚙️ ① Setup
🪑 Seat / pads
Fit the seat to your body so the start position sits naturally on the working joint.
🦶 Feet
Balls of the feet on the platform; leave room for the heels to drop.
⚙️ Adjustments
Check 무릎 패드, 발판, 스택.

---

💪 ② Start position
Lock the knee angle and prepare to move only through the ankles.
Check only this:
👉 Knees not bending with the calves

---

🔥 ③ Execution
Do not press with the knees. Use ankle range only.
Lower the heels, rise through the balls of the feet, pause, then lower.

---

💥 ④ Peak contraction
Stop at the top of the rise through the balls of the feet.
⏱️ 1-second STOP
Own that position for one second. This is not where you dump the weight.

---

🐌 ⑤ Controlled return
Do not dump the load.
Take 2–3 seconds on the way back.
Return on the same path you pressed or pulled.

---

❌ Common mistakes
❌ Bending the knees and turning it into a leg press
If position breaks, cut the load.
❌ Bouncing the heels
Slow the tempo and repeat one clean path.
❌ Cutting the range too short
If position breaks, cut the load.

---

💡 MACHINE FIT PRO TIP
🔥 Use the guided path on 345 Seated Calf Press. Slow the first two sets, confirm symmetry, then add load.

---

🎯 MACHINE FIT CHECK
🟢 Feet → centered and aligned
🟢 Shoulders → not shrugged
🟢 Return → 2–3 sec control

### 🔥 Remember this

""Balls of the feet only, pause on top, no bounce."""
GYMLECO,레그 프레스 카프,Leg Press Calf,348 Seated Calf Press 45°,PARTIALLY_VERIFIED,Gymleco,300 Series Selectorized,https://gymleco.com/collections/selectorized-gym-machines,레그프레스 위 카프 전용명 없이 348 Seated Calf Press 45°·343 발판 카프가 가깝습니다,"발판에서 발볼 위치, 무릎 잠금, 스택","🏋️ GYMLECO — 348 Seated Calf Press 45° · 300 Series Selectorized

🎯 ONE KEY CUE
🔥 ""무릎을 살짝 고정한 채 발볼로만 밀기""

레그프레스 위 카프 전용명 없이 348 Seated Calf Press 45°·343 발판 카프가 가깝습니다. Gymleco line 구조입니다. 처음부터 무게 올리지 말고, 세팅부터 잡으세요.

---

⚙️ ① 기구 세팅
🦶 발 위치
발볼만 발판에 올리고 발뒤꿈치는 아래로 떨어질 여유를 남기세요.
⚙️ 조절 포인트
발판에서 발볼 위치, 무릎 잠금, 스택을 확인하세요.
이 카테고리는 공식 명칭이 겹칠 수 있으니, 헬스장 기구의 실제 레버·패드 배치를 우선하세요.

---

💪 ② 시작 자세
무릎 각도를 고정한 채 발볼로만 움직일 준비를 합니다.
이 자세에서 이것만 확인하세요.
👉 무릎이 같이 굽혀지지 않는지

---

🔥 ③ 운동 방법
발판에서 발꿈치를 올렸다 내리기.
무릎으로 밀지 말고 발목 가동범위로만 위아래를 만듭니다.

---

💥 ④ 최고 수축
발볼로 최대한 올린 꼭대기에서 멈춥니다.
⏱️ 1초 STOP
튕기지 말고 그 지점에서 1초만 소유하세요. 무게를 놓는 순간이 아닙니다.

---

🐌 ⑤ 천천히 돌아오기
중량을 그냥 놓지 마세요.
2~3초 동안 통제하면서 복귀합니다.
시작 자세로 돌아갈 때도 같은 궤적을 유지하세요.

---

❌ 흔한 실수
❌ 무릎을 굽혀 레그프레스로 바꿔 버리는
자세가 무너지면 무게를 낮추세요.
❌ 무릎을 같이 굽혀 카프가 아닌 다리로 미는 것
자세가 무너지면 무게를 낮추세요.
❌ 발뒤꿈치를 튕기는 것
자세가 무너지면 무게를 낮추세요.
❌ 가동범위를 너무 짧게 가져가는 것
자세가 무너지면 무게를 낮추세요.

---

💡 MACHINE FIT PRO TIP
🔥 348 Seated Calf Press 45°의 가이드 궤적을 이용하세요. 첫 2세트는 천천히, 대칭이 확인된 뒤에만 무게를 올립니다.

---

🎯 MACHINE FIT CHECK
🟢 발 → 발판 중앙·방향 정렬
🟢 어깨 → 으쓱하지 않기
🟢 복귀 → 2~3초 통제

### 🔥 이것만 기억하세요

""발볼로만, 꼭대기 1초, 튕기지 않기.""","🏋️ GYMLECO — 348 Seated Calf Press 45° · 300 Series Selectorized

🎯 ONE KEY CUE
🔥 ""Keep a soft lock at the knees and press only with the balls of the feet""

레그프레스 위 카프 전용명 없이 348 Seated Calf Press 45°·343 발판 카프가 가깝습니다 Lean into the Gymleco line design. Do not chase load until the setup feels locked in.

---

⚙️ ① Setup
🦶 Feet
Balls of the feet on the platform; leave room for the heels to drop.
⚙️ Adjustments
Check 발판에서 발볼 위치, 무릎 잠금, 스택.
Naming can overlap in this category — trust the levers and pads on the unit in front of you.

---

💪 ② Start position
Lock the knee angle and prepare to move only through the ankles.
Check only this:
👉 Knees not bending with the calves

---

🔥 ③ Execution
Do not press with the knees. Use ankle range only.
Lower the heels, rise through the balls of the feet, pause, then lower.

---

💥 ④ Peak contraction
Stop at the top of the rise through the balls of the feet.
⏱️ 1-second STOP
Own that position for one second. This is not where you dump the weight.

---

🐌 ⑤ Controlled return
Do not dump the load.
Take 2–3 seconds on the way back.
Return on the same path you pressed or pulled.

---

❌ Common mistakes
❌ Bending the knees and turning it into a leg press
If position breaks, cut the load.
❌ Bouncing the heels
Slow the tempo and repeat one clean path.
❌ Cutting the range too short
If position breaks, cut the load.

---

💡 MACHINE FIT PRO TIP
🔥 Use the guided path on 348 Seated Calf Press 45°. Slow the first two sets, confirm symmetry, then add load.

---

🎯 MACHINE FIT CHECK
🟢 Feet → centered and aligned
🟢 Shoulders → not shrugged
🟢 Return → 2–3 sec control

### 🔥 Remember this

""Balls of the feet only, pause on top, no bounce."""
GYMLECO,바이셉 컬,Biceps Curl,350 Biceps Curl Machine,PARTIALLY_VERIFIED,Gymleco,300 Series Selectorized,https://gymleco.com/collections/selectorized-gym-machines,Gymleco 350 Biceps Curl Machine(플레이트 050) (카탈로그 '바이셉스 컬' → 카테고리 '바이셉 컬' 매핑),"시트, 팔꿈치 패드, 스택","🏋️ GYMLECO — 350 Biceps Curl Machine · 300 Series Selectorized

🎯 ONE KEY CUE
🔥 ""팔꿈치를 패드에 고정한 채 손잡이를 어깨 쪽으로""

Gymleco 350 Biceps Curl Machine(플레이트 050) (카탈로그 '바이셉스 컬' → 카테고리 '바이셉 컬' 매핑). 플레이트 로딩 · Gymleco line 구조입니다. 처음부터 무게 올리지 말고, 세팅부터 잡으세요.

---

⚙️ ① 기구 세팅
🪑 좌석 / 패드
시트를 몸에 맞추세요. 시작 위치가 어깨·관절에 자연스럽게 오는지 확인합니다.
🤲 그립 / 손 위치
손잡이를 편안한 너비로 잡으세요. 손목이 꺾이지 않게 합니다.
⚙️ 조절 포인트
시트, 팔꿈치 패드, 스택을 확인하세요. 양쪽 플레이트를 동일하게 맞추고, 한쪽만 먼저 올리지 마세요.
이 카테고리는 공식 명칭이 겹칠 수 있으니, 헬스장 기구의 실제 레버·패드 배치를 우선하세요.

---

💪 ② 시작 자세
팔꿈치 위치를 패드나 몸 옆에 고정합니다. 몸통 반동은 끕니다.
이 자세에서 이것만 확인하세요.
👉 팔꿈치가 앞으로 흘러가지 않는지

---

🔥 ③ 운동 방법
손잡이를 올려 컬했다 천천히 펴기.
몸통은 고정, 팔꿈치 아래만 움직입니다.

---

💥 ④ 최고 수축
목표 근육이 가장 조여지는 끝 지점에서 멈춥니다.
⏱️ 1초 STOP
튕기지 말고 그 지점에서 1초만 소유하세요. 무게를 놓는 순간이 아닙니다.

---

🐌 ⑤ 천천히 돌아오기
중량을 그냥 놓지 마세요.
2~3초 동안 통제하면서 복귀합니다.
시작 자세로 돌아갈 때도 같은 궤적을 유지하세요.

---

❌ 흔한 실수
❌ 어깨를 들어 반동으로 컬하는
템포를 늦추고 같은 궤적만 반복하세요.
❌ 팔꿈치가 앞으로 흘러가며 어깨가 개입하는 것
자세가 무너지면 무게를 낮추세요.
❌ 몸통 반동으로 올리는 것
템포를 늦추고 같은 궤적만 반복하세요.
❌ 손목을 과하게 꺾는 것
자세가 무너지면 무게를 낮추세요.
❌ 양쪽 플레이트 무게를 다르게 올리는 것
양쪽을 맞춘 뒤 가벼운 세트로 좌우를 확인하세요.

---

💡 MACHINE FIT PRO TIP
🔥 350 Biceps Curl Machine은 플레이트 로딩입니다. 좌우 원판을 동일하게 맞추고, 첫 세트는 궤적·좌우 대칭만 확인한 다음 무게를 올리세요.

---

🎯 MACHINE FIT CHECK
🟢 시트/패드 → 몸에 맞춤
🟢 팔꿈치 → 미는/드는 방향
🟢 원판 → 좌우 동일
🟢 복귀 → 2~3초 통제

### 🔥 이것만 기억하세요

""팔꿈치를 패드에 고정한 채 손잡이를 어깨 쪽으로. 끝에서 1초, 복귀는 통제.""","🏋️ GYMLECO — 350 Biceps Curl Machine · 300 Series Selectorized

🎯 ONE KEY CUE
🔥 ""Pin the elbows to the pad and curl the handles to the shoulders""

Gymleco 350 Biceps Curl Machine(플레이트 050) (카탈로그 '바이셉스 컬' → 카테고리 '바이셉 컬' 매핑) Lean into the plate-loaded / Gymleco line design. Do not chase load until the setup feels locked in.

---

⚙️ ① Setup
🪑 Seat / pads
Fit the seat to your body so the start position sits naturally on the working joint.
🤲 Grip / hands
Take a comfortable grip width and keep the wrists stacked, not bent.
⚙️ Adjustments
Check 시트, 팔꿈치 패드, 스택. Match plates on both sides — do not load one arm first.
Naming can overlap in this category — trust the levers and pads on the unit in front of you.

---

💪 ② Start position
Fix the elbows on the pad or at your sides. Kill torso swing.
Check only this:
👉 Elbows not drifting forward

---

🔥 ③ Execution
Torso stays quiet. Move only below the elbows.
Curl or extend only at the elbow, then reverse slowly.

---

💥 ④ Peak contraction
Stop where the target muscle is most shortened.
⏱️ 1-second STOP
Own that position for one second. This is not where you dump the weight.

---

🐌 ⑤ Controlled return
Do not dump the load.
Take 2–3 seconds on the way back.
Return on the same path you pressed or pulled.

---

❌ Common mistakes
❌ Letting the elbows drift so the shoulders take over
If position breaks, cut the load.
❌ Swinging the torso
If position breaks, cut the load.
❌ Over-bending the wrists
If position breaks, cut the load.
❌ Loading unequal plates
Match both sides, then confirm with a light set.

---

💡 MACHINE FIT PRO TIP
🔥 350 Biceps Curl Machine is plate-loaded. Match plates, confirm path and left-right symmetry on set one, then add load.

---

🎯 MACHINE FIT CHECK
🟢 Seat/pad → fitted
🟢 Elbows → press/raise direction
🟢 Plates → matched
🟢 Return → 2–3 sec control

### 🔥 Remember this

""Pin the elbows to the pad and curl the handles to the shoulders. One-second peak, controlled return."""
GYMLECO,프리처 컬,Preacher Curl,151 Seated Scott Curl Bench,PARTIALLY_VERIFIED,Gymleco,100 Series Core,https://gymleco.com/collections/plate-loaded-machines/,프리처(Scott) 전용 스택 머신보다 151/152 Scott Curl Bench가 확인됩니다,"시트/스탠드, 암 패드, 바벨/EZ바","🏋️ GYMLECO — 151 Seated Scott Curl Bench · 100 Series Core

🎯 ONE KEY CUE
🔥 ""상완을 패드에 붙인 채 바만 올려 컬""

프리처(Scott) 전용 스택 머신보다 151/152 Scott Curl Bench가 확인됩니다. Gymleco line 구조입니다. 처음부터 무게 올리지 말고, 세팅부터 잡으세요.

---

⚙️ ① 기구 세팅
🪑 좌석 / 패드
시트를 몸에 맞추세요. 시작 위치가 어깨·관절에 자연스럽게 오는지 확인합니다.
🤲 그립 / 손 위치
손잡이를 편안한 너비로 잡으세요. 손목이 꺾이지 않게 합니다.
⚙️ 조절 포인트
시트/스탠드, 암 패드, 바벨/EZ바를 확인하세요.
이 카테고리는 공식 명칭이 겹칠 수 있으니, 헬스장 기구의 실제 레버·패드 배치를 우선하세요.

---

💪 ② 시작 자세
팔꿈치 위치를 패드나 몸 옆에 고정합니다. 몸통 반동은 끕니다.
이 자세에서 이것만 확인하세요.
👉 팔꿈치가 앞으로 흘러가지 않는지

---

🔥 ③ 운동 방법
바를 올려 컬했다 천천히 펴기.
몸통은 고정, 팔꿈치 아래만 움직입니다.

---

💥 ④ 최고 수축
목표 근육이 가장 조여지는 끝 지점에서 멈춥니다.
⏱️ 1초 STOP
튕기지 말고 그 지점에서 1초만 소유하세요. 무게를 놓는 순간이 아닙니다.

---

🐌 ⑤ 천천히 돌아오기
중량을 그냥 놓지 마세요.
2~3초 동안 통제하면서 복귀합니다.
시작 자세로 돌아갈 때도 같은 궤적을 유지하세요.

---

❌ 흔한 실수
❌ 상완을 패드에서 떼며 반동하는
템포를 늦추고 같은 궤적만 반복하세요.
❌ 팔꿈치가 앞으로 흘러가며 어깨가 개입하는 것
자세가 무너지면 무게를 낮추세요.
❌ 몸통 반동으로 올리는 것
템포를 늦추고 같은 궤적만 반복하세요.
❌ 손목을 과하게 꺾는 것
자세가 무너지면 무게를 낮추세요.

---

💡 MACHINE FIT PRO TIP
🔥 151 Seated Scott Curl Bench의 가이드 궤적을 이용하세요. 첫 2세트는 천천히, 대칭이 확인된 뒤에만 무게를 올립니다.

---

🎯 MACHINE FIT CHECK
🟢 시트/패드 → 몸에 맞춤
🟢 팔꿈치 → 미는/드는 방향
🟢 어깨 → 으쓱하지 않기
🟢 복귀 → 2~3초 통제

### 🔥 이것만 기억하세요

""상완을 패드에 붙인 채 바만 올려 컬. 끝에서 1초, 복귀는 통제.""","🏋️ GYMLECO — 151 Seated Scott Curl Bench · 100 Series Core

🎯 ONE KEY CUE
🔥 ""Keep the upper arms on the pad and curl only the bar""

프리처(Scott) 전용 스택 머신보다 151/152 Scott Curl Bench가 확인됩니다 Lean into the Gymleco line design. Do not chase load until the setup feels locked in.

---

⚙️ ① Setup
🪑 Seat / pads
Fit the seat to your body so the start position sits naturally on the working joint.
🤲 Grip / hands
Take a comfortable grip width and keep the wrists stacked, not bent.
⚙️ Adjustments
Check 시트/스탠드, 암 패드, 바벨/EZ바.
Naming can overlap in this category — trust the levers and pads on the unit in front of you.

---

💪 ② Start position
Fix the elbows on the pad or at your sides. Kill torso swing.
Check only this:
👉 Elbows not drifting forward

---

🔥 ③ Execution
Torso stays quiet. Move only below the elbows.
Curl or extend only at the elbow, then reverse slowly.

---

💥 ④ Peak contraction
Stop where the target muscle is most shortened.
⏱️ 1-second STOP
Own that position for one second. This is not where you dump the weight.

---

🐌 ⑤ Controlled return
Do not dump the load.
Take 2–3 seconds on the way back.
Return on the same path you pressed or pulled.

---

❌ Common mistakes
❌ Letting the elbows drift so the shoulders take over
If position breaks, cut the load.
❌ Swinging the torso
If position breaks, cut the load.
❌ Over-bending the wrists
If position breaks, cut the load.

---

💡 MACHINE FIT PRO TIP
🔥 Use the guided path on 151 Seated Scott Curl Bench. Slow the first two sets, confirm symmetry, then add load.

---

🎯 MACHINE FIT CHECK
🟢 Seat/pad → fitted
🟢 Elbows → press/raise direction
🟢 Shoulders → not shrugged
🟢 Return → 2–3 sec control

### 🔥 Remember this

""Keep the upper arms on the pad and curl only the bar. One-second peak, controlled return."""
GYMLECO,아이소래터럴 바이셉 컬,Iso-Lateral Biceps Curl,350 Biceps Curl Machine,PARTIALLY_VERIFIED,Gymleco,300 Series Selectorized,https://gymleco.com/collections/selectorized-gym-machines,Gymleco 350 Biceps Curl Machine(플레이트 050) (바이셉 → 아이소 바이셉 매핑),"시트, 팔꿈치 패드, 스택","🏋️ GYMLECO — 350 Biceps Curl Machine · 300 Series Selectorized

🎯 ONE KEY CUE
🔥 ""팔꿈치를 패드에 고정한 채 손잡이를 어깨 쪽으로""

Gymleco 350 Biceps Curl Machine(플레이트 050) (바이셉 → 아이소 바이셉 매핑). 좌우가 독립으로 움직이는 · 플레이트 로딩 · Gymleco line 구조입니다. 처음부터 무게 올리지 말고, 세팅부터 잡으세요.

---

⚙️ ① 기구 세팅
🪑 좌석 / 패드
시트를 몸에 맞추세요. 시작 위치가 어깨·관절에 자연스럽게 오는지 확인합니다.
🤲 그립 / 손 위치
양손잡이 높이가 좌우 같은지 먼저 보세요. 독립 암이라 한쪽만 어긋나도 바로 느껴집니다.
⚙️ 조절 포인트
시트, 팔꿈치 패드, 스택을 확인하세요. 양쪽 플레이트를 동일하게 맞추고, 한쪽만 먼저 올리지 마세요. 좌우 시작 위치가 같은지도 같이 봅니다.
이 카테고리는 공식 명칭이 겹칠 수 있으니, 헬스장 기구의 실제 레버·패드 배치를 우선하세요.

---

💪 ② 시작 자세
팔꿈치 위치를 패드나 몸 옆에 고정합니다. 몸통 반동은 끕니다.
좌우가 같은 높이에서 시작하는지 한 번 더 보세요.
이 자세에서 이것만 확인하세요.
👉 팔꿈치가 앞으로 흘러가지 않는지

---

🔥 ③ 운동 방법
손잡이를 올려 컬했다 천천히 펴기.
양쪽을 같은 속도로 움직이세요. 한쪽이 먼저 끝나면 무게를 더 올리기 전에 밸런스부터 잡습니다.

---

💥 ④ 최고 수축
목표 근육이 가장 조여지는 끝 지점에서 멈춥니다.
⏱️ 1초 STOP
튕기지 말고 그 지점에서 1초만 소유하세요. 무게를 놓는 순간이 아닙니다.

---

🐌 ⑤ 천천히 돌아오기
중량을 그냥 놓지 마세요.
2~3초 동안 통제하면서 복귀합니다.
시작 자세로 돌아갈 때도 같은 궤적을 유지하세요.

---

❌ 흔한 실수
❌ 어깨를 들어 반동으로 컬하는
템포를 늦추고 같은 궤적만 반복하세요.
❌ 팔꿈치가 앞으로 흘러가며 어깨가 개입하는 것
자세가 무너지면 무게를 낮추세요.
❌ 몸통 반동으로 올리는 것
템포를 늦추고 같은 궤적만 반복하세요.
❌ 손목을 과하게 꺾는 것
자세가 무너지면 무게를 낮추세요.
❌ 한쪽만 먼저 끝내고 반대쪽을 따라가게 하는 것
약한 쪽 속도에 강한 쪽을 맞추세요.

---

💡 MACHINE FIT PRO TIP
🔥 이 기구는 좌우 암이 독립적으로 움직이는 게 장점입니다. 무게를 올리기 전에 양쪽이 같은 속도로 가는지 확인하세요. 한쪽이 먼저 끝까지 가 버리면 중량보다 밸런스가 먼저입니다.

---

🎯 MACHINE FIT CHECK
🟢 시트/패드 → 몸에 맞춤
🟢 팔꿈치 → 미는/드는 방향
🟢 좌우 → 같은 속도
🟢 복귀 → 2~3초 통제

### 🔥 이것만 기억하세요

""좌우 같은 속도, 끝에서 1초, 복귀는 통제.""","🏋️ GYMLECO — 350 Biceps Curl Machine · 300 Series Selectorized

🎯 ONE KEY CUE
🔥 ""Pin the elbows to the pad and curl the handles to the shoulders""

Gymleco 350 Biceps Curl Machine(플레이트 050) (바이셉 → 아이소 바이셉 매핑) Lean into the independent arms / plate-loaded / Gymleco line design. Do not chase load until the setup feels locked in.

---

⚙️ ① Setup
🪑 Seat / pads
Fit the seat to your body so the start position sits naturally on the working joint.
🤲 Grip / hands
Match left and right handle height first — independent arms expose any mismatch immediately.
⚙️ Adjustments
Check 시트, 팔꿈치 패드, 스택. Match plates on both sides — do not load one arm first. Confirm both sides start from the same position.
Naming can overlap in this category — trust the levers and pads on the unit in front of you.

---

💪 ② Start position
Fix the elbows on the pad or at your sides. Kill torso swing.
Double-check both sides start at the same height.
Check only this:
👉 Elbows not drifting forward

---

🔥 ③ Execution
Match left-right speed. If one side finishes early, fix balance before adding load.
Curl or extend only at the elbow, then reverse slowly. Keep both sides honest.

---

💥 ④ Peak contraction
Stop where the target muscle is most shortened.
⏱️ 1-second STOP
Own that position for one second. This is not where you dump the weight.

---

🐌 ⑤ Controlled return
Do not dump the load.
Take 2–3 seconds on the way back.
Return on the same path you pressed or pulled.

---

❌ Common mistakes
❌ Letting the elbows drift so the shoulders take over
If position breaks, cut the load.
❌ Swinging the torso
If position breaks, cut the load.
❌ Over-bending the wrists
If position breaks, cut the load.
❌ Letting one side finish early
Match the stronger side to the weaker side’s speed.
❌ Loading unequal plates
Match both sides, then confirm with a light set.

---

💡 MACHINE FIT PRO TIP
🔥 Independent arms are the point. Before you load up, confirm both sides move at the same speed. If one side finishes early, fix balance before adding plates or pins.

---

🎯 MACHINE FIT CHECK
🟢 Seat/pad → fitted
🟢 Elbows → press/raise direction
🟢 Left/right → same speed
🟢 Return → 2–3 sec control

### 🔥 Remember this

""Match sides, one-second peak, controlled return."""
GYMLECO,암 컬,Arm Curl,255 Biceps Curl / Triceps Extension,PARTIALLY_VERIFIED,Gymleco,200 Series Cable,https://gymleco.com/products/255-biceps-curl-triceps-extension,케이블 컬 단독명보다 255 바이셉/트라이셉·226 DAP 컬 패턴 (카탈로그 '케이블 컬' → 카테고리 '암 컬' 매핑),"케이블 높이, 핸들, 스택","🏋️ GYMLECO — 255 Biceps Curl / Triceps Extension · 200 Series Cable

🎯 ONE KEY CUE
🔥 ""팔꿈치를 고정한 채 핸들만 올려 컬""

케이블 컬 단독명보다 255 바이셉/트라이셉·226 DAP 컬 패턴 (카탈로그 '케이블 컬' → 카테고리 '암 컬' 매핑). Gymleco line 구조입니다. 처음부터 무게 올리지 말고, 세팅부터 잡으세요.

---

⚙️ ① 기구 세팅
🤲 그립 / 손 위치
손잡이를 편안한 너비로 잡으세요. 손목이 꺾이지 않게 합니다.
⚙️ 조절 포인트
케이블 높이, 핸들, 스택을 확인하세요.
이 카테고리는 공식 명칭이 겹칠 수 있으니, 헬스장 기구의 실제 레버·패드 배치를 우선하세요.

---

💪 ② 시작 자세
팔꿈치 위치를 패드나 몸 옆에 고정합니다. 몸통 반동은 끕니다.
이 자세에서 이것만 확인하세요.
👉 팔꿈치가 앞으로 흘러가지 않는지

---

🔥 ③ 운동 방법
핸들을 올려 컬했다 천천히 펴기.
몸통은 고정, 팔꿈치 아래만 움직입니다.

---

💥 ④ 최고 수축
목표 근육이 가장 조여지는 끝 지점에서 멈춥니다.
⏱️ 1초 STOP
튕기지 말고 그 지점에서 1초만 소유하세요. 무게를 놓는 순간이 아닙니다.

---

🐌 ⑤ 천천히 돌아오기
중량을 그냥 놓지 마세요.
2~3초 동안 통제하면서 복귀합니다.
시작 자세로 돌아갈 때도 같은 궤적을 유지하세요.

---

❌ 흔한 실수
❌ 상체를 흔들어 반동 컬하는
템포를 늦추고 같은 궤적만 반복하세요.
❌ 팔꿈치가 앞으로 흘러가며 어깨가 개입하는 것
자세가 무너지면 무게를 낮추세요.
❌ 몸통 반동으로 올리는 것
템포를 늦추고 같은 궤적만 반복하세요.
❌ 손목을 과하게 꺾는 것
자세가 무너지면 무게를 낮추세요.

---

💡 MACHINE FIT PRO TIP
🔥 255 Biceps Curl / Triceps Extension의 가이드 궤적을 이용하세요. 첫 2세트는 천천히, 대칭이 확인된 뒤에만 무게를 올립니다.

---

🎯 MACHINE FIT CHECK
🟢 시트/패드 → 몸에 맞춤
🟢 팔꿈치 → 미는/드는 방향
🟢 어깨 → 으쓱하지 않기
🟢 복귀 → 2~3초 통제

### 🔥 이것만 기억하세요

""팔꿈치를 고정한 채 핸들만 올려 컬. 끝에서 1초, 복귀는 통제.""","🏋️ GYMLECO — 255 Biceps Curl / Triceps Extension · 200 Series Cable

🎯 ONE KEY CUE
🔥 ""Fix the elbows and curl only the handles""

케이블 컬 단독명보다 255 바이셉/트라이셉·226 DAP 컬 패턴 (카탈로그 '케이블 컬' → 카테고리 '암 컬' 매핑) Lean into the Gymleco line design. Do not chase load until the setup feels locked in.

---

⚙️ ① Setup
🤲 Grip / hands
Take a comfortable grip width and keep the wrists stacked, not bent.
⚙️ Adjustments
Check 케이블 높이, 핸들, 스택.
Naming can overlap in this category — trust the levers and pads on the unit in front of you.

---

💪 ② Start position
Fix the elbows on the pad or at your sides. Kill torso swing.
Check only this:
👉 Elbows not drifting forward

---

🔥 ③ Execution
Torso stays quiet. Move only below the elbows.
Curl or extend only at the elbow, then reverse slowly.

---

💥 ④ Peak contraction
Stop where the target muscle is most shortened.
⏱️ 1-second STOP
Own that position for one second. This is not where you dump the weight.

---

🐌 ⑤ Controlled return
Do not dump the load.
Take 2–3 seconds on the way back.
Return on the same path you pressed or pulled.

---

❌ Common mistakes
❌ Letting the elbows drift so the shoulders take over
If position breaks, cut the load.
❌ Swinging the torso
If position breaks, cut the load.
❌ Over-bending the wrists
If position breaks, cut the load.

---

💡 MACHINE FIT PRO TIP
🔥 Use the guided path on 255 Biceps Curl / Triceps Extension. Slow the first two sets, confirm symmetry, then add load.

---

🎯 MACHINE FIT CHECK
🟢 Seat/pad → fitted
🟢 Elbows → press/raise direction
🟢 Shoulders → not shrugged
🟢 Return → 2–3 sec control

### 🔥 Remember this

""Fix the elbows and curl only the handles. One-second peak, controlled return."""
GYMLECO,트라이셉스 익스텐션,Triceps Extension,351 Triceps Extension,VERIFIED,Gymleco,300 Series Selectorized,https://gymleco.com/collections/selectorized-gym-machines,Gymleco 351 Triceps Extension(플레이트 051 Iso Lateral Triceps)입니다,"시트, 팔꿈치 패드, 스택","🏋️ GYMLECO — 351 Triceps Extension · 300 Series Selectorized

🎯 ONE KEY CUE
🔥 ""팔꿈치를 고정한 채 전완만 펴기""

Gymleco 351 Triceps Extension(플레이트 051 Iso Lateral Triceps). 좌우가 독립으로 움직이는 · 플레이트 로딩 · Gymleco line 구조입니다. 처음부터 무게 올리지 말고, 세팅부터 잡으세요.

---

⚙️ ① 기구 세팅
🪑 좌석 / 패드
시트를 몸에 맞추세요. 시작 위치가 어깨·관절에 자연스럽게 오는지 확인합니다.
🤲 그립 / 손 위치
양손잡이 높이가 좌우 같은지 먼저 보세요. 독립 암이라 한쪽만 어긋나도 바로 느껴집니다.
⚙️ 조절 포인트
시트, 팔꿈치 패드, 스택을 확인하세요. 양쪽 플레이트를 동일하게 맞추고, 한쪽만 먼저 올리지 마세요. 좌우 시작 위치가 같은지도 같이 봅니다.

---

💪 ② 시작 자세
팔꿈치 위치를 패드나 몸 옆에 고정합니다. 몸통 반동은 끕니다.
좌우가 같은 높이에서 시작하는지 한 번 더 보세요.
이 자세에서 이것만 확인하세요.
👉 팔꿈치가 앞으로 흘러가지 않는지

---

🔥 ③ 운동 방법
팔을 펴 올렸다 천천히 굽히기.
양쪽을 같은 속도로 움직이세요. 한쪽이 먼저 끝나면 무게를 더 올리기 전에 밸런스부터 잡습니다.

---

💥 ④ 최고 수축
목표 근육이 가장 조여지는 끝 지점에서 멈춥니다.
⏱️ 1초 STOP
튕기지 말고 그 지점에서 1초만 소유하세요. 무게를 놓는 순간이 아닙니다.

---

🐌 ⑤ 천천히 돌아오기
중량을 그냥 놓지 마세요.
2~3초 동안 통제하면서 복귀합니다.
시작 자세로 돌아갈 때도 같은 궤적을 유지하세요.

---

❌ 흔한 실수
❌ 팔꿈치를 벌어지게 하며 어깨로 미는
자세가 무너지면 무게를 낮추세요.
❌ 팔꿈치가 앞으로 흘러가며 어깨가 개입하는 것
자세가 무너지면 무게를 낮추세요.
❌ 몸통 반동으로 올리는 것
템포를 늦추고 같은 궤적만 반복하세요.
❌ 손목을 과하게 꺾는 것
자세가 무너지면 무게를 낮추세요.
❌ 한쪽만 먼저 끝내고 반대쪽을 따라가게 하는 것
약한 쪽 속도에 강한 쪽을 맞추세요.

---

💡 MACHINE FIT PRO TIP
🔥 이 기구는 좌우 암이 독립적으로 움직이는 게 장점입니다. 무게를 올리기 전에 양쪽이 같은 속도로 가는지 확인하세요. 한쪽이 먼저 끝까지 가 버리면 중량보다 밸런스가 먼저입니다.

---

🎯 MACHINE FIT CHECK
🟢 시트/패드 → 몸에 맞춤
🟢 팔꿈치 → 미는/드는 방향
🟢 좌우 → 같은 속도
🟢 복귀 → 2~3초 통제

### 🔥 이것만 기억하세요

""좌우 같은 속도, 끝에서 1초, 복귀는 통제.""","🏋️ GYMLECO — 351 Triceps Extension · 300 Series Selectorized

🎯 ONE KEY CUE
🔥 ""Keep the elbows fixed and extend only the forearms""

Gymleco 351 Triceps Extension(플레이트 051 Iso Lateral Triceps)입니다 Lean into the independent arms / plate-loaded / Gymleco line design. Do not chase load until the setup feels locked in.

---

⚙️ ① Setup
🪑 Seat / pads
Fit the seat to your body so the start position sits naturally on the working joint.
🤲 Grip / hands
Match left and right handle height first — independent arms expose any mismatch immediately.
⚙️ Adjustments
Check 시트, 팔꿈치 패드, 스택. Match plates on both sides — do not load one arm first. Confirm both sides start from the same position.

---

💪 ② Start position
Fix the elbows on the pad or at your sides. Kill torso swing.
Double-check both sides start at the same height.
Check only this:
👉 Elbows not drifting forward

---

🔥 ③ Execution
Match left-right speed. If one side finishes early, fix balance before adding load.
Curl or extend only at the elbow, then reverse slowly. Keep both sides honest.

---

💥 ④ Peak contraction
Stop where the target muscle is most shortened.
⏱️ 1-second STOP
Own that position for one second. This is not where you dump the weight.

---

🐌 ⑤ Controlled return
Do not dump the load.
Take 2–3 seconds on the way back.
Return on the same path you pressed or pulled.

---

❌ Common mistakes
❌ Letting the elbows drift so the shoulders take over
If position breaks, cut the load.
❌ Swinging the torso
If position breaks, cut the load.
❌ Over-bending the wrists
If position breaks, cut the load.
❌ Letting one side finish early
Match the stronger side to the weaker side’s speed.
❌ Loading unequal plates
Match both sides, then confirm with a light set.

---

💡 MACHINE FIT PRO TIP
🔥 Independent arms are the point. Before you load up, confirm both sides move at the same speed. If one side finishes early, fix balance before adding plates or pins.

---

🎯 MACHINE FIT CHECK
🟢 Seat/pad → fitted
🟢 Elbows → press/raise direction
🟢 Left/right → same speed
🟢 Return → 2–3 sec control

### 🔥 Remember this

""Match sides, one-second peak, controlled return."""
GYMLECO,트라이셉스 프레스,Triceps Press,251 Triceps Pushdown,PARTIALLY_VERIFIED,Gymleco,200 Series Cable,https://gymleco.com/products/251-gymleco-triceps-pushdown,Gymleco 251 Triceps Pushdown 케이블 푸시다운 (카탈로그 '트라이셉스 푸시다운' → 카테고리 '트라이셉스 프레스' 매핑),"케이블 높이/핸들, 스택 핀","🏋️ GYMLECO — 251 Triceps Pushdown · 200 Series Cable

🎯 ONE KEY CUE
🔥 ""팔꿈치를 옆구리에 붙인 채 손잡이를 아래로""

Gymleco 251 Triceps Pushdown 케이블 푸시다운 (카탈로그 '트라이셉스 푸시다운' → 카테고리 '트라이셉스 프레스' 매핑). Gymleco line 구조입니다. 처음부터 무게 올리지 말고, 세팅부터 잡으세요.

---

⚙️ ① 기구 세팅
🤲 그립 / 손 위치
손잡이를 편안한 너비로 잡으세요. 손목이 꺾이지 않게 합니다.
⚙️ 조절 포인트
케이블 높이/핸들, 스택 핀을 확인하세요.
이 카테고리는 공식 명칭이 겹칠 수 있으니, 헬스장 기구의 실제 레버·패드 배치를 우선하세요.

---

💪 ② 시작 자세
팔꿈치 위치를 패드나 몸 옆에 고정합니다. 몸통 반동은 끕니다.
이 자세에서 이것만 확인하세요.
👉 팔꿈치가 앞으로 흘러가지 않는지

---

🔥 ③ 운동 방법
손잡이를 아래로 눌렀다 천천히 올리기.
몸통은 고정, 팔꿈치 아래만 움직입니다.

---

💥 ④ 최고 수축
목표 근육이 가장 조여지는 끝 지점에서 멈춥니다.
⏱️ 1초 STOP
튕기지 말고 그 지점에서 1초만 소유하세요. 무게를 놓는 순간이 아닙니다.

---

🐌 ⑤ 천천히 돌아오기
중량을 그냥 놓지 마세요.
2~3초 동안 통제하면서 복귀합니다.
시작 자세로 돌아갈 때도 같은 궤적을 유지하세요.

---

❌ 흔한 실수
❌ 상체를 숙여 체중으로 누르는
자세가 무너지면 무게를 낮추세요.
❌ 팔꿈치가 앞으로 흘러가며 어깨가 개입하는 것
자세가 무너지면 무게를 낮추세요.
❌ 몸통 반동으로 올리는 것
템포를 늦추고 같은 궤적만 반복하세요.
❌ 손목을 과하게 꺾는 것
자세가 무너지면 무게를 낮추세요.

---

💡 MACHINE FIT PRO TIP
🔥 251 Triceps Pushdown의 가이드 궤적을 이용하세요. 첫 2세트는 천천히, 대칭이 확인된 뒤에만 무게를 올립니다.

---

🎯 MACHINE FIT CHECK
🟢 시트/패드 → 몸에 맞춤
🟢 팔꿈치 → 미는/드는 방향
🟢 어깨 → 으쓱하지 않기
🟢 복귀 → 2~3초 통제

### 🔥 이것만 기억하세요

""팔꿈치를 옆구리에 붙인 채 손잡이를 아래로. 끝에서 1초, 복귀는 통제.""","🏋️ GYMLECO — 251 Triceps Pushdown · 200 Series Cable

🎯 ONE KEY CUE
🔥 ""Pin the elbows to the sides and press the handle down""

Gymleco 251 Triceps Pushdown 케이블 푸시다운 (카탈로그 '트라이셉스 푸시다운' → 카테고리 '트라이셉스 프레스' 매핑) Lean into the Gymleco line design. Do not chase load until the setup feels locked in.

---

⚙️ ① Setup
🤲 Grip / hands
Take a comfortable grip width and keep the wrists stacked, not bent.
⚙️ Adjustments
Check 케이블 높이/핸들, 스택 핀.
Naming can overlap in this category — trust the levers and pads on the unit in front of you.

---

💪 ② Start position
Fix the elbows on the pad or at your sides. Kill torso swing.
Check only this:
👉 Elbows not drifting forward

---

🔥 ③ Execution
Torso stays quiet. Move only below the elbows.
Curl or extend only at the elbow, then reverse slowly.

---

💥 ④ Peak contraction
Stop where the target muscle is most shortened.
⏱️ 1-second STOP
Own that position for one second. This is not where you dump the weight.

---

🐌 ⑤ Controlled return
Do not dump the load.
Take 2–3 seconds on the way back.
Return on the same path you pressed or pulled.

---

❌ Common mistakes
❌ Letting the elbows drift so the shoulders take over
If position breaks, cut the load.
❌ Swinging the torso
If position breaks, cut the load.
❌ Over-bending the wrists
If position breaks, cut the load.

---

💡 MACHINE FIT PRO TIP
🔥 Use the guided path on 251 Triceps Pushdown. Slow the first two sets, confirm symmetry, then add load.

---

🎯 MACHINE FIT CHECK
🟢 Seat/pad → fitted
🟢 Elbows → press/raise direction
🟢 Shoulders → not shrugged
🟢 Return → 2–3 sec control

### 🔥 Remember this

""Pin the elbows to the sides and press the handle down. One-second peak, controlled return."""
GYMLECO,딥 / 트라이셉스 머신,Dip / Triceps Machine,055 Dip Press,PARTIALLY_VERIFIED,Gymleco,010 Series Plate Loaded,https://gymleco.com/collections/plate-loaded-machines/,Gymleco 055 Dip Press 플레이트로드 딥 프레스 (카탈로그 '딥 머신' → 카테고리 '딥 / 트라이셉스 머신' 매핑),"시트/풋 지지, 양쪽 플레이트","🏋️ GYMLECO — 055 Dip Press · 010 Series Plate Loaded

🎯 ONE KEY CUE
🔥 ""어깨를 귀에서 내린 채 팔꿈치로 내려갔다 밀기""

Gymleco 055 Dip Press 플레이트로드 딥 프레스 (카탈로그 '딥 머신' → 카테고리 '딥 / 트라이셉스 머신' 매핑). 플레이트 로딩 · Gymleco line 구조입니다. 처음부터 무게 올리지 말고, 세팅부터 잡으세요.

---

⚙️ ① 기구 세팅
🪑 좌석 / 패드
시트를 몸에 맞추세요. 시작 위치가 어깨·관절에 자연스럽게 오는지 확인합니다.
🤲 그립 / 손 위치
손잡이를 편안한 너비로 잡으세요. 손목이 꺾이지 않게 합니다.
⚙️ 조절 포인트
시트/풋 지지, 양쪽 플레이트를 확인하세요. 양쪽 플레이트를 동일하게 맞추고, 한쪽만 먼저 올리지 마세요.
이 카테고리는 공식 명칭이 겹칠 수 있으니, 헬스장 기구의 실제 레버·패드 배치를 우선하세요.

---

💪 ② 시작 자세
팔꿈치 위치를 패드나 몸 옆에 고정합니다. 몸통 반동은 끕니다.
이 자세에서 이것만 확인하세요.
👉 팔꿈치가 앞으로 흘러가지 않는지

---

🔥 ③ 운동 방법
손잡이를 아래로 눌렀다 위로 밀기.
몸통은 고정, 팔꿈치 아래만 움직입니다.

---

💥 ④ 최고 수축
목표 근육이 가장 조여지는 끝 지점에서 멈춥니다.
⏱️ 1초 STOP
튕기지 말고 그 지점에서 1초만 소유하세요. 무게를 놓는 순간이 아닙니다.

---

🐌 ⑤ 천천히 돌아오기
중량을 그냥 놓지 마세요.
2~3초 동안 통제하면서 복귀합니다.
시작 자세로 돌아갈 때도 같은 궤적을 유지하세요.

---

❌ 흔한 실수
❌ 너무 깊이 내려가 어깨 전면을 과신전하는
자세가 무너지면 무게를 낮추세요.
❌ 팔꿈치가 앞으로 흘러가며 어깨가 개입하는 것
자세가 무너지면 무게를 낮추세요.
❌ 몸통 반동으로 올리는 것
템포를 늦추고 같은 궤적만 반복하세요.
❌ 손목을 과하게 꺾는 것
자세가 무너지면 무게를 낮추세요.
❌ 양쪽 플레이트 무게를 다르게 올리는 것
양쪽을 맞춘 뒤 가벼운 세트로 좌우를 확인하세요.

---

💡 MACHINE FIT PRO TIP
🔥 055 Dip Press은 플레이트 로딩입니다. 좌우 원판을 동일하게 맞추고, 첫 세트는 궤적·좌우 대칭만 확인한 다음 무게를 올리세요.

---

🎯 MACHINE FIT CHECK
🟢 시트/패드 → 몸에 맞춤
🟢 팔꿈치 → 미는/드는 방향
🟢 원판 → 좌우 동일
🟢 복귀 → 2~3초 통제

### 🔥 이것만 기억하세요

""어깨를 귀에서 내린 채 팔꿈치로 내려갔다 밀기. 끝에서 1초, 복귀는 통제.""","🏋️ GYMLECO — 055 Dip Press · 010 Series Plate Loaded

🎯 ONE KEY CUE
🔥 ""Keep shoulders down and drive up from the bottom elbow position""

Gymleco 055 Dip Press 플레이트로드 딥 프레스 (카탈로그 '딥 머신' → 카테고리 '딥 / 트라이셉스 머신' 매핑) Lean into the plate-loaded / Gymleco line design. Do not chase load until the setup feels locked in.

---

⚙️ ① Setup
🪑 Seat / pads
Fit the seat to your body so the start position sits naturally on the working joint.
🤲 Grip / hands
Take a comfortable grip width and keep the wrists stacked, not bent.
⚙️ Adjustments
Check 시트/풋 지지, 양쪽 플레이트. Match plates on both sides — do not load one arm first.
Naming can overlap in this category — trust the levers and pads on the unit in front of you.

---

💪 ② Start position
Fix the elbows on the pad or at your sides. Kill torso swing.
Check only this:
👉 Elbows not drifting forward

---

🔥 ③ Execution
Torso stays quiet. Move only below the elbows.
Curl or extend only at the elbow, then reverse slowly.

---

💥 ④ Peak contraction
Stop where the target muscle is most shortened.
⏱️ 1-second STOP
Own that position for one second. This is not where you dump the weight.

---

🐌 ⑤ Controlled return
Do not dump the load.
Take 2–3 seconds on the way back.
Return on the same path you pressed or pulled.

---

❌ Common mistakes
❌ Letting the elbows drift so the shoulders take over
If position breaks, cut the load.
❌ Swinging the torso
If position breaks, cut the load.
❌ Over-bending the wrists
If position breaks, cut the load.
❌ Loading unequal plates
Match both sides, then confirm with a light set.

---

💡 MACHINE FIT PRO TIP
🔥 055 Dip Press is plate-loaded. Match plates, confirm path and left-right symmetry on set one, then add load.

---

🎯 MACHINE FIT CHECK
🟢 Seat/pad → fitted
🟢 Elbows → press/raise direction
🟢 Plates → matched
🟢 Return → 2–3 sec control

### 🔥 Remember this

""Keep shoulders down and drive up from the bottom elbow position. One-second peak, controlled return."""
GYMLECO,바이셉스 / 트라이셉스 복합 머신,Biceps / Triceps Combo,355 Biceps / Triceps,PARTIALLY_VERIFIED,Gymleco,300 Series Selectorized,https://gymleco.com/collections/selectorized-gym-machines,Gymleco 355 Biceps/Triceps(케이블 255도 콤보) (카탈로그 '바이셉 트라이셉 콤보' → 카테고리 '바이셉스 / 트라이셉스 복합 머신' 매핑),"시트, 암 패드, 운동 전환, 스택","🏋️ GYMLECO — 355 Biceps / Triceps · 300 Series Selectorized

🎯 ONE KEY CUE
🔥 ""컬과 익스텐션을 패드 고정 후 각각 풀 ROM으로""

Gymleco 355 Biceps/Triceps(케이블 255도 콤보) (카탈로그 '바이셉 트라이셉 콤보' → 카테고리 '바이셉스 / 트라이셉스 복합 머신' 매핑). Gymleco line 구조입니다. 처음부터 무게 올리지 말고, 세팅부터 잡으세요.

---

⚙️ ① 기구 세팅
🪑 좌석 / 패드
시트를 몸에 맞추세요. 시작 위치가 어깨·관절에 자연스럽게 오는지 확인합니다.
🤲 그립 / 손 위치
손잡이를 편안한 너비로 잡으세요. 손목이 꺾이지 않게 합니다.
⚙️ 조절 포인트
시트, 암 패드, 운동 전환, 스택을 확인하세요.
이 카테고리는 공식 명칭이 겹칠 수 있으니, 헬스장 기구의 실제 레버·패드 배치를 우선하세요.

---

💪 ② 시작 자세
팔꿈치 위치를 패드나 몸 옆에 고정합니다. 몸통 반동은 끕니다.
이 자세에서 이것만 확인하세요.
👉 팔꿈치가 앞으로 흘러가지 않는지

---

🔥 ③ 운동 방법
바이셉 컬 후 트라이셉 익스텐션으로 전환.
몸통은 고정, 팔꿈치 아래만 움직입니다.

---

💥 ④ 최고 수축
목표 근육이 가장 조여지는 끝 지점에서 멈춥니다.
⏱️ 1초 STOP
튕기지 말고 그 지점에서 1초만 소유하세요. 무게를 놓는 순간이 아닙니다.

---

🐌 ⑤ 천천히 돌아오기
중량을 그냥 놓지 마세요.
2~3초 동안 통제하면서 복귀합니다.
시작 자세로 돌아갈 때도 같은 궤적을 유지하세요.

---

❌ 흔한 실수
❌ 전환 없이 어중간한 각도로만 움직이는
자세가 무너지면 무게를 낮추세요.
❌ 팔꿈치가 앞으로 흘러가며 어깨가 개입하는 것
자세가 무너지면 무게를 낮추세요.
❌ 몸통 반동으로 올리는 것
템포를 늦추고 같은 궤적만 반복하세요.
❌ 손목을 과하게 꺾는 것
자세가 무너지면 무게를 낮추세요.

---

💡 MACHINE FIT PRO TIP
🔥 355 Biceps / Triceps의 가이드 궤적을 이용하세요. 첫 2세트는 천천히, 대칭이 확인된 뒤에만 무게를 올립니다.

---

🎯 MACHINE FIT CHECK
🟢 시트/패드 → 몸에 맞춤
🟢 팔꿈치 → 미는/드는 방향
🟢 어깨 → 으쓱하지 않기
🟢 복귀 → 2~3초 통제

### 🔥 이것만 기억하세요

""컬과 익스텐션을 패드 고정 후 각각 풀 ROM으로. 끝에서 1초, 복귀는 통제.""","🏋️ GYMLECO — 355 Biceps / Triceps · 300 Series Selectorized

🎯 ONE KEY CUE
🔥 ""Lock the pad then run full ROM curls and extensions separately""

Gymleco 355 Biceps/Triceps(케이블 255도 콤보) (카탈로그 '바이셉 트라이셉 콤보' → 카테고리 '바이셉스 / 트라이셉스 복합 머신' 매핑) Lean into the Gymleco line design. Do not chase load until the setup feels locked in.

---

⚙️ ① Setup
🪑 Seat / pads
Fit the seat to your body so the start position sits naturally on the working joint.
🤲 Grip / hands
Take a comfortable grip width and keep the wrists stacked, not bent.
⚙️ Adjustments
Check 시트, 암 패드, 운동 전환, 스택.
Naming can overlap in this category — trust the levers and pads on the unit in front of you.

---

💪 ② Start position
Fix the elbows on the pad or at your sides. Kill torso swing.
Check only this:
👉 Elbows not drifting forward

---

🔥 ③ Execution
Torso stays quiet. Move only below the elbows.
Curl or extend only at the elbow, then reverse slowly.

---

💥 ④ Peak contraction
Stop where the target muscle is most shortened.
⏱️ 1-second STOP
Own that position for one second. This is not where you dump the weight.

---

🐌 ⑤ Controlled return
Do not dump the load.
Take 2–3 seconds on the way back.
Return on the same path you pressed or pulled.

---

❌ Common mistakes
❌ Letting the elbows drift so the shoulders take over
If position breaks, cut the load.
❌ Swinging the torso
If position breaks, cut the load.
❌ Over-bending the wrists
If position breaks, cut the load.

---

💡 MACHINE FIT PRO TIP
🔥 Use the guided path on 355 Biceps / Triceps. Slow the first two sets, confirm symmetry, then add load.

---

🎯 MACHINE FIT CHECK
🟢 Seat/pad → fitted
🟢 Elbows → press/raise direction
🟢 Shoulders → not shrugged
🟢 Return → 2–3 sec control

### 🔥 Remember this

""Lock the pad then run full ROM curls and extensions separately. One-second peak, controlled return."""
GYMLECO,앱 크런치,Ab Crunch,370 Seated Abs Machine,PARTIALLY_VERIFIED,Gymleco,300 Series Selectorized,https://gymleco.com/collections/selectorized-gym-machines,Gymleco 370 Seated Abs(376 Knee standing Abdominal·070도 있음) (카탈로그 '복근 머신' → 카테고리 '앱 크런치' 매핑),"시트, 가슴/어깨 패드, 스택","🏋️ GYMLECO — 370 Seated Abs Machine · 300 Series Selectorized

🎯 ONE KEY CUE
🔥 ""갈비뼈를 아래로 말며 복부로 말아 올리기""

Gymleco 370 Seated Abs(376 Knee standing Abdominal·070도 있음) (카탈로그 '복근 머신' → 카테고리 '앱 크런치' 매핑). Gymleco line 구조입니다. 처음부터 무게 올리지 말고, 세팅부터 잡으세요.

---

⚙️ ① 기구 세팅
🪑 좌석 / 패드
시트를 몸에 맞추세요. 시작 위치가 어깨·관절에 자연스럽게 오는지 확인합니다.
⚙️ 조절 포인트
시트, 가슴/어깨 패드, 스택을 확인하세요.
이 카테고리는 공식 명칭이 겹칠 수 있으니, 헬스장 기구의 실제 레버·패드 배치를 우선하세요.

---

💪 ② 시작 자세
골반을 안정시키고 목으로 당길 생각을 지웁니다.
이 자세에서 이것만 확인하세요.
👉 골반이 고정돼 있는지

---

🔥 ③ 운동 방법
상체를 앞으로 말아 올렸다 천천히 펴기.
갈비뼈를 골반 쪽으로 말아 올리는 느낌으로 수축하세요.

---

💥 ④ 최고 수축
목표 근육이 가장 조여지는 끝 지점에서 멈춥니다.
⏱️ 1초 STOP
튕기지 말고 그 지점에서 1초만 소유하세요. 무게를 놓는 순간이 아닙니다.

---

🐌 ⑤ 천천히 돌아오기
중량을 그냥 놓지 마세요.
2~3초 동안 통제하면서 복귀합니다.
시작 자세로 돌아갈 때도 같은 궤적을 유지하세요.

---

❌ 흔한 실수
❌ 팔로 패드를 잡아당겨 목·팔에 힘을 주는
자세가 무너지면 무게를 낮추세요.
❌ 목으로 당겨 몸통을 접는 것
갈비뼈를 골반 쪽으로 만다는 느낌으로 바꾸세요.
❌ 골반이 뜨며 반동을 쓰는 것
템포를 늦추고 같은 궤적만 반복하세요.
❌ 너무 큰 범위로 과하게 꺾는 것
자세가 무너지면 무게를 낮추세요.

---

💡 MACHINE FIT PRO TIP
🔥 370 Seated Abs Machine의 가이드 궤적을 이용하세요. 첫 2세트는 천천히, 대칭이 확인된 뒤에만 무게를 올립니다.

---

🎯 MACHINE FIT CHECK
🟢 시트/패드 → 몸에 맞춤
🟢 몸통 → 브레스·고정
🟢 어깨 → 으쓱하지 않기
🟢 복귀 → 2~3초 통제

### 🔥 이것만 기억하세요

""목 말고 몸통으로, 끝에서 조이고 천천히.""","🏋️ GYMLECO — 370 Seated Abs Machine · 300 Series Selectorized

🎯 ONE KEY CUE
🔥 ""Curl the ribs down and crunch through the abs""

Gymleco 370 Seated Abs(376 Knee standing Abdominal·070도 있음) (카탈로그 '복근 머신' → 카테고리 '앱 크런치' 매핑) Lean into the Gymleco line design. Do not chase load until the setup feels locked in.

---

⚙️ ① Setup
🪑 Seat / pads
Fit the seat to your body so the start position sits naturally on the working joint.
⚙️ Adjustments
Check 시트, 가슴/어깨 패드, 스택.
Naming can overlap in this category — trust the levers and pads on the unit in front of you.

---

💪 ② Start position
Stabilize the pelvis and stop thinking about pulling with the neck.
Check only this:
👉 Pelvis locked

---

🔥 ③ Execution
Curl the ribcage toward the pelvis.
Curl or rotate through the torso, then return without momentum.

---

💥 ④ Peak contraction
Stop where the target muscle is most shortened.
⏱️ 1-second STOP
Own that position for one second. This is not where you dump the weight.

---

🐌 ⑤ Controlled return
Do not dump the load.
Take 2–3 seconds on the way back.
Return on the same path you pressed or pulled.

---

❌ Common mistakes
❌ Pulling with the neck
Curl ribs toward the pelvis instead.
❌ Lifting the pelvis and using momentum
Slow the tempo and repeat one clean path.
❌ Forcing an excessive range
If position breaks, cut the load.

---

💡 MACHINE FIT PRO TIP
🔥 Use the guided path on 370 Seated Abs Machine. Slow the first two sets, confirm symmetry, then add load.

---

🎯 MACHINE FIT CHECK
🟢 Seat/pad → fitted
🟢 Torso → braced
🟢 Shoulders → not shrugged
🟢 Return → 2–3 sec control

### 🔥 Remember this

""Torso curl, squeeze, slow return — not the neck."""
GYMLECO,어브도미널,Abdominal,370 Seated Abs Machine,PARTIALLY_VERIFIED,Gymleco,300 Series Selectorized,https://gymleco.com/collections/selectorized-gym-machines,Gymleco 370 Seated Abs(376 Knee standing Abdominal·070도 있음) (카탈로그 '복근 머신' → 카테고리 '어브도미널' 매핑),"시트, 가슴/어깨 패드, 스택","🏋️ GYMLECO — 370 Seated Abs Machine · 300 Series Selectorized

🎯 ONE KEY CUE
🔥 ""갈비뼈를 아래로 말며 복부로 말아 올리기""

Gymleco 370 Seated Abs(376 Knee standing Abdominal·070도 있음) (카탈로그 '복근 머신' → 카테고리 '어브도미널' 매핑). Gymleco line 구조입니다. 처음부터 무게 올리지 말고, 세팅부터 잡으세요.

---

⚙️ ① 기구 세팅
🪑 좌석 / 패드
시트를 몸에 맞추세요. 시작 위치가 어깨·관절에 자연스럽게 오는지 확인합니다.
⚙️ 조절 포인트
시트, 가슴/어깨 패드, 스택을 확인하세요.
이 카테고리는 공식 명칭이 겹칠 수 있으니, 헬스장 기구의 실제 레버·패드 배치를 우선하세요.

---

💪 ② 시작 자세
골반을 안정시키고 목으로 당길 생각을 지웁니다.
이 자세에서 이것만 확인하세요.
👉 골반이 고정돼 있는지

---

🔥 ③ 운동 방법
상체를 앞으로 말아 올렸다 천천히 펴기.
갈비뼈를 골반 쪽으로 말아 올리는 느낌으로 수축하세요.

---

💥 ④ 최고 수축
목표 근육이 가장 조여지는 끝 지점에서 멈춥니다.
⏱️ 1초 STOP
튕기지 말고 그 지점에서 1초만 소유하세요. 무게를 놓는 순간이 아닙니다.

---

🐌 ⑤ 천천히 돌아오기
중량을 그냥 놓지 마세요.
2~3초 동안 통제하면서 복귀합니다.
시작 자세로 돌아갈 때도 같은 궤적을 유지하세요.

---

❌ 흔한 실수
❌ 팔로 패드를 잡아당겨 목·팔에 힘을 주는
자세가 무너지면 무게를 낮추세요.
❌ 목으로 당겨 몸통을 접는 것
갈비뼈를 골반 쪽으로 만다는 느낌으로 바꾸세요.
❌ 골반이 뜨며 반동을 쓰는 것
템포를 늦추고 같은 궤적만 반복하세요.
❌ 너무 큰 범위로 과하게 꺾는 것
자세가 무너지면 무게를 낮추세요.

---

💡 MACHINE FIT PRO TIP
🔥 370 Seated Abs Machine의 가이드 궤적을 이용하세요. 첫 2세트는 천천히, 대칭이 확인된 뒤에만 무게를 올립니다.

---

🎯 MACHINE FIT CHECK
🟢 시트/패드 → 몸에 맞춤
🟢 몸통 → 브레스·고정
🟢 어깨 → 으쓱하지 않기
🟢 복귀 → 2~3초 통제

### 🔥 이것만 기억하세요

""목 말고 몸통으로, 끝에서 조이고 천천히.""","🏋️ GYMLECO — 370 Seated Abs Machine · 300 Series Selectorized

🎯 ONE KEY CUE
🔥 ""Curl the ribs down and crunch through the abs""

Gymleco 370 Seated Abs(376 Knee standing Abdominal·070도 있음) (카탈로그 '복근 머신' → 카테고리 '어브도미널' 매핑) Lean into the Gymleco line design. Do not chase load until the setup feels locked in.

---

⚙️ ① Setup
🪑 Seat / pads
Fit the seat to your body so the start position sits naturally on the working joint.
⚙️ Adjustments
Check 시트, 가슴/어깨 패드, 스택.
Naming can overlap in this category — trust the levers and pads on the unit in front of you.

---

💪 ② Start position
Stabilize the pelvis and stop thinking about pulling with the neck.
Check only this:
👉 Pelvis locked

---

🔥 ③ Execution
Curl the ribcage toward the pelvis.
Curl or rotate through the torso, then return without momentum.

---

💥 ④ Peak contraction
Stop where the target muscle is most shortened.
⏱️ 1-second STOP
Own that position for one second. This is not where you dump the weight.

---

🐌 ⑤ Controlled return
Do not dump the load.
Take 2–3 seconds on the way back.
Return on the same path you pressed or pulled.

---

❌ Common mistakes
❌ Pulling with the neck
Curl ribs toward the pelvis instead.
❌ Lifting the pelvis and using momentum
Slow the tempo and repeat one clean path.
❌ Forcing an excessive range
If position breaks, cut the load.

---

💡 MACHINE FIT PRO TIP
🔥 Use the guided path on 370 Seated Abs Machine. Slow the first two sets, confirm symmetry, then add load.

---

🎯 MACHINE FIT CHECK
🟢 Seat/pad → fitted
🟢 Torso → braced
🟢 Shoulders → not shrugged
🟢 Return → 2–3 sec control

### 🔥 Remember this

""Torso curl, squeeze, slow return — not the neck."""
GYMLECO,로터리 토르소,Rotary Torso,375 Torso Rotation,PARTIALLY_VERIFIED,Gymleco,300 Series Selectorized,https://gymleco.com/collections/selectorized-gym-machines,Gymleco 375 Torso Rotation 토르소 로테이션 (카탈로그 '토르소 로테이션' → 카테고리 '로터리 토르소' 매핑),"시트, 손잡이/패드, 스택","🏋️ GYMLECO — 375 Torso Rotation · 300 Series Selectorized

🎯 ONE KEY CUE
🔥 ""골반을 고정한 채 몸통만 천천히 회전""

Gymleco 375 Torso Rotation 토르소 로테이션 (카탈로그 '토르소 로테이션' → 카테고리 '로터리 토르소' 매핑). Gymleco line 구조입니다. 처음부터 무게 올리지 말고, 세팅부터 잡으세요.

---

⚙️ ① 기구 세팅
🪑 좌석 / 패드
시트를 몸에 맞추세요. 시작 위치가 어깨·관절에 자연스럽게 오는지 확인합니다.
🤲 그립 / 손 위치
손잡이를 편안한 너비로 잡으세요. 손목이 꺾이지 않게 합니다.
⚙️ 조절 포인트
시트, 손잡이/패드, 스택을 확인하세요.
이 카테고리는 공식 명칭이 겹칠 수 있으니, 헬스장 기구의 실제 레버·패드 배치를 우선하세요.

---

💪 ② 시작 자세
골반을 안정시키고 목으로 당길 생각을 지웁니다.
이 자세에서 이것만 확인하세요.
👉 골반이 고정돼 있는지

---

🔥 ③ 운동 방법
몸통을 좌우로 회전했다 복귀.
갈비뼈를 골반 쪽으로 말아 올리는 느낌으로 수축하세요.

---

💥 ④ 최고 수축
목표 근육이 가장 조여지는 끝 지점에서 멈춥니다.
⏱️ 1초 STOP
튕기지 말고 그 지점에서 1초만 소유하세요. 무게를 놓는 순간이 아닙니다.

---

🐌 ⑤ 천천히 돌아오기
중량을 그냥 놓지 마세요.
2~3초 동안 통제하면서 복귀합니다.
시작 자세로 돌아갈 때도 같은 궤적을 유지하세요.

---

❌ 흔한 실수
❌ 무게를 키워 반동으로 돌리는
템포를 늦추고 같은 궤적만 반복하세요.
❌ 목으로 당겨 몸통을 접는 것
갈비뼈를 골반 쪽으로 만다는 느낌으로 바꾸세요.
❌ 골반이 뜨며 반동을 쓰는 것
템포를 늦추고 같은 궤적만 반복하세요.
❌ 너무 큰 범위로 과하게 꺾는 것
자세가 무너지면 무게를 낮추세요.

---

💡 MACHINE FIT PRO TIP
🔥 375 Torso Rotation의 가이드 궤적을 이용하세요. 첫 2세트는 천천히, 대칭이 확인된 뒤에만 무게를 올립니다.

---

🎯 MACHINE FIT CHECK
🟢 시트/패드 → 몸에 맞춤
🟢 몸통 → 브레스·고정
🟢 어깨 → 으쓱하지 않기
🟢 복귀 → 2~3초 통제

### 🔥 이것만 기억하세요

""목 말고 몸통으로, 끝에서 조이고 천천히.""","🏋️ GYMLECO — 375 Torso Rotation · 300 Series Selectorized

🎯 ONE KEY CUE
🔥 ""Fix the pelvis and rotate only the torso slowly""

Gymleco 375 Torso Rotation 토르소 로테이션 (카탈로그 '토르소 로테이션' → 카테고리 '로터리 토르소' 매핑) Lean into the Gymleco line design. Do not chase load until the setup feels locked in.

---

⚙️ ① Setup
🪑 Seat / pads
Fit the seat to your body so the start position sits naturally on the working joint.
🤲 Grip / hands
Take a comfortable grip width and keep the wrists stacked, not bent.
⚙️ Adjustments
Check 시트, 손잡이/패드, 스택.
Naming can overlap in this category — trust the levers and pads on the unit in front of you.

---

💪 ② Start position
Stabilize the pelvis and stop thinking about pulling with the neck.
Check only this:
👉 Pelvis locked

---

🔥 ③ Execution
Curl the ribcage toward the pelvis.
Curl or rotate through the torso, then return without momentum.

---

💥 ④ Peak contraction
Stop where the target muscle is most shortened.
⏱️ 1-second STOP
Own that position for one second. This is not where you dump the weight.

---

🐌 ⑤ Controlled return
Do not dump the load.
Take 2–3 seconds on the way back.
Return on the same path you pressed or pulled.

---

❌ Common mistakes
❌ Pulling with the neck
Curl ribs toward the pelvis instead.
❌ Lifting the pelvis and using momentum
Slow the tempo and repeat one clean path.
❌ Forcing an excessive range
If position breaks, cut the load.

---

💡 MACHINE FIT PRO TIP
🔥 Use the guided path on 375 Torso Rotation. Slow the first two sets, confirm symmetry, then add load.

---

🎯 MACHINE FIT CHECK
🟢 Seat/pad → fitted
🟢 Torso → braced
🟢 Shoulders → not shrugged
🟢 Return → 2–3 sec control

### 🔥 Remember this

""Torso curl, squeeze, slow return — not the neck."""
GYMLECO,사이드 밴드,Side Bend,,BRAND_MODEL_NOT_FOUND,Gymleco,,https://gymleco.com/collections/selectorized-gym-machines,Gymleco 공개 목록에 Side Bend 전용 SKU가 확인되지 않습니다,"시트/스탠스, 핸들, 중량","🏋️ GYMLECO — 사이드 밴드

🎯 ONE KEY CUE
🔥 ""골반을 고정하고 측면으로만 숙였다 일어나기""

짐레코 전용 모델이 없는 카테고리입니다. 헬스장에 있는 실제 기구의 패드·레버·안전장치를 먼저 확인한 뒤, 아래 패턴으로 움직이세요.

---

⚙️ ① 기구 세팅
🪑 좌석 / 패드
시트를 몸에 맞추세요. 시작 위치가 어깨·관절에 자연스럽게 오는지 확인합니다.
⚙️ 조절 포인트
시트/스탠스, 핸들, 중량을 확인하세요.

---

💪 ② 시작 자세
골반을 안정시키고 목으로 당길 생각을 지웁니다.
이 자세에서 이것만 확인하세요.
👉 골반이 고정돼 있는지

---

🔥 ③ 운동 방법
몸통을 옆으로 숙였다 세우기.
갈비뼈를 골반 쪽으로 말아 올리는 느낌으로 수축하세요.

---

💥 ④ 최고 수축
목표 근육이 가장 조여지는 끝 지점에서 멈춥니다.
⏱️ 1초 STOP
튕기지 말고 그 지점에서 1초만 소유하세요. 무게를 놓는 순간이 아닙니다.

---

🐌 ⑤ 천천히 돌아오기
중량을 그냥 놓지 마세요.
2~3초 동안 통제하면서 복귀합니다.
시작 자세로 돌아갈 때도 같은 궤적을 유지하세요.

---

❌ 흔한 실수
❌ 앞뒤로 숙이며 측굴을 잃는
자세가 무너지면 무게를 낮추세요.
❌ 목으로 당겨 몸통을 접는 것
갈비뼈를 골반 쪽으로 만다는 느낌으로 바꾸세요.
❌ 골반이 뜨며 반동을 쓰는 것
템포를 늦추고 같은 궤적만 반복하세요.
❌ 너무 큰 범위로 과하게 꺾는 것
자세가 무너지면 무게를 낮추세요.

---

💡 MACHINE FIT PRO TIP
🔥 이 항목은 해머 스트렝스 전용 SKU가 없습니다. ""사이드 밴드""로 분류된 실제 기구의 패드·레버·안전장치만 믿고, 가벼운 무게로 5회 리허설 후 본 세트를 시작하세요.

---

🎯 MACHINE FIT CHECK
🟢 시트/패드 → 몸에 맞춤
🟢 몸통 → 브레스·고정
🟢 어깨 → 으쓱하지 않기
🟢 복귀 → 2~3초 통제

### 🔥 이것만 기억하세요

""목 말고 몸통으로, 끝에서 조이고 천천히.""","🏋️ GYMLECO — Side Bend

🎯 ONE KEY CUE
🔥 ""Fix the pelvis and bend only sideways then return""

There is no dedicated Gymleco SKU for this category. Confirm pads, levers, and safeties on the unit in your gym, then follow the movement pattern below.

---

⚙️ ① Setup
🪑 Seat / pads
Fit the seat to your body so the start position sits naturally on the working joint.
⚙️ Adjustments
Check 시트/스탠스, 핸들, 중량.

---

💪 ② Start position
Stabilize the pelvis and stop thinking about pulling with the neck.
Check only this:
👉 Pelvis locked

---

🔥 ③ Execution
Curl the ribcage toward the pelvis.
Curl or rotate through the torso, then return without momentum.

---

💥 ④ Peak contraction
Stop where the target muscle is most shortened.
⏱️ 1-second STOP
Own that position for one second. This is not where you dump the weight.

---

🐌 ⑤ Controlled return
Do not dump the load.
Take 2–3 seconds on the way back.
Return on the same path you pressed or pulled.

---

❌ Common mistakes
❌ Pulling with the neck
Curl ribs toward the pelvis instead.
❌ Lifting the pelvis and using momentum
Slow the tempo and repeat one clean path.
❌ Forcing an excessive range
If position breaks, cut the load.

---

💡 MACHINE FIT PRO TIP
🔥 No dedicated Hammer Strength SKU for this slot. Trust the pads/levers/safeties on the unit labeled like ""Side Bend"", rehearse five light reps, then start working sets.

---

🎯 MACHINE FIT CHECK
🟢 Seat/pad → fitted
🟢 Torso → braced
🟢 Shoulders → not shrugged
🟢 Return → 2–3 sec control

### 🔥 Remember this

""Torso curl, squeeze, slow return — not the neck."""
GYMLECO,백 익스텐션,Back Extension,"162 Back Raise, Adjustable",VERIFIED,Gymleco,100 Series Core,https://gymleco.com/collections/plate-loaded-machines/,Gymleco 162 Back Raise(365A Lumbar/Abdominal도 요추 신전)입니다,"패드 각도(45–90°), 발 고정, 팔 위치","🏋️ GYMLECO — 162 Back Raise, Adjustable · 100 Series Core

🎯 ONE KEY CUE
🔥 ""둔근·햄으로 몸을 일직선까지 펴기""

Gymleco 162 Back Raise(365A Lumbar/Abdominal도 요추 신전). Gymleco line 구조입니다. 처음부터 무게 올리지 말고, 세팅부터 잡으세요.

---

⚙️ ① 기구 세팅
🪑 좌석 / 패드
시트를 몸에 맞추세요. 시작 위치가 목표 관절 높이에 오는지 확인합니다.
🦶 발 위치
지지하는 발을 먼저 고정하세요. 흔들리면 중량을 낮춥니다.
⚙️ 조절 포인트
패드 각도(45–90°), 발 고정, 팔 위치를 확인하세요.

---

💪 ② 시작 자세
골반을 안정시키고 목으로 당길 생각을 지웁니다.
이 자세에서 이것만 확인하세요.
👉 골반이 고정돼 있는지

---

🔥 ③ 운동 방법
상체를 숙였다 일직선으로 펴 올리기.
갈비뼈를 골반 쪽으로 말아 올리는 느낌으로 수축하세요.

---

💥 ④ 최고 수축
목표 근육이 가장 조여지는 끝 지점에서 멈춥니다.
⏱️ 1초 STOP
튕기지 말고 그 지점에서 1초만 소유하세요. 무게를 놓는 순간이 아닙니다.

---

🐌 ⑤ 천천히 돌아오기
중량을 그냥 놓지 마세요.
2~3초 동안 통제하면서 복귀합니다.
시작 자세로 돌아갈 때도 같은 궤적을 유지하세요.

---

❌ 흔한 실수
❌ 허리를 과신전하며 튕기듯 올리는
자세가 무너지면 무게를 낮추세요.
❌ 목으로 당겨 몸통을 접는 것
갈비뼈를 골반 쪽으로 만다는 느낌으로 바꾸세요.
❌ 골반이 뜨며 반동을 쓰는 것
템포를 늦추고 같은 궤적만 반복하세요.
❌ 너무 큰 범위로 과하게 꺾는 것
자세가 무너지면 무게를 낮추세요.

---

💡 MACHINE FIT PRO TIP
🔥 162 Back Raise, Adjustable의 가이드 궤적을 이용하세요. 첫 2세트는 천천히, 대칭이 확인된 뒤에만 무게를 올립니다.

---

🎯 MACHINE FIT CHECK
🟢 시트/패드 → 몸에 맞춤
🟢 몸통 → 브레스·고정
🟢 어깨 → 으쓱하지 않기
🟢 복귀 → 2~3초 통제

### 🔥 이것만 기억하세요

""목 말고 몸통으로, 끝에서 조이고 천천히.""","🏋️ GYMLECO — 162 Back Raise, Adjustable · 100 Series Core

🎯 ONE KEY CUE
🔥 ""Extend to a straight line using glutes and hamstrings""

Gymleco 162 Back Raise(365A Lumbar/Abdominal도 요추 신전)입니다 Lean into the Gymleco line design. Do not chase load until the setup feels locked in.

---

⚙️ ① Setup
🪑 Seat / pads
Fit the seat to your body so the start position sits naturally on the working joint.
🦶 Feet
Lock in the support foot before you move. Reduce load if you wobble.
⚙️ Adjustments
Check 패드 각도(45–90°), 발 고정, 팔 위치.

---

💪 ② Start position
Stabilize the pelvis and stop thinking about pulling with the neck.
Check only this:
👉 Pelvis locked

---

🔥 ③ Execution
Curl the ribcage toward the pelvis.
Curl or rotate through the torso, then return without momentum.

---

💥 ④ Peak contraction
Stop where the target muscle is most shortened.
⏱️ 1-second STOP
Own that position for one second. This is not where you dump the weight.

---

🐌 ⑤ Controlled return
Do not dump the load.
Take 2–3 seconds on the way back.
Return on the same path you pressed or pulled.

---

❌ Common mistakes
❌ Pulling with the neck
Curl ribs toward the pelvis instead.
❌ Lifting the pelvis and using momentum
Slow the tempo and repeat one clean path.
❌ Forcing an excessive range
If position breaks, cut the load.

---

💡 MACHINE FIT PRO TIP
🔥 Use the guided path on 162 Back Raise, Adjustable. Slow the first two sets, confirm symmetry, then add load.

---

🎯 MACHINE FIT CHECK
🟢 Seat/pad → fitted
🟢 Torso → braced
🟢 Shoulders → not shrugged
🟢 Return → 2–3 sec control

### 🔥 Remember this

""Torso curl, squeeze, slow return — not the neck."""
GYMLECO,힙 익스텐션,Hip Extension,061 Reverse Hyper,PARTIALLY_VERIFIED,Gymleco,010 Series Plate Loaded,https://gymleco.com/collections/plate-loaded-machines/,Gymleco 061 Reverse Hyper(063 Reverse Hyper Pendulum·162 Back Raise) (카탈로그 '하이퍼 익스텐션' → 카테고리 '힙 익스텐션' 매핑),"힙 패드, 다리 패드/레버, 플레이트","🏋️ GYMLECO — 061 Reverse Hyper · 010 Series Plate Loaded

🎯 ONE KEY CUE
🔥 ""골반을 패드에 고정하고 다리를 뒤로 들어 올리기""

Gymleco 061 Reverse Hyper(063 Reverse Hyper Pendulum·162 Back Raise) (카탈로그 '하이퍼 익스텐션' → 카테고리 '힙 익스텐션' 매핑). 플레이트 로딩 · Gymleco line 구조입니다. 처음부터 무게 올리지 말고, 세팅부터 잡으세요.

---

⚙️ ① 기구 세팅
🪑 좌석 / 패드
시트·백패드를 먼저 맞추세요. 밀었을 때 골반이 말리거나 허리가 뜨지 않는 깊이가 시작점입니다.
🦶 발 위치
지지하는 발을 먼저 고정하세요. 흔들리면 중량을 낮춥니다.
⚙️ 조절 포인트
힙 패드, 다리 패드/레버, 플레이트를 확인하세요. 양쪽 플레이트를 동일하게 맞추고, 한쪽만 먼저 올리지 마세요.
이 카테고리는 공식 명칭이 겹칠 수 있으니, 헬스장 기구의 실제 레버·패드 배치를 우선하세요.

---

💪 ② 시작 자세
골반 위치를 먼저 고정합니다. 허리로 높이 만들 준비를 하지 마세요.
이 자세에서 이것만 확인하세요.
👉 허리가 아니라 엉덩이가 일을 받을 준비인지

---

🔥 ③ 운동 방법
다리를 뒤로 올렸다 천천히 내리기.
허리로 높이를 만들지 말고 골반·엉덩이로 밀어 마무리하세요.

---

💥 ④ 최고 수축
목표 근육이 가장 조여지는 끝 지점에서 멈춥니다.
⏱️ 1초 STOP
튕기지 말고 그 지점에서 1초만 소유하세요. 무게를 놓는 순간이 아닙니다.

---

🐌 ⑤ 천천히 돌아오기
중량을 그냥 놓지 마세요.
2~3초 동안 통제하면서 복귀합니다.
시작 자세로 돌아갈 때도 같은 궤적을 유지하세요.

---

❌ 흔한 실수
❌ 무릎을 과하게 굽혀 반동으로 올리는
템포를 늦추고 같은 궤적만 반복하세요.
❌ 허리로 높이 만드는 것
자세가 무너지면 무게를 낮추세요.
❌ 골반이 돌아가며 한쪽만 미는 것
약한 쪽 속도에 강한 쪽을 맞추세요.
❌ 반동으로 올리는 것
템포를 늦추고 같은 궤적만 반복하세요.
❌ 양쪽 플레이트 무게를 다르게 올리는 것
양쪽을 맞춘 뒤 가벼운 세트로 좌우를 확인하세요.

---

💡 MACHINE FIT PRO TIP
🔥 061 Reverse Hyper은 플레이트 로딩입니다. 좌우 원판을 동일하게 맞추고, 첫 세트는 궤적·좌우 대칭만 확인한 다음 무게를 올리세요.

---

🎯 MACHINE FIT CHECK
🟢 발 → 발판 중앙·방향 정렬
🟢 원판 → 좌우 동일
🟢 복귀 → 2~3초 통제

### 🔥 이것만 기억하세요

""골반을 패드에 고정하고 다리를 뒤로 들어 올리기. 끝에서 1초, 복귀는 통제.""","🏋️ GYMLECO — 061 Reverse Hyper · 010 Series Plate Loaded

🎯 ONE KEY CUE
🔥 ""Anchor the hips on the pad and raise the legs back""

Gymleco 061 Reverse Hyper(063 Reverse Hyper Pendulum·162 Back Raise) (카탈로그 '하이퍼 익스텐션' → 카테고리 '힙 익스텐션' 매핑) Lean into the plate-loaded / Gymleco line design. Do not chase load until the setup feels locked in.

---

⚙️ ① Setup
🪑 Seat / pads
Set the seat/back pad first. Your start depth is where the pelvis stays planted and the low back does not peel up.
🦶 Feet
Lock in the support foot before you move. Reduce load if you wobble.
⚙️ Adjustments
Check 힙 패드, 다리 패드/레버, 플레이트. Match plates on both sides — do not load one arm first.
Naming can overlap in this category — trust the levers and pads on the unit in front of you.

---

💪 ② Start position
Set the pelvis first. Do not plan to create height with the lower back.
Check only this:
👉 Glutes ready to drive, not the lumbar spine

---

🔥 ③ Execution
Finish with the hips/glutes — do not manufacture height with the lumbar spine.
Drive the hips, squeeze, then lower without lumbar snap.

---

💥 ④ Peak contraction
Stop where the target muscle is most shortened.
⏱️ 1-second STOP
Own that position for one second. This is not where you dump the weight.

---

🐌 ⑤ Controlled return
Do not dump the load.
Take 2–3 seconds on the way back.
Return on the same path you pressed or pulled.

---

❌ Common mistakes
❌ Creating height with the lumbar spine
If position breaks, cut the load.
❌ Rotating the pelvis and favoring one side
If position breaks, cut the load.
❌ Bouncing the lockout
Slow the tempo and repeat one clean path.
❌ Loading unequal plates
Match both sides, then confirm with a light set.

---

💡 MACHINE FIT PRO TIP
🔥 061 Reverse Hyper is plate-loaded. Match plates, confirm path and left-right symmetry on set one, then add load.

---

🎯 MACHINE FIT CHECK
🟢 Feet → centered and aligned
🟢 Plates → matched
🟢 Return → 2–3 sec control

### 🔥 Remember this

""Anchor the hips on the pad and raise the legs back. One-second peak, controlled return."""
GYMLECO,복근 / 허리 복합 머신,Abs / Back Combo,370 Seated Abs Machine,PARTIALLY_VERIFIED,Gymleco,300 Series Selectorized,https://gymleco.com/collections/selectorized-gym-machines,Gymleco 370 Seated Abs(376 Knee standing Abdominal·070도 있음) (복근/백 익스텐션 복합 패턴 매핑),"시트, 가슴/어깨 패드, 스택","🏋️ GYMLECO — 370 Seated Abs Machine · 300 Series Selectorized

🎯 ONE KEY CUE
🔥 ""갈비뼈를 아래로 말며 복부로 말아 올리기""

Gymleco 370 Seated Abs(376 Knee standing Abdominal·070도 있음) (복근/백 익스텐션 복합 패턴 매핑). Gymleco line 구조입니다. 처음부터 무게 올리지 말고, 세팅부터 잡으세요.

---

⚙️ ① 기구 세팅
🪑 좌석 / 패드
시트를 몸에 맞추세요. 시작 위치가 어깨·관절에 자연스럽게 오는지 확인합니다.
⚙️ 조절 포인트
시트, 가슴/어깨 패드, 스택을 확인하세요.
이 카테고리는 공식 명칭이 겹칠 수 있으니, 헬스장 기구의 실제 레버·패드 배치를 우선하세요.

---

💪 ② 시작 자세
골반을 안정시키고 목으로 당길 생각을 지웁니다.
이 자세에서 이것만 확인하세요.
👉 골반이 고정돼 있는지

---

🔥 ③ 운동 방법
상체를 앞으로 말아 올렸다 천천히 펴기.
갈비뼈를 골반 쪽으로 말아 올리는 느낌으로 수축하세요.

---

💥 ④ 최고 수축
목표 근육이 가장 조여지는 끝 지점에서 멈춥니다.
⏱️ 1초 STOP
튕기지 말고 그 지점에서 1초만 소유하세요. 무게를 놓는 순간이 아닙니다.

---

🐌 ⑤ 천천히 돌아오기
중량을 그냥 놓지 마세요.
2~3초 동안 통제하면서 복귀합니다.
시작 자세로 돌아갈 때도 같은 궤적을 유지하세요.

---

❌ 흔한 실수
❌ 팔로 패드를 잡아당겨 목·팔에 힘을 주는
자세가 무너지면 무게를 낮추세요.
❌ 목으로 당겨 몸통을 접는 것
갈비뼈를 골반 쪽으로 만다는 느낌으로 바꾸세요.
❌ 골반이 뜨며 반동을 쓰는 것
템포를 늦추고 같은 궤적만 반복하세요.
❌ 너무 큰 범위로 과하게 꺾는 것
자세가 무너지면 무게를 낮추세요.

---

💡 MACHINE FIT PRO TIP
🔥 370 Seated Abs Machine의 가이드 궤적을 이용하세요. 첫 2세트는 천천히, 대칭이 확인된 뒤에만 무게를 올립니다.

---

🎯 MACHINE FIT CHECK
🟢 시트/패드 → 몸에 맞춤
🟢 몸통 → 브레스·고정
🟢 어깨 → 으쓱하지 않기
🟢 복귀 → 2~3초 통제

### 🔥 이것만 기억하세요

""목 말고 몸통으로, 끝에서 조이고 천천히.""","🏋️ GYMLECO — 370 Seated Abs Machine · 300 Series Selectorized

🎯 ONE KEY CUE
🔥 ""Curl the ribs down and crunch through the abs""

Gymleco 370 Seated Abs(376 Knee standing Abdominal·070도 있음) (복근/백 익스텐션 복합 패턴 매핑) Lean into the Gymleco line design. Do not chase load until the setup feels locked in.

---

⚙️ ① Setup
🪑 Seat / pads
Fit the seat to your body so the start position sits naturally on the working joint.
⚙️ Adjustments
Check 시트, 가슴/어깨 패드, 스택.
Naming can overlap in this category — trust the levers and pads on the unit in front of you.

---

💪 ② Start position
Stabilize the pelvis and stop thinking about pulling with the neck.
Check only this:
👉 Pelvis locked

---

🔥 ③ Execution
Curl the ribcage toward the pelvis.
Curl or rotate through the torso, then return without momentum.

---

💥 ④ Peak contraction
Stop where the target muscle is most shortened.
⏱️ 1-second STOP
Own that position for one second. This is not where you dump the weight.

---

🐌 ⑤ Controlled return
Do not dump the load.
Take 2–3 seconds on the way back.
Return on the same path you pressed or pulled.

---

❌ Common mistakes
❌ Pulling with the neck
Curl ribs toward the pelvis instead.
❌ Lifting the pelvis and using momentum
Slow the tempo and repeat one clean path.
❌ Forcing an excessive range
If position breaks, cut the load.

---

💡 MACHINE FIT PRO TIP
🔥 Use the guided path on 370 Seated Abs Machine. Slow the first two sets, confirm symmetry, then add load.

---

🎯 MACHINE FIT CHECK
🟢 Seat/pad → fitted
🟢 Torso → braced
🟢 Shoulders → not shrugged
🟢 Return → 2–3 sec control

### 🔥 Remember this

""Torso curl, squeeze, slow return — not the neck."""
GYMLECO,케이블 크로스오버,Cable Crossover,225 Cable Crossover Multigym,VERIFIED,Gymleco,200 Series Cable,https://gymleco.com/products/225-cable-crossover-multi-gym,Gymleco 225 Cable Crossover Multigym(225B 하프도 있음)입니다,"양쪽 풀리 높이, 핸들, 스택","🏋️ GYMLECO — 225 Cable Crossover Multigym · 200 Series Cable

🎯 ONE KEY CUE
🔥 ""양손 케이블을 가슴 앞에서 모아 교차""

Gymleco 225 Cable Crossover Multigym(225B 하프도 있음). Cable Motion · Gymleco line 구조입니다. 처음부터 무게 올리지 말고, 세팅부터 잡으세요.

---

⚙️ ① 기구 세팅
⚙️ 조절 포인트
양쪽 풀리 높이, 핸들, 스택을 확인하세요.

---

💪 ② 시작 자세
발 위치를 잡고 몸통을 브레스한 뒤, 케이블 높이부터 확인합니다.
이 자세에서 이것만 확인하세요.
👉 몸이 케이블에 끌려가지 않는지

---

🔥 ③ 운동 방법
양팔을 아크로 모았다 천천히 벌리기.
반동 없이 같은 궤적을 반복하세요. 흔들리면 중량을 낮춥니다.

---

💥 ④ 최고 수축
목표 근육이 가장 조여지는 끝 지점에서 멈춥니다.
⏱️ 1초 STOP
튕기지 말고 그 지점에서 1초만 소유하세요. 무게를 놓는 순간이 아닙니다.

---

🐌 ⑤ 천천히 돌아오기
중량을 그냥 놓지 마세요.
2~3초 동안 통제하면서 복귀합니다.
시작 자세로 돌아갈 때도 같은 궤적을 유지하세요.

---

❌ 흔한 실수
❌ 어깨를 앞으로 말며 반동으로 당기는
템포를 늦추고 같은 궤적만 반복하세요.
❌ 케이블에 몸이 끌려가는 것
자세가 무너지면 무게를 낮추세요.
❌ 높이 설정을 대충 하고 시작하는 것
자세가 무너지면 무게를 낮추세요.
❌ 스택을 놓듯 되돌리는 것
자세가 무너지면 무게를 낮추세요.

---

💡 MACHINE FIT PRO TIP
🔥 225 Cable Crossover Multigym의 가이드 궤적을 이용하세요. 첫 2세트는 천천히, 대칭이 확인된 뒤에만 무게를 올립니다.

---

🎯 MACHINE FIT CHECK
🟢 몸통 → 브레스·고정
🟢 어깨 → 으쓱하지 않기
🟢 복귀 → 2~3초 통제

### 🔥 이것만 기억하세요

""양손 케이블을 가슴 앞에서 모아 교차. 끝에서 1초, 복귀는 통제.""","🏋️ GYMLECO — 225 Cable Crossover Multigym · 200 Series Cable

🎯 ONE KEY CUE
🔥 ""Bring both cables together and cross in front of the chest""

Gymleco 225 Cable Crossover Multigym(225B 하프도 있음)입니다 Lean into the Cable Motion / Gymleco line design. Do not chase load until the setup feels locked in.

---

⚙️ ① Setup
⚙️ Adjustments
Check 양쪽 풀리 높이, 핸들, 스택.

---

💪 ② Start position
Set the stance, brace, then confirm cable height.
Check only this:
👉 Cable is not towing your torso

---

🔥 ③ Execution
Repeat the same path without momentum. Reduce load if you wobble.
Set the line of pull, move through the elbows, return without letting the stack yank you.

---

💥 ④ Peak contraction
Stop where the target muscle is most shortened.
⏱️ 1-second STOP
Own that position for one second. This is not where you dump the weight.

---

🐌 ⑤ Controlled return
Do not dump the load.
Take 2–3 seconds on the way back.
Return on the same path you pressed or pulled.

---

❌ Common mistakes
❌ Letting the cable tow the torso
If position breaks, cut the load.
❌ Skipping height setup
If position breaks, cut the load.
❌ Dumping the stack on the return
If position breaks, cut the load.

---

💡 MACHINE FIT PRO TIP
🔥 Use the guided path on 225 Cable Crossover Multigym. Slow the first two sets, confirm symmetry, then add load.

---

🎯 MACHINE FIT CHECK
🟢 Torso → braced
🟢 Shoulders → not shrugged
🟢 Return → 2–3 sec control

### 🔥 Remember this

""Bring both cables together and cross in front of the chest. One-second peak, controlled return."""
GYMLECO,듀얼 어저스터블 풀리,Dual Adjustable Pulley,226 Dual Adjustable Pulley,PARTIALLY_VERIFIED,Gymleco,200 Series Cable,https://gymleco.com/products/226-dual-adjustable-pulley,Gymleco 226 Dual Adjustable Pulley(DAP) 펑셔널 트레이너 (카탈로그 '펑셔널 트레이너' → 카테고리 '듀얼 어저스터블 풀리' 매핑),"양쪽 풀리 높이, 핸들, 듀얼 스택","🏋️ GYMLECO — 226 Dual Adjustable Pulley · 200 Series Cable

🎯 ONE KEY CUE
🔥 ""풀리 높이를 맞춘 뒤 코어를 잠그고 케이블 경로만 이동""

Gymleco 226 Dual Adjustable Pulley(DAP) 펑셔널 트레이너 (카탈로그 '펑셔널 트레이너' → 카테고리 '듀얼 어저스터블 풀리' 매핑). Cable Motion · Gymleco line 구조입니다. 처음부터 무게 올리지 말고, 세팅부터 잡으세요.

---

⚙️ ① 기구 세팅
⚙️ 조절 포인트
양쪽 풀리 높이, 핸들, 듀얼 스택을 확인하세요.
이 카테고리는 공식 명칭이 겹칠 수 있으니, 헬스장 기구의 실제 레버·패드 배치를 우선하세요.

---

💪 ② 시작 자세
발 위치를 잡고 몸통을 브레스한 뒤, 케이블 높이부터 확인합니다.
이 자세에서 이것만 확인하세요.
👉 몸이 케이블에 끌려가지 않는지

---

🔥 ③ 운동 방법
설정한 풀리 경로로 밀거나 당기기.
반동 없이 같은 궤적을 반복하세요. 흔들리면 중량을 낮춥니다.

---

💥 ④ 최고 수축
목표 근육이 가장 조여지는 끝 지점에서 멈춥니다.
⏱️ 1초 STOP
튕기지 말고 그 지점에서 1초만 소유하세요. 무게를 놓는 순간이 아닙니다.

---

🐌 ⑤ 천천히 돌아오기
중량을 그냥 놓지 마세요.
2~3초 동안 통제하면서 복귀합니다.
시작 자세로 돌아갈 때도 같은 궤적을 유지하세요.

---

❌ 흔한 실수
❌ 스택이 닿을 때까지 당겨 궤적이 끊기는
자세가 무너지면 무게를 낮추세요.
❌ 케이블에 몸이 끌려가는 것
자세가 무너지면 무게를 낮추세요.
❌ 높이 설정을 대충 하고 시작하는 것
자세가 무너지면 무게를 낮추세요.
❌ 스택을 놓듯 되돌리는 것
자세가 무너지면 무게를 낮추세요.

---

💡 MACHINE FIT PRO TIP
🔥 226 Dual Adjustable Pulley의 가이드 궤적을 이용하세요. 첫 2세트는 천천히, 대칭이 확인된 뒤에만 무게를 올립니다.

---

🎯 MACHINE FIT CHECK
🟢 몸통 → 브레스·고정
🟢 어깨 → 으쓱하지 않기
🟢 복귀 → 2~3초 통제

### 🔥 이것만 기억하세요

""풀리 높이를 맞춘 뒤 코어를 잠그고 케이블 경로만 이동. 끝에서 1초, 복귀는 통제.""","🏋️ GYMLECO — 226 Dual Adjustable Pulley · 200 Series Cable

🎯 ONE KEY CUE
🔥 ""Set pulley height, brace the core, and move only along the cable path""

Gymleco 226 Dual Adjustable Pulley(DAP) 펑셔널 트레이너 (카탈로그 '펑셔널 트레이너' → 카테고리 '듀얼 어저스터블 풀리' 매핑) Lean into the Cable Motion / Gymleco line design. Do not chase load until the setup feels locked in.

---

⚙️ ① Setup
⚙️ Adjustments
Check 양쪽 풀리 높이, 핸들, 듀얼 스택.
Naming can overlap in this category — trust the levers and pads on the unit in front of you.

---

💪 ② Start position
Set the stance, brace, then confirm cable height.
Check only this:
👉 Cable is not towing your torso

---

🔥 ③ Execution
Repeat the same path without momentum. Reduce load if you wobble.
Set the line of pull, move through the elbows, return without letting the stack yank you.

---

💥 ④ Peak contraction
Stop where the target muscle is most shortened.
⏱️ 1-second STOP
Own that position for one second. This is not where you dump the weight.

---

🐌 ⑤ Controlled return
Do not dump the load.
Take 2–3 seconds on the way back.
Return on the same path you pressed or pulled.

---

❌ Common mistakes
❌ Letting the cable tow the torso
If position breaks, cut the load.
❌ Skipping height setup
If position breaks, cut the load.
❌ Dumping the stack on the return
If position breaks, cut the load.

---

💡 MACHINE FIT PRO TIP
🔥 Use the guided path on 226 Dual Adjustable Pulley. Slow the first two sets, confirm symmetry, then add load.

---

🎯 MACHINE FIT CHECK
🟢 Torso → braced
🟢 Shoulders → not shrugged
🟢 Return → 2–3 sec control

### 🔥 Remember this

""Set pulley height, brace the core, and move only along the cable path. One-second peak, controlled return."""
GYMLECO,멀티 정글짐,Multi Jungle Gym,"Half Rack, Double Sided",PARTIALLY_VERIFIED,Gymleco,800 Series Racks,https://gymleco.com/products/half-rack-double-sided,멀티랙 전용명 없이 Double Half Rack·Rig with 6 lifting places가 다기능 랙 (카탈로그 '멀티랙' → 카테고리 '멀티 정글짐' 매핑),"양면 세이프티, 바벨·웨이트 행어, 친바","🏋️ GYMLECO — Half Rack, Double Sided · 800 Series Racks

🎯 ONE KEY CUE
🔥 ""사용 스테이션의 세이프티를 맞춘 뒤 한 동작만 집중""

멀티랙 전용명 없이 Double Half Rack·Rig with 6 lifting places가 다기능 랙 (카탈로그 '멀티랙' → 카테고리 '멀티 정글짐' 매핑). Gymleco line 구조입니다. 처음부터 무게 올리지 말고, 세팅부터 잡으세요.

---

⚙️ ① 기구 세팅
⚙️ 조절 포인트
양면 세이프티, 바벨·웨이트 행어, 친바를 확인하세요.
이 카테고리는 공식 명칭이 겹칠 수 있으니, 헬스장 기구의 실제 레버·패드 배치를 우선하세요.

---

💪 ② 시작 자세
발 위치를 잡고 몸통을 브레스한 뒤, 케이블 높이부터 확인합니다.
이 자세에서 이것만 확인하세요.
👉 몸이 케이블에 끌려가지 않는지

---

🔥 ③ 운동 방법
선택한 리프팅 스테이션에서 언랙·리프트.
반동 없이 같은 궤적을 반복하세요. 흔들리면 중량을 낮춥니다.

---

💥 ④ 최고 수축
목표 근육이 가장 조여지는 끝 지점에서 멈춥니다.
⏱️ 1초 STOP
튕기지 말고 그 지점에서 1초만 소유하세요. 무게를 놓는 순간이 아닙니다.

---

🐌 ⑤ 천천히 돌아오기
중량을 그냥 놓지 마세요.
2~3초 동안 통제하면서 복귀합니다.
시작 자세로 돌아갈 때도 같은 궤적을 유지하세요.

---

❌ 흔한 실수
❌ 양면 사용 시 상대 스테이션 공간을 침범하는
자세가 무너지면 무게를 낮추세요.
❌ 케이블에 몸이 끌려가는 것
자세가 무너지면 무게를 낮추세요.
❌ 높이 설정을 대충 하고 시작하는 것
자세가 무너지면 무게를 낮추세요.
❌ 스택을 놓듯 되돌리는 것
자세가 무너지면 무게를 낮추세요.

---

💡 MACHINE FIT PRO TIP
🔥 Half Rack, Double Sided의 가이드 궤적을 이용하세요. 첫 2세트는 천천히, 대칭이 확인된 뒤에만 무게를 올립니다.

---

🎯 MACHINE FIT CHECK
🟢 몸통 → 브레스·고정
🟢 어깨 → 으쓱하지 않기
🟢 복귀 → 2~3초 통제

### 🔥 이것만 기억하세요

""사용 스테이션의 세이프티를 맞춘 뒤 한 동작만 집중. 끝에서 1초, 복귀는 통제.""","🏋️ GYMLECO — Half Rack, Double Sided · 800 Series Racks

🎯 ONE KEY CUE
🔥 ""Set safeties on your station then focus on one lift""

멀티랙 전용명 없이 Double Half Rack·Rig with 6 lifting places가 다기능 랙 (카탈로그 '멀티랙' → 카테고리 '멀티 정글짐' 매핑) Lean into the Gymleco line design. Do not chase load until the setup feels locked in.

---

⚙️ ① Setup
⚙️ Adjustments
Check 양면 세이프티, 바벨·웨이트 행어, 친바.
Naming can overlap in this category — trust the levers and pads on the unit in front of you.

---

💪 ② Start position
Set the stance, brace, then confirm cable height.
Check only this:
👉 Cable is not towing your torso

---

🔥 ③ Execution
Repeat the same path without momentum. Reduce load if you wobble.
Set the line of pull, move through the elbows, return without letting the stack yank you.

---

💥 ④ Peak contraction
Stop where the target muscle is most shortened.
⏱️ 1-second STOP
Own that position for one second. This is not where you dump the weight.

---

🐌 ⑤ Controlled return
Do not dump the load.
Take 2–3 seconds on the way back.
Return on the same path you pressed or pulled.

---

❌ Common mistakes
❌ Letting the cable tow the torso
If position breaks, cut the load.
❌ Skipping height setup
If position breaks, cut the load.
❌ Dumping the stack on the return
If position breaks, cut the load.

---

💡 MACHINE FIT PRO TIP
🔥 Use the guided path on Half Rack, Double Sided. Slow the first two sets, confirm symmetry, then add load.

---

🎯 MACHINE FIT CHECK
🟢 Torso → braced
🟢 Shoulders → not shrugged
🟢 Return → 2–3 sec control

### 🔥 Remember this

""Set safeties on your station then focus on one lift. One-second peak, controlled return."""
GYMLECO,어시스트 풀업 / 딥,Assisted Pull-up / Dip,314 Chins/Dips,PARTIALLY_VERIFIED,Gymleco,300 Series Selectorized,https://gymleco.com/collections/selectorized-gym-machines,Gymleco 314 Chins/Dips(179 Leglift with Chins and Dips도 콤보) (카탈로그 '친업 딥 콤보' → 카테고리 '어시스트 풀업 / 딥' 매핑),"어시스트/스탠드, 친·딥 그립","🏋️ GYMLECO — 314 Chins/Dips · 300 Series Selectorized

🎯 ONE KEY CUE
🔥 ""친업과 딥을 같은 스테이션에서 그립만 바꿔 수행""

Gymleco 314 Chins/Dips(179 Leglift with Chins and Dips도 콤보) (카탈로그 '친업 딥 콤보' → 카테고리 '어시스트 풀업 / 딥' 매핑). Gymleco line 구조입니다. 처음부터 무게 올리지 말고, 세팅부터 잡으세요.

---

⚙️ ① 기구 세팅
🤲 그립 / 손 위치
딥 그립를 편안한 너비로 잡으세요. 손목이 꺾이지 않게 합니다.
⚙️ 조절 포인트
어시스트/스탠드, 친·딥 그립을 확인하세요.
이 카테고리는 공식 명칭이 겹칠 수 있으니, 헬스장 기구의 실제 레버·패드 배치를 우선하세요.

---

💪 ② 시작 자세
발 위치를 잡고 몸통을 브레스한 뒤, 케이블 높이부터 확인합니다.
이 자세에서 이것만 확인하세요.
👉 몸이 케이블에 끌려가지 않는지

---

🔥 ③ 운동 방법
친업 당김 후 딥 푸시로 전환.
반동 없이 같은 궤적을 반복하세요. 흔들리면 중량을 낮춥니다.

---

💥 ④ 최고 수축
목표 근육이 가장 조여지는 끝 지점에서 멈춥니다.
⏱️ 1초 STOP
튕기지 말고 그 지점에서 1초만 소유하세요. 무게를 놓는 순간이 아닙니다.

---

🐌 ⑤ 천천히 돌아오기
중량을 그냥 놓지 마세요.
2~3초 동안 통제하면서 복귀합니다.
시작 자세로 돌아갈 때도 같은 궤적을 유지하세요.

---

❌ 흔한 실수
❌ 그립 전환 없이 어중간한 자세로 섞는
자세가 무너지면 무게를 낮추세요.
❌ 케이블에 몸이 끌려가는 것
자세가 무너지면 무게를 낮추세요.
❌ 높이 설정을 대충 하고 시작하는 것
자세가 무너지면 무게를 낮추세요.
❌ 스택을 놓듯 되돌리는 것
자세가 무너지면 무게를 낮추세요.

---

💡 MACHINE FIT PRO TIP
🔥 314 Chins/Dips의 가이드 궤적을 이용하세요. 첫 2세트는 천천히, 대칭이 확인된 뒤에만 무게를 올립니다.

---

🎯 MACHINE FIT CHECK
🟢 몸통 → 브레스·고정
🟢 어깨 → 으쓱하지 않기
🟢 복귀 → 2~3초 통제

### 🔥 이것만 기억하세요

""친업과 딥을 같은 스테이션에서 그립만 바꿔 수행. 끝에서 1초, 복귀는 통제.""","🏋️ GYMLECO — 314 Chins/Dips · 300 Series Selectorized

🎯 ONE KEY CUE
🔥 ""Use the same station and switch grips for chins then dips""

Gymleco 314 Chins/Dips(179 Leglift with Chins and Dips도 콤보) (카탈로그 '친업 딥 콤보' → 카테고리 '어시스트 풀업 / 딥' 매핑) Lean into the Gymleco line design. Do not chase load until the setup feels locked in.

---

⚙️ ① Setup
🤲 Grip / hands
Take a comfortable grip width and keep the wrists stacked, not bent.
⚙️ Adjustments
Check 어시스트/스탠드, 친·딥 그립.
Naming can overlap in this category — trust the levers and pads on the unit in front of you.

---

💪 ② Start position
Set the stance, brace, then confirm cable height.
Check only this:
👉 Cable is not towing your torso

---

🔥 ③ Execution
Repeat the same path without momentum. Reduce load if you wobble.
Set the line of pull, move through the elbows, return without letting the stack yank you.

---

💥 ④ Peak contraction
Stop where the target muscle is most shortened.
⏱️ 1-second STOP
Own that position for one second. This is not where you dump the weight.

---

🐌 ⑤ Controlled return
Do not dump the load.
Take 2–3 seconds on the way back.
Return on the same path you pressed or pulled.

---

❌ Common mistakes
❌ Letting the cable tow the torso
If position breaks, cut the load.
❌ Skipping height setup
If position breaks, cut the load.
❌ Dumping the stack on the return
If position breaks, cut the load.

---

💡 MACHINE FIT PRO TIP
🔥 Use the guided path on 314 Chins/Dips. Slow the first two sets, confirm symmetry, then add load.

---

🎯 MACHINE FIT CHECK
🟢 Torso → braced
🟢 Shoulders → not shrugged
🟢 Return → 2–3 sec control

### 🔥 Remember this

""Use the same station and switch grips for chins then dips. One-second peak, controlled return."""
GYMLECO,스미스 머신,Smith Machine,280 Smith Machine,VERIFIED,Gymleco,200 Series,https://gymleco.com/products/280-smith-machine,Gymleco 280 Smith(281 카운터웨이트·285 Multi Smith)입니다,"바 후크, 세이프티, 발 위치, 플레이트","🏋️ GYMLECO — 280 Smith Machine · 200 Series

🎯 ONE KEY CUE
🔥 ""바를 언랙한 뒤 발 위치를 고정하고 가이드 경로로만""

Gymleco 280 Smith(281 카운터웨이트·285 Multi Smith). Gymleco line 구조입니다. 처음부터 무게 올리지 말고, 세팅부터 잡으세요.

---

⚙️ ① 기구 세팅
🦶 발 위치
지지하는 발을 먼저 고정하세요. 흔들리면 중량을 낮춥니다.
⚙️ 조절 포인트
바 후크, 세이프티, 발 위치, 플레이트를 확인하세요.

---

💪 ② 시작 자세
바·안전 높이를 맞춘 뒤 랙 중앙에 몸을 정렬합니다.
이 자세에서 이것만 확인하세요.
👉 안전바가 내 가동범위에 맞는지

---

🔥 ③ 운동 방법
바를 가이드를 따라 내렸다 밀어 올리기.
반동 없이 같은 궤적을 반복하세요. 흔들리면 중량을 낮춥니다.

---

💥 ④ 최고 수축
목표 근육이 가장 조여지는 끝 지점에서 멈춥니다.
⏱️ 1초 STOP
튕기지 말고 그 지점에서 1초만 소유하세요. 무게를 놓는 순간이 아닙니다.

---

🐌 ⑤ 천천히 돌아오기
중량을 그냥 놓지 마세요.
2~3초 동안 통제하면서 복귀합니다.
시작 자세로 돌아갈 때도 같은 궤적을 유지하세요.

---

❌ 흔한 실수
❌ 세이프티 없이 고중량을 시도하는
자세가 무너지면 무게를 낮추세요.
❌ 안전바 높이를 안 맞추고 올리는 것
세트 전에 안전 위치부터 다시 맞추세요.
❌ 좌우 원판 불균형
자세가 무너지면 무게를 낮추세요.
❌ 바 경로와 발 위치가 어긋나는 것
자세가 무너지면 무게를 낮추세요.

---

💡 MACHINE FIT PRO TIP
🔥 해머 스트렝스 랙/스미스는 “바 경로에 몸을 맞추는” 장비입니다. 중량보다 안전바·시작 높이·발 위치를 먼저 고정하세요.

---

🎯 MACHINE FIT CHECK
🟢 안전바 → 가동범위에 맞춤
🟢 어깨 → 으쓱하지 않기
🟢 복귀 → 2~3초 통제

### 🔥 이것만 기억하세요

""바를 언랙한 뒤 발 위치를 고정하고 가이드 경로로만. 끝에서 1초, 복귀는 통제.""","🏋️ GYMLECO — 280 Smith Machine · 200 Series

🎯 ONE KEY CUE
🔥 ""Unrack, fix foot placement, and stay on the guided path""

Gymleco 280 Smith(281 카운터웨이트·285 Multi Smith)입니다 Lean into the Gymleco line design. Do not chase load until the setup feels locked in.

---

⚙️ ① Setup
🦶 Feet
Lock in the support foot before you move. Reduce load if you wobble.
⚙️ Adjustments
Check 바 후크, 세이프티, 발 위치, 플레이트.

---

💪 ② Start position
Set bar and safety height, then center yourself in the rack.
Check only this:
👉 Safeties match your range

---

🔥 ③ Execution
Repeat the same path without momentum. Reduce load if you wobble.
Stay centered on the bar path and control every rep into the safeties.

---

💥 ④ Peak contraction
Stop where the target muscle is most shortened.
⏱️ 1-second STOP
Own that position for one second. This is not where you dump the weight.

---

🐌 ⑤ Controlled return
Do not dump the load.
Take 2–3 seconds on the way back.
Return on the same path you pressed or pulled.

---

❌ Common mistakes
❌ Loading before setting safeties
Reset safety height before the set.
❌ Uneven plates
Match both sides, then confirm with a light set.
❌ Feet fighting the bar path
If position breaks, cut the load.

---

💡 MACHINE FIT PRO TIP
🔥 Hammer Strength racks/Smith units reward lining your body up to the bar path. Safeties and foot placement beat ego loading.

---

🎯 MACHINE FIT CHECK
🟢 Safeties → match your range
🟢 Shoulders → not shrugged
🟢 Return → 2–3 sec control

### 🔥 Remember this

""Unrack, fix foot placement, and stay on the guided path. One-second peak, controlled return."""
GYMLECO,파워 랙,Power Rack,149 Power Rack,PARTIALLY_VERIFIED,Gymleco,100 Series Core,https://gymleco.com/products/power-rack,Gymleco 149 Power Rack(649 Power Rack/Cage도 있음) (카탈로그 '파워랙' → 카테고리 '파워 랙' 매핑),"바벨 홀더, 세이프티 바, 친업 옵션","🏋️ GYMLECO — 149 Power Rack · 100 Series Core

🎯 ONE KEY CUE
🔥 ""제이훅·세이프티 높이를 맞춘 뒤 바 경로만 집중""

Gymleco 149 Power Rack(649 Power Rack/Cage도 있음) (카탈로그 '파워랙' → 카테고리 '파워 랙' 매핑). Gymleco line 구조입니다. 처음부터 무게 올리지 말고, 세팅부터 잡으세요.

---

⚙️ ① 기구 세팅
⚙️ 조절 포인트
바벨 홀더, 세이프티 바, 친업 옵션을 확인하세요.
이 카테고리는 공식 명칭이 겹칠 수 있으니, 헬스장 기구의 실제 레버·패드 배치를 우선하세요.

---

💪 ② 시작 자세
바·안전 높이를 맞춘 뒤 랙 중앙에 몸을 정렬합니다.
이 자세에서 이것만 확인하세요.
👉 안전바가 내 가동범위에 맞는지

---

🔥 ③ 운동 방법
언랙·리프트·리랙을 설정 경로로.
반동 없이 같은 궤적을 반복하세요. 흔들리면 중량을 낮춥니다.

---

💥 ④ 최고 수축
목표 근육이 가장 조여지는 끝 지점에서 멈춥니다.
⏱️ 1초 STOP
튕기지 말고 그 지점에서 1초만 소유하세요. 무게를 놓는 순간이 아닙니다.

---

🐌 ⑤ 천천히 돌아오기
중량을 그냥 놓지 마세요.
2~3초 동안 통제하면서 복귀합니다.
시작 자세로 돌아갈 때도 같은 궤적을 유지하세요.

---

❌ 흔한 실수
❌ 세이프티를 너무 낮게 두어 실패 시 위험한
자세가 무너지면 무게를 낮추세요.
❌ 안전바 높이를 안 맞추고 올리는 것
세트 전에 안전 위치부터 다시 맞추세요.
❌ 좌우 원판 불균형
자세가 무너지면 무게를 낮추세요.
❌ 바 경로와 발 위치가 어긋나는 것
자세가 무너지면 무게를 낮추세요.

---

💡 MACHINE FIT PRO TIP
🔥 해머 스트렝스 랙/스미스는 “바 경로에 몸을 맞추는” 장비입니다. 중량보다 안전바·시작 높이·발 위치를 먼저 고정하세요.

---

🎯 MACHINE FIT CHECK
🟢 안전바 → 가동범위에 맞춤
🟢 어깨 → 으쓱하지 않기
🟢 복귀 → 2~3초 통제

### 🔥 이것만 기억하세요

""제이훅·세이프티 높이를 맞춘 뒤 바 경로만 집중. 끝에서 1초, 복귀는 통제.""","🏋️ GYMLECO — 149 Power Rack · 100 Series Core

🎯 ONE KEY CUE
🔥 ""Set J-hooks and safeties then focus only on the bar path""

Gymleco 149 Power Rack(649 Power Rack/Cage도 있음) (카탈로그 '파워랙' → 카테고리 '파워 랙' 매핑) Lean into the Gymleco line design. Do not chase load until the setup feels locked in.

---

⚙️ ① Setup
⚙️ Adjustments
Check 바벨 홀더, 세이프티 바, 친업 옵션.
Naming can overlap in this category — trust the levers and pads on the unit in front of you.

---

💪 ② Start position
Set bar and safety height, then center yourself in the rack.
Check only this:
👉 Safeties match your range

---

🔥 ③ Execution
Repeat the same path without momentum. Reduce load if you wobble.
Stay centered on the bar path and control every rep into the safeties.

---

💥 ④ Peak contraction
Stop where the target muscle is most shortened.
⏱️ 1-second STOP
Own that position for one second. This is not where you dump the weight.

---

🐌 ⑤ Controlled return
Do not dump the load.
Take 2–3 seconds on the way back.
Return on the same path you pressed or pulled.

---

❌ Common mistakes
❌ Loading before setting safeties
Reset safety height before the set.
❌ Uneven plates
Match both sides, then confirm with a light set.
❌ Feet fighting the bar path
If position breaks, cut the load.

---

💡 MACHINE FIT PRO TIP
🔥 Hammer Strength racks/Smith units reward lining your body up to the bar path. Safeties and foot placement beat ego loading.

---

🎯 MACHINE FIT CHECK
🟢 Safeties → match your range
🟢 Shoulders → not shrugged
🟢 Return → 2–3 sec control

### 🔥 Remember this

""Set J-hooks and safeties then focus only on the bar path. One-second peak, controlled return."""
GYMLECO,하프 랙,Half Rack,Half Rack,PARTIALLY_VERIFIED,Gymleco,800 Series Racks,https://gymleco.com/collections/racks-rigs,Gymleco Half Rack(더블 사이드 Half Rack Double Sided도 있음) (카탈로그 '하프랙' → 카테고리 '하프 랙' 매핑),"바벨 행어, 세이프티, 웨이트 행어","🏋️ GYMLECO — Half Rack · 800 Series Racks

🎯 ONE KEY CUE
🔥 ""세이프티 높이를 맞춘 뒤 수직으로 리프트""

Gymleco Half Rack(더블 사이드 Half Rack Double Sided도 있음) (카탈로그 '하프랙' → 카테고리 '하프 랙' 매핑). Gymleco line 구조입니다. 처음부터 무게 올리지 말고, 세팅부터 잡으세요.

---

⚙️ ① 기구 세팅
⚙️ 조절 포인트
바벨 행어, 세이프티, 웨이트 행어를 확인하세요.
이 카테고리는 공식 명칭이 겹칠 수 있으니, 헬스장 기구의 실제 레버·패드 배치를 우선하세요.

---

💪 ② 시작 자세
바·안전 높이를 맞춘 뒤 랙 중앙에 몸을 정렬합니다.
이 자세에서 이것만 확인하세요.
👉 안전바가 내 가동범위에 맞는지

---

🔥 ③ 운동 방법
바를 언랙해 리프트한 뒤 리랙.
반동 없이 같은 궤적을 반복하세요. 흔들리면 중량을 낮춥니다.

---

💥 ④ 최고 수축
목표 근육이 가장 조여지는 끝 지점에서 멈춥니다.
⏱️ 1초 STOP
튕기지 말고 그 지점에서 1초만 소유하세요. 무게를 놓는 순간이 아닙니다.

---

🐌 ⑤ 천천히 돌아오기
중량을 그냥 놓지 마세요.
2~3초 동안 통제하면서 복귀합니다.
시작 자세로 돌아갈 때도 같은 궤적을 유지하세요.

---

❌ 흔한 실수
❌ 세이프티 없이 스쿼트·벤치를 하는
자세가 무너지면 무게를 낮추세요.
❌ 안전바 높이를 안 맞추고 올리는 것
세트 전에 안전 위치부터 다시 맞추세요.
❌ 좌우 원판 불균형
자세가 무너지면 무게를 낮추세요.
❌ 바 경로와 발 위치가 어긋나는 것
자세가 무너지면 무게를 낮추세요.

---

💡 MACHINE FIT PRO TIP
🔥 해머 스트렝스 랙/스미스는 “바 경로에 몸을 맞추는” 장비입니다. 중량보다 안전바·시작 높이·발 위치를 먼저 고정하세요.

---

🎯 MACHINE FIT CHECK
🟢 안전바 → 가동범위에 맞춤
🟢 어깨 → 으쓱하지 않기
🟢 복귀 → 2~3초 통제

### 🔥 이것만 기억하세요

""세이프티 높이를 맞춘 뒤 수직으로 리프트. 끝에서 1초, 복귀는 통제.""","🏋️ GYMLECO — Half Rack · 800 Series Racks

🎯 ONE KEY CUE
🔥 ""Set safety height then lift on a vertical path""

Gymleco Half Rack(더블 사이드 Half Rack Double Sided도 있음) (카탈로그 '하프랙' → 카테고리 '하프 랙' 매핑) Lean into the Gymleco line design. Do not chase load until the setup feels locked in.

---

⚙️ ① Setup
⚙️ Adjustments
Check 바벨 행어, 세이프티, 웨이트 행어.
Naming can overlap in this category — trust the levers and pads on the unit in front of you.

---

💪 ② Start position
Set bar and safety height, then center yourself in the rack.
Check only this:
👉 Safeties match your range

---

🔥 ③ Execution
Repeat the same path without momentum. Reduce load if you wobble.
Stay centered on the bar path and control every rep into the safeties.

---

💥 ④ Peak contraction
Stop where the target muscle is most shortened.
⏱️ 1-second STOP
Own that position for one second. This is not where you dump the weight.

---

🐌 ⑤ Controlled return
Do not dump the load.
Take 2–3 seconds on the way back.
Return on the same path you pressed or pulled.

---

❌ Common mistakes
❌ Loading before setting safeties
Reset safety height before the set.
❌ Uneven plates
Match both sides, then confirm with a light set.
❌ Feet fighting the bar path
If position breaks, cut the load.

---

💡 MACHINE FIT PRO TIP
🔥 Hammer Strength racks/Smith units reward lining your body up to the bar path. Safeties and foot placement beat ego loading.

---

🎯 MACHINE FIT CHECK
🟢 Safeties → match your range
🟢 Shoulders → not shrugged
🟢 Return → 2–3 sec control

### 🔥 Remember this

""Set safety height then lift on a vertical path. One-second peak, controlled return."""
