brand_code,machine_name_ko,machine_name_en,verified_model,verification_status,manufacturer,product_series,source_url,verified_structure,verified_adjustments,exercise_tip,exercise_tip_en
HAMMER_STRENGTH,체스트 프레스,Chest Press,Hammer Strength Select Chest Press,VERIFIED,Life Fitness (Hammer Strength),Select,https://www.lifefitness.com/en-us/catalog/strength-training/selectorized/hammer-strength-select,Hammer Strength Select 라인의 셀렉터라이즈드 체스트 프레스(HS-CP)입니다.,"시트 높이, 스택 핀, 손잡이","🏋️ HAMMER STRENGTH — Hammer Strength Select Chest Press · Select

🎯 ONE KEY CUE
🔥 ""등을 패드에 고정하고 가슴 중앙으로 밀기""

⚙️ ① 기구 세팅
📋 검증 상태: VERIFIED
🏷️ 확인 모델: Hammer Strength Select Chest Press
Hammer Strength Select 라인의 셀렉터라이즈드 체스트 프레스(HS-CP)입니다.
⚙️ 조절 포인트: 시트 높이, 스택 핀, 손잡이

🛤️ ② 운동 경로
가슴 높이에서 손잡이를 앞쪽으로 밀었다 천천히 복귀

⚠️ ③ 흔한 실수
어깨를 앞으로 말리며 반동으로 밀어내는 것

💡 MACHINE FIT PRO TIP
Select 라인 특성(가이드 궤적·좌우 독립·플레이트 로딩)에 맞춰 첫 2세트는 템포를 늦추고, 좌우/전후 대칭을 확인한 다음 무게를 올리세요.","🏋️ HAMMER STRENGTH — Hammer Strength Select Chest Press · Select

🎯 ONE KEY CUE
🔥 ""Keep the back on the pad and press through the center of the chest""

⚙️ ① Setup
📋 Status: VERIFIED
🏷️ Verified model: Hammer Strength Select Chest Press
Hammer Strength Select 라인의 셀렉터라이즈드 체스트 프레스(HS-CP).
⚙️ Adjustments: 시트 높이, 스택 핀, 손잡이

🛤️ ② Movement path
가슴 높이에서 손잡이를 앞쪽으로 press었다 천천히 return

⚠️ ③ Common mistake
어깨를 앞으로 말리며 반동으로 밀어내는 

💡 MACHINE FIT PRO TIP
Use the Select guided path: slow the first two sets, check left-right symmetry, then add load."
HAMMER_STRENGTH,인클라인 체스트 프레스,Incline Chest Press,MTS Iso-Lateral Incline Press,VERIFIED,Life Fitness (Hammer Strength),MTS,https://www.lifefitness.com/en-us/catalog/strength-training/selectorized/motion-technology-selectorised,MTS 라인의 독립 스택 인클라인 체스트 프레스(MTSIP)입니다.,"시트, 패드, 스택 핀","🏋️ HAMMER STRENGTH — MTS Iso-Lateral Incline Press · MTS

🎯 ONE KEY CUE
🔥 ""견갑을 고정하고 대각선 위로 밀기""

⚙️ ① 기구 세팅
📋 검증 상태: VERIFIED
🏷️ 확인 모델: MTS Iso-Lateral Incline Press
MTS 라인의 독립 스택 인클라인 체스트 프레스(MTSIP)입니다.
⚙️ 조절 포인트: 시트, 패드, 스택 핀

🛤️ ② 운동 경로
인클라인 각도에서 손잡이를 위·앞으로 밀었다 복귀

⚠️ ③ 흔한 실수
허리를 과하게 아치해 상부 가슴 대신 요추에 힘을 주는 것

💡 MACHINE FIT PRO TIP
MTS 라인 특성(가이드 궤적·좌우 독립·플레이트 로딩)에 맞춰 첫 2세트는 템포를 늦추고, 좌우/전후 대칭을 확인한 다음 무게를 올리세요.","🏋️ HAMMER STRENGTH — MTS Iso-Lateral Incline Press · MTS

🎯 ONE KEY CUE
🔥 ""Set the scapula and press upward on a diagonal""

⚙️ ① Setup
📋 Status: VERIFIED
🏷️ Verified model: MTS Iso-Lateral Incline Press
MTS 라인의 독립 스택 인클라인 체스트 프레스(MTSIP).
⚙️ Adjustments: 시트, 패드, 스택 핀

🛤️ ② Movement path
인클라인 각도에서 손잡이를 위·앞으로 press었다 return

⚠️ ③ Common mistake
허리를 과하게 아치해 상부 가슴 대신 요추에 힘을 주는 

💡 MACHINE FIT PRO TIP
Use the MTS guided path: slow the first two sets, check left-right symmetry, then add load."
HAMMER_STRENGTH,디클라인 체스트 프레스,Decline Chest Press,MTS Iso-Lateral Decline Press,VERIFIED,Life Fitness (Hammer Strength),MTS,https://www.lifefitness.com/en-us/catalog/strength-training/selectorized/motion-technology-selectorised,MTS 라인의 독립 스택 디클라인 체스트 프레스(MTSDP)입니다.,"시트, 패드, 스택 핀","🏋️ HAMMER STRENGTH — MTS Iso-Lateral Decline Press · MTS

🎯 ONE KEY CUE
🔥 ""하부 가슴을 목표로 아래·앞 방향으로 밀기""

⚙️ ① 기구 세팅
📋 검증 상태: VERIFIED
🏷️ 확인 모델: MTS Iso-Lateral Decline Press
MTS 라인의 독립 스택 디클라인 체스트 프레스(MTSDP)입니다.
⚙️ 조절 포인트: 시트, 패드, 스택 핀

🛤️ ② 운동 경로
디클라인 각도에서 손잡이를 아래·앞으로 밀었다 복귀

⚠️ ③ 흔한 실수
팔꿈치를 몸통 밖으로 과하게 벌리는 것

💡 MACHINE FIT PRO TIP
MTS 라인 특성(가이드 궤적·좌우 독립·플레이트 로딩)에 맞춰 첫 2세트는 템포를 늦추고, 좌우/전후 대칭을 확인한 다음 무게를 올리세요.","🏋️ HAMMER STRENGTH — MTS Iso-Lateral Decline Press · MTS

🎯 ONE KEY CUE
🔥 ""Press down and forward toward the lower chest""

⚙️ ① Setup
📋 Status: VERIFIED
🏷️ Verified model: MTS Iso-Lateral Decline Press
MTS 라인의 독립 스택 디클라인 체스트 프레스(MTSDP).
⚙️ Adjustments: 시트, 패드, 스택 핀

🛤️ ② Movement path
디클라인 각도에서 손잡이를 아래·앞으로 press었다 return

⚠️ ③ Common mistake
팔꿈치를 몸통 밖으로 과하게 벌리는 

💡 MACHINE FIT PRO TIP
Use the MTS guided path: slow the first two sets, check left-right symmetry, then add load."
HAMMER_STRENGTH,컨버징 체스트 프레스,Converging Chest Press,Plate-Loaded Iso-Lateral Wide Chest,PARTIALLY_VERIFIED,Life Fitness (Hammer Strength),Plate-Loaded,https://www.lifefitness.com/en-us/catalog/strength-training/plate-loaded/plate-loaded-iso-lateral-wide-chest,"공식 명칭은 Wide Chest(IL-WC)이며, 수렴(converging) 궤적의 플레이트로드 체스트 프레스입니다. 별도 ""Converging Chest Press"" SKU는 없습니다.","시트, 팔 시작 위치, 중량","🏋️ HAMMER STRENGTH — Plate-Loaded Iso-Lateral Wide Chest · Plate-Loaded

🎯 ONE KEY CUE
🔥 ""넓은 시작에서 가슴 중앙으로 수렴하며 밀기""

⚙️ ① 기구 세팅
📋 검증 상태: PARTIALLY_VERIFIED
🏷️ 확인 모델: Plate-Loaded Iso-Lateral Wide Chest
공식 명칭은 Wide Chest(IL-WC)이며, 수렴(converging) 궤적의 플레이트로드 체스트 프레스입니다. 별도 ""Converging Chest Press"" SKU는 없습니다.
⚙️ 조절 포인트: 시트, 팔 시작 위치, 중량

🛤️ ② 운동 경로
양팔이 바깥에서 안쪽으로 수렴하며 앞·아래로 프레스

⚠️ ③ 흔한 실수
수렴 궤적을 무시하고 평행으로만 밀어내는 것

💡 MACHINE FIT PRO TIP
Plate-Loaded 라인 특성(가이드 궤적·좌우 독립·플레이트 로딩)에 맞춰 첫 2세트는 템포를 늦추고, 좌우/전후 대칭을 확인한 다음 무게를 올리세요.","🏋️ HAMMER STRENGTH — Plate-Loaded Iso-Lateral Wide Chest · Plate-Loaded

🎯 ONE KEY CUE
🔥 ""Press from a wide start and converge toward the center of the chest""

⚙️ ① Setup
📋 Status: PARTIALLY_VERIFIED
🏷️ Verified model: Plate-Loaded Iso-Lateral Wide Chest
공식 명칭은 Wide Chest(IL-WC)이며, 수렴(converging) 궤적의 플레이트로드 체스트 프레스입니다. 별도 ""Converging Chest Press"" SKU는 없습니다.
⚙️ Adjustments: 시트, 팔 시작 위치, 중량

🛤️ ② Movement path
양팔이 바깥에서 안쪽으로 수렴하며 앞·아래로 프레스

⚠️ ③ Common mistake
수렴 궤적을 무시하고 평행으로만 밀어내는 

💡 MACHINE FIT PRO TIP
Use the Plate-Loaded guided path: slow the first two sets, check left-right symmetry, then add load."
HAMMER_STRENGTH,아이소래터럴 체스트 프레스,Iso-Lateral Chest Press,MTS Iso-Lateral Chest Press,VERIFIED,Life Fitness (Hammer Strength),MTS,https://www.lifefitness.com/en-us/catalog/strength-training/selectorized/motion-technology-selectorised,MTS Iso-Lateral Chest Press(MTSCP)로 좌우 독립 스택과 아이소래터럴 프레스 동작을 제공합니다.,"시트, 패드, 좌·우 스택 핀","🏋️ HAMMER STRENGTH — MTS Iso-Lateral Chest Press · MTS

🎯 ONE KEY CUE
🔥 ""좌우를 같은 속도로 밀며 불균형 확인""

⚙️ ① 기구 세팅
📋 검증 상태: VERIFIED
🏷️ 확인 모델: MTS Iso-Lateral Chest Press
MTS Iso-Lateral Chest Press(MTSCP)로 좌우 독립 스택과 아이소래터럴 프레스 동작을 제공합니다.
⚙️ 조절 포인트: 시트, 패드, 좌·우 스택 핀

🛤️ ② 운동 경로
각 팔이 독립적으로 앞으로 밀었다 천천히 복귀

⚠️ ③ 흔한 실수
한쪽 팔만 먼저 밀어 비대칭을 키우는 것

💡 MACHINE FIT PRO TIP
MTS 라인 특성(가이드 궤적·좌우 독립·플레이트 로딩)에 맞춰 첫 2세트는 템포를 늦추고, 좌우/전후 대칭을 확인한 다음 무게를 올리세요.","🏋️ HAMMER STRENGTH — MTS Iso-Lateral Chest Press · MTS

🎯 ONE KEY CUE
🔥 ""Press both sides at the same speed and watch for imbalances""

⚙️ ① Setup
📋 Status: VERIFIED
🏷️ Verified model: MTS Iso-Lateral Chest Press
MTS Iso-Lateral Chest Press(MTSCP)로 좌우 독립 스택과 아이소래터럴 프레스 동작을 제공합니다.
⚙️ Adjustments: 시트, 패드, 좌·우 스택 핀

🛤️ ② Movement path
각 팔이 독립적으로 앞으로 press었다 천천히 return

⚠️ ③ Common mistake
한쪽 팔만 먼저 밀어 비대칭을 키우는 

💡 MACHINE FIT PRO TIP
Use the MTS guided path: slow the first two sets, check left-right symmetry, then add load."
HAMMER_STRENGTH,플레이트로드 체스트 프레스,Plate-Loaded Chest Press,Plate-Loaded Iso-Lateral Bench Press,VERIFIED,Life Fitness (Hammer Strength),Plate-Loaded,https://www.lifefitness.com/en-us/catalog/strength-training/plate-loaded,플레이트로드 Iso-Lateral Bench Press(IL-BP)로 독립 팔 프레스 동작을 제공합니다.,"시트, 패드, 중량","🏋️ HAMMER STRENGTH — Plate-Loaded Iso-Lateral Bench Press · Plate-Loaded

🎯 ONE KEY CUE
🔥 ""가슴 높이에서 팔꿈치와 손목 정렬 유지""

⚙️ ① 기구 세팅
📋 검증 상태: VERIFIED
🏷️ 확인 모델: Plate-Loaded Iso-Lateral Bench Press
플레이트로드 Iso-Lateral Bench Press(IL-BP)로 독립 팔 프레스 동작을 제공합니다.
⚙️ 조절 포인트: 시트, 패드, 중량

🛤️ ② 운동 경로
수평에 가까운 각도에서 손잡이를 앞으로 밀었다 복귀

⚠️ ③ 흔한 실수
플레이트 편차로 좌우 저항이 달라지는 것

💡 MACHINE FIT PRO TIP
Plate-Loaded 라인 특성(가이드 궤적·좌우 독립·플레이트 로딩)에 맞춰 첫 2세트는 템포를 늦추고, 좌우/전후 대칭을 확인한 다음 무게를 올리세요.","🏋️ HAMMER STRENGTH — Plate-Loaded Iso-Lateral Bench Press · Plate-Loaded

🎯 ONE KEY CUE
🔥 ""Keep elbows and wrists aligned at chest height""

⚙️ ① Setup
📋 Status: VERIFIED
🏷️ Verified model: Plate-Loaded Iso-Lateral Bench Press
플레이트로드 Iso-Lateral Bench Press(IL-BP)로 독립 팔 프레스 동작을 제공합니다.
⚙️ Adjustments: 시트, 패드, 중량

🛤️ ② Movement path
수평에 가까운 각도에서 손잡이를 앞으로 press었다 return

⚠️ ③ Common mistake
플레이트 편차로 좌우 저항이 달라지는 

💡 MACHINE FIT PRO TIP
Use the Plate-Loaded guided path: slow the first two sets, check left-right symmetry, then add load."
HAMMER_STRENGTH,펙덱,Pec Deck,Hammer Strength Select Pectoral Fly,VERIFIED,Life Fitness (Hammer Strength),Select,https://www.lifefitness.com/en-us/catalog/strength-training/selectorized/hammer-strength-select,Select Pectoral Fly(HS-PEC) 셀렉터라이즈드 펙덱 머신입니다.,"시트, 팔 패드, 스택 핀","🏋️ HAMMER STRENGTH — Hammer Strength Select Pectoral Fly · Select

🎯 ONE KEY CUE
🔥 ""견갑을 고정하고 팔꿈치를 안쪽으로 모으기""

⚙️ ① 기구 세팅
📋 검증 상태: VERIFIED
🏷️ 확인 모델: Hammer Strength Select Pectoral Fly
Select Pectoral Fly(HS-PEC) 셀렉터라이즈드 펙덱 머신입니다.
⚙️ 조절 포인트: 시트, 팔 패드, 스택 핀

🛤️ ② 운동 경로
팔을 넓게 시작해 가슴 앞에서 모았다 천천히 벌리기

⚠️ ③ 흔한 실수
어깨를 앞으로 굴러 플라이를 프레스로 대체하는 것

💡 MACHINE FIT PRO TIP
Select 라인 특성(가이드 궤적·좌우 독립·플레이트 로딩)에 맞춰 첫 2세트는 템포를 늦추고, 좌우/전후 대칭을 확인한 다음 무게를 올리세요.","🏋️ HAMMER STRENGTH — Hammer Strength Select Pectoral Fly · Select

🎯 ONE KEY CUE
🔥 ""Pin the scapula and bring the elbows together in front""

⚙️ ① Setup
📋 Status: VERIFIED
🏷️ Verified model: Hammer Strength Select Pectoral Fly
Select Pectoral Fly(HS-PEC) 셀렉터라이즈드 펙덱 머신.
⚙️ Adjustments: 시트, 팔 패드, 스택 핀

🛤️ ② Movement path
팔을 넓게 시작해 가슴 앞에서 모았다 천천히 벌리기

⚠️ ③ Common mistake
어깨를 앞으로 굴러 플라이를 프레스로 대체하는 

💡 MACHINE FIT PRO TIP
Use the Select guided path: slow the first two sets, check left-right symmetry, then add load."
HAMMER_STRENGTH,리어 델트 / 리버스 펙덱,Rear Delt / Reverse Pec Deck,Hammer Strength Select Pectoral Fly/Rear Deltoid,VERIFIED,Life Fitness (Hammer Strength),Select,https://www.lifefitness.com/en-us/catalog/strength-training/selectorized/hammer-strength-select,Select Pectoral Fly/Rear Deltoid(HS-FLY)로 펙덱·리어 델트 양면 사용이 가능합니다.,"시트, 팔 패드 방향, 스택 핀","🏋️ HAMMER STRENGTH — Hammer Strength Select Pectoral Fly/Rear Deltoid · Select

🎯 ONE KEY CUE
🔥 ""리어 델트 모드에서 팔꿈치를 뒤·바깥으로 열기""

⚙️ ① 기구 세팅
📋 검증 상태: VERIFIED
🏷️ 확인 모델: Hammer Strength Select Pectoral Fly/Rear Deltoid
Select Pectoral Fly/Rear Deltoid(HS-FLY)로 펙덱·리어 델트 양면 사용이 가능합니다.
⚙️ 조절 포인트: 시트, 팔 패드 방향, 스택 핀

🛤️ ② 운동 경로
가슴 앞에서 팔을 뒤·바깥으로 벌렸다 복귀

⚠️ ③ 흔한 실수
견갑을 앞으로 말리며 후면 어깨 대신 승모근을 쓰는 것

💡 MACHINE FIT PRO TIP
Select 라인 특성(가이드 궤적·좌우 독립·플레이트 로딩)에 맞춰 첫 2세트는 템포를 늦추고, 좌우/전후 대칭을 확인한 다음 무게를 올리세요.","🏋️ HAMMER STRENGTH — Hammer Strength Select Pectoral Fly/Rear Deltoid · Select

🎯 ONE KEY CUE
🔥 ""In rear-delt mode, open the elbows back and out""

⚙️ ① Setup
📋 Status: VERIFIED
🏷️ Verified model: Hammer Strength Select Pectoral Fly/Rear Deltoid
Select Pectoral Fly/Rear Deltoid(HS-FLY)로 펙덱·리어 델트 양면 사용이 가능합니다.
⚙️ Adjustments: 시트, 팔 패드 방향, 스택 핀

🛤️ ② Movement path
가슴 앞에서 팔을 뒤·바깥으로 벌렸다 return

⚠️ ③ Common mistake
견갑을 앞으로 말리며 후면 어깨 대신 승모근을 쓰는 

💡 MACHINE FIT PRO TIP
Use the Select guided path: slow the first two sets, check left-right symmetry, then add load."
HAMMER_STRENGTH,플라이 머신,Fly Machine,Hammer Strength Select Pectoral Fly,PARTIALLY_VERIFIED,Life Fitness (Hammer Strength),Select,https://www.lifefitness.com/en-us/catalog/strength-training/selectorized/hammer-strength-select,공식 플라이 전용 모델은 Select Pectoral Fly(HS-PEC)입니다. HS-FLY는 리어 델트 겸용입니다.,"시트, 팔 패드, 스택 핀","🏋️ HAMMER STRENGTH — Hammer Strength Select Pectoral Fly · Select

🎯 ONE KEY CUE
🔥 ""가슴을 펼친 뒤 팔꿈치 기준으로 안쪽으로 모으기""

⚙️ ① 기구 세팅
📋 검증 상태: PARTIALLY_VERIFIED
🏷️ 확인 모델: Hammer Strength Select Pectoral Fly
공식 플라이 전용 모델은 Select Pectoral Fly(HS-PEC)입니다. HS-FLY는 리어 델트 겸용입니다.
⚙️ 조절 포인트: 시트, 팔 패드, 스택 핀

🛤️ ② 운동 경로
넓은 호를 그리며 팔을 가슴 앞에서 모았다 벌리기

⚠️ ③ 흔한 실수
HS-FLY 리어 델트 모드와 HS-PEC 펙 플라이를 혼동하는 것

💡 MACHINE FIT PRO TIP
Select 라인 특성(가이드 궤적·좌우 독립·플레이트 로딩)에 맞춰 첫 2세트는 템포를 늦추고, 좌우/전후 대칭을 확인한 다음 무게를 올리세요.","🏋️ HAMMER STRENGTH — Hammer Strength Select Pectoral Fly · Select

🎯 ONE KEY CUE
🔥 ""Open the chest, then hug inward through the elbows""

⚙️ ① Setup
📋 Status: PARTIALLY_VERIFIED
🏷️ Verified model: Hammer Strength Select Pectoral Fly
공식 플라이 전용 모델은 Select Pectoral Fly(HS-PEC)입니다. HS-FLY는 리어 델트 겸용.
⚙️ Adjustments: 시트, 팔 패드, 스택 핀

🛤️ ② Movement path
넓은 호를 그리며 팔을 가슴 앞에서 모았다 벌리기

⚠️ ③ Common mistake
HS-FLY 리어 델트 모드와 HS-PEC 펙 플라이를 혼동하는 

💡 MACHINE FIT PRO TIP
Use the Select guided path: slow the first two sets, check left-right symmetry, then add load."
HAMMER_STRENGTH,딥 머신,Dip Machine,Plate-Loaded Seated Dip,VERIFIED,Life Fitness (Hammer Strength),Plate-Loaded,https://www.lifefitness.com/en-us/catalog/strength-training/plate-loaded,Plate-Loaded Seated Dip(PL-DIP)으로 보조 없이 좌식 딥 동작을 수행합니다.,"시트, 그립, 중량","🏋️ HAMMER STRENGTH — Plate-Loaded Seated Dip · Plate-Loaded

🎯 ONE KEY CUE
🔥 ""견갑을 아래로 고정하고 팔꿈치를 뒤로 굽히기""

⚙️ ① 기구 세팅
📋 검증 상태: VERIFIED
🏷️ 확인 모델: Plate-Loaded Seated Dip
Plate-Loaded Seated Dip(PL-DIP)으로 보조 없이 좌식 딥 동작을 수행합니다.
⚙️ 조절 포인트: 시트, 그립, 중량

🛤️ ② 운동 경로
팔꿈치 신전 상태에서 상완을 수직 아래로 내렸다 밀어 올리기

⚠️ ③ 흔한 실수
어깨를 앞으로 말리며 깊게 내려가는 것

💡 MACHINE FIT PRO TIP
Plate-Loaded 라인 특성(가이드 궤적·좌우 독립·플레이트 로딩)에 맞춰 첫 2세트는 템포를 늦추고, 좌우/전후 대칭을 확인한 다음 무게를 올리세요.","🏋️ HAMMER STRENGTH — Plate-Loaded Seated Dip · Plate-Loaded

🎯 ONE KEY CUE
🔥 ""Depress the scapula and bend the elbows straight back""

⚙️ ① Setup
📋 Status: VERIFIED
🏷️ Verified model: Plate-Loaded Seated Dip
Plate-Loaded Seated Dip(PL-DIP)으로 보조 없이 좌식 딥 동작을 수행합니다.
⚙️ Adjustments: 시트, 그립, 중량

🛤️ ② Movement path
팔꿈치 신전 상태에서 상완을 수직 아래로 내렸다 밀어 올리기

⚠️ ③ Common mistake
어깨를 앞으로 말리며 깊게 내려가는 

💡 MACHINE FIT PRO TIP
Use the Plate-Loaded guided path: slow the first two sets, check left-right symmetry, then add load."
HAMMER_STRENGTH,어시스트 딥,Assisted Dip,Hammer Strength Select Assist Dip Chin,PARTIALLY_VERIFIED,Life Fitness (Hammer Strength),Select,https://www.lifefitness.com/en-us/catalog/strength-training/selectorized/hammer-strength-select,Select Assist Dip Chin(HS-ADC)은 딥과 친업을 모두 지원하는 어시스트 머신입니다. 딥 전용 SKU는 없습니다.,"무릎 패드, 보조 중량, 그립","🏋️ HAMMER STRENGTH — Hammer Strength Select Assist Dip Chin · Select

🎯 ONE KEY CUE
🔥 ""딥 시 보조량을 줄이고 견갑 안정 유지""

⚙️ ① 기구 세팅
📋 검증 상태: PARTIALLY_VERIFIED
🏷️ 확인 모델: Hammer Strength Select Assist Dip Chin
Select Assist Dip Chin(HS-ADC)은 딥과 친업을 모두 지원하는 어시스트 머신입니다. 딥 전용 SKU는 없습니다.
⚙️ 조절 포인트: 무릎 패드, 보조 중량, 그립

🛤️ ② 운동 경로
무릎 패드 보조 하에 상완 하강 후 팔꿈치 신전으로 상승

⚠️ ③ 흔한 실수
풀업용 보조 중량을 딥에 그대로 적용하는 것

💡 MACHINE FIT PRO TIP
Select 라인 특성(가이드 궤적·좌우 독립·플레이트 로딩)에 맞춰 첫 2세트는 템포를 늦추고, 좌우/전후 대칭을 확인한 다음 무게를 올리세요.","🏋️ HAMMER STRENGTH — Hammer Strength Select Assist Dip Chin · Select

🎯 ONE KEY CUE
🔥 ""For dips, use less assistance and keep the shoulders stable""

⚙️ ① Setup
📋 Status: PARTIALLY_VERIFIED
🏷️ Verified model: Hammer Strength Select Assist Dip Chin
Select Assist Dip Chin(HS-ADC)은 딥과 친업을 모두 지원하는 어시스트 머신입니다. 딥 전용 SKU는 없습니다.
⚙️ Adjustments: 무릎 패드, 보조 중량, 그립

🛤️ ② Movement path
무릎 패드 보조 하에 상완 하강 후 팔꿈치 신전으로 상승

⚠️ ③ Common mistake
풀업용 보조 중량을 딥에 그대로 적용하는 

💡 MACHINE FIT PRO TIP
Use the Select guided path: slow the first two sets, check left-right symmetry, then add load."
HAMMER_STRENGTH,슈퍼 인클라인 프레스,Super Incline Press,Plate-Loaded Iso-Lateral Super Incline Press,VERIFIED,Life Fitness (Hammer Strength),Plate-Loaded,https://www.lifefitness.com/en-us/catalog/strength-training/plate-loaded,Plate-Loaded Iso-Lateral Super Incline Press(IL-FMP)로 높은 인클라인 각도 프레스를 제공합니다.,"시트, 패드, 중량","🏋️ HAMMER STRENGTH — Plate-Loaded Iso-Lateral Super Incline Press · Plate-Loaded

🎯 ONE KEY CUE
🔥 ""어깨를 아래로 내리고 큰 인클라인 각도 유지""

⚙️ ① 기구 세팅
📋 검증 상태: VERIFIED
🏷️ 확인 모델: Plate-Loaded Iso-Lateral Super Incline Press
Plate-Loaded Iso-Lateral Super Incline Press(IL-FMP)로 높은 인클라인 각도 프레스를 제공합니다.
⚙️ 조절 포인트: 시트, 패드, 중량

🛤️ ② 운동 경로
가파른 인클라인에서 손잡이를 위·앞으로 밀었다 복귀

⚠️ ③ 흔한 실수
각도가 높아도 허리 반동으로 밀어내는 것

💡 MACHINE FIT PRO TIP
Plate-Loaded 라인 특성(가이드 궤적·좌우 독립·플레이트 로딩)에 맞춰 첫 2세트는 템포를 늦추고, 좌우/전후 대칭을 확인한 다음 무게를 올리세요.","🏋️ HAMMER STRENGTH — Plate-Loaded Iso-Lateral Super Incline Press · Plate-Loaded

🎯 ONE KEY CUE
🔥 ""Keep the shoulders down and maintain the steep incline angle""

⚙️ ① Setup
📋 Status: VERIFIED
🏷️ Verified model: Plate-Loaded Iso-Lateral Super Incline Press
Plate-Loaded Iso-Lateral Super Incline Press(IL-FMP)로 높은 인클라인 각도 프레스를 제공합니다.
⚙️ Adjustments: 시트, 패드, 중량

🛤️ ② Movement path
가파른 인클라인에서 손잡이를 위·앞으로 press었다 return

⚠️ ③ Common mistake
각도가 높아도 허리 반동으로 밀어내는 

💡 MACHINE FIT PRO TIP
Use the Plate-Loaded guided path: slow the first two sets, check left-right symmetry, then add load."
HAMMER_STRENGTH,랫풀다운,Lat Pulldown,Hammer Strength Select Lat Pulldown,VERIFIED,Life Fitness (Hammer Strength),Select,https://www.lifefitness.com/en-us/catalog/strength-training/selectorized/hammer-strength-select,Select Lat Pulldown(HS-PD) 셀렉터라이즈드 랫풀다운 머신입니다.,"시트, 허벅지 패드, 스택 핀, 바","🏋️ HAMMER STRENGTH — Hammer Strength Select Lat Pulldown · Select

🎯 ONE KEY CUE
🔥 ""가슴을 바 쪽으로 당기며 팔꿈치를 아래로""

⚙️ ① 기구 세팅
📋 검증 상태: VERIFIED
🏷️ 확인 모델: Hammer Strength Select Lat Pulldown
Select Lat Pulldown(HS-PD) 셀렉터라이즈드 랫풀다운 머신입니다.
⚙️ 조절 포인트: 시트, 허벅지 패드, 스택 핀, 바

🛤️ ② 운동 경로
팔 신전 상태에서 바를 가슴 위쪽으로 당겼다 천천히 복귀

⚠️ ③ 흔한 실수
몸통을 뒤로 젖혀 반동으로 당기는 것

💡 MACHINE FIT PRO TIP
Select 라인 특성(가이드 궤적·좌우 독립·플레이트 로딩)에 맞춰 첫 2세트는 템포를 늦추고, 좌우/전후 대칭을 확인한 다음 무게를 올리세요.","🏋️ HAMMER STRENGTH — Hammer Strength Select Lat Pulldown · Select

🎯 ONE KEY CUE
🔥 ""Pull the bar toward the chest and drive the elbows down""

⚙️ ① Setup
📋 Status: VERIFIED
🏷️ Verified model: Hammer Strength Select Lat Pulldown
Select Lat Pulldown(HS-PD) 셀렉터라이즈드 랫풀다운 머신.
⚙️ Adjustments: 시트, 허벅지 패드, 스택 핀, 바

🛤️ ② Movement path
팔 신전 상태에서 바를 가슴 위쪽으로 당겼다 천천히 return

⚠️ ③ Common mistake
몸통을 뒤로 젖혀 반동으로 당기는 

💡 MACHINE FIT PRO TIP
Use the Select guided path: slow the first two sets, check left-right symmetry, then add load."
HAMMER_STRENGTH,와이드 랫풀다운,Wide Lat Pulldown,Plate-Loaded Iso-Lateral Wide Pulldown,VERIFIED,Life Fitness (Hammer Strength),Plate-Loaded,https://www.lifefitness.com/en-us/catalog/strength-training/plate-loaded,Plate-Loaded Iso-Lateral Wide Pulldown(IL-WPD)로 와이드 그립 랫풀다운을 제공합니다.,"시트, 그립, 중량","🏋️ HAMMER STRENGTH — Plate-Loaded Iso-Lateral Wide Pulldown · Plate-Loaded

🎯 ONE KEY CUE
🔥 ""와이드 그립에서 견갑을 먼저 내려 당기기""

⚙️ ① 기구 세팅
📋 검증 상태: VERIFIED
🏷️ 확인 모델: Plate-Loaded Iso-Lateral Wide Pulldown
Plate-Loaded Iso-Lateral Wide Pulldown(IL-WPD)로 와이드 그립 랫풀다운을 제공합니다.
⚙️ 조절 포인트: 시트, 그립, 중량

🛤️ ② 운동 경로
넓은 그립으로 바를 가슴 위쪽 대각선 아래로 당겼다 복귀

⚠️ ③ 흔한 실수
손목만 당기고 광배 수축 없이 팔만 굽히는 것

💡 MACHINE FIT PRO TIP
Plate-Loaded 라인 특성(가이드 궤적·좌우 독립·플레이트 로딩)에 맞춰 첫 2세트는 템포를 늦추고, 좌우/전후 대칭을 확인한 다음 무게를 올리세요.","🏋️ HAMMER STRENGTH — Plate-Loaded Iso-Lateral Wide Pulldown · Plate-Loaded

🎯 ONE KEY CUE
🔥 ""With a wide grip, initiate the pull by setting the scapula down""

⚙️ ① Setup
📋 Status: VERIFIED
🏷️ Verified model: Plate-Loaded Iso-Lateral Wide Pulldown
Plate-Loaded Iso-Lateral Wide Pulldown(IL-WPD)로 와이드 그립 랫풀다운을 제공합니다.
⚙️ Adjustments: 시트, 그립, 중량

🛤️ ② Movement path
넓은 그립으로 바를 가슴 위쪽 대각선 아래로 당겼다 return

⚠️ ③ Common mistake
손목만 당기고 광배 수축 없이 팔만 굽히는 

💡 MACHINE FIT PRO TIP
Use the Plate-Loaded guided path: slow the first two sets, check left-right symmetry, then add load."
HAMMER_STRENGTH,프론트 풀다운,Front Pulldown,MTS Iso-Lateral Front Pulldown,VERIFIED,Life Fitness (Hammer Strength),MTS,https://www.lifefitness.com/en-us/catalog/strength-training/selectorized/motion-technology-selectorised,MTS Iso-Lateral Front Pulldown(MTSFP)으로 전방(프론트) 풀다운 동작을 제공합니다.,"시트, 패드, 좌·우 스택 핀","🏋️ HAMMER STRENGTH — MTS Iso-Lateral Front Pulldown · MTS

🎯 ONE KEY CUE
🔥 ""몸 앞쪽 궤적으로 팔꿈치를 아래·뒤로""

⚙️ ① 기구 세팅
📋 검증 상태: VERIFIED
🏷️ 확인 모델: MTS Iso-Lateral Front Pulldown
MTS Iso-Lateral Front Pulldown(MTSFP)으로 전방(프론트) 풀다운 동작을 제공합니다.
⚙️ 조절 포인트: 시트, 패드, 좌·우 스택 핀

🛤️ ② 운동 경로
전방에서 손잡이를 가슴 위쪽으로 당겼다 천천히 복귀

⚠️ ③ 흔한 실수
상체를 과하게 뒤로 젖혀 저항을 줄이는 것

💡 MACHINE FIT PRO TIP
MTS 라인 특성(가이드 궤적·좌우 독립·플레이트 로딩)에 맞춰 첫 2세트는 템포를 늦추고, 좌우/전후 대칭을 확인한 다음 무게를 올리세요.","🏋️ HAMMER STRENGTH — MTS Iso-Lateral Front Pulldown · MTS

🎯 ONE KEY CUE
🔥 ""Pull with the elbows down and back on a front-facing path""

⚙️ ① Setup
📋 Status: VERIFIED
🏷️ Verified model: MTS Iso-Lateral Front Pulldown
MTS Iso-Lateral Front Pulldown(MTSFP)으로 전방(프론트) 풀다운 동작을 제공합니다.
⚙️ Adjustments: 시트, 패드, 좌·우 스택 핀

🛤️ ② Movement path
전방에서 손잡이를 가슴 위쪽으로 당겼다 천천히 return

⚠️ ③ Common mistake
상체를 과하게 뒤로 젖혀 저항을 줄이는 

💡 MACHINE FIT PRO TIP
Use the MTS guided path: slow the first two sets, check left-right symmetry, then add load."
HAMMER_STRENGTH,아이소래터럴 랫풀다운,Iso-Lateral Lat Pulldown,MTS Iso-Lateral Front Pulldown,VERIFIED,Life Fitness (Hammer Strength),MTS,https://www.lifefitness.com/en-us/catalog/strength-training/selectorized/motion-technology-selectorised,MTS 라인에서 아이소래터럴 풀다운은 Front Pulldown(MTSFP)이 공식 대응 모델입니다.,"시트, 패드, 좌·우 스택 핀","🏋️ HAMMER STRENGTH — MTS Iso-Lateral Front Pulldown · MTS

🎯 ONE KEY CUE
🔥 ""좌우를 동일 템포로 당기며 약한 쪽 확인""

⚙️ ① 기구 세팅
📋 검증 상태: VERIFIED
🏷️ 확인 모델: MTS Iso-Lateral Front Pulldown
MTS 라인에서 아이소래터럴 풀다운은 Front Pulldown(MTSFP)이 공식 대응 모델입니다.
⚙️ 조절 포인트: 시트, 패드, 좌·우 스택 핀

🛤️ ② 운동 경로
각 팔이 독립적으로 아래·뒤로 당겼다 복귀

⚠️ ③ 흔한 실수
한쪽 팔만 먼저 당겨 비대칭을 강화하는 것

💡 MACHINE FIT PRO TIP
MTS 라인 특성(가이드 궤적·좌우 독립·플레이트 로딩)에 맞춰 첫 2세트는 템포를 늦추고, 좌우/전후 대칭을 확인한 다음 무게를 올리세요.","🏋️ HAMMER STRENGTH — MTS Iso-Lateral Front Pulldown · MTS

🎯 ONE KEY CUE
🔥 ""Pull both sides at the same tempo and note the weaker side""

⚙️ ① Setup
📋 Status: VERIFIED
🏷️ Verified model: MTS Iso-Lateral Front Pulldown
MTS 라인에서 아이소래터럴 풀다운은 Front Pulldown(MTSFP)이 공식 대응 모델.
⚙️ Adjustments: 시트, 패드, 좌·우 스택 핀

🛤️ ② Movement path
각 팔이 독립적으로 아래·뒤로 당겼다 return

⚠️ ③ Common mistake
한쪽 팔만 먼저 당겨 비대칭을 강화하는 

💡 MACHINE FIT PRO TIP
Use the MTS guided path: slow the first two sets, check left-right symmetry, then add load."
HAMMER_STRENGTH,하이로우,High Row,Plate-Loaded Iso-Lateral High Row,VERIFIED,Life Fitness (Hammer Strength),Plate-Loaded,https://www.lifefitness.com/en-us/catalog/strength-training/plate-loaded,Plate-Loaded Iso-Lateral High Row(IL-HR)로 상부 등·후면 어깨 중심의 하이 로우를 제공합니다.,"시트, 가슴 패드, 중량","🏋️ HAMMER STRENGTH — Plate-Loaded Iso-Lateral High Row · Plate-Loaded

🎯 ONE KEY CUE
🔥 ""팔꿈치를 대각선 아래·뒤로 끌어 윗가슴 쪽으로""

⚙️ ① 기구 세팅
📋 검증 상태: VERIFIED
🏷️ 확인 모델: Plate-Loaded Iso-Lateral High Row
Plate-Loaded Iso-Lateral High Row(IL-HR)로 상부 등·후면 어깨 중심의 하이 로우를 제공합니다.
⚙️ 조절 포인트: 시트, 가슴 패드, 중량

🛤️ ② 운동 경로
높은 손잡이 위치에서 아래·뒤로 당겼다 복귀

⚠️ ③ 흔한 실수
어깨를 들어올리며 승모근으로 당기는 것

💡 MACHINE FIT PRO TIP
Plate-Loaded 라인 특성(가이드 궤적·좌우 독립·플레이트 로딩)에 맞춰 첫 2세트는 템포를 늦추고, 좌우/전후 대칭을 확인한 다음 무게를 올리세요.","🏋️ HAMMER STRENGTH — Plate-Loaded Iso-Lateral High Row · Plate-Loaded

🎯 ONE KEY CUE
🔥 ""Drive the elbows down and back toward the upper chest""

⚙️ ① Setup
📋 Status: VERIFIED
🏷️ Verified model: Plate-Loaded Iso-Lateral High Row
Plate-Loaded Iso-Lateral High Row(IL-HR)로 상부 등·후면 어깨 중심의 하이 로우를 제공합니다.
⚙️ Adjustments: 시트, 가슴 패드, 중량

🛤️ ② Movement path
높은 손잡이 위치에서 아래·뒤로 당겼다 return

⚠️ ③ Common mistake
어깨를 들어올리며 승모근으로 당기는 

💡 MACHINE FIT PRO TIP
Use the Plate-Loaded guided path: slow the first two sets, check left-right symmetry, then add load."
HAMMER_STRENGTH,아이소래터럴 하이로우,Iso-Lateral High Row,MTS Iso-Lateral High Row,VERIFIED,Life Fitness (Hammer Strength),MTS,https://www.lifefitness.com/en-us/catalog/strength-training/selectorized/motion-technology-selectorised,MTS Iso-Lateral High Row(MTSHR)로 독립 스택 하이 로우를 제공합니다.,"시트, 패드, 좌·우 스택 핀","🏋️ HAMMER STRENGTH — MTS Iso-Lateral High Row · MTS

🎯 ONE KEY CUE
🔥 ""가슴 패드에 고정하고 좌우 동일하게 당기기""

⚙️ ① 기구 세팅
📋 검증 상태: VERIFIED
🏷️ 확인 모델: MTS Iso-Lateral High Row
MTS Iso-Lateral High Row(MTSHR)로 독립 스택 하이 로우를 제공합니다.
⚙️ 조절 포인트: 시트, 패드, 좌·우 스택 핀

🛤️ ② 운동 경로
각 팔이 독립적으로 아래·뒤로 당겼다 복귀

⚠️ ③ 흔한 실수
몸통을 패드에서 떼어 반동으로 당기는 것

💡 MACHINE FIT PRO TIP
MTS 라인 특성(가이드 궤적·좌우 독립·플레이트 로딩)에 맞춰 첫 2세트는 템포를 늦추고, 좌우/전후 대칭을 확인한 다음 무게를 올리세요.","🏋️ HAMMER STRENGTH — MTS Iso-Lateral High Row · MTS

🎯 ONE KEY CUE
🔥 ""Stay on the chest pad and pull evenly on both sides""

⚙️ ① Setup
📋 Status: VERIFIED
🏷️ Verified model: MTS Iso-Lateral High Row
MTS Iso-Lateral High Row(MTSHR)로 독립 스택 하이 로우를 제공합니다.
⚙️ Adjustments: 시트, 패드, 좌·우 스택 핀

🛤️ ② Movement path
각 팔이 독립적으로 아래·뒤로 당겼다 return

⚠️ ③ Common mistake
몸통을 패드에서 떼어 반동으로 당기는 

💡 MACHINE FIT PRO TIP
Use the MTS guided path: slow the first two sets, check left-right symmetry, then add load."
HAMMER_STRENGTH,시티드 로우,Seated Row,Hammer Strength Select Seated Row,VERIFIED,Life Fitness (Hammer Strength),Select,https://www.lifefitness.com/en-us/catalog/strength-training/selectorized/hammer-strength-select,Select Seated Row(HS-RW) 좌식 셀렉터라이즈드 로우 머신입니다.,"시트, 가슴/발 패드, 스택 핀","🏋️ HAMMER STRENGTH — Hammer Strength Select Seated Row · Select

🎯 ONE KEY CUE
🔥 ""가슴을 패드에 붙이고 팔꿈치를 뒤로""

⚙️ ① 기구 세팅
📋 검증 상태: VERIFIED
🏷️ 확인 모델: Hammer Strength Select Seated Row
Select Seated Row(HS-RW) 좌식 셀렉터라이즈드 로우 머신입니다.
⚙️ 조절 포인트: 시트, 가슴/발 패드, 스택 핀

🛤️ ② 운동 경로
앉은 자세에서 손잡이를 복부·갈비뼈 쪽으로 당겼다 복귀

⚠️ ③ 흔한 실수
상체를 뒤로 젖혀 반동으로 당기는 것

💡 MACHINE FIT PRO TIP
Select 라인 특성(가이드 궤적·좌우 독립·플레이트 로딩)에 맞춰 첫 2세트는 템포를 늦추고, 좌우/전후 대칭을 확인한 다음 무게를 올리세요.","🏋️ HAMMER STRENGTH — Hammer Strength Select Seated Row · Select

🎯 ONE KEY CUE
🔥 ""Keep the chest on the pad and pull the elbows back""

⚙️ ① Setup
📋 Status: VERIFIED
🏷️ Verified model: Hammer Strength Select Seated Row
Select Seated Row(HS-RW) 좌식 셀렉터라이즈드 로우 머신.
⚙️ Adjustments: 시트, 가슴/발 패드, 스택 핀

🛤️ ② Movement path
앉은 자세에서 손잡이를 복부·갈비뼈 쪽으로 당겼다 return

⚠️ ③ Common mistake
상체를 뒤로 젖혀 반동으로 당기는 

💡 MACHINE FIT PRO TIP
Use the Select guided path: slow the first two sets, check left-right symmetry, then add load."
HAMMER_STRENGTH,로우 머신,Row Machine,Plate-Loaded Iso-Lateral Rowing,PARTIALLY_VERIFIED,Life Fitness (Hammer Strength),Plate-Loaded,https://www.lifefitness.com/en-us/catalog/strength-training/plate-loaded,"일반 ""로우 머신""은 Plate-Loaded Iso-Lateral Rowing(IL-ROW)이 가장 근접합니다. 전용 단일 SKU명은 없습니다.","시트, 패드, 중량","🏋️ HAMMER STRENGTH — Plate-Loaded Iso-Lateral Rowing · Plate-Loaded

🎯 ONE KEY CUE
🔥 ""견갑을 모은 뒤 팔꿈치를 뒤로 당기기""

⚙️ ① 기구 세팅
📋 검증 상태: PARTIALLY_VERIFIED
🏷️ 확인 모델: Plate-Loaded Iso-Lateral Rowing
일반 ""로우 머신""은 Plate-Loaded Iso-Lateral Rowing(IL-ROW)이 가장 근접합니다. 전용 단일 SKU명은 없습니다.
⚙️ 조절 포인트: 시트, 패드, 중량

🛤️ ② 운동 경로
좌식에서 손잡이를 몸통 쪽으로 당겼다 천천히 복귀

⚠️ ③ 흔한 실수
Seated Row(HS-RW)와 IL-ROW를 동일 모델로 기록하는 것

💡 MACHINE FIT PRO TIP
Plate-Loaded 라인 특성(가이드 궤적·좌우 독립·플레이트 로딩)에 맞춰 첫 2세트는 템포를 늦추고, 좌우/전후 대칭을 확인한 다음 무게를 올리세요.","🏋️ HAMMER STRENGTH — Plate-Loaded Iso-Lateral Rowing · Plate-Loaded

🎯 ONE KEY CUE
🔥 ""Set the scapula, then pull the elbows back""

⚙️ ① Setup
📋 Status: PARTIALLY_VERIFIED
🏷️ Verified model: Plate-Loaded Iso-Lateral Rowing
일반 ""로우 머신""은 Plate-Loaded Iso-Lateral Rowing(IL-ROW)이 가장 근접합니다. 전용 단일 SKU명은 없습니다.
⚙️ Adjustments: 시트, 패드, 중량

🛤️ ② Movement path
좌식에서 손잡이를 몸통 쪽으로 당겼다 천천히 return

⚠️ ③ Common mistake
Seated Row(HS-RW)와 IL-ROW를 동일 모델로 기록하는 

💡 MACHINE FIT PRO TIP
Use the Plate-Loaded guided path: slow the first two sets, check left-right symmetry, then add load."
HAMMER_STRENGTH,로우 로우,Low Row,Plate-Loaded Iso-Lateral Low Row,VERIFIED,Life Fitness (Hammer Strength),Plate-Loaded,https://www.lifefitness.com/en-us/catalog/strength-training/plate-loaded,Plate-Loaded Iso-Lateral Low Row(IL-LR)로 낮은 각도 로우를 제공합니다.,"시트, 발 위치, 중량","🏋️ HAMMER STRENGTH — Plate-Loaded Iso-Lateral Low Row · Plate-Loaded

🎯 ONE KEY CUE
🔥 ""낮은 그립에서 팔꿈치를 허리 쪽으로""

⚙️ ① 기구 세팅
📋 검증 상태: VERIFIED
🏷️ 확인 모델: Plate-Loaded Iso-Lateral Low Row
Plate-Loaded Iso-Lateral Low Row(IL-LR)로 낮은 각도 로우를 제공합니다.
⚙️ 조절 포인트: 시트, 발 위치, 중량

🛤️ ② 운동 경로
낮은 손잡이에서 뒤·아래로 당겼다 복귀

⚠️ ③ 흔한 실수
상체를 과하게 기울여 요추에 부담을 주는 것

💡 MACHINE FIT PRO TIP
Plate-Loaded 라인 특성(가이드 궤적·좌우 독립·플레이트 로딩)에 맞춰 첫 2세트는 템포를 늦추고, 좌우/전후 대칭을 확인한 다음 무게를 올리세요.","🏋️ HAMMER STRENGTH — Plate-Loaded Iso-Lateral Low Row · Plate-Loaded

🎯 ONE KEY CUE
🔥 ""From the low grip, pull the elbows toward the waist""

⚙️ ① Setup
📋 Status: VERIFIED
🏷️ Verified model: Plate-Loaded Iso-Lateral Low Row
Plate-Loaded Iso-Lateral Low Row(IL-LR)로 낮은 각도 로우를 제공합니다.
⚙️ Adjustments: 시트, 발 위치, 중량

🛤️ ② Movement path
낮은 손잡이에서 뒤·아래로 당겼다 return

⚠️ ③ Common mistake
상체를 과하게 기울여 요추에 부담을 주는 

💡 MACHINE FIT PRO TIP
Use the Plate-Loaded guided path: slow the first two sets, check left-right symmetry, then add load."
HAMMER_STRENGTH,미드 로우,Mid Row,MTS Iso-Lateral Row,VERIFIED,Life Fitness (Hammer Strength),MTS,https://www.lifefitness.com/en-us/catalog/strength-training/selectorized/motion-technology-selectorised,MTS Iso-Lateral Row(MTSRW)가 미드/수평 로우에 해당하는 공식 MTS 모델입니다.,"시트, 패드, 좌·우 스택 핀","🏋️ HAMMER STRENGTH — MTS Iso-Lateral Row · MTS

🎯 ONE KEY CUE
🔥 ""가슴을 세우고 갈비뼈 쪽으로 당기기""

⚙️ ① 기구 세팅
📋 검증 상태: VERIFIED
🏷️ 확인 모델: MTS Iso-Lateral Row
MTS Iso-Lateral Row(MTSRW)가 미드/수평 로우에 해당하는 공식 MTS 모델입니다.
⚙️ 조절 포인트: 시트, 패드, 좌·우 스택 핀

🛤️ ② 운동 경로
중간 높이에서 손잡이를 몸통 쪽으로 당겼다 복귀

⚠️ ③ 흔한 실수
어깨를 앞으로 말리며 중부 등 대신 팔만 사용하는 것

💡 MACHINE FIT PRO TIP
MTS 라인 특성(가이드 궤적·좌우 독립·플레이트 로딩)에 맞춰 첫 2세트는 템포를 늦추고, 좌우/전후 대칭을 확인한 다음 무게를 올리세요.","🏋️ HAMMER STRENGTH — MTS Iso-Lateral Row · MTS

🎯 ONE KEY CUE
🔥 ""Stay tall and pull toward the rib cage""

⚙️ ① Setup
📋 Status: VERIFIED
🏷️ Verified model: MTS Iso-Lateral Row
MTS Iso-Lateral Row(MTSRW)가 미드/수평 로우에 해당하는 공식 MTS 모델.
⚙️ Adjustments: 시트, 패드, 좌·우 스택 핀

🛤️ ② Movement path
중간 높이에서 손잡이를 몸통 쪽으로 당겼다 return

⚠️ ③ Common mistake
어깨를 앞으로 말리며 중부 등 대신 팔만 사용하는 

💡 MACHINE FIT PRO TIP
Use the MTS guided path: slow the first two sets, check left-right symmetry, then add load."
HAMMER_STRENGTH,아이소래터럴 로우,Iso-Lateral Row,MTS Iso-Lateral Row,VERIFIED,Life Fitness (Hammer Strength),MTS,https://www.lifefitness.com/en-us/catalog/strength-training/selectorized/motion-technology-selectorised,MTS Iso-Lateral Row(MTSRW)로 좌우 독립 로우 동작을 제공합니다.,"시트, 패드, 좌·우 스택 핀","🏋️ HAMMER STRENGTH — MTS Iso-Lateral Row · MTS

🎯 ONE KEY CUE
🔥 ""좌우 템포를 맞추며 등 중앙으로 수축""

⚙️ ① 기구 세팅
📋 검증 상태: VERIFIED
🏷️ 확인 모델: MTS Iso-Lateral Row
MTS Iso-Lateral Row(MTSRW)로 좌우 독립 로우 동작을 제공합니다.
⚙️ 조절 포인트: 시트, 패드, 좌·우 스택 핀

🛤️ ② 운동 경로
각 팔이 독립적으로 뒤로 당겼다 복귀

⚠️ ③ 흔한 실수
한쪽 팔만 더 멀리 당기는 것

💡 MACHINE FIT PRO TIP
MTS 라인 특성(가이드 궤적·좌우 독립·플레이트 로딩)에 맞춰 첫 2세트는 템포를 늦추고, 좌우/전후 대칭을 확인한 다음 무게를 올리세요.","🏋️ HAMMER STRENGTH — MTS Iso-Lateral Row · MTS

🎯 ONE KEY CUE
🔥 ""Match left-right tempo and squeeze through the mid-back""

⚙️ ① Setup
📋 Status: VERIFIED
🏷️ Verified model: MTS Iso-Lateral Row
MTS Iso-Lateral Row(MTSRW)로 좌우 독립 로우 동작을 제공합니다.
⚙️ Adjustments: 시트, 패드, 좌·우 스택 핀

🛤️ ② Movement path
각 팔이 독립적으로 뒤로 당겼다 return

⚠️ ③ Common mistake
한쪽 팔만 더 멀리 당기는 

💡 MACHINE FIT PRO TIP
Use the MTS guided path: slow the first two sets, check left-right symmetry, then add load."
HAMMER_STRENGTH,아이소래터럴 로우 로우,Iso-Lateral Low Row,Plate-Loaded Iso-Lateral Low Row,PARTIALLY_VERIFIED,Life Fitness (Hammer Strength),Plate-Loaded,https://www.lifefitness.com/en-us/catalog/strength-training/plate-loaded,MTS에 Low Row SKU가 없어 Plate-Loaded Iso-Lateral Low Row(IL-LR)가 로우 로우에 가장 근접합니다.,"시트, 발 위치, 중량","🏋️ HAMMER STRENGTH — Plate-Loaded Iso-Lateral Low Row · Plate-Loaded

🎯 ONE KEY CUE
🔥 ""낮은 손잡이에서 좌우 균형 있게 당기기""

⚙️ ① 기구 세팅
📋 검증 상태: PARTIALLY_VERIFIED
🏷️ 확인 모델: Plate-Loaded Iso-Lateral Low Row
MTS에 Low Row SKU가 없어 Plate-Loaded Iso-Lateral Low Row(IL-LR)가 로우 로우에 가장 근접합니다.
⚙️ 조절 포인트: 시트, 발 위치, 중량

🛤️ ② 운동 경로
낮은 각도에서 양팔을 독립적으로 뒤·아래로 당겼다 복귀

⚠️ ③ 흔한 실수
MTS Row(MTSRW)를 로우 로우와 동일 모델로 기록하는 것

💡 MACHINE FIT PRO TIP
Plate-Loaded 라인 특성(가이드 궤적·좌우 독립·플레이트 로딩)에 맞춰 첫 2세트는 템포를 늦추고, 좌우/전후 대칭을 확인한 다음 무게를 올리세요.","🏋️ HAMMER STRENGTH — Plate-Loaded Iso-Lateral Low Row · Plate-Loaded

🎯 ONE KEY CUE
🔥 ""From the low handles, pull evenly on both sides""

⚙️ ① Setup
📋 Status: PARTIALLY_VERIFIED
🏷️ Verified model: Plate-Loaded Iso-Lateral Low Row
MTS에 Low Row SKU가 없어 Plate-Loaded Iso-Lateral Low Row(IL-LR)가 로우 로우에 가장 근접합니다.
⚙️ Adjustments: 시트, 발 위치, 중량

🛤️ ② Movement path
낮은 각도에서 양팔을 독립적으로 뒤·아래로 당겼다 return

⚠️ ③ Common mistake
MTS Row(MTSRW)를 로우 로우와 동일 모델로 기록하는 

💡 MACHINE FIT PRO TIP
Use the Plate-Loaded guided path: slow the first two sets, check left-right symmetry, then add load."
HAMMER_STRENGTH,체스트 서포티드 로우,Chest Supported Row,Plate-Loaded Iso-Lateral Chest/Back,PARTIALLY_VERIFIED,Life Fitness (Hammer Strength),Plate-Loaded,https://www.lifefitness.com/en-us/catalog/strength-training/plate-loaded,"Chest/Back(IL-CB)은 가슴·등 겸용 머신으로, 가슴 지지 로우 기능을 포함합니다. 전용 chest-supported row SKU는 없습니다.","시트, 가슴 패드, 중량, 모드","🏋️ HAMMER STRENGTH — Plate-Loaded Iso-Lateral Chest/Back · Plate-Loaded

🎯 ONE KEY CUE
🔥 ""가슴 패드에 고정하고 팔꿈치만 움직이기""

⚙️ ① 기구 세팅
📋 검증 상태: PARTIALLY_VERIFIED
🏷️ 확인 모델: Plate-Loaded Iso-Lateral Chest/Back
Chest/Back(IL-CB)은 가슴·등 겸용 머신으로, 가슴 지지 로우 기능을 포함합니다. 전용 chest-supported row SKU는 없습니다.
⚙️ 조절 포인트: 시트, 가슴 패드, 중량, 모드

🛤️ ② 운동 경로
가슴 지지 상태에서 손잡이를 몸통 쪽으로 당겼다 복귀

⚠️ ③ 흔한 실수
등 모드와 가슴 모드 조절 없이 임의로 사용하는 것

💡 MACHINE FIT PRO TIP
Plate-Loaded 라인 특성(가이드 궤적·좌우 독립·플레이트 로딩)에 맞춰 첫 2세트는 템포를 늦추고, 좌우/전후 대칭을 확인한 다음 무게를 올리세요.","🏋️ HAMMER STRENGTH — Plate-Loaded Iso-Lateral Chest/Back · Plate-Loaded

🎯 ONE KEY CUE
🔥 ""Stay pinned to the chest pad and move only through the elbows""

⚙️ ① Setup
📋 Status: PARTIALLY_VERIFIED
🏷️ Verified model: Plate-Loaded Iso-Lateral Chest/Back
Chest/Back(IL-CB)은 가슴·등 겸용 머신으로, 가슴 지지 로우 기능을 포함합니다. 전용 chest-supported row SKU는 없습니다.
⚙️ Adjustments: 시트, 가슴 패드, 중량, 모드

🛤️ ② Movement path
가슴 지지 상태에서 손잡이를 몸통 쪽으로 당겼다 return

⚠️ ③ Common mistake
등 모드와 가슴 모드 조절 없이 임의로 사용하는 

💡 MACHINE FIT PRO TIP
Use the Plate-Loaded guided path: slow the first two sets, check left-right symmetry, then add load."
HAMMER_STRENGTH,T바 로우 머신,T-Bar Row,Plate-Loaded T-Bar Row,VERIFIED,Life Fitness (Hammer Strength),Plate-Loaded,https://www.lifefitness.com/en-us/catalog/strength-training/plate-loaded,Plate-Loaded T-Bar Row(PL-TBR) 공식 T바 로우 머신입니다.,"가슴 패드, 발 위치, 중량, 그립","🏋️ HAMMER STRENGTH — Plate-Loaded T-Bar Row · Plate-Loaded

🎯 ONE KEY CUE
🔥 ""허리 중립 유지하며 팔꿈치를 뒤로""

⚙️ ① 기구 세팅
📋 검증 상태: VERIFIED
🏷️ 확인 모델: Plate-Loaded T-Bar Row
Plate-Loaded T-Bar Row(PL-TBR) 공식 T바 로우 머신입니다.
⚙️ 조절 포인트: 가슴 패드, 발 위치, 중량, 그립

🛤️ ② 운동 경로
T바 그립을 복부·갈비뼈 쪽으로 당겼다 천천히 내리기

⚠️ ③ 흔한 실수
요추를 과하게 굽히며 반동으로 당기는 것

💡 MACHINE FIT PRO TIP
Plate-Loaded 라인 특성(가이드 궤적·좌우 독립·플레이트 로딩)에 맞춰 첫 2세트는 템포를 늦추고, 좌우/전후 대칭을 확인한 다음 무게를 올리세요.","🏋️ HAMMER STRENGTH — Plate-Loaded T-Bar Row · Plate-Loaded

🎯 ONE KEY CUE
🔥 ""Keep a neutral spine and drive the elbows back""

⚙️ ① Setup
📋 Status: VERIFIED
🏷️ Verified model: Plate-Loaded T-Bar Row
Plate-Loaded T-Bar Row(PL-TBR) 공식 T바 로우 머신.
⚙️ Adjustments: 가슴 패드, 발 위치, 중량, 그립

🛤️ ② Movement path
T바 그립을 복부·갈비뼈 쪽으로 당겼다 천천히 내리기

⚠️ ③ Common mistake
요추를 과하게 굽히며 반동으로 당기는 

💡 MACHINE FIT PRO TIP
Use the Plate-Loaded guided path: slow the first two sets, check left-right symmetry, then add load."
HAMMER_STRENGTH,풀오버,Pullover,Plate-Loaded Pullover,VERIFIED,Life Fitness (Hammer Strength),Plate-Loaded,https://www.lifefitness.com/en-us/catalog/strength-training/plate-loaded,Plate-Loaded Pullover(PL-PO) 공식 풀오버 머신입니다.,"시트, 어깨 패드, 중량","🏋️ HAMMER STRENGTH — Plate-Loaded Pullover · Plate-Loaded

🎯 ONE KEY CUE
🔥 ""견갑을 고정하고 팔을 호로 당기기""

⚙️ ① 기구 세팅
📋 검증 상태: VERIFIED
🏷️ 확인 모델: Plate-Loaded Pullover
Plate-Loaded Pullover(PL-PO) 공식 풀오버 머신입니다.
⚙️ 조절 포인트: 시트, 어깨 패드, 중량

🛤️ ② 운동 경로
팔을 머리 위에서 아래·앞 호를 그리며 당겼다 복귀

⚠️ ③ 흔한 실수
허리를 과신전하며 가동범위를 늘리는 것

💡 MACHINE FIT PRO TIP
Plate-Loaded 라인 특성(가이드 궤적·좌우 독립·플레이트 로딩)에 맞춰 첫 2세트는 템포를 늦추고, 좌우/전후 대칭을 확인한 다음 무게를 올리세요.","🏋️ HAMMER STRENGTH — Plate-Loaded Pullover · Plate-Loaded

🎯 ONE KEY CUE
🔥 ""Keep the scapula set and pull the arms through an arc""

⚙️ ① Setup
📋 Status: VERIFIED
🏷️ Verified model: Plate-Loaded Pullover
Plate-Loaded Pullover(PL-PO) 공식 풀오버 머신.
⚙️ Adjustments: 시트, 어깨 패드, 중량

🛤️ ② Movement path
팔을 머리 위에서 아래·앞 호를 그리며 당겼다 return

⚠️ ③ Common mistake
허리를 과신전하며 가동범위를 늘리는 

💡 MACHINE FIT PRO TIP
Use the Plate-Loaded guided path: slow the first two sets, check left-right symmetry, then add load."
HAMMER_STRENGTH,어시스트 풀업 / 친업,Assisted Pull-up / Chin-up,Hammer Strength Select Assist Dip Chin,VERIFIED,Life Fitness (Hammer Strength),Select,https://www.lifefitness.com/en-us/catalog/strength-training/selectorized/hammer-strength-select,Select Assist Dip Chin(HS-ADC)으로 보조 풀업·친업·딥을 지원합니다.,"무릎 패드, 보조 중량, 그립","🏋️ HAMMER STRENGTH — Hammer Strength Select Assist Dip Chin · Select

🎯 ONE KEY CUE
🔥 ""가슴을 바 쪽으로 당기며 견갑을 아래로""

⚙️ ① 기구 세팅
📋 검증 상태: VERIFIED
🏷️ 확인 모델: Hammer Strength Select Assist Dip Chin
Select Assist Dip Chin(HS-ADC)으로 보조 풀업·친업·딥을 지원합니다.
⚙️ 조절 포인트: 무릎 패드, 보조 중량, 그립

🛤️ ② 운동 경로
보조 하에 팔을 굽혀 턱·가슴 높이까지 올렸다 천천히 하강

⚠️ ③ 흔한 실수
보조 중량이 과해 목표 근육 자극이 없는 것

💡 MACHINE FIT PRO TIP
Select 라인 특성(가이드 궤적·좌우 독립·플레이트 로딩)에 맞춰 첫 2세트는 템포를 늦추고, 좌우/전후 대칭을 확인한 다음 무게를 올리세요.","🏋️ HAMMER STRENGTH — Hammer Strength Select Assist Dip Chin · Select

🎯 ONE KEY CUE
🔥 ""Pull the chest to the bar and set the scapula down""

⚙️ ① Setup
📋 Status: VERIFIED
🏷️ Verified model: Hammer Strength Select Assist Dip Chin
Select Assist Dip Chin(HS-ADC)으로 보조 풀업·친업·딥을 지원합니다.
⚙️ Adjustments: 무릎 패드, 보조 중량, 그립

🛤️ ② Movement path
보조 하에 팔을 굽혀 턱·가슴 높이까지 올렸다 천천히 하강

⚠️ ③ Common mistake
보조 중량이 과해 목표 근육 자극이 없는 

💡 MACHINE FIT PRO TIP
Use the Select guided path: slow the first two sets, check left-right symmetry, then add load."
HAMMER_STRENGTH,숄더 프레스,Shoulder Press,Hammer Strength Select Shoulder Press,VERIFIED,Life Fitness (Hammer Strength),Select,https://www.lifefitness.com/en-us/catalog/strength-training/selectorized/hammer-strength-select,Select Shoulder Press(HS-SP) 셀렉터라이즈드 숄더 프레스입니다.,"시트, 등 패드, 스택 핀","🏋️ HAMMER STRENGTH — Hammer Strength Select Shoulder Press · Select

🎯 ONE KEY CUE
🔥 ""갈비뼈를 내리고 머리 위로 수직에 가깝게 밀기""

⚙️ ① 기구 세팅
📋 검증 상태: VERIFIED
🏷️ 확인 모델: Hammer Strength Select Shoulder Press
Select Shoulder Press(HS-SP) 셀렉터라이즈드 숄더 프레스입니다.
⚙️ 조절 포인트: 시트, 등 패드, 스택 핀

🛤️ ② 운동 경로
어깨 높이에서 손잡이를 위로 밀었다 천천히 복귀

⚠️ ③ 흔한 실수
허리를 과하게 아치해 요추에 부담을 주는 것

💡 MACHINE FIT PRO TIP
Select 라인 특성(가이드 궤적·좌우 독립·플레이트 로딩)에 맞춰 첫 2세트는 템포를 늦추고, 좌우/전후 대칭을 확인한 다음 무게를 올리세요.","🏋️ HAMMER STRENGTH — Hammer Strength Select Shoulder Press · Select

🎯 ONE KEY CUE
🔥 ""Drop the ribs and press nearly vertical over the head""

⚙️ ① Setup
📋 Status: VERIFIED
🏷️ Verified model: Hammer Strength Select Shoulder Press
Select Shoulder Press(HS-SP) 셀렉터라이즈드 숄더 프레스.
⚙️ Adjustments: 시트, 등 패드, 스택 핀

🛤️ ② Movement path
어깨 높이에서 손잡이를 위로 press었다 천천히 return

⚠️ ③ Common mistake
허리를 과하게 아치해 요추에 부담을 주는 

💡 MACHINE FIT PRO TIP
Use the Select guided path: slow the first two sets, check left-right symmetry, then add load."
HAMMER_STRENGTH,아이소래터럴 숄더 프레스,Iso-Lateral Shoulder Press,MTS Iso-Lateral Shoulder Press,VERIFIED,Life Fitness (Hammer Strength),MTS,https://www.lifefitness.com/en-us/catalog/strength-training/selectorized/motion-technology-selectorised,MTS Iso-Lateral Shoulder Press(MTSSP)로 좌우 독립 숄더 프레스를 제공합니다.,"시트, 패드, 좌·우 스택 핀","🏋️ HAMMER STRENGTH — MTS Iso-Lateral Shoulder Press · MTS

🎯 ONE KEY CUE
🔥 ""좌우를 같은 높이·속도로 위로 밀기""

⚙️ ① 기구 세팅
📋 검증 상태: VERIFIED
🏷️ 확인 모델: MTS Iso-Lateral Shoulder Press
MTS Iso-Lateral Shoulder Press(MTSSP)로 좌우 독립 숄더 프레스를 제공합니다.
⚙️ 조절 포인트: 시트, 패드, 좌·우 스택 핀

🛤️ ② 운동 경로
각 팔이 독립적으로 위로 밀었다 복귀

⚠️ ③ 흔한 실수
한쪽 어깨만 더 높이 올리는 것

💡 MACHINE FIT PRO TIP
MTS 라인 특성(가이드 궤적·좌우 독립·플레이트 로딩)에 맞춰 첫 2세트는 템포를 늦추고, 좌우/전후 대칭을 확인한 다음 무게를 올리세요.","🏋️ HAMMER STRENGTH — MTS Iso-Lateral Shoulder Press · MTS

🎯 ONE KEY CUE
🔥 ""Press both sides to the same height at the same speed""

⚙️ ① Setup
📋 Status: VERIFIED
🏷️ Verified model: MTS Iso-Lateral Shoulder Press
MTS Iso-Lateral Shoulder Press(MTSSP)로 좌우 독립 숄더 프레스를 제공합니다.
⚙️ Adjustments: 시트, 패드, 좌·우 스택 핀

🛤️ ② Movement path
각 팔이 독립적으로 위로 press었다 return

⚠️ ③ Common mistake
한쪽 어깨만 더 높이 올리는 

💡 MACHINE FIT PRO TIP
Use the MTS guided path: slow the first two sets, check left-right symmetry, then add load."
HAMMER_STRENGTH,플레이트로드 숄더 프레스,Plate-Loaded Shoulder Press,Plate-Loaded Iso-Lateral Shoulder Press,VERIFIED,Life Fitness (Hammer Strength),Plate-Loaded,https://www.lifefitness.com/en-us/catalog/strength-training/plate-loaded,Plate-Loaded Iso-Lateral Shoulder Press(IL-SP) 공식 플레이트로드 숄더 프레스입니다.,"시트, 패드, 중량","🏋️ HAMMER STRENGTH — Plate-Loaded Iso-Lateral Shoulder Press · Plate-Loaded

🎯 ONE KEY CUE
🔥 ""등을 패드에 붙이고 머리 위 궤적으로 밀기""

⚙️ ① 기구 세팅
📋 검증 상태: VERIFIED
🏷️ 확인 모델: Plate-Loaded Iso-Lateral Shoulder Press
Plate-Loaded Iso-Lateral Shoulder Press(IL-SP) 공식 플레이트로드 숄더 프레스입니다.
⚙️ 조절 포인트: 시트, 패드, 중량

🛤️ ② 운동 경로
어깨 높이에서 손잡이를 위로 밀었다 복귀

⚠️ ③ 흔한 실수
플레이트 불균형으로 한쪽 팔 저항이 다른 것

💡 MACHINE FIT PRO TIP
Plate-Loaded 라인 특성(가이드 궤적·좌우 독립·플레이트 로딩)에 맞춰 첫 2세트는 템포를 늦추고, 좌우/전후 대칭을 확인한 다음 무게를 올리세요.","🏋️ HAMMER STRENGTH — Plate-Loaded Iso-Lateral Shoulder Press · Plate-Loaded

🎯 ONE KEY CUE
🔥 ""Stay on the pad and press on an overhead path""

⚙️ ① Setup
📋 Status: VERIFIED
🏷️ Verified model: Plate-Loaded Iso-Lateral Shoulder Press
Plate-Loaded Iso-Lateral Shoulder Press(IL-SP) 공식 플레이트로드 숄더 프레스.
⚙️ Adjustments: 시트, 패드, 중량

🛤️ ② Movement path
어깨 높이에서 손잡이를 위로 press었다 return

⚠️ ③ Common mistake
플레이트 불균형으로 한쪽 팔 저항이 다른 

💡 MACHINE FIT PRO TIP
Use the Plate-Loaded guided path: slow the first two sets, check left-right symmetry, then add load."
HAMMER_STRENGTH,레터럴 레이즈,Lateral Raise,Hammer Strength Select Lateral Raise,VERIFIED,Life Fitness (Hammer Strength),Select,https://www.lifefitness.com/en-us/catalog/strength-training/selectorized/hammer-strength-select,Select Lateral Raise(HS-LR) 셀렉터라이즈드 레터럴 레이즈입니다.,"시트, 팔 패드, 스택 핀","🏋️ HAMMER STRENGTH — Hammer Strength Select Lateral Raise · Select

🎯 ONE KEY CUE
🔥 ""손보다 팔꿈치를 먼저 옆으로 들어 올리기""

⚙️ ① 기구 세팅
📋 검증 상태: VERIFIED
🏷️ 확인 모델: Hammer Strength Select Lateral Raise
Select Lateral Raise(HS-LR) 셀렉터라이즈드 레터럴 레이즈입니다.
⚙️ 조절 포인트: 시트, 팔 패드, 스택 핀

🛤️ ② 운동 경로
옆구리에서 팔을 어깨 높이까지 올렸다 천천히 내리기

⚠️ ③ 흔한 실수
승모근을 들어올리며 어깨를 귀 쪽으로 올리는 것

💡 MACHINE FIT PRO TIP
Select 라인 특성(가이드 궤적·좌우 독립·플레이트 로딩)에 맞춰 첫 2세트는 템포를 늦추고, 좌우/전후 대칭을 확인한 다음 무게를 올리세요.","🏋️ HAMMER STRENGTH — Hammer Strength Select Lateral Raise · Select

🎯 ONE KEY CUE
🔥 ""Lead with the elbows, not the hands""

⚙️ ① Setup
📋 Status: VERIFIED
🏷️ Verified model: Hammer Strength Select Lateral Raise
Select Lateral Raise(HS-LR) 셀렉터라이즈드 레터럴 레이즈.
⚙️ Adjustments: 시트, 팔 패드, 스택 핀

🛤️ ② Movement path
옆구리에서 팔을 어깨 높이까지 올렸다 천천히 내리기

⚠️ ③ Common mistake
승모근을 들어올리며 어깨를 귀 쪽으로 올리는 

💡 MACHINE FIT PRO TIP
Use the Select guided path: slow the first two sets, check left-right symmetry, then add load."
HAMMER_STRENGTH,머신 레터럴 레이즈,Machine Lateral Raise,Plate-Loaded Iso-Lateral Lateral Raise,VERIFIED,Life Fitness (Hammer Strength),Plate-Loaded,https://www.lifefitness.com/en-us/catalog/strength-training/plate-loaded,Plate-Loaded Iso-Lateral Lateral Raise(PL-LR) 플레이트로드 레터럴 레이즈입니다.,"시트, 팔 패드, 중량","🏋️ HAMMER STRENGTH — Plate-Loaded Iso-Lateral Lateral Raise · Plate-Loaded

🎯 ONE KEY CUE
🔥 ""몸통을 고정하고 측면 delt만 움직이기""

⚙️ ① 기구 세팅
📋 검증 상태: VERIFIED
🏷️ 확인 모델: Plate-Loaded Iso-Lateral Lateral Raise
Plate-Loaded Iso-Lateral Lateral Raise(PL-LR) 플레이트로드 레터럴 레이즈입니다.
⚙️ 조절 포인트: 시트, 팔 패드, 중량

🛤️ ② 운동 경로
팔을 옆으로 호를 그리며 올렸다 복귀

⚠️ ③ 흔한 실수
반동으로 팔을 휘두르는 것

💡 MACHINE FIT PRO TIP
Plate-Loaded 라인 특성(가이드 궤적·좌우 독립·플레이트 로딩)에 맞춰 첫 2세트는 템포를 늦추고, 좌우/전후 대칭을 확인한 다음 무게를 올리세요.","🏋️ HAMMER STRENGTH — Plate-Loaded Iso-Lateral Lateral Raise · Plate-Loaded

🎯 ONE KEY CUE
🔥 ""Keep the torso still and move only through the side delts""

⚙️ ① Setup
📋 Status: VERIFIED
🏷️ Verified model: Plate-Loaded Iso-Lateral Lateral Raise
Plate-Loaded Iso-Lateral Lateral Raise(PL-LR) 플레이트로드 레터럴 레이즈.
⚙️ Adjustments: 시트, 팔 패드, 중량

🛤️ ② Movement path
팔을 옆으로 호를 그리며 올렸다 return

⚠️ ③ Common mistake
반동으로 팔을 휘두르는 

💡 MACHINE FIT PRO TIP
Use the Plate-Loaded guided path: slow the first two sets, check left-right symmetry, then add load."
HAMMER_STRENGTH,리어 델트,Rear Delt,Hammer Strength Select Pectoral Fly/Rear Deltoid,PARTIALLY_VERIFIED,Life Fitness (Hammer Strength),Select,https://www.lifefitness.com/en-us/catalog/strength-training/selectorized/hammer-strength-select,"전용 리어 델트 단독 SKU는 없고, HS-FLY의 리어 델트 모드가 공식 대응입니다.","시트, 팔 패드 방향, 스택 핀","🏋️ HAMMER STRENGTH — Hammer Strength Select Pectoral Fly/Rear Deltoid · Select

🎯 ONE KEY CUE
🔥 ""견갑을 고정하고 팔꿈치를 뒤·바깥으로""

⚙️ ① 기구 세팅
📋 검증 상태: PARTIALLY_VERIFIED
🏷️ 확인 모델: Hammer Strength Select Pectoral Fly/Rear Deltoid
전용 리어 델트 단독 SKU는 없고, HS-FLY의 리어 델트 모드가 공식 대응입니다.
⚙️ 조절 포인트: 시트, 팔 패드 방향, 스택 핀

🛤️ ② 운동 경로
가슴 앞에서 팔을 뒤·바깥으로 벌렸다 복귀

⚠️ ③ 흔한 실수
승모 상부로 당기며 후면 delt 자극을 놓치는 것

💡 MACHINE FIT PRO TIP
Select 라인 특성(가이드 궤적·좌우 독립·플레이트 로딩)에 맞춰 첫 2세트는 템포를 늦추고, 좌우/전후 대칭을 확인한 다음 무게를 올리세요.","🏋️ HAMMER STRENGTH — Hammer Strength Select Pectoral Fly/Rear Deltoid · Select

🎯 ONE KEY CUE
🔥 ""Pin the scapula and move the elbows back and out""

⚙️ ① Setup
📋 Status: PARTIALLY_VERIFIED
🏷️ Verified model: Hammer Strength Select Pectoral Fly/Rear Deltoid
전용 리어 델트 단독 SKU는 없고, HS-FLY의 리어 델트 모드가 공식 대응.
⚙️ Adjustments: 시트, 팔 패드 방향, 스택 핀

🛤️ ② Movement path
가슴 앞에서 팔을 뒤·바깥으로 벌렸다 return

⚠️ ③ Common mistake
승모 상부로 당기며 후면 delt 자극을 놓치는 

💡 MACHINE FIT PRO TIP
Use the Select guided path: slow the first two sets, check left-right symmetry, then add load."
HAMMER_STRENGTH,프론트 레이즈,Front Raise,,BRAND_MODEL_NOT_FOUND,Life Fitness (Hammer Strength),,,Hammer Strength 공식 라인업에 프론트 레이즈 전용 머신이 확인되지 않습니다.,,"🏋️ HAMMER STRENGTH — 운동 가이드 (공식 전용 모델 미확인)

🎯 ONE KEY CUE
🔥 ""해당 브랜드 전용 모델 없음""

⚙️ ① 기구 세팅
📋 검증 상태: BRAND_MODEL_NOT_FOUND
해머 스트렝스 공식 카탈로그에서 이 운동 유형에 1:1 대응되는 전용 모델을 확인하지 못했습니다.
아래 팁은 해당 운동 패턴에 대한 안전한 일반 가이드이며, 실제 설치된 기구의 레버·패드·핀을 먼저 확인하세요.

🛤️ ② 운동 경로
해당 없음

⚠️ ③ 흔한 실수
Lateral Raise(HS-LR)를 프론트 레이즈와 동일시하는 것

💡 MACHINE FIT PRO TIP
무게보다 궤적 통제를 우선하세요. 시트·패드·손잡이 높이를 맞춘 뒤 가벼운 무게로 5회 리허설 후 본 세트를 시작하세요.","🏋️ HAMMER STRENGTH — Exercise guide (no dedicated official model)

🎯 ONE KEY CUE
🔥 ""No dedicated Hammer Strength front raise machine""

⚙️ ① Setup
📋 Status: BRAND_MODEL_NOT_FOUND
No dedicated Hammer Strength catalog model maps 1:1 to this exercise category.
Tips below are safe general guidance—confirm levers, pads, and pins on the unit in your gym first.

🛤️ ② Movement path
해당 없음

⚠️ ③ Common mistake
Lateral Raise(HS-LR)를 프론트 레이즈와 동일시하는 

💡 MACHINE FIT PRO TIP
Prioritize path control over load. Match seat and pad height, rehearse five light reps, then start working sets."
HAMMER_STRENGTH,업라이트 로우,Upright Row,,BRAND_MODEL_NOT_FOUND,Life Fitness (Hammer Strength),,,Hammer Strength 공식 라인업에 업라이트 로우 전용 머신이 확인되지 않습니다. Seated/Standing Shrug(PL-SH)는 다른 동작입니다.,,"🏋️ HAMMER STRENGTH — 운동 가이드 (공식 전용 모델 미확인)

🎯 ONE KEY CUE
🔥 ""해당 브랜드 전용 모델 없음""

⚙️ ① 기구 세팅
📋 검증 상태: BRAND_MODEL_NOT_FOUND
해머 스트렝스 공식 카탈로그에서 이 운동 유형에 1:1 대응되는 전용 모델을 확인하지 못했습니다.
아래 팁은 해당 운동 패턴에 대한 안전한 일반 가이드이며, 실제 설치된 기구의 레버·패드·핀을 먼저 확인하세요.

🛤️ ② 운동 경로
해당 없음

⚠️ ③ 흔한 실수
Shrugs(PL-SH)를 업라이트 로우로 분류하는 것

💡 MACHINE FIT PRO TIP
무게보다 궤적 통제를 우선하세요. 시트·패드·손잡이 높이를 맞춘 뒤 가벼운 무게로 5회 리허설 후 본 세트를 시작하세요.","🏋️ HAMMER STRENGTH — Exercise guide (no dedicated official model)

🎯 ONE KEY CUE
🔥 ""No dedicated Hammer Strength upright row machine""

⚙️ ① Setup
📋 Status: BRAND_MODEL_NOT_FOUND
No dedicated Hammer Strength catalog model maps 1:1 to this exercise category.
Tips below are safe general guidance—confirm levers, pads, and pins on the unit in your gym first.

🛤️ ② Movement path
해당 없음

⚠️ ③ Common mistake
Shrugs(PL-SH)를 업라이트 로우로 분류하는 

💡 MACHINE FIT PRO TIP
Prioritize path control over load. Match seat and pad height, rehearse five light reps, then start working sets."
HAMMER_STRENGTH,로테이터 머신,Rotator Machine,,BRAND_MODEL_NOT_FOUND,Life Fitness (Hammer Strength),,,Hammer Strength 공식 라인업에 회전근개(로테이터) 전용 머신이 확인되지 않습니다.,,"🏋️ HAMMER STRENGTH — 운동 가이드 (공식 전용 모델 미확인)

🎯 ONE KEY CUE
🔥 ""해당 브랜드 전용 모델 없음""

⚙️ ① 기구 세팅
📋 검증 상태: BRAND_MODEL_NOT_FOUND
해머 스트렝스 공식 카탈로그에서 이 운동 유형에 1:1 대응되는 전용 모델을 확인하지 못했습니다.
아래 팁은 해당 운동 패턴에 대한 안전한 일반 가이드이며, 실제 설치된 기구의 레버·패드·핀을 먼저 확인하세요.

🛤️ ② 운동 경로
해당 없음

⚠️ ③ 흔한 실수
Lateral Raise를 외회전 훈련으로 대체 기록하는 것

💡 MACHINE FIT PRO TIP
무게보다 궤적 통제를 우선하세요. 시트·패드·손잡이 높이를 맞춘 뒤 가벼운 무게로 5회 리허설 후 본 세트를 시작하세요.","🏋️ HAMMER STRENGTH — Exercise guide (no dedicated official model)

🎯 ONE KEY CUE
🔥 ""No dedicated Hammer Strength rotator cuff machine""

⚙️ ① Setup
📋 Status: BRAND_MODEL_NOT_FOUND
No dedicated Hammer Strength catalog model maps 1:1 to this exercise category.
Tips below are safe general guidance—confirm levers, pads, and pins on the unit in your gym first.

🛤️ ② Movement path
해당 없음

⚠️ ③ Common mistake
Lateral Raise를 외회전 훈련으로 대체 기록하는 

💡 MACHINE FIT PRO TIP
Prioritize path control over load. Match seat and pad height, rehearse five light reps, then start working sets."
HAMMER_STRENGTH,숄더 프레스 / 레터럴 복합 머신,Shoulder Press / Lateral Combo,,BRAND_MODEL_NOT_FOUND,Life Fitness (Hammer Strength),,,숄더 프레스와 레터럴 레이즈를 하나의 공식 복합 머신으로 제공하는 Hammer Strength 제품은 확인되지 않습니다.,,"🏋️ HAMMER STRENGTH — 운동 가이드 (공식 전용 모델 미확인)

🎯 ONE KEY CUE
🔥 ""해당 브랜드 전용 복합 모델 없음""

⚙️ ① 기구 세팅
📋 검증 상태: BRAND_MODEL_NOT_FOUND
해머 스트렝스 공식 카탈로그에서 이 운동 유형에 1:1 대응되는 전용 모델을 확인하지 못했습니다.
아래 팁은 해당 운동 패턴에 대한 안전한 일반 가이드이며, 실제 설치된 기구의 레버·패드·핀을 먼저 확인하세요.

🛤️ ② 운동 경로
해당 없음

⚠️ ③ 흔한 실수
Select Shoulder Press와 Lateral Raise를 하나의 SKU로 통합 기록하는 것

💡 MACHINE FIT PRO TIP
무게보다 궤적 통제를 우선하세요. 시트·패드·손잡이 높이를 맞춘 뒤 가벼운 무게로 5회 리허설 후 본 세트를 시작하세요.","🏋️ HAMMER STRENGTH — Exercise guide (no dedicated official model)

🎯 ONE KEY CUE
🔥 ""No official Hammer Strength shoulder press/lateral combo""

⚙️ ① Setup
📋 Status: BRAND_MODEL_NOT_FOUND
No dedicated Hammer Strength catalog model maps 1:1 to this exercise category.
Tips below are safe general guidance—confirm levers, pads, and pins on the unit in your gym first.

🛤️ ② Movement path
해당 없음

⚠️ ③ Common mistake
Select Shoulder Press와 Lateral Raise를 하나의 SKU로 통합 기록하는 

💡 MACHINE FIT PRO TIP
Prioritize path control over load. Match seat and pad height, rehearse five light reps, then start working sets."
HAMMER_STRENGTH,레그 프레스,Leg Press,Plate-Loaded Leg Press,VERIFIED,Life Fitness (Hammer Strength),Plate-Loaded,https://www.lifefitness.com/en-us/catalog/strength-training/plate-loaded,Plate-Loaded Leg Press(PL-LP) 공식 45° 레그 프레스입니다.,"시트/백 패드, 발 위치, 중량, 안전 핀","🏋️ HAMMER STRENGTH — Plate-Loaded Leg Press · Plate-Loaded

🎯 ONE KEY CUE
🔥 ""발 전체로 미들 푸트에 힘을 주고 무릎과 발목 정렬""

⚙️ ① 기구 세팅
📋 검증 상태: VERIFIED
🏷️ 확인 모델: Plate-Loaded Leg Press
Plate-Loaded Leg Press(PL-LP) 공식 45° 레그 프레스입니다.
⚙️ 조절 포인트: 시트/백 패드, 발 위치, 중량, 안전 핀

🛤️ ② 운동 경로
무릎을 굽혔다 발판을 밀어 신전했다 천천히 복귀

⚠️ ③ 흔한 실수
무릎이 안쪽으로 모이거나 하부 범위에서 요추가 뜨는 것

💡 MACHINE FIT PRO TIP
Plate-Loaded 라인 특성(가이드 궤적·좌우 독립·플레이트 로딩)에 맞춰 첫 2세트는 템포를 늦추고, 좌우/전후 대칭을 확인한 다음 무게를 올리세요.","🏋️ HAMMER STRENGTH — Plate-Loaded Leg Press · Plate-Loaded

🎯 ONE KEY CUE
🔥 ""Drive through the mid-foot with knees tracking over the toes""

⚙️ ① Setup
📋 Status: VERIFIED
🏷️ Verified model: Plate-Loaded Leg Press
Plate-Loaded Leg Press(PL-LP) 공식 45° 레그 프레스.
⚙️ Adjustments: 시트/백 패드, 발 위치, 중량, 안전 핀

🛤️ ② Movement path
무릎을 굽혔다 발판을 press어 신전했다 천천히 return

⚠️ ③ Common mistake
무릎이 안쪽으로 모이거나 하부 범위에서 요추가 뜨는 

💡 MACHINE FIT PRO TIP
Use the Plate-Loaded guided path: slow the first two sets, check left-right symmetry, then add load."
HAMMER_STRENGTH,45도 레그 프레스,45° Leg Press,Plate-Loaded Leg Press,VERIFIED,Life Fitness (Hammer Strength),Plate-Loaded,https://www.lifefitness.com/en-us/catalog/strength-training/plate-loaded,Plate-Loaded Leg Press(PL-LP)가 45° 각도 레그 프레스 공식 모델입니다.,"시트/백 패드, 발 위치, 중량","🏋️ HAMMER STRENGTH — Plate-Loaded Leg Press · Plate-Loaded

🎯 ONE KEY CUE
🔥 ""45° 각도에서 골반을 시트에 고정하고 밀기""

⚙️ ① 기구 세팅
📋 검증 상태: VERIFIED
🏷️ 확인 모델: Plate-Loaded Leg Press
Plate-Loaded Leg Press(PL-LP)가 45° 각도 레그 프레스 공식 모델입니다.
⚙️ 조절 포인트: 시트/백 패드, 발 위치, 중량

🛤️ ② 운동 경로
45° 슬라이드 궤적을 따라 무릎 신·굴곡

⚠️ ③ 흔한 실수
Iso-Lateral Leg Press(IL-LP)와 PL-LP를 혼동하는 것

💡 MACHINE FIT PRO TIP
Plate-Loaded 라인 특성(가이드 궤적·좌우 독립·플레이트 로딩)에 맞춰 첫 2세트는 템포를 늦추고, 좌우/전후 대칭을 확인한 다음 무게를 올리세요.","🏋️ HAMMER STRENGTH — Plate-Loaded Leg Press · Plate-Loaded

🎯 ONE KEY CUE
🔥 ""At 45 degrees, keep the pelvis anchored and press""

⚙️ ① Setup
📋 Status: VERIFIED
🏷️ Verified model: Plate-Loaded Leg Press
Plate-Loaded Leg Press(PL-LP)가 45° 각도 레그 프레스 공식 모델.
⚙️ Adjustments: 시트/백 패드, 발 위치, 중량

🛤️ ② Movement path
45° 슬라이드 궤적을 따라 무릎 신·굴곡

⚠️ ③ Common mistake
Iso-Lateral Leg Press(IL-LP)와 PL-LP를 혼동하는 

💡 MACHINE FIT PRO TIP
Use the Plate-Loaded guided path: slow the first two sets, check left-right symmetry, then add load."
HAMMER_STRENGTH,수평 레그 프레스,Horizontal Leg Press,Plate-Loaded Linear Leg Press,VERIFIED,Life Fitness (Hammer Strength),Plate-Loaded,https://www.lifefitness.com/en-us/catalog/strength-training/plate-loaded,Plate-Loaded Linear Leg Press(HSLLP)로 수평(리니어) 레그 프레스를 제공합니다.,"시트, 발판, 중량, 안전 스top","🏋️ HAMMER STRENGTH — Plate-Loaded Linear Leg Press · Plate-Loaded

🎯 ONE KEY CUE
🔥 ""골반을 시트에 붙이고 수평 궤적으로 밀기""

⚙️ ① 기구 세팅
📋 검증 상태: VERIFIED
🏷️ 확인 모델: Plate-Loaded Linear Leg Press
Plate-Loaded Linear Leg Press(HSLLP)로 수평(리니어) 레그 프레스를 제공합니다.
⚙️ 조절 포인트: 시트, 발판, 중량, 안전 스top

🛤️ ② 운동 경로
수평 레일을 따라 발판을 앞으로 밀었다 복귀

⚠️ ③ 흔한 실수
45° Leg Press(PL-LP)를 수평 모델로 기록하는 것

💡 MACHINE FIT PRO TIP
Plate-Loaded 라인 특성(가이드 궤적·좌우 독립·플레이트 로딩)에 맞춰 첫 2세트는 템포를 늦추고, 좌우/전후 대칭을 확인한 다음 무게를 올리세요.","🏋️ HAMMER STRENGTH — Plate-Loaded Linear Leg Press · Plate-Loaded

🎯 ONE KEY CUE
🔥 ""Keep the pelvis on the seat and press on the horizontal path""

⚙️ ① Setup
📋 Status: VERIFIED
🏷️ Verified model: Plate-Loaded Linear Leg Press
Plate-Loaded Linear Leg Press(HSLLP)로 수평(리니어) 레그 프레스를 제공합니다.
⚙️ Adjustments: 시트, 발판, 중량, 안전 스top

🛤️ ② Movement path
수평 레일을 따라 발판을 앞으로 press었다 return

⚠️ ③ Common mistake
45° Leg Press(PL-LP)를 수평 모델로 기록하는 

💡 MACHINE FIT PRO TIP
Use the Plate-Loaded guided path: slow the first two sets, check left-right symmetry, then add load."
HAMMER_STRENGTH,핵 스쿼트,Hack Squat,Plate-Loaded Hack Squat,VERIFIED,Life Fitness (Hammer Strength),Plate-Loaded,https://www.lifefitness.com/en-us/catalog/strength-training/plate-loaded,Plate-Loaded Hack Squat(PL-HSQ) 공식 핵 스쿼트 머신입니다.,"어깨 패드, 발 위치, 중량","🏋️ HAMMER STRENGTH — Plate-Loaded Hack Squat · Plate-Loaded

🎯 ONE KEY CUE
🔥 ""등을 패드에 붙이고 발 중앙으로 깊이 내려가기""

⚙️ ① 기구 세팅
📋 검증 상태: VERIFIED
🏷️ 확인 모델: Plate-Loaded Hack Squat
Plate-Loaded Hack Squat(PL-HSQ) 공식 핵 스쿼트 머신입니다.
⚙️ 조절 포인트: 어깨 패드, 발 위치, 중량

🛤️ ② 운동 경로
어깨 패드 지지 하에 무릎 굴곡·신전 스쿼at 경로

⚠️ ③ 흔한 실수
발을 너무 앞에 두어 무릎에 과부하가 가는 것

💡 MACHINE FIT PRO TIP
Plate-Loaded 라인 특성(가이드 궤적·좌우 독립·플레이트 로딩)에 맞춰 첫 2세트는 템포를 늦추고, 좌우/전후 대칭을 확인한 다음 무게를 올리세요.","🏋️ HAMMER STRENGTH — Plate-Loaded Hack Squat · Plate-Loaded

🎯 ONE KEY CUE
🔥 ""Stay on the pad and descend through the mid-foot""

⚙️ ① Setup
📋 Status: VERIFIED
🏷️ Verified model: Plate-Loaded Hack Squat
Plate-Loaded Hack Squat(PL-HSQ) 공식 핵 스쿼트 머신.
⚙️ Adjustments: 어깨 패드, 발 위치, 중량

🛤️ ② Movement path
어깨 패드 지지 하에 무릎 굴곡·신전 스쿼at 경로

⚠️ ③ Common mistake
발을 너무 앞에 두어 무릎에 과부하가 가는 

💡 MACHINE FIT PRO TIP
Use the Plate-Loaded guided path: slow the first two sets, check left-right symmetry, then add load."
HAMMER_STRENGTH,스쿼트 프레스,Squat Press,Plate-Loaded V-Squat,PARTIALLY_VERIFIED,Life Fitness (Hammer Strength),Plate-Loaded,https://www.lifefitness.com/en-us/catalog/strength-training/plate-loaded,"V-Squat(PL-VSQ)가 스쿼at 프레ss에 가장 근접합니다. 전용 ""Squat Press"" SKU는 없습니다.","어깨 패드, 발 위치, 중량","🏋️ HAMMER STRENGTH — Plate-Loaded V-Squat · Plate-Loaded

🎯 ONE KEY CUE
🔥 ""V 궤적에 맞게 발 위치를 먼저 설정""

⚙️ ① 기구 세팅
📋 검증 상태: PARTIALLY_VERIFIED
🏷️ 확인 모델: Plate-Loaded V-Squat
V-Squat(PL-VSQ)가 스쿼at 프레ss에 가장 근접합니다. 전용 ""Squat Press"" SKU는 없습니다.
⚙️ 조절 포인트: 어깨 패드, 발 위치, 중량

🛤️ ② 운동 경로
어깨 패드 하에서 V자 궤적을 따라 스쿼at·프레ss

⚠️ ③ 흔한 실수
Hack Squat(PL-HSQ)과 V-Squat을 동일 모델로 기록하는 것

💡 MACHINE FIT PRO TIP
Plate-Loaded 라인 특성(가이드 궤적·좌우 독립·플레이트 로딩)에 맞춰 첫 2세트는 템포를 늦추고, 좌우/전후 대칭을 확인한 다음 무게를 올리세요.","🏋️ HAMMER STRENGTH — Plate-Loaded V-Squat · Plate-Loaded

🎯 ONE KEY CUE
🔥 ""Set foot placement first to match the V-squat path""

⚙️ ① Setup
📋 Status: PARTIALLY_VERIFIED
🏷️ Verified model: Plate-Loaded V-Squat
V-Squat(PL-VSQ)가 스쿼at 프레ss에 가장 근접합니다. 전용 ""Squat Press"" SKU는 없습니다.
⚙️ Adjustments: 어깨 패드, 발 위치, 중량

🛤️ ② Movement path
어깨 패드 하에서 V자 궤적을 따라 스쿼at·프레ss

⚠️ ③ Common mistake
Hack Squat(PL-HSQ)과 V-Squat을 동일 모델로 기록하는 

💡 MACHINE FIT PRO TIP
Use the Plate-Loaded guided path: slow the first two sets, check left-right symmetry, then add load."
HAMMER_STRENGTH,벨트 스쿼트,Belt Squat,Plate-Loaded Belt Squat,VERIFIED,Life Fitness (Hammer Strength),Plate-Loaded,https://www.lifefitness.com/en-us/catalog/strength-training/plate-loaded,Plate-Loaded Belt Squat(PL-BSQ) 공식 벨트 스쿼at 머신입니다.,"벨트 높이, 발 위치, 중량, 딥 어태치먼트(옵션)","🏋️ HAMMER STRENGTH — Plate-Loaded Belt Squat · Plate-Loaded

🎯 ONE KEY CUE
🔥 ""벨트를 골반에 고정하고 수직으로 앉았다 일어서기""

⚙️ ① 기구 세팅
📋 검증 상태: VERIFIED
🏷️ 확인 모델: Plate-Loaded Belt Squat
Plate-Loaded Belt Squat(PL-BSQ) 공식 벨트 스쿼at 머신입니다.
⚙️ 조절 포인트: 벨트 높이, 발 위치, 중량, 딥 어태치먼트(옵션)

🛤️ ② 운동 경로
벨트 하중을 두고 수직 스쿼at 상·하 왕복

⚠️ ③ 흔한 실수
벨트가 허리에 걸려 요추에 부담이 가는 것

💡 MACHINE FIT PRO TIP
Plate-Loaded 라인 특성(가이드 궤적·좌우 독립·플레이트 로딩)에 맞춰 첫 2세트는 템포를 늦추고, 좌우/전후 대칭을 확인한 다음 무게를 올리세요.","🏋️ HAMMER STRENGTH — Plate-Loaded Belt Squat · Plate-Loaded

🎯 ONE KEY CUE
🔥 ""Set the belt on the hips and squat straight up and down""

⚙️ ① Setup
📋 Status: VERIFIED
🏷️ Verified model: Plate-Loaded Belt Squat
Plate-Loaded Belt Squat(PL-BSQ) 공식 벨트 스쿼at 머신.
⚙️ Adjustments: 벨트 높이, 발 위치, 중량, 딥 어태치먼트(옵션)

🛤️ ② Movement path
벨트 하중을 두고 수직 스쿼at 상·하 왕복

⚠️ ③ Common mistake
벨트가 허리에 걸려 요추에 부담이 가는 

💡 MACHINE FIT PRO TIP
Use the Plate-Loaded guided path: slow the first two sets, check left-right symmetry, then add load."
HAMMER_STRENGTH,레그 익스텐션,Leg Extension,Hammer Strength Select Leg Extension,VERIFIED,Life Fitness (Hammer Strength),Select,https://www.lifefitness.com/en-us/catalog/strength-training/selectorized/hammer-strength-select,Select Leg Extension(HS-LE) 셀렉터라이즈드 레그 익스텐션입니다.,"시트, 종아리 패드, 스택 핀","🏋️ HAMMER STRENGTH — Hammer Strength Select Leg Extension · Select

🎯 ONE KEY CUE
🔥 ""골반을 시트에 고정하고 무릎만 펴기""

⚙️ ① 기구 세팅
📋 검증 상태: VERIFIED
🏷️ 확인 모델: Hammer Strength Select Leg Extension
Select Leg Extension(HS-LE) 셀렉터라이즈드 레그 익스텐션입니다.
⚙️ 조절 포인트: 시트, 종아리 패드, 스택 핀

🛤️ ② 운동 경로
무릎 90°에서 다리를 펴 상부에서 1초 수축 후 복귀

⚠️ ③ 흔한 실수
허리를 뜨게 하며 반동으로 차올리는 것

💡 MACHINE FIT PRO TIP
Select 라인 특성(가이드 궤적·좌우 독립·플레이트 로딩)에 맞춰 첫 2세트는 템포를 늦추고, 좌우/전후 대칭을 확인한 다음 무게를 올리세요.","🏋️ HAMMER STRENGTH — Hammer Strength Select Leg Extension · Select

🎯 ONE KEY CUE
🔥 ""Anchor the pelvis to the seat and extend through the knees""

⚙️ ① Setup
📋 Status: VERIFIED
🏷️ Verified model: Hammer Strength Select Leg Extension
Select Leg Extension(HS-LE) 셀렉터라이즈드 레그 익스텐션.
⚙️ Adjustments: 시트, 종아리 패드, 스택 핀

🛤️ ② Movement path
무릎 90°에서 다리를 펴 상부에서 1초 수축 후 return

⚠️ ③ Common mistake
허리를 뜨게 하며 반동으로 차올리는 

💡 MACHINE FIT PRO TIP
Use the Select guided path: slow the first two sets, check left-right symmetry, then add load."
HAMMER_STRENGTH,시티드 레그 컬,Seated Leg Curl,Hammer Strength Select Seated Leg Curl,VERIFIED,Life Fitness (Hammer Strength),Select,https://www.lifefitness.com/en-us/catalog/strength-training/selectorized/hammer-strength-select,Select Seated Leg Curl(HS-SLC) 좌식 셀렉터라이즈드 레그 컬입니다.,"시트, 종아리 패드, 스택 핀","🏋️ HAMMER STRENGTH — Hammer Strength Select Seated Leg Curl · Select

🎯 ONE KEY CUE
🔥 ""골반을 시트에 붙이고 발뒤꿈치로 당기기""

⚙️ ① 기구 세팅
📋 검증 상태: VERIFIED
🏷️ 확인 모델: Hammer Strength Select Seated Leg Curl
Select Seated Leg Curl(HS-SLC) 좌식 셀렉터라이즈드 레그 컬입니다.
⚙️ 조절 포인트: 시트, 종아리 패드, 스택 핀

🛤️ ② 운동 경로
앉은 자세에서 무릎을 굽혀 종아리 패드를 뒤로 당겼다 복귀

⚠️ ③ 흔한 실수
엉덩이를 들어 반동으로 당기는 것

💡 MACHINE FIT PRO TIP
Select 라인 특성(가이드 궤적·좌우 독립·플레이트 로딩)에 맞춰 첫 2세트는 템포를 늦추고, 좌우/전후 대칭을 확인한 다음 무게를 올리세요.","🏋️ HAMMER STRENGTH — Hammer Strength Select Seated Leg Curl · Select

🎯 ONE KEY CUE
🔥 ""Keep the pelvis down and curl through the heels""

⚙️ ① Setup
📋 Status: VERIFIED
🏷️ Verified model: Hammer Strength Select Seated Leg Curl
Select Seated Leg Curl(HS-SLC) 좌식 셀렉터라이즈드 레그 컬.
⚙️ Adjustments: 시트, 종아리 패드, 스택 핀

🛤️ ② Movement path
앉은 자세에서 무릎을 굽혀 종아리 패드를 뒤로 당겼다 return

⚠️ ③ Common mistake
엉덩이를 들어 반동으로 당기는 

💡 MACHINE FIT PRO TIP
Use the Select guided path: slow the first two sets, check left-right symmetry, then add load."
HAMMER_STRENGTH,라잉 레그 컬,Lying Leg Curl,Plate-Loaded Iso-Lateral Leg Curl,VERIFIED,Life Fitness (Hammer Strength),Plate-Loaded,https://www.lifefitness.com/en-us/catalog/strength-training/plate-loaded,Plate-Loaded Iso-Lateral Leg Curl(IL-LC) 엎드린(라잉) 레그 컬입니다.,"패드 높이, 발/종아리 위치, 중량","🏋️ HAMMER STRENGTH — Plate-Loaded Iso-Lateral Leg Curl · Plate-Loaded

🎯 ONE KEY CUE
🔥 ""골반을 패드에 눌러 두고 햄스트링으로 당기기""

⚙️ ① 기구 세팅
📋 검증 상태: VERIFIED
🏷️ 확인 모델: Plate-Loaded Iso-Lateral Leg Curl
Plate-Loaded Iso-Lateral Leg Curl(IL-LC) 엎드린(라잉) 레그 컬입니다.
⚙️ 조절 포인트: 패드 높이, 발/종아리 위치, 중량

🛤️ ② 운동 경로
엎드린 자세에서 무릎을 굽혀 발뒤꿈치를 엉덩이 쪽으로

⚠️ ③ 흔한 실수
요추를 꺾으며 엉덩이를 들어올리는 것

💡 MACHINE FIT PRO TIP
Plate-Loaded 라인 특성(가이드 궤적·좌우 독립·플레이트 로딩)에 맞춰 첫 2세트는 템포를 늦추고, 좌우/전후 대칭을 확인한 다음 무게를 올리세요.","🏋️ HAMMER STRENGTH — Plate-Loaded Iso-Lateral Leg Curl · Plate-Loaded

🎯 ONE KEY CUE
🔥 ""Press the hips into the pad and curl with the hamstrings""

⚙️ ① Setup
📋 Status: VERIFIED
🏷️ Verified model: Plate-Loaded Iso-Lateral Leg Curl
Plate-Loaded Iso-Lateral Leg Curl(IL-LC) 엎드린(라잉) 레그 컬.
⚙️ Adjustments: 패드 높이, 발/종아리 위치, 중량

🛤️ ② Movement path
엎드린 자세에서 무릎을 굽혀 발뒤꿈치를 엉덩이 쪽으로

⚠️ ③ Common mistake
요추를 꺾으며 엉덩이를 들어올리는 

💡 MACHINE FIT PRO TIP
Use the Plate-Loaded guided path: slow the first two sets, check left-right symmetry, then add load."
HAMMER_STRENGTH,스탠딩 레그 컬,Standing Leg Curl,,BRAND_MODEL_NOT_FOUND,Life Fitness (Hammer Strength),,,Hammer Strength 공식 라인업에 스탠딩 레그 컬 전용 머신이 확인되지 않습니다.,,"🏋️ HAMMER STRENGTH — 운동 가이드 (공식 전용 모델 미확인)

🎯 ONE KEY CUE
🔥 ""해당 브랜드 전용 모델 없음""

⚙️ ① 기구 세팅
📋 검증 상태: BRAND_MODEL_NOT_FOUND
해머 스트렝스 공식 카탈로그에서 이 운동 유형에 1:1 대응되는 전용 모델을 확인하지 못했습니다.
아래 팁은 해당 운동 패턴에 대한 안전한 일반 가이드이며, 실제 설치된 기구의 레버·패드·핀을 먼저 확인하세요.

🛤️ ② 운동 경로
해당 없음

⚠️ ③ 흔한 실수
Kneeling Leg Curl(MTSKC)을 스탠딩 컬로 분류하는 것

💡 MACHINE FIT PRO TIP
무게보다 궤적 통제를 우선하세요. 시트·패드·손잡이 높이를 맞춘 뒤 가벼운 무게로 5회 리허설 후 본 세트를 시작하세요.","🏋️ HAMMER STRENGTH — Exercise guide (no dedicated official model)

🎯 ONE KEY CUE
🔥 ""No dedicated Hammer Strength standing leg curl""

⚙️ ① Setup
📋 Status: BRAND_MODEL_NOT_FOUND
No dedicated Hammer Strength catalog model maps 1:1 to this exercise category.
Tips below are safe general guidance—confirm levers, pads, and pins on the unit in your gym first.

🛤️ ② Movement path
해당 없음

⚠️ ③ Common mistake
Kneeling Leg Curl(MTSKC)을 스탠딩 컬로 분류하는 

💡 MACHINE FIT PRO TIP
Prioritize path control over load. Match seat and pad height, rehearse five light reps, then start working sets."
HAMMER_STRENGTH,싱글 레그 컬,Single Leg Curl,MTS Kneeling Leg Curl,PARTIALLY_VERIFIED,Life Fitness (Hammer Strength),MTS,https://www.lifefitness.com/en-us/catalog/strength-training/selectorized/motion-technology-selectorised,MTS Kneeling Leg Curl(MTSKC)은 무릎 꿇은 단측 레그 컬에 가장 근접합니다. 전용 standing single-leg curl SKU는 없습니다.,"패드, 스택 핀, 무릎 위치","🏋️ HAMMER STRENGTH — MTS Kneeling Leg Curl · MTS

🎯 ONE KEY CUE
🔥 ""한쪽 다리씩 골반을 고정하고 햄스트링으로 당기기""

⚙️ ① 기구 세팅
📋 검증 상태: PARTIALLY_VERIFIED
🏷️ 확인 모델: MTS Kneeling Leg Curl
MTS Kneeling Leg Curl(MTSKC)은 무릎 꿇은 단측 레그 컬에 가장 근접합니다. 전용 standing single-leg curl SKU는 없습니다.
⚙️ 조절 포인트: 패드, 스택 핀, 무릎 위치

🛤️ ② 운동 경로
무릎 꿇은 자세에서 한쪽 다리씩 굽혔다 펴기

⚠️ ③ 흔한 실수
양측 Seated Leg Curl(HS-SLC)을 싱글 레그로 기록하는 것

💡 MACHINE FIT PRO TIP
MTS 라인 특성(가이드 궤적·좌우 독립·플레이트 로딩)에 맞춰 첫 2세트는 템포를 늦추고, 좌우/전후 대칭을 확인한 다음 무게를 올리세요.","🏋️ HAMMER STRENGTH — MTS Kneeling Leg Curl · MTS

🎯 ONE KEY CUE
🔥 ""Curl one leg at a time with the pelvis set""

⚙️ ① Setup
📋 Status: PARTIALLY_VERIFIED
🏷️ Verified model: MTS Kneeling Leg Curl
MTS Kneeling Leg Curl(MTSKC)은 무릎 꿇은 단측 레그 컬에 가장 근접합니다. 전용 standing single-leg curl SKU는 없습니다.
⚙️ Adjustments: 패드, 스택 핀, 무릎 위치

🛤️ ② Movement path
무릎 꿇은 자세에서 한쪽 다리씩 굽혔다 펴기

⚠️ ③ Common mistake
양측 Seated Leg Curl(HS-SLC)을 싱글 레그로 기록하는 

💡 MACHINE FIT PRO TIP
Use the MTS guided path: slow the first two sets, check left-right symmetry, then add load."
HAMMER_STRENGTH,힙 쓰러스트,Hip Thrust,,BRAND_MODEL_NOT_FOUND,Life Fitness (Hammer Strength),,,Hammer Strength 공식 라인업에 바벨형 힙 쓰러st 전용 머신이 확인되지 않습니다. Glute Drive(PL-GLD)는 다른 동작입니다.,,"🏋️ HAMMER STRENGTH — 운동 가이드 (공식 전용 모델 미확인)

🎯 ONE KEY CUE
🔥 ""해당 브랜드 전용 모델 없음""

⚙️ ① 기구 세팅
📋 검증 상태: BRAND_MODEL_NOT_FOUND
해머 스트렝스 공식 카탈로그에서 이 운동 유형에 1:1 대응되는 전용 모델을 확인하지 못했습니다.
아래 팁은 해당 운동 패턴에 대한 안전한 일반 가이드이며, 실제 설치된 기구의 레버·패드·핀을 먼저 확인하세요.

🛤️ ② 운동 경로
해당 없음

⚠️ ③ 흔한 실수
Glute Drive(PL-GLD)를 힙 쓰러st와 동일 모델로 기록하는 것

💡 MACHINE FIT PRO TIP
무게보다 궤적 통제를 우선하세요. 시트·패드·손잡이 높이를 맞춘 뒤 가벼운 무게로 5회 리허설 후 본 세트를 시작하세요.","🏋️ HAMMER STRENGTH — Exercise guide (no dedicated official model)

🎯 ONE KEY CUE
🔥 ""No dedicated Hammer Strength hip thrust machine""

⚙️ ① Setup
📋 Status: BRAND_MODEL_NOT_FOUND
No dedicated Hammer Strength catalog model maps 1:1 to this exercise category.
Tips below are safe general guidance—confirm levers, pads, and pins on the unit in your gym first.

🛤️ ② Movement path
해당 없음

⚠️ ③ Common mistake
Glute Drive(PL-GLD)를 힙 쓰러st와 동일 모델로 기록하는 

💡 MACHINE FIT PRO TIP
Prioritize path control over load. Match seat and pad height, rehearse five light reps, then start working sets."
HAMMER_STRENGTH,글루트 드라이브,Glute Drive,Plate-Loaded Glute Drive,VERIFIED,Life Fitness (Hammer Strength),Plate-Loaded,https://www.lifefitness.com/en-us/catalog/strength-training/plate-loaded,Plate-Loaded Glute Drive(PL-GLD) 공식 글루트 드라이브 머신입니다.,"시트/패드, 발 위치, 중량","🏋️ HAMMER STRENGTH — Plate-Loaded Glute Drive · Plate-Loaded

🎯 ONE KEY CUE
🔥 ""골반을 패드에 고정하고 엉덩이로 밀기""

⚙️ ① 기구 세팅
📋 검증 상태: VERIFIED
🏷️ 확인 모델: Plate-Loaded Glute Drive
Plate-Loaded Glute Drive(PL-GLD) 공식 글루트 드라이브 머신입니다.
⚙️ 조절 포인트: 시트/패드, 발 위치, 중량

🛤️ ② 운동 경로
좌식에서 엉덩이를 뒤로 밀어 신전했다 복귀

⚠️ ③ 흔한 실수
허리를 과신전하며 요추로 힘을 주는 것

💡 MACHINE FIT PRO TIP
Plate-Loaded 라인 특성(가이드 궤적·좌우 독립·플레이트 로딩)에 맞춰 첫 2세트는 템포를 늦추고, 좌우/전후 대칭을 확인한 다음 무게를 올리세요.","🏋️ HAMMER STRENGTH — Plate-Loaded Glute Drive · Plate-Loaded

🎯 ONE KEY CUE
🔥 ""Anchor the pelvis and drive through the glutes""

⚙️ ① Setup
📋 Status: VERIFIED
🏷️ Verified model: Plate-Loaded Glute Drive
Plate-Loaded Glute Drive(PL-GLD) 공식 글루트 드라이브 머신.
⚙️ Adjustments: 시트/패드, 발 위치, 중량

🛤️ ② Movement path
좌식에서 엉덩이를 뒤로 press어 신전했다 return

⚠️ ③ Common mistake
허리를 과신전하며 요추로 힘을 주는 

💡 MACHINE FIT PRO TIP
Use the Plate-Loaded guided path: slow the first two sets, check left-right symmetry, then add load."
HAMMER_STRENGTH,글루트 킥백,Glute Kickback,,BRAND_MODEL_NOT_FOUND,Life Fitness (Hammer Strength),,,Hammer Strength 공식 라인업에 글루트 킥백 전용 머신이 확인되지 않습니다.,,"🏋️ HAMMER STRENGTH — 운동 가이드 (공식 전용 모델 미확인)

🎯 ONE KEY CUE
🔥 ""해당 브랜드 전용 모델 없음""

⚙️ ① 기구 세팅
📋 검증 상태: BRAND_MODEL_NOT_FOUND
해머 스트렝스 공식 카탈로그에서 이 운동 유형에 1:1 대응되는 전용 모델을 확인하지 못했습니다.
아래 팁은 해당 운동 패턴에 대한 안전한 일반 가이드이며, 실제 설치된 기구의 레버·패드·핀을 먼저 확인하세요.

🛤️ ② 운동 경로
해당 없음

⚠️ ③ 흔한 실수
Hip/Glute(HS-HG)를 킥백 전용으로 기록하는 것

💡 MACHINE FIT PRO TIP
무게보다 궤적 통제를 우선하세요. 시트·패드·손잡이 높이를 맞춘 뒤 가벼운 무게로 5회 리허설 후 본 세트를 시작하세요.","🏋️ HAMMER STRENGTH — Exercise guide (no dedicated official model)

🎯 ONE KEY CUE
🔥 ""No dedicated Hammer Strength glute kickback machine""

⚙️ ① Setup
📋 Status: BRAND_MODEL_NOT_FOUND
No dedicated Hammer Strength catalog model maps 1:1 to this exercise category.
Tips below are safe general guidance—confirm levers, pads, and pins on the unit in your gym first.

🛤️ ② Movement path
해당 없음

⚠️ ③ Common mistake
Hip/Glute(HS-HG)를 킥백 전용으로 기록하는 

💡 MACHINE FIT PRO TIP
Prioritize path control over load. Match seat and pad height, rehearse five light reps, then start working sets."
HAMMER_STRENGTH,힙 어브덕션,Hip Abduction,Hammer Strength Select Hip Abduction,VERIFIED,Life Fitness (Hammer Strength),Select,https://www.lifefitness.com/en-us/catalog/strength-training/selectorized/hammer-strength-select,Select Hip Abduction(HS-HAB) 셀렉터라이즈드 힙 어브덕션입니다.,"시트, 다리 패드, 스택 핀","🏋️ HAMMER STRENGTH — Hammer Strength Select Hip Abduction · Select

🎯 ONE KEY CUE
🔥 ""골반을 시트에 고정하고 다리를 옆으로 밀기""

⚙️ ① 기구 세팅
📋 검증 상태: VERIFIED
🏷️ 확인 모델: Hammer Strength Select Hip Abduction
Select Hip Abduction(HS-HAB) 셀렉터라이즈드 힙 어브덕션입니다.
⚙️ 조절 포인트: 시트, 다리 패드, 스택 핀

🛤️ ② 운동 경로
좌식에서 다리를 몸통 바깥쪽으로 벌렸다 복귀

⚠️ ③ 흔한 실수
상체를 기울여 반동으로 벌리는 것

💡 MACHINE FIT PRO TIP
Select 라인 특성(가이드 궤적·좌우 독립·플레이트 로딩)에 맞춰 첫 2세트는 템포를 늦추고, 좌우/전후 대칭을 확인한 다음 무게를 올리세요.","🏋️ HAMMER STRENGTH — Hammer Strength Select Hip Abduction · Select

🎯 ONE KEY CUE
🔥 ""Keep the pelvis on the seat and push the leg out to the side""

⚙️ ① Setup
📋 Status: VERIFIED
🏷️ Verified model: Hammer Strength Select Hip Abduction
Select Hip Abduction(HS-HAB) 셀렉터라이즈드 힙 어브덕션.
⚙️ Adjustments: 시트, 다리 패드, 스택 핀

🛤️ ② Movement path
좌식에서 다리를 몸통 바깥쪽으로 벌렸다 return

⚠️ ③ Common mistake
상체를 기울여 반동으로 벌리는 

💡 MACHINE FIT PRO TIP
Use the Select guided path: slow the first two sets, check left-right symmetry, then add load."
HAMMER_STRENGTH,힙 어덕션,Hip Adduction,Hammer Strength Select Hip Adduction,VERIFIED,Life Fitness (Hammer Strength),Select,https://www.lifefitness.com/en-us/catalog/strength-training/selectorized/hammer-strength-select,Select Hip Adduction(HS-HAD) 셀렉터라이즈드 힙 어덕션입니다.,"시트, 다리 패드, 스택 핀","🏋️ HAMMER STRENGTH — Hammer Strength Select Hip Adduction · Select

🎯 ONE KEY CUE
🔥 ""골반을 고정하고 다리를 몸통 중앙으로 모으기""

⚙️ ① 기구 세팅
📋 검증 상태: VERIFIED
🏷️ 확인 모델: Hammer Strength Select Hip Adduction
Select Hip Adduction(HS-HAD) 셀렉터라이즈드 힙 어덕션입니다.
⚙️ 조절 포인트: 시트, 다리 패드, 스택 핀

🛤️ ② 운동 경로
좌식에서 다리를 안쪽으로 모았다 천천히 복귀

⚠️ ③ 흔한 실수
무릎만 돌리며 내전근 대신 다른 근육을 쓰는 것

💡 MACHINE FIT PRO TIP
Select 라인 특성(가이드 궤적·좌우 독립·플레이트 로딩)에 맞춰 첫 2세트는 템포를 늦추고, 좌우/전후 대칭을 확인한 다음 무게를 올리세요.","🏋️ HAMMER STRENGTH — Hammer Strength Select Hip Adduction · Select

🎯 ONE KEY CUE
🔥 ""Anchor the pelvis and bring the leg toward the midline""

⚙️ ① Setup
📋 Status: VERIFIED
🏷️ Verified model: Hammer Strength Select Hip Adduction
Select Hip Adduction(HS-HAD) 셀렉터라이즈드 힙 어덕션.
⚙️ Adjustments: 시트, 다리 패드, 스택 핀

🛤️ ② Movement path
좌식에서 다리를 안쪽으로 모았다 천천히 return

⚠️ ③ Common mistake
무릎만 돌리며 내전근 대신 다른 근육을 쓰는 

💡 MACHINE FIT PRO TIP
Use the Select guided path: slow the first two sets, check left-right symmetry, then add load."
HAMMER_STRENGTH,글루트 / 힙 머신,Glute / Hip Machine,Hammer Strength Select Hip/Glute,VERIFIED,Life Fitness (Hammer Strength),Select,https://www.lifefitness.com/en-us/catalog/strength-training/selectorized/hammer-strength-select,Select Hip/Glute(HS-HG)로 글루트·힙 복합 셀렉터라이즈드 머신입니다.,"시트, 패드, 스택 핀, 모드","🏋️ HAMMER STRENGTH — Hammer Strength Select Hip/Glute · Select

🎯 ONE KEY CUE
🔥 ""모드에 맞는 발·골반 위치를 먼저 설정""

⚙️ ① 기구 세팅
📋 검증 상태: VERIFIED
🏷️ 확인 모델: Hammer Strength Select Hip/Glute
Select Hip/Glute(HS-HG)로 글루트·힙 복합 셀렉터라이즈드 머신입니다.
⚙️ 조절 포인트: 시트, 패드, 스택 핀, 모드

🛤️ ② 운동 경로
선택 모드에 따라 다리를 뒤·옆 방향으로 밀거나 당김

⚠️ ③ 흔한 실수
Hip Abduction(HS-HAB) 단독 모델과 HS-HG를 혼동하는 것

💡 MACHINE FIT PRO TIP
Select 라인 특성(가이드 궤적·좌우 독립·플레이트 로딩)에 맞춰 첫 2세트는 템포를 늦추고, 좌우/전후 대칭을 확인한 다음 무게를 올리세요.","🏋️ HAMMER STRENGTH — Hammer Strength Select Hip/Glute · Select

🎯 ONE KEY CUE
🔥 ""Set foot and pelvis position for the selected mode first""

⚙️ ① Setup
📋 Status: VERIFIED
🏷️ Verified model: Hammer Strength Select Hip/Glute
Select Hip/Glute(HS-HG)로 글루트·힙 복합 셀렉터라이즈드 머신.
⚙️ Adjustments: 시트, 패드, 스택 핀, 모드

🛤️ ② Movement path
선택 모드에 따라 다리를 뒤·옆 방향으로 밀거나 당김

⚠️ ③ Common mistake
Hip Abduction(HS-HAB) 단독 모델과 HS-HG를 혼동하는 

💡 MACHINE FIT PRO TIP
Use the Select guided path: slow the first two sets, check left-right symmetry, then add load."
HAMMER_STRENGTH,스탠딩 카프,Standing Calf,Hammer Strength Select Standing Calf,VERIFIED,Life Fitness (Hammer Strength),Select,https://www.lifefitness.com/en-us/catalog/strength-training/selectorized/hammer-strength-select,Select Standing Calf(HS-SC) 셀렉터라이즈드 스탠딩 카프입니다.,"어깨 패드, 발 위치, 스택 핀","🏋️ HAMMER STRENGTH — Hammer Strength Select Standing Calf · Select

🎯 ONE KEY CUE
🔥 ""무릎을 펴고 발볼로 최대 가동범위까지 올리기""

⚙️ ① 기구 세팅
📋 검증 상태: VERIFIED
🏷️ 확인 모델: Hammer Strength Select Standing Calf
Select Standing Calf(HS-SC) 셀렉터라이즈드 스탠딩 카프입니다.
⚙️ 조절 포인트: 어깨 패드, 발 위치, 스택 핀

🛤️ ② 운동 경로
서서 발뒤꿈치를 최대로 올렸다 천천히 내리기

⚠️ ③ 흔한 실수
무릎을 굽혀 반동으로 올리는 것

💡 MACHINE FIT PRO TIP
Select 라인 특성(가이드 궤적·좌우 독립·플레이트 로딩)에 맞춰 첫 2세트는 템포를 늦추고, 좌우/전후 대칭을 확인한 다음 무게를 올리세요.","🏋️ HAMMER STRENGTH — Hammer Strength Select Standing Calf · Select

🎯 ONE KEY CUE
🔥 ""Keep the knees extended and rise through the balls of the feet""

⚙️ ① Setup
📋 Status: VERIFIED
🏷️ Verified model: Hammer Strength Select Standing Calf
Select Standing Calf(HS-SC) 셀렉터라이즈드 스탠딩 카프.
⚙️ Adjustments: 어깨 패드, 발 위치, 스택 핀

🛤️ ② Movement path
서서 발뒤꿈치를 최대로 올렸다 천천히 내리기

⚠️ ③ Common mistake
무릎을 굽혀 반동으로 올리는 

💡 MACHINE FIT PRO TIP
Use the Select guided path: slow the first two sets, check left-right symmetry, then add load."
HAMMER_STRENGTH,시티드 카프,Seated Calf,Plate-Loaded Seated Calf Raise,VERIFIED,Life Fitness (Hammer Strength),Plate-Loaded,https://www.lifefitness.com/en-us/catalog/strength-training/plate-loaded,Plate-Loaded Seated Calf Raise(PL-CALF) 좌식 카프 레이즈입니다.,"시트, 무릎 패드, 중량","🏋️ HAMMER STRENGTH — Plate-Loaded Seated Calf Raise · Plate-Loaded

🎯 ONE KEY CUE
🔥 ""무릎 패드 아래에서 발볼로 천천히 올리기""

⚙️ ① 기구 세팅
📋 검증 상태: VERIFIED
🏷️ 확인 모델: Plate-Loaded Seated Calf Raise
Plate-Loaded Seated Calf Raise(PL-CALF) 좌식 카프 레이즈입니다.
⚙️ 조절 포인트: 시트, 무릎 패드, 중량

🛤️ ② 운동 경로
앉은 자세에서 발뒤꿈치를 올렸다 천천히 하강

⚠️ ③ 흔한 실수
하강 구간을 통제하지 않고 내려놓는 것

💡 MACHINE FIT PRO TIP
Plate-Loaded 라인 특성(가이드 궤적·좌우 독립·플레이트 로딩)에 맞춰 첫 2세트는 템포를 늦추고, 좌우/전후 대칭을 확인한 다음 무게를 올리세요.","🏋️ HAMMER STRENGTH — Plate-Loaded Seated Calf Raise · Plate-Loaded

🎯 ONE KEY CUE
🔥 ""Under the knee pad, rise slowly through the balls of the feet""

⚙️ ① Setup
📋 Status: VERIFIED
🏷️ Verified model: Plate-Loaded Seated Calf Raise
Plate-Loaded Seated Calf Raise(PL-CALF) 좌식 카프 레이즈.
⚙️ Adjustments: 시트, 무릎 패드, 중량

🛤️ ② Movement path
앉은 자세에서 발뒤꿈치를 올렸다 천천히 하강

⚠️ ③ Common mistake
하강 구간을 통제하지 않고 내려놓는 

💡 MACHINE FIT PRO TIP
Use the Plate-Loaded guided path: slow the first two sets, check left-right symmetry, then add load."
HAMMER_STRENGTH,레그 프레스 카프,Leg Press Calf,Plate-Loaded Super Horizontal Calf,PARTIALLY_VERIFIED,Life Fitness (Hammer Strength),Plate-Loaded,https://www.lifefitness.com/en-us/catalog/strength-training/plate-loaded,레그 프레스 발판에서의 카프는 공식 전용 SKU가 없습니다. 수평 카프 Super Horizontal Calf(PL-SHC)가 가장 근접한 대안입니다.,"패드, 발 위치, 중량","🏋️ HAMMER STRENGTH — Plate-Loaded Super Horizontal Calf · Plate-Loaded

🎯 ONE KEY CUE
🔥 ""발볼만 움직이고 무릎 각도 유지""

⚙️ ① 기구 세팅
📋 검증 상태: PARTIALLY_VERIFIED
🏷️ 확인 모델: Plate-Loaded Super Horizontal Calf
레그 프레스 발판에서의 카프는 공식 전용 SKU가 없습니다. 수평 카프 Super Horizontal Calf(PL-SHC)가 가장 근접한 대안입니다.
⚙️ 조절 포인트: 패드, 발 위치, 중량

🛤️ ② 운동 경로
수평 또는 레그프레스 유사 자세에서 발목 plantarflexion

⚠️ ③ 흔한 실수
Leg Press(PL-LP) 발판 카프를 공식 모델명으로 기록하는 것

💡 MACHINE FIT PRO TIP
Plate-Loaded 라인 특성(가이드 궤적·좌우 독립·플레이트 로딩)에 맞춰 첫 2세트는 템포를 늦추고, 좌우/전후 대칭을 확인한 다음 무게를 올리세요.","🏋️ HAMMER STRENGTH — Plate-Loaded Super Horizontal Calf · Plate-Loaded

🎯 ONE KEY CUE
🔥 ""Move only through the balls of the feet and keep knee angle steady""

⚙️ ① Setup
📋 Status: PARTIALLY_VERIFIED
🏷️ Verified model: Plate-Loaded Super Horizontal Calf
레그 프레스 발판에서의 카프는 공식 전용 SKU가 없습니다. 수평 카프 Super Horizontal Calf(PL-SHC)가 가장 근접한 대안.
⚙️ Adjustments: 패드, 발 위치, 중량

🛤️ ② Movement path
수평 또는 레그프레스 유사 자세에서 발목 plantarflexion

⚠️ ③ Common mistake
Leg Press(PL-LP) 발판 카프를 공식 모델명으로 기록하는 

💡 MACHINE FIT PRO TIP
Use the Plate-Loaded guided path: slow the first two sets, check left-right symmetry, then add load."
HAMMER_STRENGTH,바이셉 컬,Biceps Curl,Hammer Strength Select Biceps Curl,VERIFIED,Life Fitness (Hammer Strength),Select,https://www.lifefitness.com/en-us/catalog/strength-training/selectorized/hammer-strength-select,Select Biceps Curl(HS-BC) 셀렉터라이즈드 바이셉 컬입니다.,"시트, 팔 패드, 스택 핀","🏋️ HAMMER STRENGTH — Hammer Strength Select Biceps Curl · Select

🎯 ONE KEY CUE
🔥 ""상완을 패드에 고정하고 손목만 굽히기""

⚙️ ① 기구 세팅
📋 검증 상태: VERIFIED
🏷️ 확인 모델: Hammer Strength Select Biceps Curl
Select Biceps Curl(HS-BC) 셀렉터라이즈드 바이셉 컬입니다.
⚙️ 조절 포인트: 시트, 팔 패드, 스택 핀

🛤️ ② 운동 경로
팔 신전에서 손잡이를 어깨 쪽으로 굽혔다 복귀

⚠️ ③ 흔한 실수
팔꿈치를 패드에서 떼어 반동으로 올리는 것

💡 MACHINE FIT PRO TIP
Select 라인 특성(가이드 궤적·좌우 독립·플레이트 로딩)에 맞춰 첫 2세트는 템포를 늦추고, 좌우/전후 대칭을 확인한 다음 무게를 올리세요.","🏋️ HAMMER STRENGTH — Hammer Strength Select Biceps Curl · Select

🎯 ONE KEY CUE
🔥 ""Keep the upper arm on the pad and curl through the wrists""

⚙️ ① Setup
📋 Status: VERIFIED
🏷️ Verified model: Hammer Strength Select Biceps Curl
Select Biceps Curl(HS-BC) 셀렉터라이즈드 바이셉 컬.
⚙️ Adjustments: 시트, 팔 패드, 스택 핀

🛤️ ② Movement path
팔 신전에서 손잡이를 어깨 쪽으로 굽혔다 return

⚠️ ③ Common mistake
팔꿈치를 패드에서 떼어 반동으로 올리는 

💡 MACHINE FIT PRO TIP
Use the Select guided path: slow the first two sets, check left-right symmetry, then add load."
HAMMER_STRENGTH,프리처 컬,Preacher Curl,,BRAND_MODEL_NOT_FOUND,Life Fitness (Hammer Strength),,,Hammer Strength 공식 라인업에 프리처 컬 전용 머신이 확인되지 않습니다.,,"🏋️ HAMMER STRENGTH — 운동 가이드 (공식 전용 모델 미확인)

🎯 ONE KEY CUE
🔥 ""해당 브랜드 전용 모델 없음""

⚙️ ① 기구 세팅
📋 검증 상태: BRAND_MODEL_NOT_FOUND
해머 스트렝스 공식 카탈로그에서 이 운동 유형에 1:1 대응되는 전용 모델을 확인하지 못했습니다.
아래 팁은 해당 운동 패턴에 대한 안전한 일반 가이드이며, 실제 설치된 기구의 레버·패드·핀을 먼저 확인하세요.

🛤️ ② 운동 경로
해당 없음

⚠️ ③ 흔한 실수
Seated Biceps(PL-BI)를 프리처 컬로 분류하는 것

💡 MACHINE FIT PRO TIP
무게보다 궤적 통제를 우선하세요. 시트·패드·손잡이 높이를 맞춘 뒤 가벼운 무게로 5회 리허설 후 본 세트를 시작하세요.","🏋️ HAMMER STRENGTH — Exercise guide (no dedicated official model)

🎯 ONE KEY CUE
🔥 ""No dedicated Hammer Strength preacher curl machine""

⚙️ ① Setup
📋 Status: BRAND_MODEL_NOT_FOUND
No dedicated Hammer Strength catalog model maps 1:1 to this exercise category.
Tips below are safe general guidance—confirm levers, pads, and pins on the unit in your gym first.

🛤️ ② Movement path
해당 없음

⚠️ ③ Common mistake
Seated Biceps(PL-BI)를 프리처 컬로 분류하는 

💡 MACHINE FIT PRO TIP
Prioritize path control over load. Match seat and pad height, rehearse five light reps, then start working sets."
HAMMER_STRENGTH,아이소래터럴 바이셉 컬,Iso-Lateral Biceps Curl,MTS Iso-Lateral Biceps Curl,VERIFIED,Life Fitness (Hammer Strength),MTS,https://www.lifefitness.com/en-us/catalog/strength-training/selectorized/motion-technology-selectorised,MTS Iso-Lateral Biceps Curl(MTSBC)로 좌우 독립 바이셉 컬을 제공합니다.,"시트, 패드, 좌·우 스택 핀","🏋️ HAMMER STRENGTH — MTS Iso-Lateral Biceps Curl · MTS

🎯 ONE KEY CUE
🔥 ""좌우를 같은 속도로 굽히며 peak에서 1초 수축""

⚙️ ① 기구 세팅
📋 검증 상태: VERIFIED
🏷️ 확인 모델: MTS Iso-Lateral Biceps Curl
MTS Iso-Lateral Biceps Curl(MTSBC)로 좌우 독립 바이셉 컬을 제공합니다.
⚙️ 조절 포인트: 시트, 패드, 좌·우 스택 핀

🛤️ ② 운동 경로
각 팔이 독립적으로 굽혔다 천천히 복귀

⚠️ ③ 흔한 실수
한쪽 팔만 더 빠르게 올리는 것

💡 MACHINE FIT PRO TIP
MTS 라인 특성(가이드 궤적·좌우 독립·플레이트 로딩)에 맞춰 첫 2세트는 템포를 늦추고, 좌우/전후 대칭을 확인한 다음 무게를 올리세요.","🏋️ HAMMER STRENGTH — MTS Iso-Lateral Biceps Curl · MTS

🎯 ONE KEY CUE
🔥 ""Curl both sides at the same speed and pause one second at the top""

⚙️ ① Setup
📋 Status: VERIFIED
🏷️ Verified model: MTS Iso-Lateral Biceps Curl
MTS Iso-Lateral Biceps Curl(MTSBC)로 좌우 독립 바이셉 컬을 제공합니다.
⚙️ Adjustments: 시트, 패드, 좌·우 스택 핀

🛤️ ② Movement path
각 팔이 독립적으로 굽혔다 천천히 return

⚠️ ③ Common mistake
한쪽 팔만 더 빠르게 올리는 

💡 MACHINE FIT PRO TIP
Use the MTS guided path: slow the first two sets, check left-right symmetry, then add load."
HAMMER_STRENGTH,암 컬,Arm Curl,Plate-Loaded Seated Biceps,PARTIALLY_VERIFIED,Life Fitness (Hammer Strength),Plate-Loaded,https://www.lifefitness.com/en-us/catalog/strength-training/plate-loaded,일반 암 컬은 Plate-Loaded Seated Biceps(PL-BI)가 가장 근접합니다. Select Biceps Curl(HS-BC)도 대안입니다.,"시트, 팔 패드, 중량","🏋️ HAMMER STRENGTH — Plate-Loaded Seated Biceps · Plate-Loaded

🎯 ONE KEY CUE
🔥 ""팔꿈치 위치를 고정하고 이두로만 굽히기""

⚙️ ① 기구 세팅
📋 검증 상태: PARTIALLY_VERIFIED
🏷️ 확인 모델: Plate-Loaded Seated Biceps
일반 암 컬은 Plate-Loaded Seated Biceps(PL-BI)가 가장 근접합니다. Select Biceps Curl(HS-BC)도 대안입니다.
⚙️ 조절 포인트: 시트, 팔 패드, 중량

🛤️ ② 운동 경로
좌식에서 손잡이를 어깨 쪽으로 굽혔다 복귀

⚠️ ③ 흔한 실수
PL-BI와 HS-BC를 구분 없이 동일 SKU로 기록하는 것

💡 MACHINE FIT PRO TIP
Plate-Loaded 라인 특성(가이드 궤적·좌우 독립·플레이트 로딩)에 맞춰 첫 2세트는 템포를 늦추고, 좌우/전후 대칭을 확인한 다음 무게를 올리세요.","🏋️ HAMMER STRENGTH — Plate-Loaded Seated Biceps · Plate-Loaded

🎯 ONE KEY CUE
🔥 ""Fix the elbow position and curl with the biceps only""

⚙️ ① Setup
📋 Status: PARTIALLY_VERIFIED
🏷️ Verified model: Plate-Loaded Seated Biceps
일반 암 컬은 Plate-Loaded Seated Biceps(PL-BI)가 가장 근접합니다. Select Biceps Curl(HS-BC)도 대안.
⚙️ Adjustments: 시트, 팔 패드, 중량

🛤️ ② Movement path
좌식에서 손잡이를 어깨 쪽으로 굽혔다 return

⚠️ ③ Common mistake
PL-BI와 HS-BC를 구분 없이 동일 SKU로 기록하는 

💡 MACHINE FIT PRO TIP
Use the Plate-Loaded guided path: slow the first two sets, check left-right symmetry, then add load."
HAMMER_STRENGTH,트라이셉스 익스텐션,Triceps Extension,Hammer Strength Select Triceps Extension,VERIFIED,Life Fitness (Hammer Strength),Select,https://www.lifefitness.com/en-us/catalog/strength-training/selectorized/hammer-strength-select,Select Triceps Extension(HS-TE) 셀렉터라이즈드 트라이셉스 익스텐션입니다.,"시트, 팔 패드, 스택 핀","🏋️ HAMMER STRENGTH — Hammer Strength Select Triceps Extension · Select

🎯 ONE KEY CUE
🔥 ""상완을 고정하고 팔꿈치만 펴기""

⚙️ ① 기구 세팅
📋 검증 상태: VERIFIED
🏷️ 확인 모델: Hammer Strength Select Triceps Extension
Select Triceps Extension(HS-TE) 셀렉터라이즈드 트라이셉스 익스텐션입니다.
⚙️ 조절 포인트: 시트, 팔 패드, 스택 핀

🛤️ ② 운동 경로
팔 굽힘에서 손잡이를 아래·뒤로 펴었다 복귀

⚠️ ③ 흔한 실수
어깨를 앞으로 굴러 삼두 대신 어깨로 밀어내는 것

💡 MACHINE FIT PRO TIP
Select 라인 특성(가이드 궤적·좌우 독립·플레이트 로딩)에 맞춰 첫 2세트는 템포를 늦추고, 좌우/전후 대칭을 확인한 다음 무게를 올리세요.","🏋️ HAMMER STRENGTH — Hammer Strength Select Triceps Extension · Select

🎯 ONE KEY CUE
🔥 ""Keep the upper arm fixed and extend through the elbows""

⚙️ ① Setup
📋 Status: VERIFIED
🏷️ Verified model: Hammer Strength Select Triceps Extension
Select Triceps Extension(HS-TE) 셀렉터라이즈드 트라이셉스 익스텐션.
⚙️ Adjustments: 시트, 팔 패드, 스택 핀

🛤️ ② Movement path
팔 굽힘에서 손잡이를 아래·뒤로 펴었다 return

⚠️ ③ Common mistake
어깨를 앞으로 굴러 삼두 대신 어깨로 밀어내는 

💡 MACHINE FIT PRO TIP
Use the Select guided path: slow the first two sets, check left-right symmetry, then add load."
HAMMER_STRENGTH,트라이셉스 프레스,Triceps Press,MTS Iso-Lateral Triceps Extension,PARTIALLY_VERIFIED,Life Fitness (Hammer Strength),MTS,https://www.lifefitness.com/en-us/catalog/strength-training/selectorized/motion-technology-selectorised,"공식 ""Triceps Press"" SKU는 없고, MTS Iso-Lateral Triceps Extension(MTSTE)이 가장 근접합니다.","시트, 패드, 좌·우 스택 핀","🏋️ HAMMER STRENGTH — MTS Iso-Lateral Triceps Extension · MTS

🎯 ONE KEY CUE
🔥 ""팔꿈치를 몸 옆에 고정하고 아래로 밀기""

⚙️ ① 기구 세팅
📋 검증 상태: PARTIALLY_VERIFIED
🏷️ 확인 모델: MTS Iso-Lateral Triceps Extension
공식 ""Triceps Press"" SKU는 없고, MTS Iso-Lateral Triceps Extension(MTSTE)이 가장 근접합니다.
⚙️ 조절 포인트: 시트, 패드, 좌·우 스택 핀

🛤️ ② 운동 경로
팔 굽힘에서 손잡이를 아래로 펴었다 복귀

⚠️ ③ 흔한 실수
Select Triceps Extension(HS-TE)과 MTSTE를 혼동하지 않고 pressdown으로 착각하는 것

💡 MACHINE FIT PRO TIP
MTS 라인 특성(가이드 궤적·좌우 독립·플레이트 로딩)에 맞춰 첫 2세트는 템포를 늦추고, 좌우/전후 대칭을 확인한 다음 무게를 올리세요.","🏋️ HAMMER STRENGTH — MTS Iso-Lateral Triceps Extension · MTS

🎯 ONE KEY CUE
🔥 ""Keep the elbows at your sides and press downward""

⚙️ ① Setup
📋 Status: PARTIALLY_VERIFIED
🏷️ Verified model: MTS Iso-Lateral Triceps Extension
공식 ""Triceps Press"" SKU는 없고, MTS Iso-Lateral Triceps Extension(MTSTE)이 가장 근접합니다.
⚙️ Adjustments: 시트, 패드, 좌·우 스택 핀

🛤️ ② Movement path
팔 굽힘에서 손잡이를 아래로 펴었다 return

⚠️ ③ Common mistake
Select Triceps Extension(HS-TE)과 MTSTE를 혼동하지 않고 pressdown으로 착각하는 

💡 MACHINE FIT PRO TIP
Use the MTS guided path: slow the first two sets, check left-right symmetry, then add load."
HAMMER_STRENGTH,딥 / 트라이셉스 머신,Dip / Triceps Machine,Plate-Loaded Seated Dip,PARTIALLY_VERIFIED,Life Fitness (Hammer Strength),Plate-Loaded,https://www.lifefitness.com/en-us/catalog/strength-training/plate-loaded,"딥은 Seated Dip(PL-DIP), 트라이셉스는 Select Triceps Extension(HS-TE) 등 별도 SKU입니다. 단일 복합 모델은 없습니다.","시트, 그립, 중량(딥) / 스택(익스텐션)","🏋️ HAMMER STRENGTH — Plate-Loaded Seated Dip · Plate-Loaded

🎯 ONE KEY CUE
🔥 ""목표 동작(딥 vs 익스텐션)에 맞는 공식 모델 선택""

⚙️ ① 기구 세팅
📋 검증 상태: PARTIALLY_VERIFIED
🏷️ 확인 모델: Plate-Loaded Seated Dip
딥은 Seated Dip(PL-DIP), 트라이셉스는 Select Triceps Extension(HS-TE) 등 별도 SKU입니다. 단일 복합 모델은 없습니다.
⚙️ 조절 포인트: 시트, 그립, 중량(딥) / 스택(익스텐션)

🛤️ ② 운동 경로
딥: 수직 하강·상승 / 익스텐션: 팔꿈치 신전 경로

⚠️ ③ 흔한 실수
딥과 트라이셉스 익스텐션을 하나의 Hammer Strength SKU로 통합 기록하는 것

💡 MACHINE FIT PRO TIP
Plate-Loaded 라인 특성(가이드 궤적·좌우 독립·플레이트 로딩)에 맞춰 첫 2세트는 템포를 늦추고, 좌우/전후 대칭을 확인한 다음 무게를 올리세요.","🏋️ HAMMER STRENGTH — Plate-Loaded Seated Dip · Plate-Loaded

🎯 ONE KEY CUE
🔥 ""Choose the official model for the intended dip or extension action""

⚙️ ① Setup
📋 Status: PARTIALLY_VERIFIED
🏷️ Verified model: Plate-Loaded Seated Dip
딥은 Seated Dip(PL-DIP), 트라이셉스는 Select Triceps Extension(HS-TE) 등 별도 SKU입니다. 단일 복합 모델은 없습니다.
⚙️ Adjustments: 시트, 그립, 중량(딥) / 스택(익스텐션)

🛤️ ② Movement path
딥: 수직 하강·상승 / 익스텐션: 팔꿈치 신전 경로

⚠️ ③ Common mistake
딥과 트라이셉스 익스텐션을 하나의 Hammer Strength SKU로 통합 기록하는 

💡 MACHINE FIT PRO TIP
Use the Plate-Loaded guided path: slow the first two sets, check left-right symmetry, then add load."
HAMMER_STRENGTH,바이셉스 / 트라이셉스 복합 머신,Biceps / Triceps Combo,,BRAND_MODEL_NOT_FOUND,Life Fitness (Hammer Strength),,,바이셉스와 트라이셉스를 하나의 공식 복합 머신으로 제공하는 Hammer Strength 제품은 확인되지 않습니다.,,"🏋️ HAMMER STRENGTH — 운동 가이드 (공식 전용 모델 미확인)

🎯 ONE KEY CUE
🔥 ""해당 브랜드 전용 복합 모델 없음""

⚙️ ① 기구 세팅
📋 검증 상태: BRAND_MODEL_NOT_FOUND
해머 스트렝스 공식 카탈로그에서 이 운동 유형에 1:1 대응되는 전용 모델을 확인하지 못했습니다.
아래 팁은 해당 운동 패턴에 대한 안전한 일반 가이드이며, 실제 설치된 기구의 레버·패드·핀을 먼저 확인하세요.

🛤️ ② 운동 경로
해당 없음

⚠️ ③ 흔한 실수
HS-BC와 HS-TE를 하나의 복합 SKU로 기록하는 것

💡 MACHINE FIT PRO TIP
무게보다 궤적 통제를 우선하세요. 시트·패드·손잡이 높이를 맞춘 뒤 가벼운 무게로 5회 리허설 후 본 세트를 시작하세요.","🏋️ HAMMER STRENGTH — Exercise guide (no dedicated official model)

🎯 ONE KEY CUE
🔥 ""No official Hammer Strength biceps/triceps combo machine""

⚙️ ① Setup
📋 Status: BRAND_MODEL_NOT_FOUND
No dedicated Hammer Strength catalog model maps 1:1 to this exercise category.
Tips below are safe general guidance—confirm levers, pads, and pins on the unit in your gym first.

🛤️ ② Movement path
해당 없음

⚠️ ③ Common mistake
HS-BC와 HS-TE를 하나의 복합 SKU로 기록하는 

💡 MACHINE FIT PRO TIP
Prioritize path control over load. Match seat and pad height, rehearse five light reps, then start working sets."
HAMMER_STRENGTH,앱 크런치,Ab Crunch,Hammer Strength Select Abdominal Crunch,VERIFIED,Life Fitness (Hammer Strength),Select,https://www.lifefitness.com/en-us/catalog/strength-training/selectorized/hammer-strength-select,Select Abdominal Crunch(HS-ABC) 셀렉터라이즈드 복근 크런치입니다. MTS Abdominal Crunch(MTSAB)도 별도 존재합니다.,"시트, 패드, 스택 핀","🏋️ HAMMER STRENGTH — Hammer Strength Select Abdominal Crunch · Select

🎯 ONE KEY CUE
🔥 ""호흡을 내쉬며 복부 중앙으로 말아 올리기""

⚙️ ① 기구 세팅
📋 검증 상태: VERIFIED
🏷️ 확인 모델: Hammer Strength Select Abdominal Crunch
Select Abdominal Crunch(HS-ABC) 셀렉터라이즈드 복근 크런치입니다. MTS Abdominal Crunch(MTSAB)도 별도 존재합니다.
⚙️ 조절 포인트: 시트, 패드, 스택 핀

🛤️ ② 운동 경로
신전에서 몸통을 굽혀 앞·아래로 수축했다 복귀

⚠️ ③ 흔한 실수
목을 당겨 요추 대신 경추로 크런치하는 것

💡 MACHINE FIT PRO TIP
Select 라인 특성(가이드 궤적·좌우 독립·플레이트 로딩)에 맞춰 첫 2세트는 템포를 늦추고, 좌우/전후 대칭을 확인한 다음 무게를 올리세요.","🏋️ HAMMER STRENGTH — Hammer Strength Select Abdominal Crunch · Select

🎯 ONE KEY CUE
🔥 ""Exhale and curl up through the center of the abs""

⚙️ ① Setup
📋 Status: VERIFIED
🏷️ Verified model: Hammer Strength Select Abdominal Crunch
Select Abdominal Crunch(HS-ABC) 셀렉터라이즈드 복근 크런치입니다. MTS Abdominal Crunch(MTSAB)도 별도 존재합니다.
⚙️ Adjustments: 시트, 패드, 스택 핀

🛤️ ② Movement path
신전에서 몸통을 굽혀 앞·아래로 수축했다 return

⚠️ ③ Common mistake
목을 당겨 요추 대신 경추로 크런치하는 

💡 MACHINE FIT PRO TIP
Use the Select guided path: slow the first two sets, check left-right symmetry, then add load."
HAMMER_STRENGTH,어브도미널,Abdominal,MTS Abdominal Crunch,VERIFIED,Life Fitness (Hammer Strength),MTS,https://www.lifefitness.com/en-us/catalog/strength-training/selectorized/motion-technology-selectorised,MTS 라인의 셀렉터라이즈드 복근 크런치 머신입니다.,"시트, 패드, 스택 핀","🏋️ HAMMER STRENGTH — MTS Abdominal Crunch · MTS

🎯 ONE KEY CUE
🔥 ""호흡을 내쉬며 복부 중앙으로 수축""

⚙️ ① 기구 세팅
📋 검증 상태: VERIFIED
🏷️ 확인 모델: MTS Abdominal Crunch
MTS 라인의 셀렉터라이즈드 복근 크런치 머신입니다.
⚙️ 조절 포인트: 시트, 패드, 스택 핀

🛤️ ② 운동 경로
신전 상태에서 몸통을 굽혀 앞·아래로 말았다 천천히 복귀

⚠️ ③ 흔한 실수
허리를 과하게 구부려 요추에 부담을 주는 것

💡 MACHINE FIT PRO TIP
MTS 라인 특성(가이드 궤적·좌우 독립·플레이트 로딩)에 맞춰 첫 2세트는 템포를 늦추고, 좌우/전후 대칭을 확인한 다음 무게를 올리세요.","🏋️ HAMMER STRENGTH — MTS Abdominal Crunch · MTS

🎯 ONE KEY CUE
🔥 ""Exhale and crunch through the center of the abs""

⚙️ ① Setup
📋 Status: VERIFIED
🏷️ Verified model: MTS Abdominal Crunch
MTS 라인의 셀렉터라이즈드 복근 크런치 머신.
⚙️ Adjustments: 시트, 패드, 스택 핀

🛤️ ② Movement path
신전 상태에서 몸통을 굽혀 앞·아래로 말았다 천천히 return

⚠️ ③ Common mistake
허리를 과하게 구부려 요추에 부담을 주는 

💡 MACHINE FIT PRO TIP
Use the MTS guided path: slow the first two sets, check left-right symmetry, then add load."
HAMMER_STRENGTH,로터리 토르소,Rotary Torso,Ground Base Combo Twist,PARTIALLY_VERIFIED,Life Fitness (Hammer Strength),Plate-Loaded,https://www.lifefitness.com/en-us/catalog/strength-training/plate-loaded,Ground Base 플레이트로드 회전/트위스트 계열로 몸통 회전 저항을 제공합니다. 전용 '로터리 토르소' 셀렉터라이즈드 모델은 없습니다.,"발 위치, 중량, 그립","🏋️ HAMMER STRENGTH — Ground Base Combo Twist · Plate-Loaded

🎯 ONE KEY CUE
🔥 ""골반을 고정하고 가슴뼈 기준으로만 회전""

⚙️ ① 기구 세팅
📋 검증 상태: PARTIALLY_VERIFIED
🏷️ 확인 모델: Ground Base Combo Twist
Ground Base 플레이트로드 회전/트위스트 계열로 몸통 회전 저항을 제공합니다. 전용 '로터리 토르소' 셀렉터라이즈드 모델은 없습니다.
⚙️ 조절 포인트: 발 위치, 중량, 그립

🛤️ ② 운동 경로
중립 자세에서 몸통을 좌우 또는 대각선으로 회전했다 복귀

⚠️ ③ 흔한 실수
고관절까지 돌려 허리 회전으로 대체하는 것

💡 MACHINE FIT PRO TIP
Plate-Loaded 라인 특성(가이드 궤적·좌우 독립·플레이트 로딩)에 맞춰 첫 2세트는 템포를 늦추고, 좌우/전후 대칭을 확인한 다음 무게를 올리세요.","🏋️ HAMMER STRENGTH — Ground Base Combo Twist · Plate-Loaded

🎯 ONE KEY CUE
🔥 ""Keep the pelvis fixed and rotate through the sternum""

⚙️ ① Setup
📋 Status: PARTIALLY_VERIFIED
🏷️ Verified model: Ground Base Combo Twist
Ground Base 플레이트로드 회전/트위스트 계열로 몸통 회전 저항을 제공합니다. 전용 '로터리 토르소' 셀렉터라이즈드 모델은 없습니다.
⚙️ Adjustments: 발 위치, 중량, 그립

🛤️ ② Movement path
중립 자세에서 몸통을 좌우 또는 대각선으로 회전했다 return

⚠️ ③ Common mistake
고관절까지 돌려 허리 회전으로 대체하는 

💡 MACHINE FIT PRO TIP
Use the Plate-Loaded guided path: slow the first two sets, check left-right symmetry, then add load."
HAMMER_STRENGTH,사이드 밴드,Side Bend,,BRAND_MODEL_NOT_FOUND,Life Fitness (Hammer Strength),,,Hammer Strength 공식 라인업에 사이드 밴드(측면 굴곡) 전용 머신이 확인되지 않습니다.,,"🏋️ HAMMER STRENGTH — 운동 가이드 (공식 전용 모델 미확인)

🎯 ONE KEY CUE
🔥 ""해당 브랜드 전용 모델 없음""

⚙️ ① 기구 세팅
📋 검증 상태: BRAND_MODEL_NOT_FOUND
해머 스트렝스 공식 카탈로그에서 이 운동 유형에 1:1 대응되는 전용 모델을 확인하지 못했습니다.
아래 팁은 해당 운동 패턴에 대한 안전한 일반 가이드이며, 실제 설치된 기구의 레버·패드·핀을 먼저 확인하세요.

🛤️ ② 운동 경로
해당 없음

⚠️ ③ 흔한 실수
Abdominal Oblique Crunch을 사이드 밴드와 동일시하는 것

💡 MACHINE FIT PRO TIP
무게보다 궤적 통제를 우선하세요. 시트·패드·손잡이 높이를 맞춘 뒤 가벼운 무게로 5회 리허설 후 본 세트를 시작하세요.","🏋️ HAMMER STRENGTH — Exercise guide (no dedicated official model)

🎯 ONE KEY CUE
🔥 ""No dedicated Hammer Strength side bend machine""

⚙️ ① Setup
📋 Status: BRAND_MODEL_NOT_FOUND
No dedicated Hammer Strength catalog model maps 1:1 to this exercise category.
Tips below are safe general guidance—confirm levers, pads, and pins on the unit in your gym first.

🛤️ ② Movement path
해당 없음

⚠️ ③ Common mistake
Abdominal Oblique Crunch을 사이드 밴드와 동일시하는 

💡 MACHINE FIT PRO TIP
Prioritize path control over load. Match seat and pad height, rehearse five light reps, then start working sets."
HAMMER_STRENGTH,백 익스텐션,Back Extension,Hammer Strength Select Back Extension,VERIFIED,Life Fitness (Hammer Strength),Select,https://www.lifefitness.com/en-us/catalog/strength-training/selectorized/hammer-strength-select,좌석형 셀렉터라이즈드 백 익스텐션으로 골반을 고정하고 몸통을 뒤로 젖히는 구조입니다.,"시트, 허벅지·골반 패드","🏋️ HAMMER STRENGTH — Hammer Strength Select Back Extension · Select

🎯 ONE KEY CUE
🔥 ""골반을 패드에 고정하고 등 전체를 길게 펴기""

⚙️ ① 기구 세팅
📋 검증 상태: VERIFIED
🏷️ 확인 모델: Hammer Strength Select Back Extension
좌석형 셀렉터라이즈드 백 익스텐션으로 골반을 고정하고 몸통을 뒤로 젖히는 구조입니다.
⚙️ 조절 포인트: 시트, 허벅지·골반 패드

🛤️ ② 운동 경로
중립에서 몸통을 뒤로 젖혔다가 통제하며 전방으로 복귀

⚠️ ③ 흔한 실수
허리만 과신전하며 목을 뒤로 젖히는 것

💡 MACHINE FIT PRO TIP
Select 라인 특성(가이드 궤적·좌우 독립·플레이트 로딩)에 맞춰 첫 2세트는 템포를 늦추고, 좌우/전후 대칭을 확인한 다음 무게를 올리세요.","🏋️ HAMMER STRENGTH — Hammer Strength Select Back Extension · Select

🎯 ONE KEY CUE
🔥 ""Anchor the pelvis to the pad and extend long through the spine""

⚙️ ① Setup
📋 Status: VERIFIED
🏷️ Verified model: Hammer Strength Select Back Extension
좌석형 셀렉터라이즈드 백 익스텐션으로 골반을 고정하고 몸통을 뒤로 젖히는 구조.
⚙️ Adjustments: 시트, 허벅지·골반 패드

🛤️ ② Movement path
중립에서 몸통을 뒤로 젖혔다가 통제하며 전방으로 return

⚠️ ③ Common mistake
허리만 과신전하며 목을 뒤로 젖히는 

💡 MACHINE FIT PRO TIP
Use the Select guided path: slow the first two sets, check left-right symmetry, then add load."
HAMMER_STRENGTH,힙 익스텐션,Hip Extension,Plate-Loaded Glute Ham / Reverse Hyper Combo,PARTIALLY_VERIFIED,Life Fitness (Hammer Strength),Plate-Loaded,https://www.lifefitness.com/en-us/catalog/strength-training/plate-loaded,글ute ham과 reverse hyper 기능을 결합한 플레이트로드 머신으로 고관절 신전/역방향 하이퍼 동작을 제공합니다.,"패드 높이, 발/종아리 위치, 중량, 모드","🏋️ HAMMER STRENGTH — Plate-Loaded Glute Ham / Reverse Hyper Combo · Plate-Loaded

🎯 ONE KEY CUE
🔥 ""허리가 아닌 엉덩이로 다리를 뒤로 들어 올리기""

⚙️ ① 기구 세팅
📋 검증 상태: PARTIALLY_VERIFIED
🏷️ 확인 모델: Plate-Loaded Glute Ham / Reverse Hyper Combo
글ute ham과 reverse hyper 기능을 결합한 플레이트로드 머신으로 고관절 신전/역방향 하이퍼 동작을 제공합니다.
⚙️ 조절 포인트: 패드 높이, 발/종아리 위치, 중량, 모드

🛤️ ② 운동 경로
전방 또는 하강 자세에서 다리를 뒤·위로 신전했다 천천히 복귀

⚠️ ③ 흔한 실수
요추를 꺾으며 역방향 하이퍼를 수행하는 것

💡 MACHINE FIT PRO TIP
Plate-Loaded 라인 특성(가이드 궤적·좌우 독립·플레이트 로딩)에 맞춰 첫 2세트는 템포를 늦추고, 좌우/전후 대칭을 확인한 다음 무게를 올리세요.","🏋️ HAMMER STRENGTH — Plate-Loaded Glute Ham / Reverse Hyper Combo · Plate-Loaded

🎯 ONE KEY CUE
🔥 ""Lift the legs back from the glutes, not by arching the lower back""

⚙️ ① Setup
📋 Status: PARTIALLY_VERIFIED
🏷️ Verified model: Plate-Loaded Glute Ham / Reverse Hyper Combo
글ute ham과 reverse hyper 기능을 결합한 플레이트로드 머신으로 고관절 신전/역방향 하이퍼 동작을 제공합니다.
⚙️ Adjustments: 패드 높이, 발/종아리 위치, 중량, 모드

🛤️ ② Movement path
전방 또는 하강 자세에서 다리를 뒤·위로 신전했다 천천히 return

⚠️ ③ Common mistake
요추를 꺾으며 역방향 하이퍼를 수행하는 

💡 MACHINE FIT PRO TIP
Use the Plate-Loaded guided path: slow the first two sets, check left-right symmetry, then add load."
HAMMER_STRENGTH,복근 / 허리 복합 머신,Abs / Back Combo,,BRAND_MODEL_NOT_FOUND,Life Fitness (Hammer Strength),,,복근과 허리(백 익스텐션)를 하나의 공식 복합 머신으로 제공하는 Hammer Strength 제품은 확인되지 않습니다.,,"🏋️ HAMMER STRENGTH — 운동 가이드 (공식 전용 모델 미확인)

🎯 ONE KEY CUE
🔥 ""해당 브랜드 전용 복합 모델 없음""

⚙️ ① 기구 세팅
📋 검증 상태: BRAND_MODEL_NOT_FOUND
해머 스트렝스 공식 카탈로그에서 이 운동 유형에 1:1 대응되는 전용 모델을 확인하지 못했습니다.
아래 팁은 해당 운동 패턴에 대한 안전한 일반 가이드이며, 실제 설치된 기구의 레버·패드·핀을 먼저 확인하세요.

🛤️ ② 운동 경로
해당 없음

⚠️ ③ 흔한 실수
Select Ab Crunch와 Back Extension을 하나의 복합 모델로 통합 기록하는 것

💡 MACHINE FIT PRO TIP
무게보다 궤적 통제를 우선하세요. 시트·패드·손잡이 높이를 맞춘 뒤 가벼운 무게로 5회 리허설 후 본 세트를 시작하세요.","🏋️ HAMMER STRENGTH — Exercise guide (no dedicated official model)

🎯 ONE KEY CUE
🔥 ""No official Hammer Strength ab/back combo machine""

⚙️ ① Setup
📋 Status: BRAND_MODEL_NOT_FOUND
No dedicated Hammer Strength catalog model maps 1:1 to this exercise category.
Tips below are safe general guidance—confirm levers, pads, and pins on the unit in your gym first.

🛤️ ② Movement path
해당 없음

⚠️ ③ Common mistake
Select Ab Crunch와 Back Extension을 하나의 복합 모델로 통합 기록하는 

💡 MACHINE FIT PRO TIP
Prioritize path control over load. Match seat and pad height, rehearse five light reps, then start working sets."
HAMMER_STRENGTH,케이블 크로스오버,Cable Crossover,,BRAND_MODEL_NOT_FOUND,Life Fitness (Hammer Strength),,,Hammer Strength 브랜드명의 전용 케이블 크로스오버는 확인되지 않습니다. Life Fitness Adjustable Cable Crossover는 별도 Life Fitness 브랜드입니다.,,"🏋️ HAMMER STRENGTH — 운동 가이드 (공식 전용 모델 미확인)

🎯 ONE KEY CUE
🔥 ""해당 브랜드 전용 모델 없음""

⚙️ ① 기구 세팅
📋 검증 상태: BRAND_MODEL_NOT_FOUND
해머 스트렝스 공식 카탈로그에서 이 운동 유형에 1:1 대응되는 전용 모델을 확인하지 못했습니다.
아래 팁은 해당 운동 패턴에 대한 안전한 일반 가이드이며, 실제 설치된 기구의 레버·패드·핀을 먼저 확인하세요.

🛤️ ② 운동 경로
해당 없음

⚠️ ③ 흔한 실수
HD Elite DAP 또는 Life Fitness 크로스오버를 Hammer Strength로 분류하는 것

💡 MACHINE FIT PRO TIP
무게보다 궤적 통제를 우선하세요. 시트·패드·손잡이 높이를 맞춘 뒤 가벼운 무게로 5회 리허설 후 본 세트를 시작하세요.","🏋️ HAMMER STRENGTH — Exercise guide (no dedicated official model)

🎯 ONE KEY CUE
🔥 ""No Hammer Strength-branded cable crossover found""

⚙️ ① Setup
📋 Status: BRAND_MODEL_NOT_FOUND
No dedicated Hammer Strength catalog model maps 1:1 to this exercise category.
Tips below are safe general guidance—confirm levers, pads, and pins on the unit in your gym first.

🛤️ ② Movement path
해당 없음

⚠️ ③ Common mistake
HD Elite DAP 또는 Life Fitness 크로스오버를 Hammer Strength로 분류하는 

💡 MACHINE FIT PRO TIP
Prioritize path control over load. Match seat and pad height, rehearse five light reps, then start working sets."
HAMMER_STRENGTH,듀얼 어저스터블 풀리,Dual Adjustable Pulley,HD Elite Dual Adjustable Pulley,VERIFIED,Life Fitness (Hammer Strength),HD Elite,https://www.lifefitness.com/en-us/catalog/strength-training/cable-machines-functional-trainers/hd-elite-dual-adjustable-pulley,HD Elite 라인의 듀얼 어저스터블 풀리(DAP)로 양쪽 캐리지 높이를 조절하는 케이블 스테이션입니다. 공식 페이지에 단종 표기가 있습니다.,"좌·우 캐리지 높이, 액세서리, 중량 스택","🏋️ HAMMER STRENGTH — HD Elite Dual Adjustable Pulley · HD Elite

🎯 ONE KEY CUE
🔥 ""캐리지 높이를 운동 목적에 맞춘 뒤 몸통을 고정하고 당기기""

⚙️ ① 기구 세팅
📋 검증 상태: VERIFIED
🏷️ 확인 모델: HD Elite Dual Adjustable Pulley
HD Elite 라인의 듀얼 어저스터블 풀리(DAP)로 양쪽 캐리지 높이를 조절하는 케이블 스테이션입니다. 공식 페이지에 단종 표기가 있습니다.
⚙️ 조절 포인트: 좌·우 캐리지 높이, 액세서리, 중량 스택

🛤️ ② 운동 경로
케이블 텐션 방향을 따라 팔·몸통이 당기거나 밀어내는 경로

⚠️ ③ 흔한 실수
한쪽 캐리지만 조절해 비대칭 저항으로 수행하는 것

💡 MACHINE FIT PRO TIP
HD Elite 라인 특성(가이드 궤적·좌우 독립·플레이트 로딩)에 맞춰 첫 2세트는 템포를 늦추고, 좌우/전후 대칭을 확인한 다음 무게를 올리세요.","🏋️ HAMMER STRENGTH — HD Elite Dual Adjustable Pulley · HD Elite

🎯 ONE KEY CUE
🔥 ""Set both carriage heights for the exercise, brace the torso, then pull""

⚙️ ① Setup
📋 Status: VERIFIED
🏷️ Verified model: HD Elite Dual Adjustable Pulley
HD Elite 라인의 듀얼 어저스터블 풀리(DAP)로 양쪽 캐리지 높이를 조절하는 케이블 스테이션입니다. 공식 페이지에 단종 표기가 있습니다.
⚙️ Adjustments: 좌·우 캐리지 높이, 액세서리, 중량 스택

🛤️ ② Movement path
케이블 텐션 방향을 따라 팔·몸통이 당기거나 밀어내는 경로

⚠️ ③ Common mistake
한쪽 캐리지만 조절해 비대칭 저항으로 수행하는 

💡 MACHINE FIT PRO TIP
Use the HD Elite guided path: slow the first two sets, check left-right symmetry, then add load."
HAMMER_STRENGTH,멀티 정글짐,Multi Jungle Gym,HD Athletic Bridge,PARTIALLY_VERIFIED,Life Fitness (Hammer Strength),HD Elite,https://www.lifefitness.com/en-us/catalog/strength-training/racks/hd-athletic-bridge,HD Athletic Bridge/Perimeter/Rig 구성으로 멀ti-station 정글짐·리그 형태의 기능 트레이닝 공간을 제공합니다. 단일 '정글짐' SKU는 아닙니다.,"리그 모듈, Xmember, 액세서리, 바/케이블 높이","🏋️ HAMMER STRENGTH — HD Athletic Bridge · HD Elite

🎯 ONE KEY CUE
🔥 ""모듈 배치에 맞는 그립과 발 위치를 먼저 확인""

⚙️ ① 기구 세팅
📋 검증 상태: PARTIALLY_VERIFIED
🏷️ 확인 모델: HD Athletic Bridge
HD Athletic Bridge/Perimeter/Rig 구성으로 멀ti-station 정글짐·리그 형태의 기능 트레이닝 공간을 제공합니다. 단일 '정글짐' SKU는 아닙니다.
⚙️ 조절 포인트: 리그 모듈, Xmember, 액세서리, 바/케이블 높이

🛤️ ② 운동 경로
선택한 모듈(풀업·로프·링·케이블 등)에 따른 다양한 동작 경로

⚠️ ③ 흔한 실수
Bridge/Perimeter 리그를 단일 정글짐 모델명으로 기록하는 것

💡 MACHINE FIT PRO TIP
HD Elite 라인 특성(가이드 궤적·좌우 독립·플레이트 로딩)에 맞춰 첫 2세트는 템포를 늦추고, 좌우/전후 대칭을 확인한 다음 무게를 올리세요.","🏋️ HAMMER STRENGTH — HD Athletic Bridge · HD Elite

🎯 ONE KEY CUE
🔥 ""Confirm grip and foot placement for each rig module before you start""

⚙️ ① Setup
📋 Status: PARTIALLY_VERIFIED
🏷️ Verified model: HD Athletic Bridge
HD Athletic Bridge/Perimeter/Rig 구성으로 멀ti-station 정글짐·리그 형태의 기능 트레이닝 공간을 제공합니다. 단일 '정글짐' SKU는 아닙니다.
⚙️ Adjustments: 리그 모듈, Xmember, 액세서리, 바/케이블 높이

🛤️ ② Movement path
선택한 모듈(풀업·로프·링·케이블 등)에 따른 다양한 동작 경로

⚠️ ③ Common mistake
Bridge/Perimeter 리그를 단일 정글짐 모델명으로 기록하는 

💡 MACHINE FIT PRO TIP
Use the HD Elite guided path: slow the first two sets, check left-right symmetry, then add load."
HAMMER_STRENGTH,어시스트 풀업 / 딥,Assisted Pull-up / Dip,Hammer Strength Select Assist Dip Chin,VERIFIED,Life Fitness (Hammer Strength),Select,https://www.lifefitness.com/en-us/catalog/strength-training/selectorized/hammer-strength-select,무릎 패드 보조 중량으로 풀업·친업·딥을 모두 지원하는 Select 어시스트 머신입니다.,"무릎 패드 높이, 보조 중량, 그립(풀업/딥)","🏋️ HAMMER STRENGTH — Hammer Strength Select Assist Dip Chin · Select

🎯 ONE KEY CUE
🔥 ""딥 시에는 견갑 안정, 풀업 시에는 가슴을 바 쪽으로""

⚙️ ① 기구 세팅
📋 검증 상태: VERIFIED
🏷️ 확인 모델: Hammer Strength Select Assist Dip Chin
무릎 패드 보조 중량으로 풀업·친업·딥을 모두 지원하는 Select 어시스트 머신입니다.
⚙️ 조절 포인트: 무릎 패드 높이, 보조 중량, 그립(풀업/딥)

🛤️ ② 운동 경로
풀업: 수직 하강·상승 / 딥: 상완 하강 후 팔꿈치 신전으로 상승

⚠️ ③ 흔한 실수
풀업과 딥에 동일한 보조 중량을 그대로 사용하는 것

💡 MACHINE FIT PRO TIP
Select 라인 특성(가이드 궤적·좌우 독립·플레이트 로딩)에 맞춰 첫 2세트는 템포를 늦추고, 좌우/전후 대칭을 확인한 다음 무게를 올리세요.","🏋️ HAMMER STRENGTH — Hammer Strength Select Assist Dip Chin · Select

🎯 ONE KEY CUE
🔥 ""For dips stabilize the shoulders; for pull-ups lead with the chest to the bar""

⚙️ ① Setup
📋 Status: VERIFIED
🏷️ Verified model: Hammer Strength Select Assist Dip Chin
무릎 패드 보조 중량으로 풀업·친업·딥을 모두 지원하는 Select 어시스트 머신.
⚙️ Adjustments: 무릎 패드 높이, 보조 중량, 그립(풀업/딥)

🛤️ ② Movement path
풀업: 수직 하강·상승 / 딥: 상완 하강 후 팔꿈치 신전으로 상승

⚠️ ③ Common mistake
풀업과 딥에 동일한 보조 중량을 그대로 사용하는 

💡 MACHINE FIT PRO TIP
Use the Select guided path: slow the first two sets, check left-right symmetry, then add load."
HAMMER_STRENGTH,스미스 머신,Smith Machine,Plate-Loaded Smith Machine,VERIFIED,Life Fitness (Hammer Strength),Plate-Loaded,https://shop.lifefitness.com/products/hammer-strength-smith-machine-1,수직 또는 고정 바 경로를 따라 바벨을 움직이는 Hammer Strength 스미스 머신입니다. Vertical Smith(HSSMV)도 별도 존재합니다.,"바 높이, 안전 스top, 플레이트, 벤치(옵션)","🏋️ HAMMER STRENGTH — Plate-Loaded Smith Machine · Plate-Loaded

🎯 ONE KEY CUE
🔥 ""바 경로에 몸을 맞추고 발 위치를 먼저 고정""

⚙️ ① 기구 세팅
📋 검증 상태: VERIFIED
🏷️ 확인 모델: Plate-Loaded Smith Machine
수직 또는 고정 바 경로를 따라 바벨을 움직이는 Hammer Strength 스미스 머신입니다. Vertical Smith(HSSMV)도 별도 존재합니다.
⚙️ 조절 포인트: 바 높이, 안전 스top, 플레이트, 벤치(옵션)

🛤️ ② 운동 경로
선택한 운동(스쿼at·프레스 등)에 따라 바가 수직 또는 사선 궤적을 따름

⚠️ ③ 흔한 실수
고정 궤적을 무시하고 자유 바벨처럼 어긋나게 수행하는 것

💡 MACHINE FIT PRO TIP
Plate-Loaded 라인 특성(가이드 궤적·좌우 독립·플레이트 로딩)에 맞춰 첫 2세트는 템포를 늦추고, 좌우/전후 대칭을 확인한 다음 무게를 올리세요.","🏋️ HAMMER STRENGTH — Plate-Loaded Smith Machine · Plate-Loaded

🎯 ONE KEY CUE
🔥 ""Align the body to the bar path and set your foot position first""

⚙️ ① Setup
📋 Status: VERIFIED
🏷️ Verified model: Plate-Loaded Smith Machine
수직 또는 고정 바 경로를 따라 바벨을 움직이는 Hammer Strength 스미스 머신입니다. Vertical Smith(HSSMV)도 별도 존재합니다.
⚙️ Adjustments: 바 높이, 안전 스top, 플레이트, 벤치(옵션)

🛤️ ② Movement path
선택한 운동(스쿼at·프레스 등)에 따라 바가 수직 또는 사선 궤적을 따름

⚠️ ③ Common mistake
고정 궤적을 무시하고 자유 바벨처럼 어긋나게 수행하는 

💡 MACHINE FIT PRO TIP
Use the Plate-Loaded guided path: slow the first two sets, check left-right symmetry, then add load."
HAMMER_STRENGTH,파워 랙,Power Rack,HD Elite iD Power Rack,VERIFIED,Life Fitness (Hammer Strength),HD Elite,https://www.lifefitness.com/en-us/catalog/strength-training/racks/hd-elite-id-power-rack,"HD Elite iD 모듈형 파워 랙으로 7게이지 스틸, Hammerlock, Anvil Bracing 등 프리미엄 랙 시스템입니다.","J-cup/바 서포트 높이, 세이프티, 액세서리, 바 위치","🏋️ HAMMER STRENGTH — HD Elite iD Power Rack · HD Elite

🎯 ONE KEY CUE
🔥 ""바·세이프티 높이를 먼저 맞춘 뒤 랙 중앙에 몸을 정렬""

⚙️ ① 기구 세팅
📋 검증 상태: VERIFIED
🏷️ 확인 모델: HD Elite iD Power Rack
HD Elite iD 모듈형 파워 랙으로 7게이지 스틸, Hammerlock, Anvil Bracing 등 프리미엄 랙 시스템입니다.
⚙️ 조절 포인트: J-cup/바 서포트 높이, 세이프티, 액세서리, 바 위치

🛤️ ② 운동 경로
스쿼at·프레스·풀업 등 선택 운동에 따른 바벨 수직/수평 이동

⚠️ ③ 흔한 실수
세이fty 핀 없이 실패 시 바를 내려놓을 공간이 없게 세팅하는 것

💡 MACHINE FIT PRO TIP
HD Elite 라인 특성(가이드 궤적·좌우 독립·플레이트 로딩)에 맞춰 첫 2세트는 템포를 늦추고, 좌우/전후 대칭을 확인한 다음 무게를 올리세요.","🏋️ HAMMER STRENGTH — HD Elite iD Power Rack · HD Elite

🎯 ONE KEY CUE
🔥 ""Set bar and safety heights first, then center the body in the rack""

⚙️ ① Setup
📋 Status: VERIFIED
🏷️ Verified model: HD Elite iD Power Rack
HD Elite iD 모듈형 파워 랙으로 7게이지 스틸, Hammerlock, Anvil Bracing 등 프리미엄 랙 시스템.
⚙️ Adjustments: J-cup/바 서포트 높이, 세이프티, 액세서리, 바 위치

🛤️ ② Movement path
스쿼at·프레스·풀업 등 선택 운동에 따른 바벨 수직/수평 이동

⚠️ ③ Common mistake
세이fty 핀 없이 실패 시 바를 내려놓을 공간이 없게 세팅하는 

💡 MACHINE FIT PRO TIP
Use the HD Elite guided path: slow the first two sets, check left-right symmetry, then add load."
HAMMER_STRENGTH,하프 랙,Half Rack,HD Elite iD Half Rack,VERIFIED,Life Fitness (Hammer Strength),HD Elite,https://www.lifefitness.com/en-us/catalog/strength-training/racks/hd-elite-id-half-rack,HD Elite iD 하프 랙으로 오픈 전면 구조의 프리미엄 랙 시스템입니다. Standard Half Rack(ELT-HR-STRD)도 카탈로그에 있습니다.,"J-cup/바 서포트 높이, 세이프티, 액세서리","🏋️ HAMMER STRENGTH — HD Elite iD Half Rack · HD Elite

🎯 ONE KEY CUE
🔥 ""오픈 전면 쪽 공간을 확보하고 바 경로에 맞게 발 위치 설정""

⚙️ ① 기구 세팅
📋 검증 상태: VERIFIED
🏷️ 확인 모델: HD Elite iD Half Rack
HD Elite iD 하프 랙으로 오픈 전면 구조의 프리미엄 랙 시스템입니다. Standard Half Rack(ELT-HR-STRD)도 카탈로그에 있습니다.
⚙️ 조절 포인트: J-cup/바 서포트 높이, 세이프티, 액세서리

🛤️ ② 운동 경로
스쿼at·프레스 등에서 바가 랙 안팎으로 수직 이동

⚠️ ③ 흔한 실수
하프 랙 앞쪽에 장애물이 있어 바를 안전히 랙킹하지 못하는 것

💡 MACHINE FIT PRO TIP
HD Elite 라인 특성(가이드 궤적·좌우 독립·플레이트 로딩)에 맞춰 첫 2세트는 템포를 늦추고, 좌우/전후 대칭을 확인한 다음 무게를 올리세요.","🏋️ HAMMER STRENGTH — HD Elite iD Half Rack · HD Elite

🎯 ONE KEY CUE
🔥 ""Clear space on the open front side and set feet to the bar path""

⚙️ ① Setup
📋 Status: VERIFIED
🏷️ Verified model: HD Elite iD Half Rack
HD Elite iD 하프 랙으로 오픈 전면 구조의 프리미엄 랙 시스템입니다. Standard Half Rack(ELT-HR-STRD)도 카탈로그에 있습니다.
⚙️ Adjustments: J-cup/바 서포트 높이, 세이프티, 액세서리

🛤️ ② Movement path
스쿼at·프레스 등에서 바가 랙 안팎으로 수직 이동

⚠️ ③ Common mistake
하프 랙 앞쪽에 장애물이 있어 바를 안전히 랙킹하지 못하는 

💡 MACHINE FIT PRO TIP
Use the HD Elite guided path: slow the first two sets, check left-right symmetry, then add load."
