brand_code,machine_name_ko,machine_name_en,verified_model,verification_status,manufacturer,product_series,source_url,verified_structure,verified_adjustments,exercise_tip,exercise_tip_en
MIGANG,체스트 프레스,Chest Press,Power Gym Chest Press,VERIFIED,Migang,Power Gym,https://blog.naver.com/pinkd001y/222976642460,미강 파워짐(Power Gym) 셀렉토라이즈드 체스트 프레스로 23종 세트·딜러 리스트에 명시됩니다,"시트, 시작용 로드 추출 풋 지지, 중량 스택 핀","🏋️ MIGANG — Power Gym Chest Press · Power Gym

🎯 ONE KEY CUE
🔥 ""견갑을 붙인 채 손잡이를 가슴 중앙으로 밀기""

미강 파워짐(Power Gym) 셀렉토라이즈드 체스트 프레스로 23종 세트·딜러 리스트에 명시됩니다. Power Gym 구조입니다. 처음부터 무게 올리지 말고, 세팅부터 잡으세요.

⚙️ ① 기구 세팅
🪑 좌석 / 패드
시트를 몸에 맞추세요. 시작 위치가 어깨·관절에 자연스럽게 오는지 확인합니다.
🤲 그립 / 손 위치
손잡이를 편안한 너비로 잡으세요. 손목이 꺾이지 않게 합니다.
⚙️ 조절 포인트
시트, 시작용 로드 추출 풋 지지, 중량 스택 핀을 확인하세요.

💪 ② 시작 자세
등과 골반을 패드에 붙이고, 손잡이가 가슴 높이에 오게 잡습니다.
이 자세에서 이것만 확인하세요.
👉 등이 패드에서 뜨지 않는지

🔥 ③ 운동 방법
손잡이를 앞으로 밀었다 천천히 복귀.
손보다 팔꿈치를 앞(또는 위)으로 보내는 느낌으로 미세요. 끝에서 어깨를 앞으로 밀어 넣지 마세요.

💥 ④ 최고 수축
팔꿈치가 앞으로 나가 가슴이 수축되는 지점에서 멈춥니다. 어깨를 더 밀지 마세요.
⏱️ 1초 STOP
튕기지 말고 그 지점에서 1초만 소유하세요. 무게를 놓는 순간이 아닙니다.

🐌 ⑤ 천천히 돌아오기
중량을 그냥 놓지 마세요.
2~3초 동안 통제하면서 복귀합니다.
시작 자세로 돌아갈 때도 같은 궤적을 유지하세요.

❌ 흔한 실수
❌ 어깨를 앞으로 말며 반동으로 미는 것
템포를 늦추고 같은 궤적만 반복하세요.
❌ 허리를 과하게 아치해 가슴 대신 요추로 미는 것
깊이보다 골반 고정이 먼저입니다. 허리가 뜨면 범위를 줄이세요.
❌ 끝에서 어깨를 더 밀어 넣는 것
자세가 무너지면 무게를 낮추세요.

💡 MACHINE FIT PRO TIP
🔥 Power Gym Chest Press의 가이드 궤적을 이용하세요. 첫 2세트는 천천히, 대칭이 확인된 뒤에만 무게를 올립니다.

🎯 MACHINE FIT CHECK
🟢 시트/패드 → 몸에 맞춤
🟢 팔꿈치 → 미는/드는 방향
🟢 어깨 → 으쓱하지 않기
🟢 복귀 → 2~3초 통제

### 🔥 이것만 기억하세요

""견갑을 붙인 채 손잡이를 가슴 중앙으로 밀기. 끝에서 1초, 복귀는 통제.""","🏋️ MIGANG — Power Gym Chest Press · Power Gym

🎯 ONE KEY CUE
🔥 ""Brace scapulae and press the handles through center chest""

미강 파워짐(Power Gym) 셀렉토라이즈드 체스트 프레스로 23종 세트·딜러 리스트에 명시됩니다 Lean into the Power Gym design. Do not chase load until the setup feels locked in.

⚙️ ① Setup
🪑 Seat / pads
Fit the seat to your body so the start position sits naturally on the working joint.
🤲 Grip / hands
Take a comfortable grip width and keep the wrists stacked, not bent.
⚙️ Adjustments
Check 시트, 시작용 로드 추출 풋 지지, 중량 스택 핀.

💪 ② Start position
Pin back and pelvis to the pad with the handles at chest height.
Check only this:
👉 Back still on the pad

🔥 ③ Execution
Press by driving the elbows forward/up. Do not dump the shoulders forward at lockout.
Press out on the machine path, then return under control.

💥 ④ Peak contraction
Stop where the chest is contracted — do not dump the shoulders farther forward.
⏱️ 1-second STOP
Own that position for one second. This is not where you dump the weight.

🐌 ⑤ Controlled return
Do not dump the load.
Take 2–3 seconds on the way back.
Return on the same path you pressed or pulled.

❌ Common mistakes
❌ Dumping the shoulders forward and bouncing the press
Slow the tempo and repeat one clean path.
❌ Over-arching so the low back takes over
If position breaks, cut the load.
❌ Shoving the shoulders farther at lockout
If position breaks, cut the load.

💡 MACHINE FIT PRO TIP
🔥 Use the guided path on Power Gym Chest Press. Slow the first two sets, confirm symmetry, then add load.

🎯 MACHINE FIT CHECK
🟢 Seat/pad → fitted
🟢 Elbows → press/raise direction
🟢 Shoulders → not shrugged
🟢 Return → 2–3 sec control

### 🔥 Remember this

""Brace scapulae and press the handles through center chest. One-second peak, controlled return."""
MIGANG,인클라인 체스트 프레스,Incline Chest Press,Power Gym Hammer Incline Press,VERIFIED,Migang,Power Gym Hammer,https://blog.naver.com/pinkd001y/222976642460,미강 파워짐 해머 인클라인 프레스(플레이트로드형)로 세트 리스트에 확인됩니다,"시트, 시작용 로드 추출 풋 지지, 양쪽 플레이트","🏋️ MIGANG — Power Gym Hammer Incline Press · Power Gym Hammer

🎯 ONE KEY CUE
🔥 ""인클라인 궤적에서 쇄골·상부 가슴 방향으로 밀기""

미강 파워짐 해머 인클라인 프레스(플레이트로드형)로 세트 리스트에 확인됩니다. 플레이트 로딩 · Power Gym 구조입니다. 처음부터 무게 올리지 말고, 세팅부터 잡으세요.

⚙️ ① 기구 세팅
🪑 좌석 / 패드
시트를 몸에 맞추세요. 시작 위치가 어깨·관절에 자연스럽게 오는지 확인합니다.
🤲 그립 / 손 위치
손잡이를 편안한 너비로 잡으세요. 손목이 꺾이지 않게 합니다.
⚙️ 조절 포인트
시트, 시작용 로드 추출 풋 지지, 양쪽 플레이트를 확인하세요. 양쪽 플레이트를 동일하게 맞추고, 한쪽만 먼저 올리지 마세요.

💪 ② 시작 자세
등과 골반을 패드에 붙이고, 손잡이가 가슴 높이에 오게 잡습니다.
이 자세에서 이것만 확인하세요.
👉 등이 패드에서 뜨지 않는지

🔥 ③ 운동 방법
대각선 위·앞으로 밀었다 복귀.
손보다 팔꿈치를 앞(또는 위)으로 보내는 느낌으로 미세요. 끝에서 어깨를 앞으로 밀어 넣지 마세요.

💥 ④ 최고 수축
팔꿈치가 앞으로 나가 가슴이 수축되는 지점에서 멈춥니다. 어깨를 더 밀지 마세요.
⏱️ 1초 STOP
튕기지 말고 그 지점에서 1초만 소유하세요. 무게를 놓는 순간이 아닙니다.

🐌 ⑤ 천천히 돌아오기
중량을 그냥 놓지 마세요.
2~3초 동안 통제하면서 복귀합니다.
시작 자세로 돌아갈 때도 같은 궤적을 유지하세요.

❌ 흔한 실수
❌ 허리를 과아치해 요추에 힘을 주는
깊이보다 골반 고정이 먼저입니다. 허리가 뜨면 범위를 줄이세요.
❌ 어깨를 앞으로 말며 반동으로 미는 것
템포를 늦추고 같은 궤적만 반복하세요.
❌ 허리를 과하게 아치해 가슴 대신 요추로 미는 것
깊이보다 골반 고정이 먼저입니다. 허리가 뜨면 범위를 줄이세요.
❌ 끝에서 어깨를 더 밀어 넣는 것
자세가 무너지면 무게를 낮추세요.
❌ 양쪽 플레이트 무게를 다르게 올리는 것
양쪽을 맞춘 뒤 가벼운 세트로 좌우를 확인하세요.

💡 MACHINE FIT PRO TIP
🔥 Power Gym Hammer Incline Press은 플레이트 로딩입니다. 좌우 원판을 동일하게 맞추고, 첫 세트는 궤적·좌우 대칭만 확인한 다음 무게를 올리세요.

🎯 MACHINE FIT CHECK
🟢 시트/패드 → 몸에 맞춤
🟢 팔꿈치 → 미는/드는 방향
🟢 원판 → 좌우 동일
🟢 복귀 → 2~3초 통제

### 🔥 이것만 기억하세요

""인클라인 궤적에서 쇄골·상부 가슴 방향으로 밀기. 끝에서 1초, 복귀는 통제.""","🏋️ MIGANG — Power Gym Hammer Incline Press · Power Gym Hammer

🎯 ONE KEY CUE
🔥 ""Press along the incline path toward upper chest""

미강 파워짐 해머 인클라인 프레스(플레이트로드형)로 세트 리스트에 확인됩니다 Lean into the plate-loaded / Power Gym design. Do not chase load until the setup feels locked in.

⚙️ ① Setup
🪑 Seat / pads
Fit the seat to your body so the start position sits naturally on the working joint.
🤲 Grip / hands
Take a comfortable grip width and keep the wrists stacked, not bent.
⚙️ Adjustments
Check 시트, 시작용 로드 추출 풋 지지, 양쪽 플레이트. Match plates on both sides — do not load one arm first.

💪 ② Start position
Pin back and pelvis to the pad with the handles at chest height.
Check only this:
👉 Back still on the pad

🔥 ③ Execution
Press by driving the elbows forward/up. Do not dump the shoulders forward at lockout.
Press out on the machine path, then return under control.

💥 ④ Peak contraction
Stop where the chest is contracted — do not dump the shoulders farther forward.
⏱️ 1-second STOP
Own that position for one second. This is not where you dump the weight.

🐌 ⑤ Controlled return
Do not dump the load.
Take 2–3 seconds on the way back.
Return on the same path you pressed or pulled.

❌ Common mistakes
❌ Dumping the shoulders forward and bouncing the press
Slow the tempo and repeat one clean path.
❌ Over-arching so the low back takes over
If position breaks, cut the load.
❌ Shoving the shoulders farther at lockout
If position breaks, cut the load.
❌ Loading unequal plates
Match both sides, then confirm with a light set.

💡 MACHINE FIT PRO TIP
🔥 Power Gym Hammer Incline Press is plate-loaded. Match plates, confirm path and left-right symmetry on set one, then add load.

🎯 MACHINE FIT CHECK
🟢 Seat/pad → fitted
🟢 Elbows → press/raise direction
🟢 Plates → matched
🟢 Return → 2–3 sec control

### 🔥 Remember this

""Press along the incline path toward upper chest. One-second peak, controlled return."""
MIGANG,디클라인 체스트 프레스,Decline Chest Press,Power Gym Hammer Decline Press,VERIFIED,Migang,Power Gym Hammer,https://blog.naver.com/pinkd001y/222976642460,미강 파워짐 해머 디클라인 프레스로 세트 리스트에 확인됩니다,"시트/등판, 시작용 로드 추출 풋 지지, 양쪽 플레이트","🏋️ MIGANG — Power Gym Hammer Decline Press · Power Gym Hammer

🎯 ONE KEY CUE
🔥 ""하부 가슴을 향해 아래·앞으로 통제하며 밀기""

미강 파워짐 해머 디클라인 프레스로 세트 리스트에 확인됩니다. Power Gym 구조입니다. 처음부터 무게 올리지 말고, 세팅부터 잡으세요.

⚙️ ① 기구 세팅
🪑 좌석 / 패드
시트를 몸에 맞추세요. 시작 위치가 어깨·관절에 자연스럽게 오는지 확인합니다.
🤲 그립 / 손 위치
손잡이를 편안한 너비로 잡으세요. 손목이 꺾이지 않게 합니다.
⚙️ 조절 포인트
시트/등판, 시작용 로드 추출 풋 지지, 양쪽 플레이트를 확인하세요.

💪 ② 시작 자세
등과 골반을 패드에 붙이고, 손잡이가 가슴 높이에 오게 잡습니다.
이 자세에서 이것만 확인하세요.
👉 등이 패드에서 뜨지 않는지

🔥 ③ 운동 방법
디클라인 각도로 밀었다 천천히 복귀.
손보다 팔꿈치를 앞(또는 위)으로 보내는 느낌으로 미세요. 끝에서 어깨를 앞으로 밀어 넣지 마세요.

💥 ④ 최고 수축
팔꿈치가 앞으로 나가 가슴이 수축되는 지점에서 멈춥니다. 어깨를 더 밀지 마세요.
⏱️ 1초 STOP
튕기지 말고 그 지점에서 1초만 소유하세요. 무게를 놓는 순간이 아닙니다.

🐌 ⑤ 천천히 돌아오기
중량을 그냥 놓지 마세요.
2~3초 동안 통제하면서 복귀합니다.
시작 자세로 돌아갈 때도 같은 궤적을 유지하세요.

❌ 흔한 실수
❌ 팔꿈치를 과벌려 어깨에 부하를 주는
자세가 무너지면 무게를 낮추세요.
❌ 어깨를 앞으로 말며 반동으로 미는 것
템포를 늦추고 같은 궤적만 반복하세요.
❌ 허리를 과하게 아치해 가슴 대신 요추로 미는 것
깊이보다 골반 고정이 먼저입니다. 허리가 뜨면 범위를 줄이세요.
❌ 끝에서 어깨를 더 밀어 넣는 것
자세가 무너지면 무게를 낮추세요.

💡 MACHINE FIT PRO TIP
🔥 Power Gym Hammer Decline Press의 가이드 궤적을 이용하세요. 첫 2세트는 천천히, 대칭이 확인된 뒤에만 무게를 올립니다.

🎯 MACHINE FIT CHECK
🟢 시트/패드 → 몸에 맞춤
🟢 팔꿈치 → 미는/드는 방향
🟢 어깨 → 으쓱하지 않기
🟢 복귀 → 2~3초 통제

### 🔥 이것만 기억하세요

""하부 가슴을 향해 아래·앞으로 통제하며 밀기. 끝에서 1초, 복귀는 통제.""","🏋️ MIGANG — Power Gym Hammer Decline Press · Power Gym Hammer

🎯 ONE KEY CUE
🔥 ""Press down and forward toward the lower chest with control""

미강 파워짐 해머 디클라인 프레스로 세트 리스트에 확인됩니다 Lean into the Power Gym design. Do not chase load until the setup feels locked in.

⚙️ ① Setup
🪑 Seat / pads
Fit the seat to your body so the start position sits naturally on the working joint.
🤲 Grip / hands
Take a comfortable grip width and keep the wrists stacked, not bent.
⚙️ Adjustments
Check 시트/등판, 시작용 로드 추출 풋 지지, 양쪽 플레이트.

💪 ② Start position
Pin back and pelvis to the pad with the handles at chest height.
Check only this:
👉 Back still on the pad

🔥 ③ Execution
Press by driving the elbows forward/up. Do not dump the shoulders forward at lockout.
Press out on the machine path, then return under control.

💥 ④ Peak contraction
Stop where the chest is contracted — do not dump the shoulders farther forward.
⏱️ 1-second STOP
Own that position for one second. This is not where you dump the weight.

🐌 ⑤ Controlled return
Do not dump the load.
Take 2–3 seconds on the way back.
Return on the same path you pressed or pulled.

❌ Common mistakes
❌ Dumping the shoulders forward and bouncing the press
Slow the tempo and repeat one clean path.
❌ Over-arching so the low back takes over
If position breaks, cut the load.
❌ Shoving the shoulders farther at lockout
If position breaks, cut the load.

💡 MACHINE FIT PRO TIP
🔥 Use the guided path on Power Gym Hammer Decline Press. Slow the first two sets, confirm symmetry, then add load.

🎯 MACHINE FIT CHECK
🟢 Seat/pad → fitted
🟢 Elbows → press/raise direction
🟢 Shoulders → not shrugged
🟢 Return → 2–3 sec control

### 🔥 Remember this

""Press down and forward toward the lower chest with control. One-second peak, controlled return."""
MIGANG,컨버징 체스트 프레스,Converging Chest Press,,BRAND_MODEL_NOT_FOUND,Migang,,https://blog.naver.com/pinkd001y/222976642460,미강(Migang) 파워짐 공개 딜러·중고 리스트에서 '컨버징 체스트 프레스' 전용 SKU가 확인되지 않습니다,"시트, 시작용 로드 추출 풋 지지, 중량","🏋️ MIGANG — 컨버징 체스트 프레스

🎯 ONE KEY CUE
🔥 ""넓은 시작에서 중앙으로 모으며 밀기""

미강 전용 모델이 없는 카테고리입니다. 헬스장에 있는 실제 기구의 패드·레버·안전장치를 먼저 확인한 뒤, 아래 패턴으로 움직이세요.

⚙️ ① 기구 세팅
🪑 좌석 / 패드
시트를 몸에 맞추세요. 시작 위치가 어깨·관절에 자연스럽게 오는지 확인합니다.
🤲 그립 / 손 위치
손잡이를 편안한 너비로 잡으세요. 손목이 꺾이지 않게 합니다.
⚙️ 조절 포인트
시트, 시작용 로드 추출 풋 지지, 중량을 확인하세요.

💪 ② 시작 자세
등과 골반을 패드에 붙이고, 손잡이가 가슴 높이에 오게 잡습니다.
이 자세에서 이것만 확인하세요.
👉 등이 패드에서 뜨지 않는지

🔥 ③ 운동 방법
양팔이 바깥에서 안쪽으로 모이며 프레스.
손보다 팔꿈치를 앞(또는 위)으로 보내는 느낌으로 미세요. 끝에서 어깨를 앞으로 밀어 넣지 마세요.

💥 ④ 최고 수축
팔꿈치가 앞으로 나가 가슴이 수축되는 지점에서 멈춥니다. 어깨를 더 밀지 마세요.
⏱️ 1초 STOP
튕기지 말고 그 지점에서 1초만 소유하세요. 무게를 놓는 순간이 아닙니다.

🐌 ⑤ 천천히 돌아오기
중량을 그냥 놓지 마세요.
2~3초 동안 통제하면서 복귀합니다.
시작 자세로 돌아갈 때도 같은 궤적을 유지하세요.

❌ 흔한 실수
❌ 평행으로만 밀어 수렴 궤적을 무시하는
자세가 무너지면 무게를 낮추세요.
❌ 어깨를 앞으로 말며 반동으로 미는 것
템포를 늦추고 같은 궤적만 반복하세요.
❌ 허리를 과하게 아치해 가슴 대신 요추로 미는 것
깊이보다 골반 고정이 먼저입니다. 허리가 뜨면 범위를 줄이세요.
❌ 끝에서 어깨를 더 밀어 넣는 것
자세가 무너지면 무게를 낮추세요.

💡 MACHINE FIT PRO TIP
🔥 이 항목은 해머 스트렝스 전용 SKU가 없습니다. ""컨버징 체스트 프레스""로 분류된 실제 기구의 패드·레버·안전장치만 믿고, 가벼운 무게로 5회 리허설 후 본 세트를 시작하세요.

🎯 MACHINE FIT CHECK
🟢 시트/패드 → 몸에 맞춤
🟢 팔꿈치 → 미는/드는 방향
🟢 어깨 → 으쓱하지 않기
🟢 복귀 → 2~3초 통제

### 🔥 이것만 기억하세요

""넓은 시작에서 중앙으로 모으며 밀기. 끝에서 1초, 복귀는 통제.""","🏋️ MIGANG — Converging Chest Press

🎯 ONE KEY CUE
🔥 ""Start wide and press while converging toward center""

There is no dedicated Migang SKU for this category. Confirm pads, levers, and safeties on the unit in your gym, then follow the movement pattern below.

⚙️ ① Setup
🪑 Seat / pads
Fit the seat to your body so the start position sits naturally on the working joint.
🤲 Grip / hands
Take a comfortable grip width and keep the wrists stacked, not bent.
⚙️ Adjustments
Check 시트, 시작용 로드 추출 풋 지지, 중량.

💪 ② Start position
Pin back and pelvis to the pad with the handles at chest height.
Check only this:
👉 Back still on the pad

🔥 ③ Execution
Press by driving the elbows forward/up. Do not dump the shoulders forward at lockout.
Press out on the machine path, then return under control.

💥 ④ Peak contraction
Stop where the chest is contracted — do not dump the shoulders farther forward.
⏱️ 1-second STOP
Own that position for one second. This is not where you dump the weight.

🐌 ⑤ Controlled return
Do not dump the load.
Take 2–3 seconds on the way back.
Return on the same path you pressed or pulled.

❌ Common mistakes
❌ Dumping the shoulders forward and bouncing the press
Slow the tempo and repeat one clean path.
❌ Over-arching so the low back takes over
If position breaks, cut the load.
❌ Shoving the shoulders farther at lockout
If position breaks, cut the load.

💡 MACHINE FIT PRO TIP
🔥 No dedicated Hammer Strength SKU for this slot. Trust the pads/levers/safeties on the unit labeled like ""Converging Chest Press"", rehearse five light reps, then start working sets.

🎯 MACHINE FIT CHECK
🟢 Seat/pad → fitted
🟢 Elbows → press/raise direction
🟢 Shoulders → not shrugged
🟢 Return → 2–3 sec control

### 🔥 Remember this

""Start wide and press while converging toward center. One-second peak, controlled return."""
MIGANG,아이소래터럴 체스트 프레스,Iso-Lateral Chest Press,,BRAND_MODEL_NOT_FOUND,Migang,,https://blog.naver.com/pinkd001y/222976642460,미강(Migang) 파워짐 공개 딜러·중고 리스트에서 '아이소래터럴 체스트 프레스' 전용 SKU가 확인되지 않습니다,"시트, 시작용 로드 추출 풋 지지, 중량","🏋️ MIGANG — 아이소래터럴 체스트 프레스

🎯 ONE KEY CUE
🔥 ""좌우 암을 같은 속도로 밀며 불균형을 확인""

미강 전용 모델이 없는 카테고리입니다. 헬스장에 있는 실제 기구의 패드·레버·안전장치를 먼저 확인한 뒤, 아래 패턴으로 움직이세요.

⚙️ ① 기구 세팅
🪑 좌석 / 패드
시트를 몸에 맞추세요. 시작 위치가 어깨·관절에 자연스럽게 오는지 확인합니다.
🤲 그립 / 손 위치
양손잡이 높이가 좌우 같은지 먼저 보세요. 독립 암이라 한쪽만 어긋나도 바로 느껴집니다.
⚙️ 조절 포인트
시트, 시작용 로드 추출 풋 지지, 중량을 확인하세요. 좌우 시작 위치가 같은지도 같이 봅니다.

💪 ② 시작 자세
등과 골반을 패드에 붙이고, 손잡이가 가슴 높이에 오게 잡습니다.
좌우가 같은 높이에서 시작하는지 한 번 더 보세요.
이 자세에서 이것만 확인하세요.
👉 등이 패드에서 뜨지 않는지

🔥 ③ 운동 방법
각 팔을 독립적으로 밀었다 복귀.
양쪽을 같은 속도로 움직이세요. 한쪽이 먼저 끝나면 무게를 더 올리기 전에 밸런스부터 잡습니다.

💥 ④ 최고 수축
팔꿈치가 앞으로 나가 가슴이 수축되는 지점에서 멈춥니다. 어깨를 더 밀지 마세요.
⏱️ 1초 STOP
튕기지 말고 그 지점에서 1초만 소유하세요. 무게를 놓는 순간이 아닙니다.

🐌 ⑤ 천천히 돌아오기
중량을 그냥 놓지 마세요.
2~3초 동안 통제하면서 복귀합니다.
시작 자세로 돌아갈 때도 같은 궤적을 유지하세요.

❌ 흔한 실수
❌ 한쪽만 먼저 밀어 비대칭을 키우는
약한 쪽 속도에 강한 쪽을 맞추세요.
❌ 어깨를 앞으로 말며 반동으로 미는 것
템포를 늦추고 같은 궤적만 반복하세요.
❌ 허리를 과하게 아치해 가슴 대신 요추로 미는 것
깊이보다 골반 고정이 먼저입니다. 허리가 뜨면 범위를 줄이세요.
❌ 끝에서 어깨를 더 밀어 넣는 것
자세가 무너지면 무게를 낮추세요.
❌ 한쪽만 먼저 끝내고 반대쪽을 따라가게 하는 것
약한 쪽 속도에 강한 쪽을 맞추세요.

💡 MACHINE FIT PRO TIP
🔥 이 항목은 해머 스트렝스 전용 SKU가 없습니다. ""아이소래터럴 체스트 프레스""로 분류된 실제 기구의 패드·레버·안전장치만 믿고, 가벼운 무게로 5회 리허설 후 본 세트를 시작하세요.

🎯 MACHINE FIT CHECK
🟢 시트/패드 → 몸에 맞춤
🟢 팔꿈치 → 미는/드는 방향
🟢 좌우 → 같은 속도
🟢 복귀 → 2~3초 통제

### 🔥 이것만 기억하세요

""좌우 같은 속도, 끝에서 1초, 복귀는 통제.""","🏋️ MIGANG — Iso-Lateral Chest Press

🎯 ONE KEY CUE
🔥 ""Press both independent arms at the same speed and check balance""

There is no dedicated Migang SKU for this category. Confirm pads, levers, and safeties on the unit in your gym, then follow the movement pattern below.

⚙️ ① Setup
🪑 Seat / pads
Fit the seat to your body so the start position sits naturally on the working joint.
🤲 Grip / hands
Match left and right handle height first — independent arms expose any mismatch immediately.
⚙️ Adjustments
Check 시트, 시작용 로드 추출 풋 지지, 중량. Confirm both sides start from the same position.

💪 ② Start position
Pin back and pelvis to the pad with the handles at chest height.
Double-check both sides start at the same height.
Check only this:
👉 Back still on the pad

🔥 ③ Execution
Match left-right speed. If one side finishes early, fix balance before adding load.
Press out on the machine path, then return under control. Keep both sides honest.

💥 ④ Peak contraction
Stop where the chest is contracted — do not dump the shoulders farther forward.
⏱️ 1-second STOP
Own that position for one second. This is not where you dump the weight.

🐌 ⑤ Controlled return
Do not dump the load.
Take 2–3 seconds on the way back.
Return on the same path you pressed or pulled.

❌ Common mistakes
❌ Dumping the shoulders forward and bouncing the press
Slow the tempo and repeat one clean path.
❌ Over-arching so the low back takes over
If position breaks, cut the load.
❌ Shoving the shoulders farther at lockout
If position breaks, cut the load.
❌ Letting one side finish early
Match the stronger side to the weaker side’s speed.

💡 MACHINE FIT PRO TIP
🔥 No dedicated Hammer Strength SKU for this slot. Trust the pads/levers/safeties on the unit labeled like ""Iso-Lateral Chest Press"", rehearse five light reps, then start working sets.

🎯 MACHINE FIT CHECK
🟢 Seat/pad → fitted
🟢 Elbows → press/raise direction
🟢 Left/right → same speed
🟢 Return → 2–3 sec control

### 🔥 Remember this

""Match sides, one-second peak, controlled return."""
MIGANG,플레이트로드 체스트 프레스,Plate-Loaded Chest Press,Power Gym Hammer Bench Press,VERIFIED,Migang,Power Gym Hammer,https://blog.naver.com/pinkd001y/222976642460,미강 파워짐 해머 벤치 프레스(플레이트로드 체스트)로 세트 리스트에 확인됩니다,"시트, 시작용 로드 추출 풋 지지, 양쪽 플레이트","🏋️ MIGANG — Power Gym Hammer Bench Press · Power Gym Hammer

🎯 ONE KEY CUE
🔥 ""견갑을 고정한 채 양팔을 고르게 밀기""

미강 파워짐 해머 벤치 프레스(플레이트로드 체스트)로 세트 리스트에 확인됩니다. 플레이트 로딩 · Power Gym 구조입니다. 처음부터 무게 올리지 말고, 세팅부터 잡으세요.

⚙️ ① 기구 세팅
🪑 좌석 / 패드
시트를 몸에 맞추세요. 시작 위치가 어깨·관절에 자연스럽게 오는지 확인합니다.
🤲 그립 / 손 위치
손잡이를 편안한 너비로 잡으세요. 손목이 꺾이지 않게 합니다.
⚙️ 조절 포인트
시트, 시작용 로드 추출 풋 지지, 양쪽 플레이트를 확인하세요. 양쪽 플레이트를 동일하게 맞추고, 한쪽만 먼저 올리지 마세요.

💪 ② 시작 자세
등과 골반을 패드에 붙이고, 손잡이가 가슴 높이에 오게 잡습니다.
이 자세에서 이것만 확인하세요.
👉 등이 패드에서 뜨지 않는지

🔥 ③ 운동 방법
플레이트를 싣고 프레스 후 천천히 복귀.
손보다 팔꿈치를 앞(또는 위)으로 보내는 느낌으로 미세요. 끝에서 어깨를 앞으로 밀어 넣지 마세요.

💥 ④ 최고 수축
팔꿈치가 앞으로 나가 가슴이 수축되는 지점에서 멈춥니다. 어깨를 더 밀지 마세요.
⏱️ 1초 STOP
튕기지 말고 그 지점에서 1초만 소유하세요. 무게를 놓는 순간이 아닙니다.

🐌 ⑤ 천천히 돌아오기
중량을 그냥 놓지 마세요.
2~3초 동안 통제하면서 복귀합니다.
시작 자세로 돌아갈 때도 같은 궤적을 유지하세요.

❌ 흔한 실수
❌ 원판만 늘리고 궤적을 통제하지 않는
자세가 무너지면 무게를 낮추세요.
❌ 어깨를 앞으로 말며 반동으로 미는 것
템포를 늦추고 같은 궤적만 반복하세요.
❌ 허리를 과하게 아치해 가슴 대신 요추로 미는 것
깊이보다 골반 고정이 먼저입니다. 허리가 뜨면 범위를 줄이세요.
❌ 끝에서 어깨를 더 밀어 넣는 것
자세가 무너지면 무게를 낮추세요.
❌ 양쪽 플레이트 무게를 다르게 올리는 것
양쪽을 맞춘 뒤 가벼운 세트로 좌우를 확인하세요.

💡 MACHINE FIT PRO TIP
🔥 Power Gym Hammer Bench Press은 플레이트 로딩입니다. 좌우 원판을 동일하게 맞추고, 첫 세트는 궤적·좌우 대칭만 확인한 다음 무게를 올리세요.

🎯 MACHINE FIT CHECK
🟢 시트/패드 → 몸에 맞춤
🟢 팔꿈치 → 미는/드는 방향
🟢 원판 → 좌우 동일
🟢 복귀 → 2~3초 통제

### 🔥 이것만 기억하세요

""견갑을 고정한 채 양팔을 고르게 밀기. 끝에서 1초, 복귀는 통제.""","🏋️ MIGANG — Power Gym Hammer Bench Press · Power Gym Hammer

🎯 ONE KEY CUE
🔥 ""Keep scapulae set and press both arms evenly""

미강 파워짐 해머 벤치 프레스(플레이트로드 체스트)로 세트 리스트에 확인됩니다 Lean into the plate-loaded / Power Gym design. Do not chase load until the setup feels locked in.

⚙️ ① Setup
🪑 Seat / pads
Fit the seat to your body so the start position sits naturally on the working joint.
🤲 Grip / hands
Take a comfortable grip width and keep the wrists stacked, not bent.
⚙️ Adjustments
Check 시트, 시작용 로드 추출 풋 지지, 양쪽 플레이트. Match plates on both sides — do not load one arm first.

💪 ② Start position
Pin back and pelvis to the pad with the handles at chest height.
Check only this:
👉 Back still on the pad

🔥 ③ Execution
Press by driving the elbows forward/up. Do not dump the shoulders forward at lockout.
Press out on the machine path, then return under control.

💥 ④ Peak contraction
Stop where the chest is contracted — do not dump the shoulders farther forward.
⏱️ 1-second STOP
Own that position for one second. This is not where you dump the weight.

🐌 ⑤ Controlled return
Do not dump the load.
Take 2–3 seconds on the way back.
Return on the same path you pressed or pulled.

❌ Common mistakes
❌ Dumping the shoulders forward and bouncing the press
Slow the tempo and repeat one clean path.
❌ Over-arching so the low back takes over
If position breaks, cut the load.
❌ Shoving the shoulders farther at lockout
If position breaks, cut the load.
❌ Loading unequal plates
Match both sides, then confirm with a light set.

💡 MACHINE FIT PRO TIP
🔥 Power Gym Hammer Bench Press is plate-loaded. Match plates, confirm path and left-right symmetry on set one, then add load.

🎯 MACHINE FIT CHECK
🟢 Seat/pad → fitted
🟢 Elbows → press/raise direction
🟢 Plates → matched
🟢 Return → 2–3 sec control

### 🔥 Remember this

""Keep scapulae set and press both arms evenly. One-second peak, controlled return."""
MIGANG,펙덱,Pec Deck,Power Gym Butterfly,VERIFIED,Migang,Power Gym,https://blog.naver.com/pinkd001y/222976642460,미강 파워짐 버터플라이(펙덱) 머신으로 세트 리스트에 확인됩니다,"시트, 팔 패드 높이, 중량 스택","🏋️ MIGANG — Power Gym Butterfly · Power Gym

🎯 ONE KEY CUE
🔥 ""팔꿈치를 패드에 붙인 채 가슴 앞에서 모으기""

미강 파워짐 버터플라이(펙덱) 머신으로 세트 리스트에 확인됩니다. Power Gym 구조입니다. 처음부터 무게 올리지 말고, 세팅부터 잡으세요.

⚙️ ① 기구 세팅
🪑 좌석 / 패드
시트를 몸에 맞추세요. 시작 위치가 어깨·관절에 자연스럽게 오는지 확인합니다.
🤲 그립 / 손 위치
팔 패드 높이를 편안한 너비로 잡으세요. 손목이 꺾이지 않게 합니다.
⚙️ 조절 포인트
시트, 팔 패드 높이, 중량 스택을 확인하세요.

💪 ② 시작 자세
등과 골반을 패드에 붙이고, 손잡이가 가슴 높이에 오게 잡습니다.
이 자세에서 이것만 확인하세요.
👉 등이 패드에서 뜨지 않는지

🔥 ③ 운동 방법
양팔을 벌린 상태에서 앞으로 모았다 벌리기.
손보다 팔꿈치를 앞(또는 위)으로 보내는 느낌으로 미세요. 끝에서 어깨를 앞으로 밀어 넣지 마세요.

💥 ④ 최고 수축
팔꿈치가 앞으로 나가 가슴이 수축되는 지점에서 멈춥니다. 어깨를 더 밀지 마세요.
⏱️ 1초 STOP
튕기지 말고 그 지점에서 1초만 소유하세요. 무게를 놓는 순간이 아닙니다.

🐌 ⑤ 천천히 돌아오기
중량을 그냥 놓지 마세요.
2~3초 동안 통제하면서 복귀합니다.
시작 자세로 돌아갈 때도 같은 궤적을 유지하세요.

❌ 흔한 실수
❌ 어깨를 으쓱하며 승모로 당기는
어깨를 귀에서 멀리 두고 다시 시작하세요.
❌ 어깨를 앞으로 말며 반동으로 미는 것
템포를 늦추고 같은 궤적만 반복하세요.
❌ 허리를 과하게 아치해 가슴 대신 요추로 미는 것
깊이보다 골반 고정이 먼저입니다. 허리가 뜨면 범위를 줄이세요.
❌ 끝에서 어깨를 더 밀어 넣는 것
자세가 무너지면 무게를 낮추세요.

💡 MACHINE FIT PRO TIP
🔥 Power Gym Butterfly의 가이드 궤적을 이용하세요. 첫 2세트는 천천히, 대칭이 확인된 뒤에만 무게를 올립니다.

🎯 MACHINE FIT CHECK
🟢 시트/패드 → 몸에 맞춤
🟢 팔꿈치 → 미는/드는 방향
🟢 어깨 → 으쓱하지 않기
🟢 복귀 → 2~3초 통제

### 🔥 이것만 기억하세요

""팔꿈치를 패드에 붙인 채 가슴 앞에서 모으기. 끝에서 1초, 복귀는 통제.""","🏋️ MIGANG — Power Gym Butterfly · Power Gym

🎯 ONE KEY CUE
🔥 ""Keep elbows on the pads and bring the arms together in front of the chest""

미강 파워짐 버터플라이(펙덱) 머신으로 세트 리스트에 확인됩니다 Lean into the Power Gym design. Do not chase load until the setup feels locked in.

⚙️ ① Setup
🪑 Seat / pads
Fit the seat to your body so the start position sits naturally on the working joint.
🤲 Grip / hands
Take a comfortable grip width and keep the wrists stacked, not bent.
⚙️ Adjustments
Check 시트, 팔 패드 높이, 중량 스택.

💪 ② Start position
Pin back and pelvis to the pad with the handles at chest height.
Check only this:
👉 Back still on the pad

🔥 ③ Execution
Press by driving the elbows forward/up. Do not dump the shoulders forward at lockout.
Press out on the machine path, then return under control.

💥 ④ Peak contraction
Stop where the chest is contracted — do not dump the shoulders farther forward.
⏱️ 1-second STOP
Own that position for one second. This is not where you dump the weight.

🐌 ⑤ Controlled return
Do not dump the load.
Take 2–3 seconds on the way back.
Return on the same path you pressed or pulled.

❌ Common mistakes
❌ Dumping the shoulders forward and bouncing the press
Slow the tempo and repeat one clean path.
❌ Over-arching so the low back takes over
If position breaks, cut the load.
❌ Shoving the shoulders farther at lockout
If position breaks, cut the load.

💡 MACHINE FIT PRO TIP
🔥 Use the guided path on Power Gym Butterfly. Slow the first two sets, confirm symmetry, then add load.

🎯 MACHINE FIT CHECK
🟢 Seat/pad → fitted
🟢 Elbows → press/raise direction
🟢 Shoulders → not shrugged
🟢 Return → 2–3 sec control

### 🔥 Remember this

""Keep elbows on the pads and bring the arms together in front of the chest. One-second peak, controlled return."""
MIGANG,리어 델트 / 리버스 펙덱,Rear Delt / Reverse Pec Deck,,BRAND_MODEL_NOT_FOUND,Migang,,https://blog.naver.com/pinkd001y/222976642460,미강(Migang) 파워짐 공개 딜러·중고 리스트에서 '리어 델트 / 리버스 펙덱' 전용 SKU가 확인되지 않습니다,"시트, 시작용 로드 추출 풋 지지, 중량","🏋️ MIGANG — 리어 델트 / 리버스 펙덱

🎯 ONE KEY CUE
🔥 ""가슴을 패드에 붙이고 견갑을 모으며 팔을 뒤로 벌리기""

미강 전용 모델이 없는 카테고리입니다. 헬스장에 있는 실제 기구의 패드·레버·안전장치를 먼저 확인한 뒤, 아래 패턴으로 움직이세요.

⚙️ ① 기구 세팅
🪑 좌석 / 패드
시트를 몸에 맞추세요. 시작 위치가 어깨·관절에 자연스럽게 오는지 확인합니다.
🤲 그립 / 손 위치
손잡이를 편안한 너비로 잡으세요. 손목이 꺾이지 않게 합니다.
⚙️ 조절 포인트
시트, 시작용 로드 추출 풋 지지, 중량을 확인하세요.

💪 ② 시작 자세
갈비뼈를 내리고 허리를 과하게 아치하지 않습니다. 팔꿈치를 시작 궤적에 올립니다.
이 자세에서 이것만 확인하세요.
👉 허리가 과하게 꺾이지 않는지

🔥 ③ 운동 방법
앞으로 모은 손잡이를 뒤로 벌렸다 복귀.
반동으로 올리지 마세요. 팔꿈치가 궤적을 주도하게 둡니다.

💥 ④ 최고 수축
목표 근육이 가장 조여지는 끝 지점에서 멈춥니다.
⏱️ 1초 STOP
튕기지 말고 그 지점에서 1초만 소유하세요. 무게를 놓는 순간이 아닙니다.

🐌 ⑤ 천천히 돌아오기
중량을 그냥 놓지 마세요.
2~3초 동안 통제하면서 복귀합니다.
시작 자세로 돌아갈 때도 같은 궤적을 유지하세요.

❌ 흔한 실수
❌ 상체를 흔들며 반동으로 벌리는
템포를 늦추고 같은 궤적만 반복하세요.
❌ 허리를 꺾어 프레스하는 것
자세가 무너지면 무게를 낮추세요.
❌ 어깨를 귀 쪽으로 으쓱하는 것
어깨를 귀에서 멀리 두고 다시 시작하세요.
❌ 반동으로 들어 올리는 것
템포를 늦추고 같은 궤적만 반복하세요.

💡 MACHINE FIT PRO TIP
🔥 이 항목은 해머 스트렝스 전용 SKU가 없습니다. ""리어 델트 / 리버스 펙덱""로 분류된 실제 기구의 패드·레버·안전장치만 믿고, 가벼운 무게로 5회 리허설 후 본 세트를 시작하세요.

🎯 MACHINE FIT CHECK
🟢 시트/패드 → 몸에 맞춤
🟢 팔꿈치 → 미는/드는 방향
🟢 어깨 → 으쓱하지 않기
🟢 복귀 → 2~3초 통제

### 🔥 이것만 기억하세요

""가슴을 패드에 붙이고 견갑을 모으며 팔을 뒤로 벌리기. 끝에서 1초, 복귀는 통제.""","🏋️ MIGANG — Rear Delt / Reverse Pec Deck

🎯 ONE KEY CUE
🔥 ""Keep the chest on the pad and open the arms back while retracting scapulae""

There is no dedicated Migang SKU for this category. Confirm pads, levers, and safeties on the unit in your gym, then follow the movement pattern below.

⚙️ ① Setup
🪑 Seat / pads
Fit the seat to your body so the start position sits naturally on the working joint.
🤲 Grip / hands
Take a comfortable grip width and keep the wrists stacked, not bent.
⚙️ Adjustments
Check 시트, 시작용 로드 추출 풋 지지, 중량.

💪 ② Start position
Drop the ribs — do not over-arch. Set the elbows on the press path.
Check only this:
👉 Low back not over-arched

🔥 ③ Execution
No bounce. Let the elbows own the path.
Press or raise on the guided path, then lower without dumping the shoulders.

💥 ④ Peak contraction
Stop where the target muscle is most shortened.
⏱️ 1-second STOP
Own that position for one second. This is not where you dump the weight.

🐌 ⑤ Controlled return
Do not dump the load.
Take 2–3 seconds on the way back.
Return on the same path you pressed or pulled.

❌ Common mistakes
❌ Pressing with an over-arched low back
If position breaks, cut the load.
❌ Shrugging the shoulders into the ears
Keep the shoulders away from the ears and restart.
❌ Bouncing the weight up
Slow the tempo and repeat one clean path.

💡 MACHINE FIT PRO TIP
🔥 No dedicated Hammer Strength SKU for this slot. Trust the pads/levers/safeties on the unit labeled like ""Rear Delt / Reverse Pec Deck"", rehearse five light reps, then start working sets.

🎯 MACHINE FIT CHECK
🟢 Seat/pad → fitted
🟢 Elbows → press/raise direction
🟢 Shoulders → not shrugged
🟢 Return → 2–3 sec control

### 🔥 Remember this

""Keep the chest on the pad and open the arms back while retracting scapulae. One-second peak, controlled return."""
MIGANG,플라이 머신,Fly Machine,Power Gym Butterfly,PARTIALLY_VERIFIED,Migang,Power Gym,https://blog.naver.com/pinkd001y/222976642460,전용 플라이 SKU 표기는 없고 세트 리스트의 버터플라이(펙덱)로 대체 확인됩니다,"시트, 팔 패드, 중량 스택","🏋️ MIGANG — Power Gym Butterfly · Power Gym

🎯 ONE KEY CUE
🔥 ""팔꿈치를 살짝 굽힌 채 가슴으로 아치를 그리며 모으기""

전용 플라이 SKU 표기는 없고 세트 리스트의 버터플라이(펙덱)로 대체 확인됩니다. Power Gym 구조입니다. 처음부터 무게 올리지 말고, 세팅부터 잡으세요.

⚙️ ① 기구 세팅
🪑 좌석 / 패드
시트를 몸에 맞추세요. 시작 위치가 어깨·관절에 자연스럽게 오는지 확인합니다.
🤲 그립 / 손 위치
팔 패드를 편안한 너비로 잡으세요. 손목이 꺾이지 않게 합니다.
⚙️ 조절 포인트
시트, 팔 패드, 중량 스택을 확인하세요.
이 카테고리는 공식 명칭이 겹칠 수 있으니, 헬스장 기구의 실제 레버·패드 배치를 우선하세요.

💪 ② 시작 자세
등과 골반을 패드에 붙이고, 손잡이가 가슴 높이에 오게 잡습니다.
이 자세에서 이것만 확인하세요.
👉 등이 패드에서 뜨지 않는지

🔥 ③ 운동 방법
양팔을 벌렸다 앞으로 모으며 수축.
손보다 팔꿈치를 앞(또는 위)으로 보내는 느낌으로 미세요. 끝에서 어깨를 앞으로 밀어 넣지 마세요.

💥 ④ 최고 수축
팔꿈치가 앞으로 나가 가슴이 수축되는 지점에서 멈춥니다. 어깨를 더 밀지 마세요.
⏱️ 1초 STOP
튕기지 말고 그 지점에서 1초만 소유하세요. 무게를 놓는 순간이 아닙니다.

🐌 ⑤ 천천히 돌아오기
중량을 그냥 놓지 마세요.
2~3초 동안 통제하면서 복귀합니다.
시작 자세로 돌아갈 때도 같은 궤적을 유지하세요.

❌ 흔한 실수
❌ 팔을 과신전해 어깨에 부하를 주는
자세가 무너지면 무게를 낮추세요.
❌ 어깨를 앞으로 말며 반동으로 미는 것
템포를 늦추고 같은 궤적만 반복하세요.
❌ 허리를 과하게 아치해 가슴 대신 요추로 미는 것
깊이보다 골반 고정이 먼저입니다. 허리가 뜨면 범위를 줄이세요.
❌ 끝에서 어깨를 더 밀어 넣는 것
자세가 무너지면 무게를 낮추세요.

💡 MACHINE FIT PRO TIP
🔥 Power Gym Butterfly의 가이드 궤적을 이용하세요. 첫 2세트는 천천히, 대칭이 확인된 뒤에만 무게를 올립니다.

🎯 MACHINE FIT CHECK
🟢 시트/패드 → 몸에 맞춤
🟢 팔꿈치 → 미는/드는 방향
🟢 어깨 → 으쓱하지 않기
🟢 복귀 → 2~3초 통제

### 🔥 이것만 기억하세요

""팔꿈치를 살짝 굽힌 채 가슴으로 아치를 그리며 모으기. 끝에서 1초, 복귀는 통제.""","🏋️ MIGANG — Power Gym Butterfly · Power Gym

🎯 ONE KEY CUE
🔥 ""With a soft elbow bend, arc the handles together through the chest""

전용 플라이 SKU 표기는 없고 세트 리스트의 버터플라이(펙덱)로 대체 확인됩니다 Lean into the Power Gym design. Do not chase load until the setup feels locked in.

⚙️ ① Setup
🪑 Seat / pads
Fit the seat to your body so the start position sits naturally on the working joint.
🤲 Grip / hands
Take a comfortable grip width and keep the wrists stacked, not bent.
⚙️ Adjustments
Check 시트, 팔 패드, 중량 스택.
Naming can overlap in this category — trust the levers and pads on the unit in front of you.

💪 ② Start position
Pin back and pelvis to the pad with the handles at chest height.
Check only this:
👉 Back still on the pad

🔥 ③ Execution
Press by driving the elbows forward/up. Do not dump the shoulders forward at lockout.
Press out on the machine path, then return under control.

💥 ④ Peak contraction
Stop where the chest is contracted — do not dump the shoulders farther forward.
⏱️ 1-second STOP
Own that position for one second. This is not where you dump the weight.

🐌 ⑤ Controlled return
Do not dump the load.
Take 2–3 seconds on the way back.
Return on the same path you pressed or pulled.

❌ Common mistakes
❌ Dumping the shoulders forward and bouncing the press
Slow the tempo and repeat one clean path.
❌ Over-arching so the low back takes over
If position breaks, cut the load.
❌ Shoving the shoulders farther at lockout
If position breaks, cut the load.

💡 MACHINE FIT PRO TIP
🔥 Use the guided path on Power Gym Butterfly. Slow the first two sets, confirm symmetry, then add load.

🎯 MACHINE FIT CHECK
🟢 Seat/pad → fitted
🟢 Elbows → press/raise direction
🟢 Shoulders → not shrugged
🟢 Return → 2–3 sec control

### 🔥 Remember this

""With a soft elbow bend, arc the handles together through the chest. One-second peak, controlled return."""
MIGANG,딥 머신,Dip Machine,,BRAND_MODEL_NOT_FOUND,Migang,,https://blog.naver.com/pinkd001y/222976642460,미강(Migang) 파워짐 공개 딜러·중고 리스트에서 '딥 머신' 전용 SKU가 확인되지 않습니다,"시트, 시작용 로드 추출 풋 지지, 중량","🏋️ MIGANG — 딥 머신

🎯 ONE KEY CUE
🔥 ""어깨를 내리지 않고 팔꿈치로 몸을 밀어 올리기""

미강 전용 모델이 없는 카테고리입니다. 헬스장에 있는 실제 기구의 패드·레버·안전장치를 먼저 확인한 뒤, 아래 패턴으로 움직이세요.

⚙️ ① 기구 세팅
🪑 좌석 / 패드
시트를 몸에 맞추세요. 시작 위치가 어깨·관절에 자연스럽게 오는지 확인합니다.
🤲 그립 / 손 위치
손잡이를 편안한 너비로 잡으세요. 손목이 꺾이지 않게 합니다.
⚙️ 조절 포인트
시트, 시작용 로드 추출 풋 지지, 중량을 확인하세요.

💪 ② 시작 자세
등과 골반을 패드에 붙이고, 손잡이가 가슴 높이에 오게 잡습니다.
이 자세에서 이것만 확인하세요.
👉 등이 패드에서 뜨지 않는지

🔥 ③ 운동 방법
팔을 굽혀 내려갔다 펴며 상승.
손보다 팔꿈치를 앞(또는 위)으로 보내는 느낌으로 미세요. 끝에서 어깨를 앞으로 밀어 넣지 마세요.

💥 ④ 최고 수축
팔꿈치가 앞으로 나가 가슴이 수축되는 지점에서 멈춥니다. 어깨를 더 밀지 마세요.
⏱️ 1초 STOP
튕기지 말고 그 지점에서 1초만 소유하세요. 무게를 놓는 순간이 아닙니다.

🐌 ⑤ 천천히 돌아오기
중량을 그냥 놓지 마세요.
2~3초 동안 통제하면서 복귀합니다.
시작 자세로 돌아갈 때도 같은 궤적을 유지하세요.

❌ 흔한 실수
❌ 너무 깊이 내려 전면 어깨를 압박하는
자세가 무너지면 무게를 낮추세요.
❌ 어깨를 앞으로 말며 반동으로 미는 것
템포를 늦추고 같은 궤적만 반복하세요.
❌ 허리를 과하게 아치해 가슴 대신 요추로 미는 것
깊이보다 골반 고정이 먼저입니다. 허리가 뜨면 범위를 줄이세요.
❌ 끝에서 어깨를 더 밀어 넣는 것
자세가 무너지면 무게를 낮추세요.

💡 MACHINE FIT PRO TIP
🔥 이 항목은 해머 스트렝스 전용 SKU가 없습니다. ""딥 머신""로 분류된 실제 기구의 패드·레버·안전장치만 믿고, 가벼운 무게로 5회 리허설 후 본 세트를 시작하세요.

🎯 MACHINE FIT CHECK
🟢 시트/패드 → 몸에 맞춤
🟢 팔꿈치 → 미는/드는 방향
🟢 어깨 → 으쓱하지 않기
🟢 복귀 → 2~3초 통제

### 🔥 이것만 기억하세요

""어깨를 내리지 않고 팔꿈치로 몸을 밀어 올리기. 끝에서 1초, 복귀는 통제.""","🏋️ MIGANG — Dip Machine

🎯 ONE KEY CUE
🔥 ""Drive up through the elbows without shrugging the shoulders""

There is no dedicated Migang SKU for this category. Confirm pads, levers, and safeties on the unit in your gym, then follow the movement pattern below.

⚙️ ① Setup
🪑 Seat / pads
Fit the seat to your body so the start position sits naturally on the working joint.
🤲 Grip / hands
Take a comfortable grip width and keep the wrists stacked, not bent.
⚙️ Adjustments
Check 시트, 시작용 로드 추출 풋 지지, 중량.

💪 ② Start position
Pin back and pelvis to the pad with the handles at chest height.
Check only this:
👉 Back still on the pad

🔥 ③ Execution
Press by driving the elbows forward/up. Do not dump the shoulders forward at lockout.
Press out on the machine path, then return under control.

💥 ④ Peak contraction
Stop where the chest is contracted — do not dump the shoulders farther forward.
⏱️ 1-second STOP
Own that position for one second. This is not where you dump the weight.

🐌 ⑤ Controlled return
Do not dump the load.
Take 2–3 seconds on the way back.
Return on the same path you pressed or pulled.

❌ Common mistakes
❌ Dumping the shoulders forward and bouncing the press
Slow the tempo and repeat one clean path.
❌ Over-arching so the low back takes over
If position breaks, cut the load.
❌ Shoving the shoulders farther at lockout
If position breaks, cut the load.

💡 MACHINE FIT PRO TIP
🔥 No dedicated Hammer Strength SKU for this slot. Trust the pads/levers/safeties on the unit labeled like ""Dip Machine"", rehearse five light reps, then start working sets.

🎯 MACHINE FIT CHECK
🟢 Seat/pad → fitted
🟢 Elbows → press/raise direction
🟢 Shoulders → not shrugged
🟢 Return → 2–3 sec control

### 🔥 Remember this

""Drive up through the elbows without shrugging the shoulders. One-second peak, controlled return."""
MIGANG,어시스트 딥,Assisted Dip,,BRAND_MODEL_NOT_FOUND,Migang,,https://blog.naver.com/pinkd001y/222976642460,미강(Migang) 파워짐 공개 딜러·중고 리스트에서 '어시스트 딥' 전용 SKU가 확인되지 않습니다,"시트, 시작용 로드 추출 풋 지지, 중량","🏋️ MIGANG — 어시스트 딥

🎯 ONE KEY CUE
🔥 ""보조 중량을 맞춘 뒤 상체를 세우고 딥 궤적으로 밀기""

미강 전용 모델이 없는 카테고리입니다. 헬스장에 있는 실제 기구의 패드·레버·안전장치를 먼저 확인한 뒤, 아래 패턴으로 움직이세요.

⚙️ ① 기구 세팅
🪑 좌석 / 패드
시트를 몸에 맞추세요. 시작 위치가 어깨·관절에 자연스럽게 오는지 확인합니다.
🤲 그립 / 손 위치
손잡이를 편안한 너비로 잡으세요. 손목이 꺾이지 않게 합니다.
⚙️ 조절 포인트
시트, 시작용 로드 추출 풋 지지, 중량을 확인하세요.

💪 ② 시작 자세
등과 골반을 패드에 붙이고, 손잡이가 가슴 높이에 오게 잡습니다.
이 자세에서 이것만 확인하세요.
👉 등이 패드에서 뜨지 않는지

🔥 ③ 운동 방법
내려갔다 팔꿈치를 펴며 상승.
손보다 팔꿈치를 앞(또는 위)으로 보내는 느낌으로 미세요. 끝에서 어깨를 앞으로 밀어 넣지 마세요.

💥 ④ 최고 수축
팔꿈치가 앞으로 나가 가슴이 수축되는 지점에서 멈춥니다. 어깨를 더 밀지 마세요.
⏱️ 1초 STOP
튕기지 말고 그 지점에서 1초만 소유하세요. 무게를 놓는 순간이 아닙니다.

🐌 ⑤ 천천히 돌아오기
중량을 그냥 놓지 마세요.
2~3초 동안 통제하면서 복귀합니다.
시작 자세로 돌아갈 때도 같은 궤적을 유지하세요.

❌ 흔한 실수
❌ 보조에만 기대 가동범위를 줄이는
자세가 무너지면 무게를 낮추세요.
❌ 어깨를 앞으로 말며 반동으로 미는 것
템포를 늦추고 같은 궤적만 반복하세요.
❌ 허리를 과하게 아치해 가슴 대신 요추로 미는 것
깊이보다 골반 고정이 먼저입니다. 허리가 뜨면 범위를 줄이세요.
❌ 끝에서 어깨를 더 밀어 넣는 것
자세가 무너지면 무게를 낮추세요.

💡 MACHINE FIT PRO TIP
🔥 이 항목은 해머 스트렝스 전용 SKU가 없습니다. ""어시스트 딥""로 분류된 실제 기구의 패드·레버·안전장치만 믿고, 가벼운 무게로 5회 리허설 후 본 세트를 시작하세요.

🎯 MACHINE FIT CHECK
🟢 시트/패드 → 몸에 맞춤
🟢 팔꿈치 → 미는/드는 방향
🟢 어깨 → 으쓱하지 않기
🟢 복귀 → 2~3초 통제

### 🔥 이것만 기억하세요

""보조 중량을 맞춘 뒤 상체를 세우고 딥 궤적으로 밀기. 끝에서 1초, 복귀는 통제.""","🏋️ MIGANG — Assisted Dip

🎯 ONE KEY CUE
🔥 ""Set assist load, stay upright, and press along the dip path""

There is no dedicated Migang SKU for this category. Confirm pads, levers, and safeties on the unit in your gym, then follow the movement pattern below.

⚙️ ① Setup
🪑 Seat / pads
Fit the seat to your body so the start position sits naturally on the working joint.
🤲 Grip / hands
Take a comfortable grip width and keep the wrists stacked, not bent.
⚙️ Adjustments
Check 시트, 시작용 로드 추출 풋 지지, 중량.

💪 ② Start position
Pin back and pelvis to the pad with the handles at chest height.
Check only this:
👉 Back still on the pad

🔥 ③ Execution
Press by driving the elbows forward/up. Do not dump the shoulders forward at lockout.
Press out on the machine path, then return under control.

💥 ④ Peak contraction
Stop where the chest is contracted — do not dump the shoulders farther forward.
⏱️ 1-second STOP
Own that position for one second. This is not where you dump the weight.

🐌 ⑤ Controlled return
Do not dump the load.
Take 2–3 seconds on the way back.
Return on the same path you pressed or pulled.

❌ Common mistakes
❌ Dumping the shoulders forward and bouncing the press
Slow the tempo and repeat one clean path.
❌ Over-arching so the low back takes over
If position breaks, cut the load.
❌ Shoving the shoulders farther at lockout
If position breaks, cut the load.

💡 MACHINE FIT PRO TIP
🔥 No dedicated Hammer Strength SKU for this slot. Trust the pads/levers/safeties on the unit labeled like ""Assisted Dip"", rehearse five light reps, then start working sets.

🎯 MACHINE FIT CHECK
🟢 Seat/pad → fitted
🟢 Elbows → press/raise direction
🟢 Shoulders → not shrugged
🟢 Return → 2–3 sec control

### 🔥 Remember this

""Set assist load, stay upright, and press along the dip path. One-second peak, controlled return."""
MIGANG,슈퍼 인클라인 프레스,Super Incline Press,,BRAND_MODEL_NOT_FOUND,Migang,,https://blog.naver.com/pinkd001y/222976642460,미강(Migang) 파워짐 공개 딜러·중고 리스트에서 '슈퍼 인클라인 프레스' 전용 SKU가 확인되지 않습니다,"시트, 시작용 로드 추출 풋 지지, 중량","🏋️ MIGANG — 슈퍼 인클라인 프레스

🎯 ONE KEY CUE
🔥 ""고각도에서 견갑을 고정하고 위·앞으로 밀기""

미강 전용 모델이 없는 카테고리입니다. 헬스장에 있는 실제 기구의 패드·레버·안전장치를 먼저 확인한 뒤, 아래 패턴으로 움직이세요.

⚙️ ① 기구 세팅
🪑 좌석 / 패드
시트를 몸에 맞추세요. 시작 위치가 어깨·관절에 자연스럽게 오는지 확인합니다.
🤲 그립 / 손 위치
손잡이를 편안한 너비로 잡으세요. 손목이 꺾이지 않게 합니다.
⚙️ 조절 포인트
시트, 시작용 로드 추출 풋 지지, 중량을 확인하세요.

💪 ② 시작 자세
등과 골반을 패드에 붙이고, 손잡이가 가슴 높이에 오게 잡습니다.
이 자세에서 이것만 확인하세요.
👉 등이 패드에서 뜨지 않는지

🔥 ③ 운동 방법
고각도 인클라인으로 밀었다 복귀.
손보다 팔꿈치를 앞(또는 위)으로 보내는 느낌으로 미세요. 끝에서 어깨를 앞으로 밀어 넣지 마세요.

💥 ④ 최고 수축
팔꿈치가 앞으로 나가 가슴이 수축되는 지점에서 멈춥니다. 어깨를 더 밀지 마세요.
⏱️ 1초 STOP
튕기지 말고 그 지점에서 1초만 소유하세요. 무게를 놓는 순간이 아닙니다.

🐌 ⑤ 천천히 돌아오기
중량을 그냥 놓지 마세요.
2~3초 동안 통제하면서 복귀합니다.
시작 자세로 돌아갈 때도 같은 궤적을 유지하세요.

❌ 흔한 실수
❌ 허리를 과아치해 요추에 힘을 주는
깊이보다 골반 고정이 먼저입니다. 허리가 뜨면 범위를 줄이세요.
❌ 어깨를 앞으로 말며 반동으로 미는 것
템포를 늦추고 같은 궤적만 반복하세요.
❌ 허리를 과하게 아치해 가슴 대신 요추로 미는 것
깊이보다 골반 고정이 먼저입니다. 허리가 뜨면 범위를 줄이세요.
❌ 끝에서 어깨를 더 밀어 넣는 것
자세가 무너지면 무게를 낮추세요.

💡 MACHINE FIT PRO TIP
🔥 이 항목은 해머 스트렝스 전용 SKU가 없습니다. ""슈퍼 인클라인 프레스""로 분류된 실제 기구의 패드·레버·안전장치만 믿고, 가벼운 무게로 5회 리허설 후 본 세트를 시작하세요.

🎯 MACHINE FIT CHECK
🟢 시트/패드 → 몸에 맞춤
🟢 팔꿈치 → 미는/드는 방향
🟢 어깨 → 으쓱하지 않기
🟢 복귀 → 2~3초 통제

### 🔥 이것만 기억하세요

""고각도에서 견갑을 고정하고 위·앞으로 밀기. 끝에서 1초, 복귀는 통제.""","🏋️ MIGANG — Super Incline Press

🎯 ONE KEY CUE
🔥 ""At a steep incline, set the scapula and press up and forward""

There is no dedicated Migang SKU for this category. Confirm pads, levers, and safeties on the unit in your gym, then follow the movement pattern below.

⚙️ ① Setup
🪑 Seat / pads
Fit the seat to your body so the start position sits naturally on the working joint.
🤲 Grip / hands
Take a comfortable grip width and keep the wrists stacked, not bent.
⚙️ Adjustments
Check 시트, 시작용 로드 추출 풋 지지, 중량.

💪 ② Start position
Pin back and pelvis to the pad with the handles at chest height.
Check only this:
👉 Back still on the pad

🔥 ③ Execution
Press by driving the elbows forward/up. Do not dump the shoulders forward at lockout.
Press out on the machine path, then return under control.

💥 ④ Peak contraction
Stop where the chest is contracted — do not dump the shoulders farther forward.
⏱️ 1-second STOP
Own that position for one second. This is not where you dump the weight.

🐌 ⑤ Controlled return
Do not dump the load.
Take 2–3 seconds on the way back.
Return on the same path you pressed or pulled.

❌ Common mistakes
❌ Dumping the shoulders forward and bouncing the press
Slow the tempo and repeat one clean path.
❌ Over-arching so the low back takes over
If position breaks, cut the load.
❌ Shoving the shoulders farther at lockout
If position breaks, cut the load.

💡 MACHINE FIT PRO TIP
🔥 No dedicated Hammer Strength SKU for this slot. Trust the pads/levers/safeties on the unit labeled like ""Super Incline Press"", rehearse five light reps, then start working sets.

🎯 MACHINE FIT CHECK
🟢 Seat/pad → fitted
🟢 Elbows → press/raise direction
🟢 Shoulders → not shrugged
🟢 Return → 2–3 sec control

### 🔥 Remember this

""At a steep incline, set the scapula and press up and forward. One-second peak, controlled return."""
MIGANG,랫풀다운,Lat Pulldown,Power Gym High Pully,VERIFIED,Migang,Power Gym,https://blog.naver.com/pinkd001y/222976642460,미강 파워짐 하이풀리(랫풀다운)로 세트 리스트에 확인됩니다,"시트(허벅지 패드), 바 그립, 중량 스택","🏋️ MIGANG — Power Gym High Pully · Power Gym

🎯 ONE KEY CUE
🔥 ""바를 쇄골 방향으로 당기며 견갑을 내리기""

미강 파워짐 하이풀리(랫풀다운)로 세트 리스트에 확인됩니다. Power Gym 구조입니다. 처음부터 무게 올리지 말고, 세팅부터 잡으세요.

⚙️ ① 기구 세팅
🪑 좌석 / 패드
가슴/등 패드에 몸을 안정적으로 붙이세요. 패드에서 몸이 들리면 반동이 들어갑니다.
🤲 그립 / 손 위치
바 그립를 편안한 너비로 잡으세요. 손목이 꺾이지 않게 합니다.
⚙️ 조절 포인트
시트(허벅지 패드), 바 그립, 중량 스택을 확인하세요.

💪 ② 시작 자세
가슴을 세우고 어깨를 귀에서 멀리 둡니다. 팔보다 등부터 준비합니다.
이 자세에서 이것만 확인하세요.
👉 어깨가 귀 쪽으로 올라가지 않는지

🔥 ③ 운동 방법
위에서 아래로 당겼다 천천히 신전.
손잡이를 당긴다고 생각하지 말고, 팔꿈치를 목표 지점으로 보내세요.

💥 ④ 최고 수축
팔꿈치가 목표에 도착해 등이 조여지는 지점에서 멈춥니다.
⏱️ 1초 STOP
튕기지 말고 그 지점에서 1초만 소유하세요. 무게를 놓는 순간이 아닙니다.

🐌 ⑤ 천천히 돌아오기
중량을 그냥 놓지 마세요.
2~3초 동안 통제하면서 복귀합니다.
팔이 펴질 때까지 등을 놓지 말고, 어깨가 앞으로 말리지 않게 버팁니다.

❌ 흔한 실수
❌ 상체를 크게 흔들며 반동으로 당기는
템포를 늦추고 같은 궤적만 반복하세요.
❌ 몸을 뒤로 젖혀 반동으로 당기는 것
템포를 늦추고 같은 궤적만 반복하세요.
❌ 어깨를 으쓱하며 승모근만 쓰는 것
어깨를 귀에서 멀리 두고 다시 시작하세요.
❌ 손잡이만 당기고 팔꿈치는 안 움직이는 것
자세가 무너지면 무게를 낮추세요.

💡 MACHINE FIT PRO TIP
🔥 Power Gym High Pully의 가이드 궤적을 이용하세요. 첫 2세트는 천천히, 대칭이 확인된 뒤에만 무게를 올립니다.

🎯 MACHINE FIT CHECK
🟢 시트/패드 → 몸에 맞춤
🟢 팔꿈치 → 당김 방향
🟢 어깨 → 으쓱하지 않기
🟢 복귀 → 2~3초 통제

### 🔥 이것만 기억하세요

""바를 쇄골 방향으로 당기며 견갑을 내리기. 끝에서 1초, 복귀는 통제.""","🏋️ MIGANG — Power Gym High Pully · Power Gym

🎯 ONE KEY CUE
🔥 ""Pull the bar toward the collarbone while depressing the scapulae""

미강 파워짐 하이풀리(랫풀다운)로 세트 리스트에 확인됩니다 Lean into the Power Gym design. Do not chase load until the setup feels locked in.

⚙️ ① Setup
🪑 Seat / pads
Pin yourself to the chest/back pad. If you lift off the pad, you are cheating with momentum.
🤲 Grip / hands
Take a comfortable grip width and keep the wrists stacked, not bent.
⚙️ Adjustments
Check 시트(허벅지 패드), 바 그립, 중량 스택.

💪 ② Start position
Lift the chest and keep the shoulders away from the ears. Prepare the back before the arms.
Check only this:
👉 Shoulders not shrugged

🔥 ③ Execution
Do not think “pull the handle.” Drive the elbows to the target.
Drive the elbows back/down on the row or pulldown path, then lengthen slowly.

💥 ④ Peak contraction
Stop where the elbows arrive and the back is squeezed.
⏱️ 1-second STOP
Own that position for one second. This is not where you dump the weight.

🐌 ⑤ Controlled return
Do not dump the load.
Take 2–3 seconds on the way back.
Keep the back set as the arms lengthen — do not let the shoulders dump forward.

❌ Common mistakes
❌ Leaning back for momentum
Slow the tempo and repeat one clean path.
❌ Shrugging and turning it into an upper-trap pull
Keep the shoulders away from the ears and restart.
❌ Yank the handles without moving the elbows
If position breaks, cut the load.

💡 MACHINE FIT PRO TIP
🔥 Use the guided path on Power Gym High Pully. Slow the first two sets, confirm symmetry, then add load.

🎯 MACHINE FIT CHECK
🟢 Seat/pad → fitted
🟢 Elbows → pull direction
🟢 Shoulders → not shrugged
🟢 Return → 2–3 sec control

### 🔥 Remember this

""Pull the bar toward the collarbone while depressing the scapulae. One-second peak, controlled return."""
MIGANG,와이드 랫풀다운,Wide Lat Pulldown,,BRAND_MODEL_NOT_FOUND,Migang,,https://blog.naver.com/pinkd001y/222976642460,미강(Migang) 파워짐 공개 딜러·중고 리스트에서 '와이드 랫풀다운' 전용 SKU가 확인되지 않습니다,"시트, 가슴 패드 또는 허벅지 패드, 그립, 중량","🏋️ MIGANG — 와이드 랫풀다운

🎯 ONE KEY CUE
🔥 ""넓은 그립으로 팔꿈치를 옆구리로 내리며 당기기""

미강 전용 모델이 없는 카테고리입니다. 헬스장에 있는 실제 기구의 패드·레버·안전장치를 먼저 확인한 뒤, 아래 패턴으로 움직이세요.

⚙️ ① 기구 세팅
🪑 좌석 / 패드
가슴/등 패드에 몸을 안정적으로 붙이세요. 패드에서 몸이 들리면 반동이 들어갑니다.
🤲 그립 / 손 위치
그립를 편안한 너비로 잡으세요. 손목이 꺾이지 않게 합니다.
⚙️ 조절 포인트
시트, 가슴 패드 또는 허벅지 패드, 그립, 중량을 확인하세요.

💪 ② 시작 자세
가슴을 세우고 어깨를 귀에서 멀리 둡니다. 팔보다 등부터 준비합니다.
이 자세에서 이것만 확인하세요.
👉 어깨가 귀 쪽으로 올라가지 않는지

🔥 ③ 운동 방법
와이드 그립으로 당겼다 복귀.
손잡이를 당긴다고 생각하지 말고, 팔꿈치를 목표 지점으로 보내세요.

💥 ④ 최고 수축
팔꿈치가 목표에 도착해 등이 조여지는 지점에서 멈춥니다.
⏱️ 1초 STOP
튕기지 말고 그 지점에서 1초만 소유하세요. 무게를 놓는 순간이 아닙니다.

🐌 ⑤ 천천히 돌아오기
중량을 그냥 놓지 마세요.
2~3초 동안 통제하면서 복귀합니다.
팔이 펴질 때까지 등을 놓지 말고, 어깨가 앞으로 말리지 않게 버팁니다.

❌ 흔한 실수
❌ 목 뒤로 과도하게 당겨 어깨를 압박하는
자세가 무너지면 무게를 낮추세요.
❌ 몸을 뒤로 젖혀 반동으로 당기는 것
템포를 늦추고 같은 궤적만 반복하세요.
❌ 어깨를 으쓱하며 승모근만 쓰는 것
어깨를 귀에서 멀리 두고 다시 시작하세요.
❌ 손잡이만 당기고 팔꿈치는 안 움직이는 것
자세가 무너지면 무게를 낮추세요.

💡 MACHINE FIT PRO TIP
🔥 이 항목은 해머 스트렝스 전용 SKU가 없습니다. ""와이드 랫풀다운""로 분류된 실제 기구의 패드·레버·안전장치만 믿고, 가벼운 무게로 5회 리허설 후 본 세트를 시작하세요.

🎯 MACHINE FIT CHECK
🟢 시트/패드 → 몸에 맞춤
🟢 팔꿈치 → 당김 방향
🟢 어깨 → 으쓱하지 않기
🟢 복귀 → 2~3초 통제

### 🔥 이것만 기억하세요

""넓은 그립으로 팔꿈치를 옆구리로 내리며 당기기. 끝에서 1초, 복귀는 통제.""","🏋️ MIGANG — Wide Lat Pulldown

🎯 ONE KEY CUE
🔥 ""With a wide grip, drive the elbows down toward the sides""

There is no dedicated Migang SKU for this category. Confirm pads, levers, and safeties on the unit in your gym, then follow the movement pattern below.

⚙️ ① Setup
🪑 Seat / pads
Pin yourself to the chest/back pad. If you lift off the pad, you are cheating with momentum.
🤲 Grip / hands
Take a comfortable grip width and keep the wrists stacked, not bent.
⚙️ Adjustments
Check 시트, 가슴 패드 또는 허벅지 패드, 그립, 중량.

💪 ② Start position
Lift the chest and keep the shoulders away from the ears. Prepare the back before the arms.
Check only this:
👉 Shoulders not shrugged

🔥 ③ Execution
Do not think “pull the handle.” Drive the elbows to the target.
Drive the elbows back/down on the row or pulldown path, then lengthen slowly.

💥 ④ Peak contraction
Stop where the elbows arrive and the back is squeezed.
⏱️ 1-second STOP
Own that position for one second. This is not where you dump the weight.

🐌 ⑤ Controlled return
Do not dump the load.
Take 2–3 seconds on the way back.
Keep the back set as the arms lengthen — do not let the shoulders dump forward.

❌ Common mistakes
❌ Leaning back for momentum
Slow the tempo and repeat one clean path.
❌ Shrugging and turning it into an upper-trap pull
Keep the shoulders away from the ears and restart.
❌ Yank the handles without moving the elbows
If position breaks, cut the load.

💡 MACHINE FIT PRO TIP
🔥 No dedicated Hammer Strength SKU for this slot. Trust the pads/levers/safeties on the unit labeled like ""Wide Lat Pulldown"", rehearse five light reps, then start working sets.

🎯 MACHINE FIT CHECK
🟢 Seat/pad → fitted
🟢 Elbows → pull direction
🟢 Shoulders → not shrugged
🟢 Return → 2–3 sec control

### 🔥 Remember this

""With a wide grip, drive the elbows down toward the sides. One-second peak, controlled return."""
MIGANG,프론트 풀다운,Front Pulldown,,BRAND_MODEL_NOT_FOUND,Migang,,https://blog.naver.com/pinkd001y/222976642460,미강(Migang) 파워짐 공개 딜러·중고 리스트에서 '프론트 풀다운' 전용 SKU가 확인되지 않습니다,"시트, 가슴 패드 또는 허벅지 패드, 그립, 중량","🏋️ MIGANG — 프론트 풀다운

🎯 ONE KEY CUE
🔥 ""바가 쇄골 앞에 오도록 수직으로 당기기""

미강 전용 모델이 없는 카테고리입니다. 헬스장에 있는 실제 기구의 패드·레버·안전장치를 먼저 확인한 뒤, 아래 패턴으로 움직이세요.

⚙️ ① 기구 세팅
🪑 좌석 / 패드
가슴/등 패드에 몸을 안정적으로 붙이세요. 패드에서 몸이 들리면 반동이 들어갑니다.
🤲 그립 / 손 위치
그립를 편안한 너비로 잡으세요. 손목이 꺾이지 않게 합니다.
⚙️ 조절 포인트
시트, 가슴 패드 또는 허벅지 패드, 그립, 중량을 확인하세요.

💪 ② 시작 자세
가슴을 세우고 어깨를 귀에서 멀리 둡니다. 팔보다 등부터 준비합니다.
이 자세에서 이것만 확인하세요.
👉 어깨가 귀 쪽으로 올라가지 않는지

🔥 ③ 운동 방법
앞에서 아래로 당겼다 천천히 복귀.
손잡이를 당긴다고 생각하지 말고, 팔꿈치를 목표 지점으로 보내세요.

💥 ④ 최고 수축
팔꿈치가 목표에 도착해 등이 조여지는 지점에서 멈춥니다.
⏱️ 1초 STOP
튕기지 말고 그 지점에서 1초만 소유하세요. 무게를 놓는 순간이 아닙니다.

🐌 ⑤ 천천히 돌아오기
중량을 그냥 놓지 마세요.
2~3초 동안 통제하면서 복귀합니다.
팔이 펴질 때까지 등을 놓지 말고, 어깨가 앞으로 말리지 않게 버팁니다.

❌ 흔한 실수
❌ 몸을 뒤로 과하게 젖히며 당기는
자세가 무너지면 무게를 낮추세요.
❌ 몸을 뒤로 젖혀 반동으로 당기는 것
템포를 늦추고 같은 궤적만 반복하세요.
❌ 어깨를 으쓱하며 승모근만 쓰는 것
어깨를 귀에서 멀리 두고 다시 시작하세요.
❌ 손잡이만 당기고 팔꿈치는 안 움직이는 것
자세가 무너지면 무게를 낮추세요.

💡 MACHINE FIT PRO TIP
🔥 이 항목은 해머 스트렝스 전용 SKU가 없습니다. ""프론트 풀다운""로 분류된 실제 기구의 패드·레버·안전장치만 믿고, 가벼운 무게로 5회 리허설 후 본 세트를 시작하세요.

🎯 MACHINE FIT CHECK
🟢 시트/패드 → 몸에 맞춤
🟢 팔꿈치 → 당김 방향
🟢 어깨 → 으쓱하지 않기
🟢 복귀 → 2~3초 통제

### 🔥 이것만 기억하세요

""바가 쇄골 앞에 오도록 수직으로 당기기. 끝에서 1초, 복귀는 통제.""","🏋️ MIGANG — Front Pulldown

🎯 ONE KEY CUE
🔥 ""Pull the bar vertically so it finishes at the collarbone""

There is no dedicated Migang SKU for this category. Confirm pads, levers, and safeties on the unit in your gym, then follow the movement pattern below.

⚙️ ① Setup
🪑 Seat / pads
Pin yourself to the chest/back pad. If you lift off the pad, you are cheating with momentum.
🤲 Grip / hands
Take a comfortable grip width and keep the wrists stacked, not bent.
⚙️ Adjustments
Check 시트, 가슴 패드 또는 허벅지 패드, 그립, 중량.

💪 ② Start position
Lift the chest and keep the shoulders away from the ears. Prepare the back before the arms.
Check only this:
👉 Shoulders not shrugged

🔥 ③ Execution
Do not think “pull the handle.” Drive the elbows to the target.
Drive the elbows back/down on the row or pulldown path, then lengthen slowly.

💥 ④ Peak contraction
Stop where the elbows arrive and the back is squeezed.
⏱️ 1-second STOP
Own that position for one second. This is not where you dump the weight.

🐌 ⑤ Controlled return
Do not dump the load.
Take 2–3 seconds on the way back.
Keep the back set as the arms lengthen — do not let the shoulders dump forward.

❌ Common mistakes
❌ Leaning back for momentum
Slow the tempo and repeat one clean path.
❌ Shrugging and turning it into an upper-trap pull
Keep the shoulders away from the ears and restart.
❌ Yank the handles without moving the elbows
If position breaks, cut the load.

💡 MACHINE FIT PRO TIP
🔥 No dedicated Hammer Strength SKU for this slot. Trust the pads/levers/safeties on the unit labeled like ""Front Pulldown"", rehearse five light reps, then start working sets.

🎯 MACHINE FIT CHECK
🟢 Seat/pad → fitted
🟢 Elbows → pull direction
🟢 Shoulders → not shrugged
🟢 Return → 2–3 sec control

### 🔥 Remember this

""Pull the bar vertically so it finishes at the collarbone. One-second peak, controlled return."""
MIGANG,아이소래터럴 랫풀다운,Iso-Lateral Lat Pulldown,,BRAND_MODEL_NOT_FOUND,Migang,,https://blog.naver.com/pinkd001y/222976642460,미강(Migang) 파워짐 공개 딜러·중고 리스트에서 '아이소래터럴 랫풀다운' 전용 SKU가 확인되지 않습니다,"시트, 가슴 패드 또는 허벅지 패드, 그립, 중량","🏋️ MIGANG — 아이소래터럴 랫풀다운

🎯 ONE KEY CUE
🔥 ""좌우를 같은 속도로 당기며 불균형을 확인""

미강 전용 모델이 없는 카테고리입니다. 헬스장에 있는 실제 기구의 패드·레버·안전장치를 먼저 확인한 뒤, 아래 패턴으로 움직이세요.

⚙️ ① 기구 세팅
🪑 좌석 / 패드
가슴/등 패드에 몸을 안정적으로 붙이세요. 패드에서 몸이 들리면 반동이 들어갑니다.
🤲 그립 / 손 위치
양손잡이 높이가 좌우 같은지 먼저 보세요. 독립 암이라 한쪽만 어긋나도 바로 느껴집니다.
⚙️ 조절 포인트
시트, 가슴 패드 또는 허벅지 패드, 그립, 중량을 확인하세요. 좌우 시작 위치가 같은지도 같이 봅니다.

💪 ② 시작 자세
가슴을 세우고 어깨를 귀에서 멀리 둡니다. 팔보다 등부터 준비합니다.
좌우가 같은 높이에서 시작하는지 한 번 더 보세요.
이 자세에서 이것만 확인하세요.
👉 어깨가 귀 쪽으로 올라가지 않는지

🔥 ③ 운동 방법
각 팔을 독립적으로 당겼다 복귀.
양쪽을 같은 속도로 움직이세요. 한쪽이 먼저 끝나면 무게를 더 올리기 전에 밸런스부터 잡습니다.

💥 ④ 최고 수축
팔꿈치가 목표에 도착해 등이 조여지는 지점에서 멈춥니다.
⏱️ 1초 STOP
튕기지 말고 그 지점에서 1초만 소유하세요. 무게를 놓는 순간이 아닙니다.

🐌 ⑤ 천천히 돌아오기
중량을 그냥 놓지 마세요.
2~3초 동안 통제하면서 복귀합니다.
팔이 펴질 때까지 등을 놓지 말고, 어깨가 앞으로 말리지 않게 버팁니다.

❌ 흔한 실수
❌ 한쪽만 먼저 당겨 비대칭을 키우는
약한 쪽 속도에 강한 쪽을 맞추세요.
❌ 몸을 뒤로 젖혀 반동으로 당기는 것
템포를 늦추고 같은 궤적만 반복하세요.
❌ 어깨를 으쓱하며 승모근만 쓰는 것
어깨를 귀에서 멀리 두고 다시 시작하세요.
❌ 손잡이만 당기고 팔꿈치는 안 움직이는 것
자세가 무너지면 무게를 낮추세요.
❌ 한쪽만 먼저 끝내고 반대쪽을 따라가게 하는 것
약한 쪽 속도에 강한 쪽을 맞추세요.

💡 MACHINE FIT PRO TIP
🔥 이 항목은 해머 스트렝스 전용 SKU가 없습니다. ""아이소래터럴 랫풀다운""로 분류된 실제 기구의 패드·레버·안전장치만 믿고, 가벼운 무게로 5회 리허설 후 본 세트를 시작하세요.

🎯 MACHINE FIT CHECK
🟢 시트/패드 → 몸에 맞춤
🟢 팔꿈치 → 당김 방향
🟢 좌우 → 같은 속도
🟢 복귀 → 2~3초 통제

### 🔥 이것만 기억하세요

""좌우 같은 속도, 끝에서 1초, 복귀는 통제.""","🏋️ MIGANG — Iso-Lateral Lat Pulldown

🎯 ONE KEY CUE
🔥 ""Pull both sides at the same speed and watch for imbalance""

There is no dedicated Migang SKU for this category. Confirm pads, levers, and safeties on the unit in your gym, then follow the movement pattern below.

⚙️ ① Setup
🪑 Seat / pads
Pin yourself to the chest/back pad. If you lift off the pad, you are cheating with momentum.
🤲 Grip / hands
Match left and right handle height first — independent arms expose any mismatch immediately.
⚙️ Adjustments
Check 시트, 가슴 패드 또는 허벅지 패드, 그립, 중량. Confirm both sides start from the same position.

💪 ② Start position
Lift the chest and keep the shoulders away from the ears. Prepare the back before the arms.
Double-check both sides start at the same height.
Check only this:
👉 Shoulders not shrugged

🔥 ③ Execution
Match left-right speed. If one side finishes early, fix balance before adding load.
Drive the elbows back/down on the row or pulldown path, then lengthen slowly. Keep both sides honest.

💥 ④ Peak contraction
Stop where the elbows arrive and the back is squeezed.
⏱️ 1-second STOP
Own that position for one second. This is not where you dump the weight.

🐌 ⑤ Controlled return
Do not dump the load.
Take 2–3 seconds on the way back.
Keep the back set as the arms lengthen — do not let the shoulders dump forward.

❌ Common mistakes
❌ Leaning back for momentum
Slow the tempo and repeat one clean path.
❌ Shrugging and turning it into an upper-trap pull
Keep the shoulders away from the ears and restart.
❌ Yank the handles without moving the elbows
If position breaks, cut the load.
❌ Letting one side finish early
Match the stronger side to the weaker side’s speed.

💡 MACHINE FIT PRO TIP
🔥 No dedicated Hammer Strength SKU for this slot. Trust the pads/levers/safeties on the unit labeled like ""Iso-Lateral Lat Pulldown"", rehearse five light reps, then start working sets.

🎯 MACHINE FIT CHECK
🟢 Seat/pad → fitted
🟢 Elbows → pull direction
🟢 Left/right → same speed
🟢 Return → 2–3 sec control

### 🔥 Remember this

""Match sides, one-second peak, controlled return."""
MIGANG,하이로우,High Row,,BRAND_MODEL_NOT_FOUND,Migang,,https://blog.naver.com/pinkd001y/222976642460,미강(Migang) 파워짐 공개 딜러·중고 리스트에서 '하이로우' 전용 SKU가 확인되지 않습니다,"시트, 가슴 패드 또는 허벅지 패드, 그립, 중량","🏋️ MIGANG — 하이로우

🎯 ONE KEY CUE
🔥 ""팔꿈치를 옆구리 높이로 당기며 중부 등근 수축""

미강 전용 모델이 없는 카테고리입니다. 헬스장에 있는 실제 기구의 패드·레버·안전장치를 먼저 확인한 뒤, 아래 패턴으로 움직이세요.

⚙️ ① 기구 세팅
🪑 좌석 / 패드
가슴/등 패드에 몸을 안정적으로 붙이세요. 패드에서 몸이 들리면 반동이 들어갑니다.
🤲 그립 / 손 위치
그립를 편안한 너비로 잡으세요. 손목이 꺾이지 않게 합니다.
⚙️ 조절 포인트
시트, 가슴 패드 또는 허벅지 패드, 그립, 중량을 확인하세요.

💪 ② 시작 자세
가슴을 세우고 어깨를 귀에서 멀리 둡니다. 팔보다 등부터 준비합니다.
이 자세에서 이것만 확인하세요.
👉 어깨가 귀 쪽으로 올라가지 않는지

🔥 ③ 운동 방법
앞으로 신전했다 수평으로 당기기.
손잡이를 당긴다고 생각하지 말고, 팔꿈치를 목표 지점으로 보내세요.

💥 ④ 최고 수축
팔꿈치가 목표에 도착해 등이 조여지는 지점에서 멈춥니다.
⏱️ 1초 STOP
튕기지 말고 그 지점에서 1초만 소유하세요. 무게를 놓는 순간이 아닙니다.

🐌 ⑤ 천천히 돌아오기
중량을 그냥 놓지 마세요.
2~3초 동안 통제하면서 복귀합니다.
팔이 펴질 때까지 등을 놓지 말고, 어깨가 앞으로 말리지 않게 버팁니다.

❌ 흔한 실수
❌ 승모를 으쓱하며 무게만 올리는
어깨를 귀에서 멀리 두고 다시 시작하세요.
❌ 몸을 뒤로 젖혀 반동으로 당기는 것
템포를 늦추고 같은 궤적만 반복하세요.
❌ 어깨를 으쓱하며 승모근만 쓰는 것
어깨를 귀에서 멀리 두고 다시 시작하세요.
❌ 손잡이만 당기고 팔꿈치는 안 움직이는 것
자세가 무너지면 무게를 낮추세요.

💡 MACHINE FIT PRO TIP
🔥 이 항목은 해머 스트렝스 전용 SKU가 없습니다. ""하이로우""로 분류된 실제 기구의 패드·레버·안전장치만 믿고, 가벼운 무게로 5회 리허설 후 본 세트를 시작하세요.

🎯 MACHINE FIT CHECK
🟢 시트/패드 → 몸에 맞춤
🟢 팔꿈치 → 당김 방향
🟢 어깨 → 으쓱하지 않기
🟢 복귀 → 2~3초 통제

### 🔥 이것만 기억하세요

""팔꿈치를 옆구리 높이로 당기며 중부 등근 수축. 끝에서 1초, 복귀는 통제.""","🏋️ MIGANG — High Row

🎯 ONE KEY CUE
🔥 ""Pull the elbows to mid-torso height and squeeze mid-back""

There is no dedicated Migang SKU for this category. Confirm pads, levers, and safeties on the unit in your gym, then follow the movement pattern below.

⚙️ ① Setup
🪑 Seat / pads
Pin yourself to the chest/back pad. If you lift off the pad, you are cheating with momentum.
🤲 Grip / hands
Take a comfortable grip width and keep the wrists stacked, not bent.
⚙️ Adjustments
Check 시트, 가슴 패드 또는 허벅지 패드, 그립, 중량.

💪 ② Start position
Lift the chest and keep the shoulders away from the ears. Prepare the back before the arms.
Check only this:
👉 Shoulders not shrugged

🔥 ③ Execution
Do not think “pull the handle.” Drive the elbows to the target.
Drive the elbows back/down on the row or pulldown path, then lengthen slowly.

💥 ④ Peak contraction
Stop where the elbows arrive and the back is squeezed.
⏱️ 1-second STOP
Own that position for one second. This is not where you dump the weight.

🐌 ⑤ Controlled return
Do not dump the load.
Take 2–3 seconds on the way back.
Keep the back set as the arms lengthen — do not let the shoulders dump forward.

❌ Common mistakes
❌ Leaning back for momentum
Slow the tempo and repeat one clean path.
❌ Shrugging and turning it into an upper-trap pull
Keep the shoulders away from the ears and restart.
❌ Yank the handles without moving the elbows
If position breaks, cut the load.

💡 MACHINE FIT PRO TIP
🔥 No dedicated Hammer Strength SKU for this slot. Trust the pads/levers/safeties on the unit labeled like ""High Row"", rehearse five light reps, then start working sets.

🎯 MACHINE FIT CHECK
🟢 Seat/pad → fitted
🟢 Elbows → pull direction
🟢 Shoulders → not shrugged
🟢 Return → 2–3 sec control

### 🔥 Remember this

""Pull the elbows to mid-torso height and squeeze mid-back. One-second peak, controlled return."""
MIGANG,아이소래터럴 하이로우,Iso-Lateral High Row,,BRAND_MODEL_NOT_FOUND,Migang,,https://blog.naver.com/pinkd001y/222976642460,미강(Migang) 파워짐 공개 딜러·중고 리스트에서 '아이소래터럴 하이로우' 전용 SKU가 확인되지 않습니다,"시트, 가슴 패드 또는 허벅지 패드, 그립, 중량","🏋️ MIGANG — 아이소래터럴 하이로우

🎯 ONE KEY CUE
🔥 ""좌우 독립 암을 같은 궤적으로 당기기""

미강 전용 모델이 없는 카테고리입니다. 헬스장에 있는 실제 기구의 패드·레버·안전장치를 먼저 확인한 뒤, 아래 패턴으로 움직이세요.

⚙️ ① 기구 세팅
🪑 좌석 / 패드
가슴/등 패드에 몸을 안정적으로 붙이세요. 패드에서 몸이 들리면 반동이 들어갑니다.
🤲 그립 / 손 위치
양손잡이 높이가 좌우 같은지 먼저 보세요. 독립 암이라 한쪽만 어긋나도 바로 느껴집니다.
⚙️ 조절 포인트
시트, 가슴 패드 또는 허벅지 패드, 그립, 중량을 확인하세요. 좌우 시작 위치가 같은지도 같이 봅니다.

💪 ② 시작 자세
가슴을 세우고 어깨를 귀에서 멀리 둡니다. 팔보다 등부터 준비합니다.
좌우가 같은 높이에서 시작하는지 한 번 더 보세요.
이 자세에서 이것만 확인하세요.
👉 어깨가 귀 쪽으로 올라가지 않는지

🔥 ③ 운동 방법
각 팔을 독립적으로 당겼다 복귀.
양쪽을 같은 속도로 움직이세요. 한쪽이 먼저 끝나면 무게를 더 올리기 전에 밸런스부터 잡습니다.

💥 ④ 최고 수축
팔꿈치가 목표에 도착해 등이 조여지는 지점에서 멈춥니다.
⏱️ 1초 STOP
튕기지 말고 그 지점에서 1초만 소유하세요. 무게를 놓는 순간이 아닙니다.

🐌 ⑤ 천천히 돌아오기
중량을 그냥 놓지 마세요.
2~3초 동안 통제하면서 복귀합니다.
팔이 펴질 때까지 등을 놓지 말고, 어깨가 앞으로 말리지 않게 버팁니다.

❌ 흔한 실수
❌ 한쪽만 과하게 돌려 자세가 무너지는
약한 쪽 속도에 강한 쪽을 맞추세요.
❌ 몸을 뒤로 젖혀 반동으로 당기는 것
템포를 늦추고 같은 궤적만 반복하세요.
❌ 어깨를 으쓱하며 승모근만 쓰는 것
어깨를 귀에서 멀리 두고 다시 시작하세요.
❌ 손잡이만 당기고 팔꿈치는 안 움직이는 것
자세가 무너지면 무게를 낮추세요.
❌ 한쪽만 먼저 끝내고 반대쪽을 따라가게 하는 것
약한 쪽 속도에 강한 쪽을 맞추세요.

💡 MACHINE FIT PRO TIP
🔥 이 항목은 해머 스트렝스 전용 SKU가 없습니다. ""아이소래터럴 하이로우""로 분류된 실제 기구의 패드·레버·안전장치만 믿고, 가벼운 무게로 5회 리허설 후 본 세트를 시작하세요.

🎯 MACHINE FIT CHECK
🟢 시트/패드 → 몸에 맞춤
🟢 팔꿈치 → 당김 방향
🟢 좌우 → 같은 속도
🟢 복귀 → 2~3초 통제

### 🔥 이것만 기억하세요

""좌우 같은 속도, 끝에서 1초, 복귀는 통제.""","🏋️ MIGANG — Iso-Lateral High Row

🎯 ONE KEY CUE
🔥 ""Pull each independent arm along the same high-row path""

There is no dedicated Migang SKU for this category. Confirm pads, levers, and safeties on the unit in your gym, then follow the movement pattern below.

⚙️ ① Setup
🪑 Seat / pads
Pin yourself to the chest/back pad. If you lift off the pad, you are cheating with momentum.
🤲 Grip / hands
Match left and right handle height first — independent arms expose any mismatch immediately.
⚙️ Adjustments
Check 시트, 가슴 패드 또는 허벅지 패드, 그립, 중량. Confirm both sides start from the same position.

💪 ② Start position
Lift the chest and keep the shoulders away from the ears. Prepare the back before the arms.
Double-check both sides start at the same height.
Check only this:
👉 Shoulders not shrugged

🔥 ③ Execution
Match left-right speed. If one side finishes early, fix balance before adding load.
Drive the elbows back/down on the row or pulldown path, then lengthen slowly. Keep both sides honest.

💥 ④ Peak contraction
Stop where the elbows arrive and the back is squeezed.
⏱️ 1-second STOP
Own that position for one second. This is not where you dump the weight.

🐌 ⑤ Controlled return
Do not dump the load.
Take 2–3 seconds on the way back.
Keep the back set as the arms lengthen — do not let the shoulders dump forward.

❌ Common mistakes
❌ Leaning back for momentum
Slow the tempo and repeat one clean path.
❌ Shrugging and turning it into an upper-trap pull
Keep the shoulders away from the ears and restart.
❌ Yank the handles without moving the elbows
If position breaks, cut the load.
❌ Letting one side finish early
Match the stronger side to the weaker side’s speed.

💡 MACHINE FIT PRO TIP
🔥 No dedicated Hammer Strength SKU for this slot. Trust the pads/levers/safeties on the unit labeled like ""Iso-Lateral High Row"", rehearse five light reps, then start working sets.

🎯 MACHINE FIT CHECK
🟢 Seat/pad → fitted
🟢 Elbows → pull direction
🟢 Left/right → same speed
🟢 Return → 2–3 sec control

### 🔥 Remember this

""Match sides, one-second peak, controlled return."""
MIGANG,시티드 로우,Seated Row,Power Gym Seated Row,VERIFIED,Migang,Power Gym,https://blog.naver.com/pinkd001y/222976642460,미강 파워짐 시티드 로우로 세트 리스트에 확인됩니다,"시트, 가슴 패드, 그립, 중량 스택","🏋️ MIGANG — Power Gym Seated Row · Power Gym

🎯 ONE KEY CUE
🔥 ""가슴을 패드에 붙이고 팔꿈치를 뒤로 당기기""

미강 파워짐 시티드 로우로 세트 리스트에 확인됩니다. Power Gym 구조입니다. 처음부터 무게 올리지 말고, 세팅부터 잡으세요.

⚙️ ① 기구 세팅
🪑 좌석 / 패드
가슴/등 패드에 몸을 안정적으로 붙이세요. 패드에서 몸이 들리면 반동이 들어갑니다.
🤲 그립 / 손 위치
그립를 편안한 너비로 잡으세요. 손목이 꺾이지 않게 합니다.
⚙️ 조절 포인트
시트, 가슴 패드, 그립, 중량 스택을 확인하세요.

💪 ② 시작 자세
가슴을 세우고 어깨를 귀에서 멀리 둡니다. 팔보다 등부터 준비합니다.
이 자세에서 이것만 확인하세요.
👉 어깨가 귀 쪽으로 올라가지 않는지

🔥 ③ 운동 방법
손잡이를 당겨 견갑을 모았다 복귀.
손잡이를 당긴다고 생각하지 말고, 팔꿈치를 목표 지점으로 보내세요.

💥 ④ 최고 수축
팔꿈치가 목표에 도착해 등이 조여지는 지점에서 멈춥니다.
⏱️ 1초 STOP
튕기지 말고 그 지점에서 1초만 소유하세요. 무게를 놓는 순간이 아닙니다.

🐌 ⑤ 천천히 돌아오기
중량을 그냥 놓지 마세요.
2~3초 동안 통제하면서 복귀합니다.
팔이 펴질 때까지 등을 놓지 말고, 어깨가 앞으로 말리지 않게 버팁니다.

❌ 흔한 실수
❌ 상체를 뒤로 젖히며 반동하는
템포를 늦추고 같은 궤적만 반복하세요.
❌ 몸을 뒤로 젖혀 반동으로 당기는 것
템포를 늦추고 같은 궤적만 반복하세요.
❌ 어깨를 으쓱하며 승모근만 쓰는 것
어깨를 귀에서 멀리 두고 다시 시작하세요.
❌ 손잡이만 당기고 팔꿈치는 안 움직이는 것
자세가 무너지면 무게를 낮추세요.

💡 MACHINE FIT PRO TIP
🔥 Power Gym Seated Row의 가이드 궤적을 이용하세요. 첫 2세트는 천천히, 대칭이 확인된 뒤에만 무게를 올립니다.

🎯 MACHINE FIT CHECK
🟢 시트/패드 → 몸에 맞춤
🟢 팔꿈치 → 당김 방향
🟢 어깨 → 으쓱하지 않기
🟢 복귀 → 2~3초 통제

### 🔥 이것만 기억하세요

""가슴을 패드에 붙이고 팔꿈치를 뒤로 당기기. 끝에서 1초, 복귀는 통제.""","🏋️ MIGANG — Power Gym Seated Row · Power Gym

🎯 ONE KEY CUE
🔥 ""Keep the chest on the pad and pull the elbows back""

미강 파워짐 시티드 로우로 세트 리스트에 확인됩니다 Lean into the Power Gym design. Do not chase load until the setup feels locked in.

⚙️ ① Setup
🪑 Seat / pads
Pin yourself to the chest/back pad. If you lift off the pad, you are cheating with momentum.
🤲 Grip / hands
Take a comfortable grip width and keep the wrists stacked, not bent.
⚙️ Adjustments
Check 시트, 가슴 패드, 그립, 중량 스택.

💪 ② Start position
Lift the chest and keep the shoulders away from the ears. Prepare the back before the arms.
Check only this:
👉 Shoulders not shrugged

🔥 ③ Execution
Do not think “pull the handle.” Drive the elbows to the target.
Drive the elbows back/down on the row or pulldown path, then lengthen slowly.

💥 ④ Peak contraction
Stop where the elbows arrive and the back is squeezed.
⏱️ 1-second STOP
Own that position for one second. This is not where you dump the weight.

🐌 ⑤ Controlled return
Do not dump the load.
Take 2–3 seconds on the way back.
Keep the back set as the arms lengthen — do not let the shoulders dump forward.

❌ Common mistakes
❌ Leaning back for momentum
Slow the tempo and repeat one clean path.
❌ Shrugging and turning it into an upper-trap pull
Keep the shoulders away from the ears and restart.
❌ Yank the handles without moving the elbows
If position breaks, cut the load.

💡 MACHINE FIT PRO TIP
🔥 Use the guided path on Power Gym Seated Row. Slow the first two sets, confirm symmetry, then add load.

🎯 MACHINE FIT CHECK
🟢 Seat/pad → fitted
🟢 Elbows → pull direction
🟢 Shoulders → not shrugged
🟢 Return → 2–3 sec control

### 🔥 Remember this

""Keep the chest on the pad and pull the elbows back. One-second peak, controlled return."""
MIGANG,로우 머신,Row Machine,,BRAND_MODEL_NOT_FOUND,Migang,,https://blog.naver.com/pinkd001y/222976642460,미강(Migang) 파워짐 공개 딜러·중고 리스트에서 '로우 머신' 전용 SKU가 확인되지 않습니다,"시트, 가슴 패드 또는 허벅지 패드, 그립, 중량","🏋️ MIGANG — 로우 머신

🎯 ONE KEY CUE
🔥 ""중립 그립으로 팔꿈치를 몸통 옆에 붙이며 당기기""

미강 전용 모델이 없는 카테고리입니다. 헬스장에 있는 실제 기구의 패드·레버·안전장치를 먼저 확인한 뒤, 아래 패턴으로 움직이세요.

⚙️ ① 기구 세팅
🪑 좌석 / 패드
가슴/등 패드에 몸을 안정적으로 붙이세요. 패드에서 몸이 들리면 반동이 들어갑니다.
🤲 그립 / 손 위치
그립를 편안한 너비로 잡으세요. 손목이 꺾이지 않게 합니다.
⚙️ 조절 포인트
시트, 가슴 패드 또는 허벅지 패드, 그립, 중량을 확인하세요.

💪 ② 시작 자세
가슴을 세우고 어깨를 귀에서 멀리 둡니다. 팔보다 등부터 준비합니다.
이 자세에서 이것만 확인하세요.
👉 어깨가 귀 쪽으로 올라가지 않는지

🔥 ③ 운동 방법
앞으로 신전했다 뒤로 당기기.
손잡이를 당긴다고 생각하지 말고, 팔꿈치를 목표 지점으로 보내세요.

💥 ④ 최고 수축
팔꿈치가 목표에 도착해 등이 조여지는 지점에서 멈춥니다.
⏱️ 1초 STOP
튕기지 말고 그 지점에서 1초만 소유하세요. 무게를 놓는 순간이 아닙니다.

🐌 ⑤ 천천히 돌아오기
중량을 그냥 놓지 마세요.
2~3초 동안 통제하면서 복귀합니다.
팔이 펴질 때까지 등을 놓지 말고, 어깨가 앞으로 말리지 않게 버팁니다.

❌ 흔한 실수
❌ 어깨를 들어 올리며 당기는
자세가 무너지면 무게를 낮추세요.
❌ 몸을 뒤로 젖혀 반동으로 당기는 것
템포를 늦추고 같은 궤적만 반복하세요.
❌ 어깨를 으쓱하며 승모근만 쓰는 것
어깨를 귀에서 멀리 두고 다시 시작하세요.
❌ 손잡이만 당기고 팔꿈치는 안 움직이는 것
자세가 무너지면 무게를 낮추세요.

💡 MACHINE FIT PRO TIP
🔥 이 항목은 해머 스트렝스 전용 SKU가 없습니다. ""로우 머신""로 분류된 실제 기구의 패드·레버·안전장치만 믿고, 가벼운 무게로 5회 리허설 후 본 세트를 시작하세요.

🎯 MACHINE FIT CHECK
🟢 시트/패드 → 몸에 맞춤
🟢 팔꿈치 → 당김 방향
🟢 어깨 → 으쓱하지 않기
🟢 복귀 → 2~3초 통제

### 🔥 이것만 기억하세요

""중립 그립으로 팔꿈치를 몸통 옆에 붙이며 당기기. 끝에서 1초, 복귀는 통제.""","🏋️ MIGANG — Row Machine

🎯 ONE KEY CUE
🔥 ""With a neutral grip, pull the elbows tight to the torso""

There is no dedicated Migang SKU for this category. Confirm pads, levers, and safeties on the unit in your gym, then follow the movement pattern below.

⚙️ ① Setup
🪑 Seat / pads
Pin yourself to the chest/back pad. If you lift off the pad, you are cheating with momentum.
🤲 Grip / hands
Take a comfortable grip width and keep the wrists stacked, not bent.
⚙️ Adjustments
Check 시트, 가슴 패드 또는 허벅지 패드, 그립, 중량.

💪 ② Start position
Lift the chest and keep the shoulders away from the ears. Prepare the back before the arms.
Check only this:
👉 Shoulders not shrugged

🔥 ③ Execution
Do not think “pull the handle.” Drive the elbows to the target.
Drive the elbows back/down on the row or pulldown path, then lengthen slowly.

💥 ④ Peak contraction
Stop where the elbows arrive and the back is squeezed.
⏱️ 1-second STOP
Own that position for one second. This is not where you dump the weight.

🐌 ⑤ Controlled return
Do not dump the load.
Take 2–3 seconds on the way back.
Keep the back set as the arms lengthen — do not let the shoulders dump forward.

❌ Common mistakes
❌ Leaning back for momentum
Slow the tempo and repeat one clean path.
❌ Shrugging and turning it into an upper-trap pull
Keep the shoulders away from the ears and restart.
❌ Yank the handles without moving the elbows
If position breaks, cut the load.

💡 MACHINE FIT PRO TIP
🔥 No dedicated Hammer Strength SKU for this slot. Trust the pads/levers/safeties on the unit labeled like ""Row Machine"", rehearse five light reps, then start working sets.

🎯 MACHINE FIT CHECK
🟢 Seat/pad → fitted
🟢 Elbows → pull direction
🟢 Shoulders → not shrugged
🟢 Return → 2–3 sec control

### 🔥 Remember this

""With a neutral grip, pull the elbows tight to the torso. One-second peak, controlled return."""
MIGANG,로우 로우,Low Row,,BRAND_MODEL_NOT_FOUND,Migang,,https://blog.naver.com/pinkd001y/222976642460,미강(Migang) 파워짐 공개 딜러·중고 리스트에서 '로우 로우' 전용 SKU가 확인되지 않습니다,"시트, 가슴 패드 또는 허벅지 패드, 그립, 중량","🏋️ MIGANG — 로우 로우

🎯 ONE KEY CUE
🔥 ""낮은 각도로 팔꿈치를 골반 쪽으로 당기기""

미강 전용 모델이 없는 카테고리입니다. 헬스장에 있는 실제 기구의 패드·레버·안전장치를 먼저 확인한 뒤, 아래 패턴으로 움직이세요.

⚙️ ① 기구 세팅
🪑 좌석 / 패드
가슴/등 패드에 몸을 안정적으로 붙이세요. 패드에서 몸이 들리면 반동이 들어갑니다.
🤲 그립 / 손 위치
그립를 편안한 너비로 잡으세요. 손목이 꺾이지 않게 합니다.
⚙️ 조절 포인트
시트, 가슴 패드 또는 허벅지 패드, 그립, 중량을 확인하세요.

💪 ② 시작 자세
가슴을 세우고 어깨를 귀에서 멀리 둡니다. 팔보다 등부터 준비합니다.
이 자세에서 이것만 확인하세요.
👉 어깨가 귀 쪽으로 올라가지 않는지

🔥 ③ 운동 방법
낮은 궤적으로 당겼다 복귀.
손잡이를 당긴다고 생각하지 말고, 팔꿈치를 목표 지점으로 보내세요.

💥 ④ 최고 수축
팔꿈치가 목표에 도착해 등이 조여지는 지점에서 멈춥니다.
⏱️ 1초 STOP
튕기지 말고 그 지점에서 1초만 소유하세요. 무게를 놓는 순간이 아닙니다.

🐌 ⑤ 천천히 돌아오기
중량을 그냥 놓지 마세요.
2~3초 동안 통제하면서 복귀합니다.
팔이 펴질 때까지 등을 놓지 말고, 어깨가 앞으로 말리지 않게 버팁니다.

❌ 흔한 실수
❌ 상체를 흔들어 반동으로 당기는
템포를 늦추고 같은 궤적만 반복하세요.
❌ 몸을 뒤로 젖혀 반동으로 당기는 것
템포를 늦추고 같은 궤적만 반복하세요.
❌ 어깨를 으쓱하며 승모근만 쓰는 것
어깨를 귀에서 멀리 두고 다시 시작하세요.
❌ 손잡이만 당기고 팔꿈치는 안 움직이는 것
자세가 무너지면 무게를 낮추세요.

💡 MACHINE FIT PRO TIP
🔥 이 항목은 해머 스트렝스 전용 SKU가 없습니다. ""로우 로우""로 분류된 실제 기구의 패드·레버·안전장치만 믿고, 가벼운 무게로 5회 리허설 후 본 세트를 시작하세요.

🎯 MACHINE FIT CHECK
🟢 시트/패드 → 몸에 맞춤
🟢 팔꿈치 → 당김 방향
🟢 어깨 → 으쓱하지 않기
🟢 복귀 → 2~3초 통제

### 🔥 이것만 기억하세요

""낮은 각도로 팔꿈치를 골반 쪽으로 당기기. 끝에서 1초, 복귀는 통제.""","🏋️ MIGANG — Low Row

🎯 ONE KEY CUE
🔥 ""Pull the elbows toward the hips on a low path""

There is no dedicated Migang SKU for this category. Confirm pads, levers, and safeties on the unit in your gym, then follow the movement pattern below.

⚙️ ① Setup
🪑 Seat / pads
Pin yourself to the chest/back pad. If you lift off the pad, you are cheating with momentum.
🤲 Grip / hands
Take a comfortable grip width and keep the wrists stacked, not bent.
⚙️ Adjustments
Check 시트, 가슴 패드 또는 허벅지 패드, 그립, 중량.

💪 ② Start position
Lift the chest and keep the shoulders away from the ears. Prepare the back before the arms.
Check only this:
👉 Shoulders not shrugged

🔥 ③ Execution
Do not think “pull the handle.” Drive the elbows to the target.
Drive the elbows back/down on the row or pulldown path, then lengthen slowly.

💥 ④ Peak contraction
Stop where the elbows arrive and the back is squeezed.
⏱️ 1-second STOP
Own that position for one second. This is not where you dump the weight.

🐌 ⑤ Controlled return
Do not dump the load.
Take 2–3 seconds on the way back.
Keep the back set as the arms lengthen — do not let the shoulders dump forward.

❌ Common mistakes
❌ Leaning back for momentum
Slow the tempo and repeat one clean path.
❌ Shrugging and turning it into an upper-trap pull
Keep the shoulders away from the ears and restart.
❌ Yank the handles without moving the elbows
If position breaks, cut the load.

💡 MACHINE FIT PRO TIP
🔥 No dedicated Hammer Strength SKU for this slot. Trust the pads/levers/safeties on the unit labeled like ""Low Row"", rehearse five light reps, then start working sets.

🎯 MACHINE FIT CHECK
🟢 Seat/pad → fitted
🟢 Elbows → pull direction
🟢 Shoulders → not shrugged
🟢 Return → 2–3 sec control

### 🔥 Remember this

""Pull the elbows toward the hips on a low path. One-second peak, controlled return."""
MIGANG,미드 로우,Mid Row,,BRAND_MODEL_NOT_FOUND,Migang,,https://blog.naver.com/pinkd001y/222976642460,미강(Migang) 파워짐 공개 딜러·중고 리스트에서 '미드 로우' 전용 SKU가 확인되지 않습니다,"시트, 가슴 패드 또는 허벅지 패드, 그립, 중량","🏋️ MIGANG — 미드 로우

🎯 ONE KEY CUE
🔥 ""팔꿈치를 몸통 중단에 맞춰 수평으로 당기기""

미강 전용 모델이 없는 카테고리입니다. 헬스장에 있는 실제 기구의 패드·레버·안전장치를 먼저 확인한 뒤, 아래 패턴으로 움직이세요.

⚙️ ① 기구 세팅
🪑 좌석 / 패드
가슴/등 패드에 몸을 안정적으로 붙이세요. 패드에서 몸이 들리면 반동이 들어갑니다.
🤲 그립 / 손 위치
그립를 편안한 너비로 잡으세요. 손목이 꺾이지 않게 합니다.
⚙️ 조절 포인트
시트, 가슴 패드 또는 허벅지 패드, 그립, 중량을 확인하세요.

💪 ② 시작 자세
가슴을 세우고 어깨를 귀에서 멀리 둡니다. 팔보다 등부터 준비합니다.
이 자세에서 이것만 확인하세요.
👉 어깨가 귀 쪽으로 올라가지 않는지

🔥 ③ 운동 방법
수평으로 당겼다 천천히 신전.
손잡이를 당긴다고 생각하지 말고, 팔꿈치를 목표 지점으로 보내세요.

💥 ④ 최고 수축
팔꿈치가 목표에 도착해 등이 조여지는 지점에서 멈춥니다.
⏱️ 1초 STOP
튕기지 말고 그 지점에서 1초만 소유하세요. 무게를 놓는 순간이 아닙니다.

🐌 ⑤ 천천히 돌아오기
중량을 그냥 놓지 마세요.
2~3초 동안 통제하면서 복귀합니다.
팔이 펴질 때까지 등을 놓지 말고, 어깨가 앞으로 말리지 않게 버팁니다.

❌ 흔한 실수
❌ 너무 높게 당겨 승모만 쓰는
어깨를 귀에서 멀리 두고 다시 시작하세요.
❌ 몸을 뒤로 젖혀 반동으로 당기는 것
템포를 늦추고 같은 궤적만 반복하세요.
❌ 어깨를 으쓱하며 승모근만 쓰는 것
어깨를 귀에서 멀리 두고 다시 시작하세요.
❌ 손잡이만 당기고 팔꿈치는 안 움직이는 것
자세가 무너지면 무게를 낮추세요.

💡 MACHINE FIT PRO TIP
🔥 이 항목은 해머 스트렝스 전용 SKU가 없습니다. ""미드 로우""로 분류된 실제 기구의 패드·레버·안전장치만 믿고, 가벼운 무게로 5회 리허설 후 본 세트를 시작하세요.

🎯 MACHINE FIT CHECK
🟢 시트/패드 → 몸에 맞춤
🟢 팔꿈치 → 당김 방향
🟢 어깨 → 으쓱하지 않기
🟢 복귀 → 2~3초 통제

### 🔥 이것만 기억하세요

""팔꿈치를 몸통 중단에 맞춰 수평으로 당기기. 끝에서 1초, 복귀는 통제.""","🏋️ MIGANG — Mid Row

🎯 ONE KEY CUE
🔥 ""Pull horizontally with elbows at mid-torso height""

There is no dedicated Migang SKU for this category. Confirm pads, levers, and safeties on the unit in your gym, then follow the movement pattern below.

⚙️ ① Setup
🪑 Seat / pads
Pin yourself to the chest/back pad. If you lift off the pad, you are cheating with momentum.
🤲 Grip / hands
Take a comfortable grip width and keep the wrists stacked, not bent.
⚙️ Adjustments
Check 시트, 가슴 패드 또는 허벅지 패드, 그립, 중량.

💪 ② Start position
Lift the chest and keep the shoulders away from the ears. Prepare the back before the arms.
Check only this:
👉 Shoulders not shrugged

🔥 ③ Execution
Do not think “pull the handle.” Drive the elbows to the target.
Drive the elbows back/down on the row or pulldown path, then lengthen slowly.

💥 ④ Peak contraction
Stop where the elbows arrive and the back is squeezed.
⏱️ 1-second STOP
Own that position for one second. This is not where you dump the weight.

🐌 ⑤ Controlled return
Do not dump the load.
Take 2–3 seconds on the way back.
Keep the back set as the arms lengthen — do not let the shoulders dump forward.

❌ Common mistakes
❌ Leaning back for momentum
Slow the tempo and repeat one clean path.
❌ Shrugging and turning it into an upper-trap pull
Keep the shoulders away from the ears and restart.
❌ Yank the handles without moving the elbows
If position breaks, cut the load.

💡 MACHINE FIT PRO TIP
🔥 No dedicated Hammer Strength SKU for this slot. Trust the pads/levers/safeties on the unit labeled like ""Mid Row"", rehearse five light reps, then start working sets.

🎯 MACHINE FIT CHECK
🟢 Seat/pad → fitted
🟢 Elbows → pull direction
🟢 Shoulders → not shrugged
🟢 Return → 2–3 sec control

### 🔥 Remember this

""Pull horizontally with elbows at mid-torso height. One-second peak, controlled return."""
MIGANG,아이소래터럴 로우,Iso-Lateral Row,,BRAND_MODEL_NOT_FOUND,Migang,,https://blog.naver.com/pinkd001y/222976642460,미강(Migang) 파워짐 공개 딜러·중고 리스트에서 '아이소래터럴 로우' 전용 SKU가 확인되지 않습니다,"시트, 가슴 패드 또는 허벅지 패드, 그립, 중량","🏋️ MIGANG — 아이소래터럴 로우

🎯 ONE KEY CUE
🔥 ""좌우 암을 대칭으로 당기며 중부 등근 수축""

미강 전용 모델이 없는 카테고리입니다. 헬스장에 있는 실제 기구의 패드·레버·안전장치를 먼저 확인한 뒤, 아래 패턴으로 움직이세요.

⚙️ ① 기구 세팅
🪑 좌석 / 패드
가슴/등 패드에 몸을 안정적으로 붙이세요. 패드에서 몸이 들리면 반동이 들어갑니다.
🤲 그립 / 손 위치
양손잡이 높이가 좌우 같은지 먼저 보세요. 독립 암이라 한쪽만 어긋나도 바로 느껴집니다.
⚙️ 조절 포인트
시트, 가슴 패드 또는 허벅지 패드, 그립, 중량을 확인하세요. 좌우 시작 위치가 같은지도 같이 봅니다.

💪 ② 시작 자세
가슴을 세우고 어깨를 귀에서 멀리 둡니다. 팔보다 등부터 준비합니다.
좌우가 같은 높이에서 시작하는지 한 번 더 보세요.
이 자세에서 이것만 확인하세요.
👉 어깨가 귀 쪽으로 올라가지 않는지

🔥 ③ 운동 방법
각 팔을 독립적으로 당겼다 복귀.
양쪽을 같은 속도로 움직이세요. 한쪽이 먼저 끝나면 무게를 더 올리기 전에 밸런스부터 잡습니다.

💥 ④ 최고 수축
팔꿈치가 목표에 도착해 등이 조여지는 지점에서 멈춥니다.
⏱️ 1초 STOP
튕기지 말고 그 지점에서 1초만 소유하세요. 무게를 놓는 순간이 아닙니다.

🐌 ⑤ 천천히 돌아오기
중량을 그냥 놓지 마세요.
2~3초 동안 통제하면서 복귀합니다.
팔이 펴질 때까지 등을 놓지 말고, 어깨가 앞으로 말리지 않게 버팁니다.

❌ 흔한 실수
❌ 한쪽만 먼저 당겨 비대칭을 키우는
약한 쪽 속도에 강한 쪽을 맞추세요.
❌ 몸을 뒤로 젖혀 반동으로 당기는 것
템포를 늦추고 같은 궤적만 반복하세요.
❌ 어깨를 으쓱하며 승모근만 쓰는 것
어깨를 귀에서 멀리 두고 다시 시작하세요.
❌ 손잡이만 당기고 팔꿈치는 안 움직이는 것
자세가 무너지면 무게를 낮추세요.
❌ 한쪽만 먼저 끝내고 반대쪽을 따라가게 하는 것
약한 쪽 속도에 강한 쪽을 맞추세요.

💡 MACHINE FIT PRO TIP
🔥 이 항목은 해머 스트렝스 전용 SKU가 없습니다. ""아이소래터럴 로우""로 분류된 실제 기구의 패드·레버·안전장치만 믿고, 가벼운 무게로 5회 리허설 후 본 세트를 시작하세요.

🎯 MACHINE FIT CHECK
🟢 시트/패드 → 몸에 맞춤
🟢 팔꿈치 → 당김 방향
🟢 좌우 → 같은 속도
🟢 복귀 → 2~3초 통제

### 🔥 이것만 기억하세요

""좌우 같은 속도, 끝에서 1초, 복귀는 통제.""","🏋️ MIGANG — Iso-Lateral Row

🎯 ONE KEY CUE
🔥 ""Pull both independent arms symmetrically and squeeze mid-back""

There is no dedicated Migang SKU for this category. Confirm pads, levers, and safeties on the unit in your gym, then follow the movement pattern below.

⚙️ ① Setup
🪑 Seat / pads
Pin yourself to the chest/back pad. If you lift off the pad, you are cheating with momentum.
🤲 Grip / hands
Match left and right handle height first — independent arms expose any mismatch immediately.
⚙️ Adjustments
Check 시트, 가슴 패드 또는 허벅지 패드, 그립, 중량. Confirm both sides start from the same position.

💪 ② Start position
Lift the chest and keep the shoulders away from the ears. Prepare the back before the arms.
Double-check both sides start at the same height.
Check only this:
👉 Shoulders not shrugged

🔥 ③ Execution
Match left-right speed. If one side finishes early, fix balance before adding load.
Drive the elbows back/down on the row or pulldown path, then lengthen slowly. Keep both sides honest.

💥 ④ Peak contraction
Stop where the elbows arrive and the back is squeezed.
⏱️ 1-second STOP
Own that position for one second. This is not where you dump the weight.

🐌 ⑤ Controlled return
Do not dump the load.
Take 2–3 seconds on the way back.
Keep the back set as the arms lengthen — do not let the shoulders dump forward.

❌ Common mistakes
❌ Leaning back for momentum
Slow the tempo and repeat one clean path.
❌ Shrugging and turning it into an upper-trap pull
Keep the shoulders away from the ears and restart.
❌ Yank the handles without moving the elbows
If position breaks, cut the load.
❌ Letting one side finish early
Match the stronger side to the weaker side’s speed.

💡 MACHINE FIT PRO TIP
🔥 No dedicated Hammer Strength SKU for this slot. Trust the pads/levers/safeties on the unit labeled like ""Iso-Lateral Row"", rehearse five light reps, then start working sets.

🎯 MACHINE FIT CHECK
🟢 Seat/pad → fitted
🟢 Elbows → pull direction
🟢 Left/right → same speed
🟢 Return → 2–3 sec control

### 🔥 Remember this

""Match sides, one-second peak, controlled return."""
MIGANG,아이소래터럴 로우 로우,Iso-Lateral Low Row,,BRAND_MODEL_NOT_FOUND,Migang,,https://blog.naver.com/pinkd001y/222976642460,미강(Migang) 파워짐 공개 딜러·중고 리스트에서 '아이소래터럴 로우 로우' 전용 SKU가 확인되지 않습니다,"시트, 가슴 패드 또는 허벅지 패드, 그립, 중량","🏋️ MIGANG — 아이소래터럴 로우 로우

🎯 ONE KEY CUE
🔥 ""낮은 독립 암 궤적으로 좌우를 고르게 당기기""

미강 전용 모델이 없는 카테고리입니다. 헬스장에 있는 실제 기구의 패드·레버·안전장치를 먼저 확인한 뒤, 아래 패턴으로 움직이세요.

⚙️ ① 기구 세팅
🪑 좌석 / 패드
가슴/등 패드에 몸을 안정적으로 붙이세요. 패드에서 몸이 들리면 반동이 들어갑니다.
🤲 그립 / 손 위치
양손잡이 높이가 좌우 같은지 먼저 보세요. 독립 암이라 한쪽만 어긋나도 바로 느껴집니다.
⚙️ 조절 포인트
시트, 가슴 패드 또는 허벅지 패드, 그립, 중량을 확인하세요. 좌우 시작 위치가 같은지도 같이 봅니다.

💪 ② 시작 자세
가슴을 세우고 어깨를 귀에서 멀리 둡니다. 팔보다 등부터 준비합니다.
좌우가 같은 높이에서 시작하는지 한 번 더 보세요.
이 자세에서 이것만 확인하세요.
👉 어깨가 귀 쪽으로 올라가지 않는지

🔥 ③ 운동 방법
낮은 각도로 각 팔을 당겼다 복귀.
양쪽을 같은 속도로 움직이세요. 한쪽이 먼저 끝나면 무게를 더 올리기 전에 밸런스부터 잡습니다.

💥 ④ 최고 수축
팔꿈치가 목표에 도착해 등이 조여지는 지점에서 멈춥니다.
⏱️ 1초 STOP
튕기지 말고 그 지점에서 1초만 소유하세요. 무게를 놓는 순간이 아닙니다.

🐌 ⑤ 천천히 돌아오기
중량을 그냥 놓지 마세요.
2~3초 동안 통제하면서 복귀합니다.
팔이 펴질 때까지 등을 놓지 말고, 어깨가 앞으로 말리지 않게 버팁니다.

❌ 흔한 실수
❌ 한쪽 힙이 들리며 비틀리는
자세가 무너지면 무게를 낮추세요.
❌ 몸을 뒤로 젖혀 반동으로 당기는 것
템포를 늦추고 같은 궤적만 반복하세요.
❌ 어깨를 으쓱하며 승모근만 쓰는 것
어깨를 귀에서 멀리 두고 다시 시작하세요.
❌ 손잡이만 당기고 팔꿈치는 안 움직이는 것
자세가 무너지면 무게를 낮추세요.
❌ 한쪽만 먼저 끝내고 반대쪽을 따라가게 하는 것
약한 쪽 속도에 강한 쪽을 맞추세요.

💡 MACHINE FIT PRO TIP
🔥 이 항목은 해머 스트렝스 전용 SKU가 없습니다. ""아이소래터럴 로우 로우""로 분류된 실제 기구의 패드·레버·안전장치만 믿고, 가벼운 무게로 5회 리허설 후 본 세트를 시작하세요.

🎯 MACHINE FIT CHECK
🟢 시트/패드 → 몸에 맞춤
🟢 팔꿈치 → 당김 방향
🟢 좌우 → 같은 속도
🟢 복귀 → 2~3초 통제

### 🔥 이것만 기억하세요

""좌우 같은 속도, 끝에서 1초, 복귀는 통제.""","🏋️ MIGANG — Iso-Lateral Low Row

🎯 ONE KEY CUE
🔥 ""Pull evenly on both low independent arms""

There is no dedicated Migang SKU for this category. Confirm pads, levers, and safeties on the unit in your gym, then follow the movement pattern below.

⚙️ ① Setup
🪑 Seat / pads
Pin yourself to the chest/back pad. If you lift off the pad, you are cheating with momentum.
🤲 Grip / hands
Match left and right handle height first — independent arms expose any mismatch immediately.
⚙️ Adjustments
Check 시트, 가슴 패드 또는 허벅지 패드, 그립, 중량. Confirm both sides start from the same position.

💪 ② Start position
Lift the chest and keep the shoulders away from the ears. Prepare the back before the arms.
Double-check both sides start at the same height.
Check only this:
👉 Shoulders not shrugged

🔥 ③ Execution
Match left-right speed. If one side finishes early, fix balance before adding load.
Drive the elbows back/down on the row or pulldown path, then lengthen slowly. Keep both sides honest.

💥 ④ Peak contraction
Stop where the elbows arrive and the back is squeezed.
⏱️ 1-second STOP
Own that position for one second. This is not where you dump the weight.

🐌 ⑤ Controlled return
Do not dump the load.
Take 2–3 seconds on the way back.
Keep the back set as the arms lengthen — do not let the shoulders dump forward.

❌ Common mistakes
❌ Leaning back for momentum
Slow the tempo and repeat one clean path.
❌ Shrugging and turning it into an upper-trap pull
Keep the shoulders away from the ears and restart.
❌ Yank the handles without moving the elbows
If position breaks, cut the load.
❌ Letting one side finish early
Match the stronger side to the weaker side’s speed.

💡 MACHINE FIT PRO TIP
🔥 No dedicated Hammer Strength SKU for this slot. Trust the pads/levers/safeties on the unit labeled like ""Iso-Lateral Low Row"", rehearse five light reps, then start working sets.

🎯 MACHINE FIT CHECK
🟢 Seat/pad → fitted
🟢 Elbows → pull direction
🟢 Left/right → same speed
🟢 Return → 2–3 sec control

### 🔥 Remember this

""Match sides, one-second peak, controlled return."""
MIGANG,체스트 서포티드 로우,Chest Supported Row,,BRAND_MODEL_NOT_FOUND,Migang,,https://blog.naver.com/pinkd001y/222976642460,미강(Migang) 파워짐 공개 딜러·중고 리스트에서 '체스트 서포티드 로우' 전용 SKU가 확인되지 않습니다,"시트, 가슴 패드 또는 허벅지 패드, 그립, 중량","🏋️ MIGANG — 체스트 서포티드 로우

🎯 ONE KEY CUE
🔥 ""가슴을 패드에 고정하고 견갑만 움직이며 당기기""

미강 전용 모델이 없는 카테고리입니다. 헬스장에 있는 실제 기구의 패드·레버·안전장치를 먼저 확인한 뒤, 아래 패턴으로 움직이세요.

⚙️ ① 기구 세팅
🪑 좌석 / 패드
가슴/등 패드에 몸을 안정적으로 붙이세요. 패드에서 몸이 들리면 반동이 들어갑니다.
🤲 그립 / 손 위치
그립를 편안한 너비로 잡으세요. 손목이 꺾이지 않게 합니다.
⚙️ 조절 포인트
시트, 가슴 패드 또는 허벅지 패드, 그립, 중량을 확인하세요.

💪 ② 시작 자세
가슴을 세우고 어깨를 귀에서 멀리 둡니다. 팔보다 등부터 준비합니다.
이 자세에서 이것만 확인하세요.
👉 어깨가 귀 쪽으로 올라가지 않는지

🔥 ③ 운동 방법
손잡이를 당겨 견갑을 모았다 복귀.
손잡이를 당긴다고 생각하지 말고, 팔꿈치를 목표 지점으로 보내세요.

💥 ④ 최고 수축
팔꿈치가 목표에 도착해 등이 조여지는 지점에서 멈춥니다.
⏱️ 1초 STOP
튕기지 말고 그 지점에서 1초만 소유하세요. 무게를 놓는 순간이 아닙니다.

🐌 ⑤ 천천히 돌아오기
중량을 그냥 놓지 마세요.
2~3초 동안 통제하면서 복귀합니다.
팔이 펴질 때까지 등을 놓지 말고, 어깨가 앞으로 말리지 않게 버팁니다.

❌ 흔한 실수
❌ 가슴이 뜨며 상체가 들리는
자세가 무너지면 무게를 낮추세요.
❌ 몸을 뒤로 젖혀 반동으로 당기는 것
템포를 늦추고 같은 궤적만 반복하세요.
❌ 어깨를 으쓱하며 승모근만 쓰는 것
어깨를 귀에서 멀리 두고 다시 시작하세요.
❌ 손잡이만 당기고 팔꿈치는 안 움직이는 것
자세가 무너지면 무게를 낮추세요.

💡 MACHINE FIT PRO TIP
🔥 이 항목은 해머 스트렝스 전용 SKU가 없습니다. ""체스트 서포티드 로우""로 분류된 실제 기구의 패드·레버·안전장치만 믿고, 가벼운 무게로 5회 리허설 후 본 세트를 시작하세요.

🎯 MACHINE FIT CHECK
🟢 시트/패드 → 몸에 맞춤
🟢 가슴 → 패드에 고정
🟢 어깨 → 으쓱하지 않기
🟢 복귀 → 2~3초 통제

### 🔥 이것만 기억하세요

""가슴은 패드에, 팔꿈치는 뒤로, 끝에서 1초.""","🏋️ MIGANG — Chest Supported Row

🎯 ONE KEY CUE
🔥 ""Brace the chest on the pad and row with the scapulae""

There is no dedicated Migang SKU for this category. Confirm pads, levers, and safeties on the unit in your gym, then follow the movement pattern below.

⚙️ ① Setup
🪑 Seat / pads
Pin yourself to the chest/back pad. If you lift off the pad, you are cheating with momentum.
🤲 Grip / hands
Take a comfortable grip width and keep the wrists stacked, not bent.
⚙️ Adjustments
Check 시트, 가슴 패드 또는 허벅지 패드, 그립, 중량.

💪 ② Start position
Lift the chest and keep the shoulders away from the ears. Prepare the back before the arms.
Check only this:
👉 Shoulders not shrugged

🔥 ③ Execution
Do not think “pull the handle.” Drive the elbows to the target.
Drive the elbows back/down on the row or pulldown path, then lengthen slowly.

💥 ④ Peak contraction
Stop where the elbows arrive and the back is squeezed.
⏱️ 1-second STOP
Own that position for one second. This is not where you dump the weight.

🐌 ⑤ Controlled return
Do not dump the load.
Take 2–3 seconds on the way back.
Keep the back set as the arms lengthen — do not let the shoulders dump forward.

❌ Common mistakes
❌ Leaning back for momentum
Slow the tempo and repeat one clean path.
❌ Shrugging and turning it into an upper-trap pull
Keep the shoulders away from the ears and restart.
❌ Yank the handles without moving the elbows
If position breaks, cut the load.

💡 MACHINE FIT PRO TIP
🔥 No dedicated Hammer Strength SKU for this slot. Trust the pads/levers/safeties on the unit labeled like ""Chest Supported Row"", rehearse five light reps, then start working sets.

🎯 MACHINE FIT CHECK
🟢 Seat/pad → fitted
🟢 Chest → glued to pad
🟢 Shoulders → not shrugged
🟢 Return → 2–3 sec control

### 🔥 Remember this

""Chest on the pad, elbows back, one-second squeeze."""
MIGANG,T바 로우 머신,T-Bar Row,,BRAND_MODEL_NOT_FOUND,Migang,,https://blog.naver.com/pinkd001y/222976642460,미강(Migang) 파워짐 공개 딜러·중고 리스트에서 'T바 로우 머신' 전용 SKU가 확인되지 않습니다,"시트, 가슴 패드 또는 허벅지 패드, 그립, 중량","🏋️ MIGANG — T바 로우 머신

🎯 ONE KEY CUE
🔥 ""힙힌지를 유지한 채 바를 몸통으로 당기기""

미강 전용 모델이 없는 카테고리입니다. 헬스장에 있는 실제 기구의 패드·레버·안전장치를 먼저 확인한 뒤, 아래 패턴으로 움직이세요.

⚙️ ① 기구 세팅
🪑 좌석 / 패드
가슴/등 패드에 몸을 안정적으로 붙이세요. 패드에서 몸이 들리면 반동이 들어갑니다.
🤲 그립 / 손 위치
그립를 편안한 너비로 잡으세요. 손목이 꺾이지 않게 합니다.
⚙️ 조절 포인트
시트, 가슴 패드 또는 허벅지 패드, 그립, 중량을 확인하세요.

💪 ② 시작 자세
가슴을 세우고 어깨를 귀에서 멀리 둡니다. 팔보다 등부터 준비합니다.
이 자세에서 이것만 확인하세요.
👉 어깨가 귀 쪽으로 올라가지 않는지

🔥 ③ 운동 방법
바를 위로 당겼다 천천히 내리기.
손잡이를 당긴다고 생각하지 말고, 팔꿈치를 목표 지점으로 보내세요.

💥 ④ 최고 수축
팔꿈치가 목표에 도착해 등이 조여지는 지점에서 멈춥니다.
⏱️ 1초 STOP
튕기지 말고 그 지점에서 1초만 소유하세요. 무게를 놓는 순간이 아닙니다.

🐌 ⑤ 천천히 돌아오기
중량을 그냥 놓지 마세요.
2~3초 동안 통제하면서 복귀합니다.
팔이 펴질 때까지 등을 놓지 말고, 어깨가 앞으로 말리지 않게 버팁니다.

❌ 흔한 실수
❌ 허리를 둥글게 말며 당기는
자세가 무너지면 무게를 낮추세요.
❌ 몸을 뒤로 젖혀 반동으로 당기는 것
템포를 늦추고 같은 궤적만 반복하세요.
❌ 어깨를 으쓱하며 승모근만 쓰는 것
어깨를 귀에서 멀리 두고 다시 시작하세요.
❌ 손잡이만 당기고 팔꿈치는 안 움직이는 것
자세가 무너지면 무게를 낮추세요.

💡 MACHINE FIT PRO TIP
🔥 이 항목은 해머 스트렝스 전용 SKU가 없습니다. ""T바 로우 머신""로 분류된 실제 기구의 패드·레버·안전장치만 믿고, 가벼운 무게로 5회 리허설 후 본 세트를 시작하세요.

🎯 MACHINE FIT CHECK
🟢 시트/패드 → 몸에 맞춤
🟢 팔꿈치 → 당김 방향
🟢 어깨 → 으쓱하지 않기
🟢 복귀 → 2~3초 통제

### 🔥 이것만 기억하세요

""힙힌지를 유지한 채 바를 몸통으로 당기기. 끝에서 1초, 복귀는 통제.""","🏋️ MIGANG — T-Bar Row

🎯 ONE KEY CUE
🔥 ""Keep a hip hinge and pull the bar to the torso""

There is no dedicated Migang SKU for this category. Confirm pads, levers, and safeties on the unit in your gym, then follow the movement pattern below.

⚙️ ① Setup
🪑 Seat / pads
Pin yourself to the chest/back pad. If you lift off the pad, you are cheating with momentum.
🤲 Grip / hands
Take a comfortable grip width and keep the wrists stacked, not bent.
⚙️ Adjustments
Check 시트, 가슴 패드 또는 허벅지 패드, 그립, 중량.

💪 ② Start position
Lift the chest and keep the shoulders away from the ears. Prepare the back before the arms.
Check only this:
👉 Shoulders not shrugged

🔥 ③ Execution
Do not think “pull the handle.” Drive the elbows to the target.
Drive the elbows back/down on the row or pulldown path, then lengthen slowly.

💥 ④ Peak contraction
Stop where the elbows arrive and the back is squeezed.
⏱️ 1-second STOP
Own that position for one second. This is not where you dump the weight.

🐌 ⑤ Controlled return
Do not dump the load.
Take 2–3 seconds on the way back.
Keep the back set as the arms lengthen — do not let the shoulders dump forward.

❌ Common mistakes
❌ Leaning back for momentum
Slow the tempo and repeat one clean path.
❌ Shrugging and turning it into an upper-trap pull
Keep the shoulders away from the ears and restart.
❌ Yank the handles without moving the elbows
If position breaks, cut the load.

💡 MACHINE FIT PRO TIP
🔥 No dedicated Hammer Strength SKU for this slot. Trust the pads/levers/safeties on the unit labeled like ""T-Bar Row"", rehearse five light reps, then start working sets.

🎯 MACHINE FIT CHECK
🟢 Seat/pad → fitted
🟢 Elbows → pull direction
🟢 Shoulders → not shrugged
🟢 Return → 2–3 sec control

### 🔥 Remember this

""Keep a hip hinge and pull the bar to the torso. One-second peak, controlled return."""
MIGANG,풀오버,Pullover,,BRAND_MODEL_NOT_FOUND,Migang,,https://blog.naver.com/pinkd001y/222976642460,미강(Migang) 파워짐 공개 딜러·중고 리스트에서 '풀오버' 전용 SKU가 확인되지 않습니다,"시트, 가슴 패드 또는 허벅지 패드, 그립, 중량","🏋️ MIGANG — 풀오버

🎯 ONE KEY CUE
🔥 ""팔꿈치를 고정한 채 상완으로 아크를 그리며 내리기""

미강 전용 모델이 없는 카테고리입니다. 헬스장에 있는 실제 기구의 패드·레버·안전장치를 먼저 확인한 뒤, 아래 패턴으로 움직이세요.

⚙️ ① 기구 세팅
🪑 좌석 / 패드
가슴/등 패드에 몸을 안정적으로 붙이세요. 패드에서 몸이 들리면 반동이 들어갑니다.
🤲 그립 / 손 위치
그립를 편안한 너비로 잡으세요. 손목이 꺾이지 않게 합니다.
⚙️ 조절 포인트
시트, 가슴 패드 또는 허벅지 패드, 그립, 중량을 확인하세요.

💪 ② 시작 자세
가슴을 세우고 어깨를 귀에서 멀리 둡니다. 팔보다 등부터 준비합니다.
이 자세에서 이것만 확인하세요.
👉 어깨가 귀 쪽으로 올라가지 않는지

🔥 ③ 운동 방법
머리 위에서 엉덩이 쪽으로 아크.
손잡이를 당긴다고 생각하지 말고, 팔꿈치를 목표 지점으로 보내세요.

💥 ④ 최고 수축
팔꿈치가 목표에 도착해 등이 조여지는 지점에서 멈춥니다.
⏱️ 1초 STOP
튕기지 말고 그 지점에서 1초만 소유하세요. 무게를 놓는 순간이 아닙니다.

🐌 ⑤ 천천히 돌아오기
중량을 그냥 놓지 마세요.
2~3초 동안 통제하면서 복귀합니다.
팔이 펴질 때까지 등을 놓지 말고, 어깨가 앞으로 말리지 않게 버팁니다.

❌ 흔한 실수
❌ 팔꿈치만 접어 삼두만 쓰는
자세가 무너지면 무게를 낮추세요.
❌ 몸을 뒤로 젖혀 반동으로 당기는 것
템포를 늦추고 같은 궤적만 반복하세요.
❌ 어깨를 으쓱하며 승모근만 쓰는 것
어깨를 귀에서 멀리 두고 다시 시작하세요.
❌ 손잡이만 당기고 팔꿈치는 안 움직이는 것
자세가 무너지면 무게를 낮추세요.

💡 MACHINE FIT PRO TIP
🔥 이 항목은 해머 스트렝스 전용 SKU가 없습니다. ""풀오버""로 분류된 실제 기구의 패드·레버·안전장치만 믿고, 가벼운 무게로 5회 리허설 후 본 세트를 시작하세요.

🎯 MACHINE FIT CHECK
🟢 시트/패드 → 몸에 맞춤
🟢 팔꿈치 → 당김 방향
🟢 어깨 → 으쓱하지 않기
🟢 복귀 → 2~3초 통제

### 🔥 이것만 기억하세요

""팔꿈치를 고정한 채 상완으로 아크를 그리며 내리기. 끝에서 1초, 복귀는 통제.""","🏋️ MIGANG — Pullover

🎯 ONE KEY CUE
🔥 ""Keep elbow angle set and arc the upper arms down""

There is no dedicated Migang SKU for this category. Confirm pads, levers, and safeties on the unit in your gym, then follow the movement pattern below.

⚙️ ① Setup
🪑 Seat / pads
Pin yourself to the chest/back pad. If you lift off the pad, you are cheating with momentum.
🤲 Grip / hands
Take a comfortable grip width and keep the wrists stacked, not bent.
⚙️ Adjustments
Check 시트, 가슴 패드 또는 허벅지 패드, 그립, 중량.

💪 ② Start position
Lift the chest and keep the shoulders away from the ears. Prepare the back before the arms.
Check only this:
👉 Shoulders not shrugged

🔥 ③ Execution
Do not think “pull the handle.” Drive the elbows to the target.
Drive the elbows back/down on the row or pulldown path, then lengthen slowly.

💥 ④ Peak contraction
Stop where the elbows arrive and the back is squeezed.
⏱️ 1-second STOP
Own that position for one second. This is not where you dump the weight.

🐌 ⑤ Controlled return
Do not dump the load.
Take 2–3 seconds on the way back.
Keep the back set as the arms lengthen — do not let the shoulders dump forward.

❌ Common mistakes
❌ Leaning back for momentum
Slow the tempo and repeat one clean path.
❌ Shrugging and turning it into an upper-trap pull
Keep the shoulders away from the ears and restart.
❌ Yank the handles without moving the elbows
If position breaks, cut the load.

💡 MACHINE FIT PRO TIP
🔥 No dedicated Hammer Strength SKU for this slot. Trust the pads/levers/safeties on the unit labeled like ""Pullover"", rehearse five light reps, then start working sets.

🎯 MACHINE FIT CHECK
🟢 Seat/pad → fitted
🟢 Elbows → pull direction
🟢 Shoulders → not shrugged
🟢 Return → 2–3 sec control

### 🔥 Remember this

""Keep elbow angle set and arc the upper arms down. One-second peak, controlled return."""
MIGANG,어시스트 풀업 / 친업,Assisted Pull-up / Chin-up,Power Gym Chinning,PARTIALLY_VERIFIED,Migang,Power Gym,https://blog.naver.com/pinkd001y/222976642460,세트 리스트에 치닝(CHINNING)이 있으나 어시스트 스택 여부는 공개 스펙에서 확인되지 않습니다,"무릎/발 지지, 핸들 높이, 보조 중량(해당 시)","🏋️ MIGANG — Power Gym Chinning · Power Gym

🎯 ONE KEY CUE
🔥 ""어깨를 내리고 가슴을 바 쪽으로 끌어올리기""

세트 리스트에 치닝(CHINNING)이 있으나 어시스트 스택 여부는 공개 스펙에서 확인되지 않습니다. Power Gym 구조입니다. 처음부터 무게 올리지 말고, 세팅부터 잡으세요.

⚙️ ① 기구 세팅
🤲 그립 / 손 위치
손잡이를 편안한 너비로 잡으세요. 손목이 꺾이지 않게 합니다.
🦶 발 위치
지지하는 발을 먼저 고정하세요. 흔들리면 중량을 낮춥니다.
⚙️ 조절 포인트
무릎/발 지지, 핸들 높이, 보조 중량(해당 시)를 확인하세요.
이 카테고리는 공식 명칭이 겹칠 수 있으니, 헬스장 기구의 실제 레버·패드 배치를 우선하세요.

💪 ② 시작 자세
가슴을 세우고 어깨를 귀에서 멀리 둡니다. 팔보다 등부터 준비합니다.
이 자세에서 이것만 확인하세요.
👉 어깨가 귀 쪽으로 올라가지 않는지

🔥 ③ 운동 방법
매달린 상태에서 당겼다 천천히 하강.
손잡이를 당긴다고 생각하지 말고, 팔꿈치를 목표 지점으로 보내세요.

💥 ④ 최고 수축
팔꿈치가 목표에 도착해 등이 조여지는 지점에서 멈춥니다.
⏱️ 1초 STOP
튕기지 말고 그 지점에서 1초만 소유하세요. 무게를 놓는 순간이 아닙니다.

🐌 ⑤ 천천히 돌아오기
중량을 그냥 놓지 마세요.
2~3초 동안 통제하면서 복귀합니다.
팔이 펴질 때까지 등을 놓지 말고, 어깨가 앞으로 말리지 않게 버팁니다.

❌ 흔한 실수
❌ 반동으로 턱만 올리는
템포를 늦추고 같은 궤적만 반복하세요.
❌ 몸을 뒤로 젖혀 반동으로 당기는 것
템포를 늦추고 같은 궤적만 반복하세요.
❌ 어깨를 으쓱하며 승모근만 쓰는 것
어깨를 귀에서 멀리 두고 다시 시작하세요.
❌ 손잡이만 당기고 팔꿈치는 안 움직이는 것
자세가 무너지면 무게를 낮추세요.

💡 MACHINE FIT PRO TIP
🔥 Power Gym Chinning의 가이드 궤적을 이용하세요. 첫 2세트는 천천히, 대칭이 확인된 뒤에만 무게를 올립니다.

🎯 MACHINE FIT CHECK
🟢 시트/패드 → 몸에 맞춤
🟢 팔꿈치 → 당김 방향
🟢 어깨 → 으쓱하지 않기
🟢 복귀 → 2~3초 통제

### 🔥 이것만 기억하세요

""어깨를 내리고 가슴을 바 쪽으로 끌어올리기. 끝에서 1초, 복귀는 통제.""","🏋️ MIGANG — Power Gym Chinning · Power Gym

🎯 ONE KEY CUE
🔥 ""Depress the shoulders and pull the chest toward the bar""

세트 리스트에 치닝(CHINNING)이 있으나 어시스트 스택 여부는 공개 스펙에서 확인되지 않습니다 Lean into the Power Gym design. Do not chase load until the setup feels locked in.

⚙️ ① Setup
🤲 Grip / hands
Take a comfortable grip width and keep the wrists stacked, not bent.
🦶 Feet
Lock in the support foot before you move. Reduce load if you wobble.
⚙️ Adjustments
Check 무릎/발 지지, 핸들 높이, 보조 중량(해당 시).
Naming can overlap in this category — trust the levers and pads on the unit in front of you.

💪 ② Start position
Lift the chest and keep the shoulders away from the ears. Prepare the back before the arms.
Check only this:
👉 Shoulders not shrugged

🔥 ③ Execution
Do not think “pull the handle.” Drive the elbows to the target.
Drive the elbows back/down on the row or pulldown path, then lengthen slowly.

💥 ④ Peak contraction
Stop where the elbows arrive and the back is squeezed.
⏱️ 1-second STOP
Own that position for one second. This is not where you dump the weight.

🐌 ⑤ Controlled return
Do not dump the load.
Take 2–3 seconds on the way back.
Keep the back set as the arms lengthen — do not let the shoulders dump forward.

❌ Common mistakes
❌ Leaning back for momentum
Slow the tempo and repeat one clean path.
❌ Shrugging and turning it into an upper-trap pull
Keep the shoulders away from the ears and restart.
❌ Yank the handles without moving the elbows
If position breaks, cut the load.

💡 MACHINE FIT PRO TIP
🔥 Use the guided path on Power Gym Chinning. Slow the first two sets, confirm symmetry, then add load.

🎯 MACHINE FIT CHECK
🟢 Seat/pad → fitted
🟢 Elbows → pull direction
🟢 Shoulders → not shrugged
🟢 Return → 2–3 sec control

### 🔥 Remember this

""Depress the shoulders and pull the chest toward the bar. One-second peak, controlled return."""
MIGANG,숄더 프레스,Shoulder Press,Power Gym Shoulder Press,VERIFIED,Migang,Power Gym,https://blog.naver.com/pinkd001y/222976642460,미강 파워짐 숄더 프레스로 세트 리스트에 확인됩니다,"시트, 시작용 로드 추출 풋 지지, 중량 스택","🏋️ MIGANG — Power Gym Shoulder Press · Power Gym

🎯 ONE KEY CUE
🔥 ""귀를 덮지 않게 손잡이를 수직으로 밀기""

미강 파워짐 숄더 프레스로 세트 리스트에 확인됩니다. Power Gym 구조입니다. 처음부터 무게 올리지 말고, 세팅부터 잡으세요.

⚙️ ① 기구 세팅
🪑 좌석 / 패드
시트를 몸에 맞추세요. 시작 위치가 어깨·관절에 자연스럽게 오는지 확인합니다.
🤲 그립 / 손 위치
손잡이를 편안한 너비로 잡으세요. 손목이 꺾이지 않게 합니다.
⚙️ 조절 포인트
시트, 시작용 로드 추출 풋 지지, 중량 스택을 확인하세요.

💪 ② 시작 자세
갈비뼈를 내리고 허리를 과하게 아치하지 않습니다. 팔꿈치를 시작 궤적에 올립니다.
이 자세에서 이것만 확인하세요.
👉 허리가 과하게 꺾이지 않는지

🔥 ③ 운동 방법
어깨 높이에서 위로 밀었다 복귀.
반동으로 올리지 마세요. 팔꿈치가 궤적을 주도하게 둡니다.

💥 ④ 최고 수축
목표 근육이 가장 조여지는 끝 지점에서 멈춥니다.
⏱️ 1초 STOP
튕기지 말고 그 지점에서 1초만 소유하세요. 무게를 놓는 순간이 아닙니다.

🐌 ⑤ 천천히 돌아오기
중량을 그냥 놓지 마세요.
2~3초 동안 통제하면서 복귀합니다.
시작 자세로 돌아갈 때도 같은 궤적을 유지하세요.

❌ 흔한 실수
❌ 허리를 과아치해 미는
자세가 무너지면 무게를 낮추세요.
❌ 허리를 꺾어 프레스하는 것
자세가 무너지면 무게를 낮추세요.
❌ 어깨를 귀 쪽으로 으쓱하는 것
어깨를 귀에서 멀리 두고 다시 시작하세요.
❌ 반동으로 들어 올리는 것
템포를 늦추고 같은 궤적만 반복하세요.

💡 MACHINE FIT PRO TIP
🔥 Power Gym Shoulder Press의 가이드 궤적을 이용하세요. 첫 2세트는 천천히, 대칭이 확인된 뒤에만 무게를 올립니다.

🎯 MACHINE FIT CHECK
🟢 시트/패드 → 몸에 맞춤
🟢 팔꿈치 → 미는/드는 방향
🟢 어깨 → 으쓱하지 않기
🟢 복귀 → 2~3초 통제

### 🔥 이것만 기억하세요

""귀를 덮지 않게 손잡이를 수직으로 밀기. 끝에서 1초, 복귀는 통제.""","🏋️ MIGANG — Power Gym Shoulder Press · Power Gym

🎯 ONE KEY CUE
🔥 ""Press the handles vertically without covering the ears""

미강 파워짐 숄더 프레스로 세트 리스트에 확인됩니다 Lean into the Power Gym design. Do not chase load until the setup feels locked in.

⚙️ ① Setup
🪑 Seat / pads
Fit the seat to your body so the start position sits naturally on the working joint.
🤲 Grip / hands
Take a comfortable grip width and keep the wrists stacked, not bent.
⚙️ Adjustments
Check 시트, 시작용 로드 추출 풋 지지, 중량 스택.

💪 ② Start position
Drop the ribs — do not over-arch. Set the elbows on the press path.
Check only this:
👉 Low back not over-arched

🔥 ③ Execution
No bounce. Let the elbows own the path.
Press or raise on the guided path, then lower without dumping the shoulders.

💥 ④ Peak contraction
Stop where the target muscle is most shortened.
⏱️ 1-second STOP
Own that position for one second. This is not where you dump the weight.

🐌 ⑤ Controlled return
Do not dump the load.
Take 2–3 seconds on the way back.
Return on the same path you pressed or pulled.

❌ Common mistakes
❌ Pressing with an over-arched low back
If position breaks, cut the load.
❌ Shrugging the shoulders into the ears
Keep the shoulders away from the ears and restart.
❌ Bouncing the weight up
Slow the tempo and repeat one clean path.

💡 MACHINE FIT PRO TIP
🔥 Use the guided path on Power Gym Shoulder Press. Slow the first two sets, confirm symmetry, then add load.

🎯 MACHINE FIT CHECK
🟢 Seat/pad → fitted
🟢 Elbows → press/raise direction
🟢 Shoulders → not shrugged
🟢 Return → 2–3 sec control

### 🔥 Remember this

""Press the handles vertically without covering the ears. One-second peak, controlled return."""
MIGANG,아이소래터럴 숄더 프레스,Iso-Lateral Shoulder Press,,BRAND_MODEL_NOT_FOUND,Migang,,https://blog.naver.com/pinkd001y/222976642460,미강(Migang) 파워짐 공개 딜러·중고 리스트에서 '아이소래터럴 숄더 프레스' 전용 SKU가 확인되지 않습니다,"시트, 시작용 로드 추출 풋 지지, 중량","🏋️ MIGANG — 아이소래터럴 숄더 프레스

🎯 ONE KEY CUE
🔥 ""좌우를 같은 속도로 밀어 불균형을 확인""

미강 전용 모델이 없는 카테고리입니다. 헬스장에 있는 실제 기구의 패드·레버·안전장치를 먼저 확인한 뒤, 아래 패턴으로 움직이세요.

⚙️ ① 기구 세팅
🪑 좌석 / 패드
시트를 몸에 맞추세요. 시작 위치가 어깨·관절에 자연스럽게 오는지 확인합니다.
🤲 그립 / 손 위치
양손잡이 높이가 좌우 같은지 먼저 보세요. 독립 암이라 한쪽만 어긋나도 바로 느껴집니다.
⚙️ 조절 포인트
시트, 시작용 로드 추출 풋 지지, 중량을 확인하세요. 좌우 시작 위치가 같은지도 같이 봅니다.

💪 ② 시작 자세
갈비뼈를 내리고 허리를 과하게 아치하지 않습니다. 팔꿈치를 시작 궤적에 올립니다.
좌우가 같은 높이에서 시작하는지 한 번 더 보세요.
이 자세에서 이것만 확인하세요.
👉 허리가 과하게 꺾이지 않는지

🔥 ③ 운동 방법
각 팔을 독립적으로 밀었다 복귀.
양쪽을 같은 속도로 움직이세요. 한쪽이 먼저 끝나면 무게를 더 올리기 전에 밸런스부터 잡습니다.

💥 ④ 최고 수축
목표 근육이 가장 조여지는 끝 지점에서 멈춥니다.
⏱️ 1초 STOP
튕기지 말고 그 지점에서 1초만 소유하세요. 무게를 놓는 순간이 아닙니다.

🐌 ⑤ 천천히 돌아오기
중량을 그냥 놓지 마세요.
2~3초 동안 통제하면서 복귀합니다.
시작 자세로 돌아갈 때도 같은 궤적을 유지하세요.

❌ 흔한 실수
❌ 한쪽만 먼저 밀어 기울어지는
약한 쪽 속도에 강한 쪽을 맞추세요.
❌ 허리를 꺾어 프레스하는 것
자세가 무너지면 무게를 낮추세요.
❌ 어깨를 귀 쪽으로 으쓱하는 것
어깨를 귀에서 멀리 두고 다시 시작하세요.
❌ 반동으로 들어 올리는 것
템포를 늦추고 같은 궤적만 반복하세요.
❌ 한쪽만 먼저 끝내고 반대쪽을 따라가게 하는 것
약한 쪽 속도에 강한 쪽을 맞추세요.

💡 MACHINE FIT PRO TIP
🔥 이 항목은 해머 스트렝스 전용 SKU가 없습니다. ""아이소래터럴 숄더 프레스""로 분류된 실제 기구의 패드·레버·안전장치만 믿고, 가벼운 무게로 5회 리허설 후 본 세트를 시작하세요.

🎯 MACHINE FIT CHECK
🟢 시트/패드 → 몸에 맞춤
🟢 팔꿈치 → 미는/드는 방향
🟢 좌우 → 같은 속도
🟢 복귀 → 2~3초 통제

### 🔥 이것만 기억하세요

""좌우 같은 속도, 끝에서 1초, 복귀는 통제.""","🏋️ MIGANG — Iso-Lateral Shoulder Press

🎯 ONE KEY CUE
🔥 ""Press both sides at the same speed and check balance""

There is no dedicated Migang SKU for this category. Confirm pads, levers, and safeties on the unit in your gym, then follow the movement pattern below.

⚙️ ① Setup
🪑 Seat / pads
Fit the seat to your body so the start position sits naturally on the working joint.
🤲 Grip / hands
Match left and right handle height first — independent arms expose any mismatch immediately.
⚙️ Adjustments
Check 시트, 시작용 로드 추출 풋 지지, 중량. Confirm both sides start from the same position.

💪 ② Start position
Drop the ribs — do not over-arch. Set the elbows on the press path.
Double-check both sides start at the same height.
Check only this:
👉 Low back not over-arched

🔥 ③ Execution
Match left-right speed. If one side finishes early, fix balance before adding load.
Press or raise on the guided path, then lower without dumping the shoulders. Keep both sides honest.

💥 ④ Peak contraction
Stop where the target muscle is most shortened.
⏱️ 1-second STOP
Own that position for one second. This is not where you dump the weight.

🐌 ⑤ Controlled return
Do not dump the load.
Take 2–3 seconds on the way back.
Return on the same path you pressed or pulled.

❌ Common mistakes
❌ Pressing with an over-arched low back
If position breaks, cut the load.
❌ Shrugging the shoulders into the ears
Keep the shoulders away from the ears and restart.
❌ Bouncing the weight up
Slow the tempo and repeat one clean path.
❌ Letting one side finish early
Match the stronger side to the weaker side’s speed.

💡 MACHINE FIT PRO TIP
🔥 No dedicated Hammer Strength SKU for this slot. Trust the pads/levers/safeties on the unit labeled like ""Iso-Lateral Shoulder Press"", rehearse five light reps, then start working sets.

🎯 MACHINE FIT CHECK
🟢 Seat/pad → fitted
🟢 Elbows → press/raise direction
🟢 Left/right → same speed
🟢 Return → 2–3 sec control

### 🔥 Remember this

""Match sides, one-second peak, controlled return."""
MIGANG,플레이트로드 숄더 프레스,Plate-Loaded Shoulder Press,,BRAND_MODEL_NOT_FOUND,Migang,,https://blog.naver.com/pinkd001y/222976642460,미강(Migang) 파워짐 공개 딜러·중고 리스트에서 '플레이트로드 숄더 프레스' 전용 SKU가 확인되지 않습니다,"시트, 시작용 로드 추출 풋 지지, 중량","🏋️ MIGANG — 플레이트로드 숄더 프레스

🎯 ONE KEY CUE
🔥 ""견갑을 안정시킨 채 원판 부하로 수직 프레스""

미강 전용 모델이 없는 카테고리입니다. 헬스장에 있는 실제 기구의 패드·레버·안전장치를 먼저 확인한 뒤, 아래 패턴으로 움직이세요.

⚙️ ① 기구 세팅
🪑 좌석 / 패드
시트를 몸에 맞추세요. 시작 위치가 어깨·관절에 자연스럽게 오는지 확인합니다.
🤲 그립 / 손 위치
손잡이를 편안한 너비로 잡으세요. 손목이 꺾이지 않게 합니다.
⚙️ 조절 포인트
시트, 시작용 로드 추출 풋 지지, 중량을 확인하세요. 양쪽 플레이트를 동일하게 맞추고, 한쪽만 먼저 올리지 마세요.

💪 ② 시작 자세
갈비뼈를 내리고 허리를 과하게 아치하지 않습니다. 팔꿈치를 시작 궤적에 올립니다.
이 자세에서 이것만 확인하세요.
👉 허리가 과하게 꺾이지 않는지

🔥 ③ 운동 방법
플레이트를 싣고 위로 밀었다 복귀.
반동으로 올리지 마세요. 팔꿈치가 궤적을 주도하게 둡니다.

💥 ④ 최고 수축
목표 근육이 가장 조여지는 끝 지점에서 멈춥니다.
⏱️ 1초 STOP
튕기지 말고 그 지점에서 1초만 소유하세요. 무게를 놓는 순간이 아닙니다.

🐌 ⑤ 천천히 돌아오기
중량을 그냥 놓지 마세요.
2~3초 동안 통제하면서 복귀합니다.
시작 자세로 돌아갈 때도 같은 궤적을 유지하세요.

❌ 흔한 실수
❌ 반동으로 밀어 올리는
템포를 늦추고 같은 궤적만 반복하세요.
❌ 허리를 꺾어 프레스하는 것
자세가 무너지면 무게를 낮추세요.
❌ 어깨를 귀 쪽으로 으쓱하는 것
어깨를 귀에서 멀리 두고 다시 시작하세요.
❌ 반동으로 들어 올리는 것
템포를 늦추고 같은 궤적만 반복하세요.
❌ 양쪽 플레이트 무게를 다르게 올리는 것
양쪽을 맞춘 뒤 가벼운 세트로 좌우를 확인하세요.

💡 MACHINE FIT PRO TIP
🔥 이 항목은 해머 스트렝스 전용 SKU가 없습니다. ""플레이트로드 숄더 프레스""로 분류된 실제 기구의 패드·레버·안전장치만 믿고, 가벼운 무게로 5회 리허설 후 본 세트를 시작하세요.

🎯 MACHINE FIT CHECK
🟢 시트/패드 → 몸에 맞춤
🟢 팔꿈치 → 미는/드는 방향
🟢 원판 → 좌우 동일
🟢 복귀 → 2~3초 통제

### 🔥 이것만 기억하세요

""견갑을 안정시킨 채 원판 부하로 수직 프레스. 끝에서 1초, 복귀는 통제.""","🏋️ MIGANG — Plate-Loaded Shoulder Press

🎯 ONE KEY CUE
🔥 ""Stabilize the scapulae and press vertically under plate load""

There is no dedicated Migang SKU for this category. Confirm pads, levers, and safeties on the unit in your gym, then follow the movement pattern below.

⚙️ ① Setup
🪑 Seat / pads
Fit the seat to your body so the start position sits naturally on the working joint.
🤲 Grip / hands
Take a comfortable grip width and keep the wrists stacked, not bent.
⚙️ Adjustments
Check 시트, 시작용 로드 추출 풋 지지, 중량. Match plates on both sides — do not load one arm first.

💪 ② Start position
Drop the ribs — do not over-arch. Set the elbows on the press path.
Check only this:
👉 Low back not over-arched

🔥 ③ Execution
No bounce. Let the elbows own the path.
Press or raise on the guided path, then lower without dumping the shoulders.

💥 ④ Peak contraction
Stop where the target muscle is most shortened.
⏱️ 1-second STOP
Own that position for one second. This is not where you dump the weight.

🐌 ⑤ Controlled return
Do not dump the load.
Take 2–3 seconds on the way back.
Return on the same path you pressed or pulled.

❌ Common mistakes
❌ Pressing with an over-arched low back
If position breaks, cut the load.
❌ Shrugging the shoulders into the ears
Keep the shoulders away from the ears and restart.
❌ Bouncing the weight up
Slow the tempo and repeat one clean path.
❌ Loading unequal plates
Match both sides, then confirm with a light set.

💡 MACHINE FIT PRO TIP
🔥 No dedicated Hammer Strength SKU for this slot. Trust the pads/levers/safeties on the unit labeled like ""Plate-Loaded Shoulder Press"", rehearse five light reps, then start working sets.

🎯 MACHINE FIT CHECK
🟢 Seat/pad → fitted
🟢 Elbows → press/raise direction
🟢 Plates → matched
🟢 Return → 2–3 sec control

### 🔥 Remember this

""Stabilize the scapulae and press vertically under plate load. One-second peak, controlled return."""
MIGANG,레터럴 레이즈,Lateral Raise,,BRAND_MODEL_NOT_FOUND,Migang,,https://blog.naver.com/pinkd001y/222976642460,미강(Migang) 파워짐 공개 딜러·중고 리스트에서 '레터럴 레이즈' 전용 SKU가 확인되지 않습니다,"시트, 시작용 로드 추출 풋 지지, 중량","🏋️ MIGANG — 레터럴 레이즈

🎯 ONE KEY CUE
🔥 ""팔꿈치를 살짝 굽힌 채 어깨 높이까지만 들기""

미강 전용 모델이 없는 카테고리입니다. 헬스장에 있는 실제 기구의 패드·레버·안전장치를 먼저 확인한 뒤, 아래 패턴으로 움직이세요.

⚙️ ① 기구 세팅
🪑 좌석 / 패드
시트를 몸에 맞추세요. 시작 위치가 어깨·관절에 자연스럽게 오는지 확인합니다.
🤲 그립 / 손 위치
손잡이를 편안한 너비로 잡으세요. 손목이 꺾이지 않게 합니다.
⚙️ 조절 포인트
시트, 시작용 로드 추출 풋 지지, 중량을 확인하세요.

💪 ② 시작 자세
갈비뼈를 내리고 허리를 과하게 아치하지 않습니다. 팔꿈치를 시작 궤적에 올립니다.
이 자세에서 이것만 확인하세요.
👉 허리가 과하게 꺾이지 않는지

🔥 ③ 운동 방법
옆에서 어깨 높이로 들었다 내리기.
반동으로 올리지 마세요. 팔꿈치가 궤적을 주도하게 둡니다.

💥 ④ 최고 수축
목표 근육이 가장 조여지는 끝 지점에서 멈춥니다.
⏱️ 1초 STOP
튕기지 말고 그 지점에서 1초만 소유하세요. 무게를 놓는 순간이 아닙니다.

🐌 ⑤ 천천히 돌아오기
중량을 그냥 놓지 마세요.
2~3초 동안 통제하면서 복귀합니다.
시작 자세로 돌아갈 때도 같은 궤적을 유지하세요.

❌ 흔한 실수
❌ 승모를 으쓱하며 너무 높이 드는
어깨를 귀에서 멀리 두고 다시 시작하세요.
❌ 허리를 꺾어 프레스하는 것
자세가 무너지면 무게를 낮추세요.
❌ 어깨를 귀 쪽으로 으쓱하는 것
어깨를 귀에서 멀리 두고 다시 시작하세요.
❌ 반동으로 들어 올리는 것
템포를 늦추고 같은 궤적만 반복하세요.

💡 MACHINE FIT PRO TIP
🔥 이 항목은 해머 스트렝스 전용 SKU가 없습니다. ""레터럴 레이즈""로 분류된 실제 기구의 패드·레버·안전장치만 믿고, 가벼운 무게로 5회 리허설 후 본 세트를 시작하세요.

🎯 MACHINE FIT CHECK
🟢 시트/패드 → 몸에 맞춤
🟢 팔꿈치 → 미는/드는 방향
🟢 어깨 → 으쓱하지 않기
🟢 복귀 → 2~3초 통제

### 🔥 이것만 기억하세요

""팔꿈치를 살짝 굽힌 채 어깨 높이까지만 들기. 끝에서 1초, 복귀는 통제.""","🏋️ MIGANG — Lateral Raise

🎯 ONE KEY CUE
🔥 ""With soft elbows, raise only to shoulder height""

There is no dedicated Migang SKU for this category. Confirm pads, levers, and safeties on the unit in your gym, then follow the movement pattern below.

⚙️ ① Setup
🪑 Seat / pads
Fit the seat to your body so the start position sits naturally on the working joint.
🤲 Grip / hands
Take a comfortable grip width and keep the wrists stacked, not bent.
⚙️ Adjustments
Check 시트, 시작용 로드 추출 풋 지지, 중량.

💪 ② Start position
Drop the ribs — do not over-arch. Set the elbows on the press path.
Check only this:
👉 Low back not over-arched

🔥 ③ Execution
No bounce. Let the elbows own the path.
Press or raise on the guided path, then lower without dumping the shoulders.

💥 ④ Peak contraction
Stop where the target muscle is most shortened.
⏱️ 1-second STOP
Own that position for one second. This is not where you dump the weight.

🐌 ⑤ Controlled return
Do not dump the load.
Take 2–3 seconds on the way back.
Return on the same path you pressed or pulled.

❌ Common mistakes
❌ Pressing with an over-arched low back
If position breaks, cut the load.
❌ Shrugging the shoulders into the ears
Keep the shoulders away from the ears and restart.
❌ Bouncing the weight up
Slow the tempo and repeat one clean path.

💡 MACHINE FIT PRO TIP
🔥 No dedicated Hammer Strength SKU for this slot. Trust the pads/levers/safeties on the unit labeled like ""Lateral Raise"", rehearse five light reps, then start working sets.

🎯 MACHINE FIT CHECK
🟢 Seat/pad → fitted
🟢 Elbows → press/raise direction
🟢 Shoulders → not shrugged
🟢 Return → 2–3 sec control

### 🔥 Remember this

""With soft elbows, raise only to shoulder height. One-second peak, controlled return."""
MIGANG,머신 레터럴 레이즈,Machine Lateral Raise,,BRAND_MODEL_NOT_FOUND,Migang,,https://blog.naver.com/pinkd001y/222976642460,미강(Migang) 파워짐 공개 딜러·중고 리스트에서 '머신 레터럴 레이즈' 전용 SKU가 확인되지 않습니다,"시트, 시작용 로드 추출 풋 지지, 중량","🏋️ MIGANG — 머신 레터럴 레이즈

🎯 ONE KEY CUE
🔥 ""패드에 팔을 붙이고 측면으로 들어 올리기""

미강 전용 모델이 없는 카테고리입니다. 헬스장에 있는 실제 기구의 패드·레버·안전장치를 먼저 확인한 뒤, 아래 패턴으로 움직이세요.

⚙️ ① 기구 세팅
🪑 좌석 / 패드
시트를 몸에 맞추세요. 시작 위치가 어깨·관절에 자연스럽게 오는지 확인합니다.
🤲 그립 / 손 위치
손잡이를 편안한 너비로 잡으세요. 손목이 꺾이지 않게 합니다.
⚙️ 조절 포인트
시트, 시작용 로드 추출 풋 지지, 중량을 확인하세요.

💪 ② 시작 자세
갈비뼈를 내리고 허리를 과하게 아치하지 않습니다. 팔꿈치를 시작 궤적에 올립니다.
이 자세에서 이것만 확인하세요.
👉 허리가 과하게 꺾이지 않는지

🔥 ③ 운동 방법
옆구리에서 어깨 높이로 들었다 복귀.
반동으로 올리지 마세요. 팔꿈치가 궤적을 주도하게 둡니다.

💥 ④ 최고 수축
목표 근육이 가장 조여지는 끝 지점에서 멈춥니다.
⏱️ 1초 STOP
튕기지 말고 그 지점에서 1초만 소유하세요. 무게를 놓는 순간이 아닙니다.

🐌 ⑤ 천천히 돌아오기
중량을 그냥 놓지 마세요.
2~3초 동안 통제하면서 복귀합니다.
시작 자세로 돌아갈 때도 같은 궤적을 유지하세요.

❌ 흔한 실수
❌ 상체를 기울여 반동하는
템포를 늦추고 같은 궤적만 반복하세요.
❌ 허리를 꺾어 프레스하는 것
자세가 무너지면 무게를 낮추세요.
❌ 어깨를 귀 쪽으로 으쓱하는 것
어깨를 귀에서 멀리 두고 다시 시작하세요.
❌ 반동으로 들어 올리는 것
템포를 늦추고 같은 궤적만 반복하세요.

💡 MACHINE FIT PRO TIP
🔥 이 항목은 해머 스트렝스 전용 SKU가 없습니다. ""머신 레터럴 레이즈""로 분류된 실제 기구의 패드·레버·안전장치만 믿고, 가벼운 무게로 5회 리허설 후 본 세트를 시작하세요.

🎯 MACHINE FIT CHECK
🟢 시트/패드 → 몸에 맞춤
🟢 팔꿈치 → 미는/드는 방향
🟢 어깨 → 으쓱하지 않기
🟢 복귀 → 2~3초 통제

### 🔥 이것만 기억하세요

""패드에 팔을 붙이고 측면으로 들어 올리기. 끝에서 1초, 복귀는 통제.""","🏋️ MIGANG — Machine Lateral Raise

🎯 ONE KEY CUE
🔥 ""Keep arms on the pads and raise out to the sides""

There is no dedicated Migang SKU for this category. Confirm pads, levers, and safeties on the unit in your gym, then follow the movement pattern below.

⚙️ ① Setup
🪑 Seat / pads
Fit the seat to your body so the start position sits naturally on the working joint.
🤲 Grip / hands
Take a comfortable grip width and keep the wrists stacked, not bent.
⚙️ Adjustments
Check 시트, 시작용 로드 추출 풋 지지, 중량.

💪 ② Start position
Drop the ribs — do not over-arch. Set the elbows on the press path.
Check only this:
👉 Low back not over-arched

🔥 ③ Execution
No bounce. Let the elbows own the path.
Press or raise on the guided path, then lower without dumping the shoulders.

💥 ④ Peak contraction
Stop where the target muscle is most shortened.
⏱️ 1-second STOP
Own that position for one second. This is not where you dump the weight.

🐌 ⑤ Controlled return
Do not dump the load.
Take 2–3 seconds on the way back.
Return on the same path you pressed or pulled.

❌ Common mistakes
❌ Pressing with an over-arched low back
If position breaks, cut the load.
❌ Shrugging the shoulders into the ears
Keep the shoulders away from the ears and restart.
❌ Bouncing the weight up
Slow the tempo and repeat one clean path.

💡 MACHINE FIT PRO TIP
🔥 No dedicated Hammer Strength SKU for this slot. Trust the pads/levers/safeties on the unit labeled like ""Machine Lateral Raise"", rehearse five light reps, then start working sets.

🎯 MACHINE FIT CHECK
🟢 Seat/pad → fitted
🟢 Elbows → press/raise direction
🟢 Shoulders → not shrugged
🟢 Return → 2–3 sec control

### 🔥 Remember this

""Keep arms on the pads and raise out to the sides. One-second peak, controlled return."""
MIGANG,리어 델트,Rear Delt,,BRAND_MODEL_NOT_FOUND,Migang,,https://blog.naver.com/pinkd001y/222976642460,미강(Migang) 파워짐 공개 딜러·중고 리스트에서 '리어 델트' 전용 SKU가 확인되지 않습니다,"시트, 시작용 로드 추출 풋 지지, 중량","🏋️ MIGANG — 리어 델트

🎯 ONE KEY CUE
🔥 ""가슴을 고정하고 후면 어깨로 팔을 벌리기""

미강 전용 모델이 없는 카테고리입니다. 헬스장에 있는 실제 기구의 패드·레버·안전장치를 먼저 확인한 뒤, 아래 패턴으로 움직이세요.

⚙️ ① 기구 세팅
🪑 좌석 / 패드
시트를 몸에 맞추세요. 시작 위치가 어깨·관절에 자연스럽게 오는지 확인합니다.
🤲 그립 / 손 위치
손잡이를 편안한 너비로 잡으세요. 손목이 꺾이지 않게 합니다.
⚙️ 조절 포인트
시트, 시작용 로드 추출 풋 지지, 중량을 확인하세요.

💪 ② 시작 자세
갈비뼈를 내리고 허리를 과하게 아치하지 않습니다. 팔꿈치를 시작 궤적에 올립니다.
이 자세에서 이것만 확인하세요.
👉 허리가 과하게 꺾이지 않는지

🔥 ③ 운동 방법
앞에서 뒤로 팔을 벌렸다 복귀.
반동으로 올리지 마세요. 팔꿈치가 궤적을 주도하게 둡니다.

💥 ④ 최고 수축
목표 근육이 가장 조여지는 끝 지점에서 멈춥니다.
⏱️ 1초 STOP
튕기지 말고 그 지점에서 1초만 소유하세요. 무게를 놓는 순간이 아닙니다.

🐌 ⑤ 천천히 돌아오기
중량을 그냥 놓지 마세요.
2~3초 동안 통제하면서 복귀합니다.
시작 자세로 돌아갈 때도 같은 궤적을 유지하세요.

❌ 흔한 실수
❌ 승모를 으쓱하며 무게를 들어 올리는
어깨를 귀에서 멀리 두고 다시 시작하세요.
❌ 허리를 꺾어 프레스하는 것
자세가 무너지면 무게를 낮추세요.
❌ 어깨를 귀 쪽으로 으쓱하는 것
어깨를 귀에서 멀리 두고 다시 시작하세요.
❌ 반동으로 들어 올리는 것
템포를 늦추고 같은 궤적만 반복하세요.

💡 MACHINE FIT PRO TIP
🔥 이 항목은 해머 스트렝스 전용 SKU가 없습니다. ""리어 델트""로 분류된 실제 기구의 패드·레버·안전장치만 믿고, 가벼운 무게로 5회 리허설 후 본 세트를 시작하세요.

🎯 MACHINE FIT CHECK
🟢 시트/패드 → 몸에 맞춤
🟢 팔꿈치 → 미는/드는 방향
🟢 어깨 → 으쓱하지 않기
🟢 복귀 → 2~3초 통제

### 🔥 이것만 기억하세요

""가슴을 고정하고 후면 어깨로 팔을 벌리기. 끝에서 1초, 복귀는 통제.""","🏋️ MIGANG — Rear Delt

🎯 ONE KEY CUE
🔥 ""Brace the chest and open the arms with the rear delts""

There is no dedicated Migang SKU for this category. Confirm pads, levers, and safeties on the unit in your gym, then follow the movement pattern below.

⚙️ ① Setup
🪑 Seat / pads
Fit the seat to your body so the start position sits naturally on the working joint.
🤲 Grip / hands
Take a comfortable grip width and keep the wrists stacked, not bent.
⚙️ Adjustments
Check 시트, 시작용 로드 추출 풋 지지, 중량.

💪 ② Start position
Drop the ribs — do not over-arch. Set the elbows on the press path.
Check only this:
👉 Low back not over-arched

🔥 ③ Execution
No bounce. Let the elbows own the path.
Press or raise on the guided path, then lower without dumping the shoulders.

💥 ④ Peak contraction
Stop where the target muscle is most shortened.
⏱️ 1-second STOP
Own that position for one second. This is not where you dump the weight.

🐌 ⑤ Controlled return
Do not dump the load.
Take 2–3 seconds on the way back.
Return on the same path you pressed or pulled.

❌ Common mistakes
❌ Pressing with an over-arched low back
If position breaks, cut the load.
❌ Shrugging the shoulders into the ears
Keep the shoulders away from the ears and restart.
❌ Bouncing the weight up
Slow the tempo and repeat one clean path.

💡 MACHINE FIT PRO TIP
🔥 No dedicated Hammer Strength SKU for this slot. Trust the pads/levers/safeties on the unit labeled like ""Rear Delt"", rehearse five light reps, then start working sets.

🎯 MACHINE FIT CHECK
🟢 Seat/pad → fitted
🟢 Elbows → press/raise direction
🟢 Shoulders → not shrugged
🟢 Return → 2–3 sec control

### 🔥 Remember this

""Brace the chest and open the arms with the rear delts. One-second peak, controlled return."""
MIGANG,프론트 레이즈,Front Raise,,BRAND_MODEL_NOT_FOUND,Migang,,https://blog.naver.com/pinkd001y/222976642460,미강(Migang) 파워짐 공개 딜러·중고 리스트에서 '프론트 레이즈' 전용 SKU가 확인되지 않습니다,"시트, 시작용 로드 추출 풋 지지, 중량","🏋️ MIGANG — 프론트 레이즈

🎯 ONE KEY CUE
🔥 ""팔꿈치를 고정한 채 전면 어깨로 앞으로 들기""

미강 전용 모델이 없는 카테고리입니다. 헬스장에 있는 실제 기구의 패드·레버·안전장치를 먼저 확인한 뒤, 아래 패턴으로 움직이세요.

⚙️ ① 기구 세팅
🪑 좌석 / 패드
시트를 몸에 맞추세요. 시작 위치가 어깨·관절에 자연스럽게 오는지 확인합니다.
🤲 그립 / 손 위치
손잡이를 편안한 너비로 잡으세요. 손목이 꺾이지 않게 합니다.
⚙️ 조절 포인트
시트, 시작용 로드 추출 풋 지지, 중량을 확인하세요.

💪 ② 시작 자세
갈비뼈를 내리고 허리를 과하게 아치하지 않습니다. 팔꿈치를 시작 궤적에 올립니다.
이 자세에서 이것만 확인하세요.
👉 허리가 과하게 꺾이지 않는지

🔥 ③ 운동 방법
허벅지 앞에서 어깨 높이로 들기.
반동으로 올리지 마세요. 팔꿈치가 궤적을 주도하게 둡니다.

💥 ④ 최고 수축
목표 근육이 가장 조여지는 끝 지점에서 멈춥니다.
⏱️ 1초 STOP
튕기지 말고 그 지점에서 1초만 소유하세요. 무게를 놓는 순간이 아닙니다.

🐌 ⑤ 천천히 돌아오기
중량을 그냥 놓지 마세요.
2~3초 동안 통제하면서 복귀합니다.
시작 자세로 돌아갈 때도 같은 궤적을 유지하세요.

❌ 흔한 실수
❌ 허리 반동으로 들어 올리는
템포를 늦추고 같은 궤적만 반복하세요.
❌ 허리를 꺾어 프레스하는 것
자세가 무너지면 무게를 낮추세요.
❌ 어깨를 귀 쪽으로 으쓱하는 것
어깨를 귀에서 멀리 두고 다시 시작하세요.
❌ 반동으로 들어 올리는 것
템포를 늦추고 같은 궤적만 반복하세요.

💡 MACHINE FIT PRO TIP
🔥 이 항목은 해머 스트렝스 전용 SKU가 없습니다. ""프론트 레이즈""로 분류된 실제 기구의 패드·레버·안전장치만 믿고, 가벼운 무게로 5회 리허설 후 본 세트를 시작하세요.

🎯 MACHINE FIT CHECK
🟢 시트/패드 → 몸에 맞춤
🟢 팔꿈치 → 미는/드는 방향
🟢 어깨 → 으쓱하지 않기
🟢 복귀 → 2~3초 통제

### 🔥 이것만 기억하세요

""팔꿈치를 고정한 채 전면 어깨로 앞으로 들기. 끝에서 1초, 복귀는 통제.""","🏋️ MIGANG — Front Raise

🎯 ONE KEY CUE
🔥 ""Keep elbow angle set and raise forward with the front delts""

There is no dedicated Migang SKU for this category. Confirm pads, levers, and safeties on the unit in your gym, then follow the movement pattern below.

⚙️ ① Setup
🪑 Seat / pads
Fit the seat to your body so the start position sits naturally on the working joint.
🤲 Grip / hands
Take a comfortable grip width and keep the wrists stacked, not bent.
⚙️ Adjustments
Check 시트, 시작용 로드 추출 풋 지지, 중량.

💪 ② Start position
Drop the ribs — do not over-arch. Set the elbows on the press path.
Check only this:
👉 Low back not over-arched

🔥 ③ Execution
No bounce. Let the elbows own the path.
Press or raise on the guided path, then lower without dumping the shoulders.

💥 ④ Peak contraction
Stop where the target muscle is most shortened.
⏱️ 1-second STOP
Own that position for one second. This is not where you dump the weight.

🐌 ⑤ Controlled return
Do not dump the load.
Take 2–3 seconds on the way back.
Return on the same path you pressed or pulled.

❌ Common mistakes
❌ Pressing with an over-arched low back
If position breaks, cut the load.
❌ Shrugging the shoulders into the ears
Keep the shoulders away from the ears and restart.
❌ Bouncing the weight up
Slow the tempo and repeat one clean path.

💡 MACHINE FIT PRO TIP
🔥 No dedicated Hammer Strength SKU for this slot. Trust the pads/levers/safeties on the unit labeled like ""Front Raise"", rehearse five light reps, then start working sets.

🎯 MACHINE FIT CHECK
🟢 Seat/pad → fitted
🟢 Elbows → press/raise direction
🟢 Shoulders → not shrugged
🟢 Return → 2–3 sec control

### 🔥 Remember this

""Keep elbow angle set and raise forward with the front delts. One-second peak, controlled return."""
MIGANG,업라이트 로우,Upright Row,,BRAND_MODEL_NOT_FOUND,Migang,,https://blog.naver.com/pinkd001y/222976642460,미강(Migang) 파워짐 공개 딜러·중고 리스트에서 '업라이트 로우' 전용 SKU가 확인되지 않습니다,"시트, 가슴 패드 또는 허벅지 패드, 그립, 중량","🏋️ MIGANG — 업라이트 로우

🎯 ONE KEY CUE
🔥 ""팔꿈치를 손보다 높여 쇄골 높이까지만 당기기""

미강 전용 모델이 없는 카테고리입니다. 헬스장에 있는 실제 기구의 패드·레버·안전장치를 먼저 확인한 뒤, 아래 패턴으로 움직이세요.

⚙️ ① 기구 세팅
🪑 좌석 / 패드
시트를 몸에 맞추세요. 시작 위치가 어깨·관절에 자연스럽게 오는지 확인합니다.
🤲 그립 / 손 위치
그립를 편안한 너비로 잡으세요. 손목이 꺾이지 않게 합니다.
⚙️ 조절 포인트
시트, 가슴 패드 또는 허벅지 패드, 그립, 중량을 확인하세요.

💪 ② 시작 자세
갈비뼈를 내리고 허리를 과하게 아치하지 않습니다. 팔꿈치를 시작 궤적에 올립니다.
이 자세에서 이것만 확인하세요.
👉 허리가 과하게 꺾이지 않는지

🔥 ③ 운동 방법
아래에서 쇄골 높이로 당겼다 복귀.
반동으로 올리지 마세요. 팔꿈치가 궤적을 주도하게 둡니다.

💥 ④ 최고 수축
목표 근육이 가장 조여지는 끝 지점에서 멈춥니다.
⏱️ 1초 STOP
튕기지 말고 그 지점에서 1초만 소유하세요. 무게를 놓는 순간이 아닙니다.

🐌 ⑤ 천천히 돌아오기
중량을 그냥 놓지 마세요.
2~3초 동안 통제하면서 복귀합니다.
시작 자세로 돌아갈 때도 같은 궤적을 유지하세요.

❌ 흔한 실수
❌ 너무 높이 당겨 어깨를 압박하는
자세가 무너지면 무게를 낮추세요.
❌ 허리를 꺾어 프레스하는 것
자세가 무너지면 무게를 낮추세요.
❌ 어깨를 귀 쪽으로 으쓱하는 것
어깨를 귀에서 멀리 두고 다시 시작하세요.
❌ 반동으로 들어 올리는 것
템포를 늦추고 같은 궤적만 반복하세요.

💡 MACHINE FIT PRO TIP
🔥 이 항목은 해머 스트렝스 전용 SKU가 없습니다. ""업라이트 로우""로 분류된 실제 기구의 패드·레버·안전장치만 믿고, 가벼운 무게로 5회 리허설 후 본 세트를 시작하세요.

🎯 MACHINE FIT CHECK
🟢 시트/패드 → 몸에 맞춤
🟢 팔꿈치 → 미는/드는 방향
🟢 어깨 → 으쓱하지 않기
🟢 복귀 → 2~3초 통제

### 🔥 이것만 기억하세요

""팔꿈치를 손보다 높여 쇄골 높이까지만 당기기. 끝에서 1초, 복귀는 통제.""","🏋️ MIGANG — Upright Row

🎯 ONE KEY CUE
🔥 ""Lead with the elbows and pull only to collarbone height""

There is no dedicated Migang SKU for this category. Confirm pads, levers, and safeties on the unit in your gym, then follow the movement pattern below.

⚙️ ① Setup
🪑 Seat / pads
Fit the seat to your body so the start position sits naturally on the working joint.
🤲 Grip / hands
Take a comfortable grip width and keep the wrists stacked, not bent.
⚙️ Adjustments
Check 시트, 가슴 패드 또는 허벅지 패드, 그립, 중량.

💪 ② Start position
Drop the ribs — do not over-arch. Set the elbows on the press path.
Check only this:
👉 Low back not over-arched

🔥 ③ Execution
No bounce. Let the elbows own the path.
Press or raise on the guided path, then lower without dumping the shoulders.

💥 ④ Peak contraction
Stop where the target muscle is most shortened.
⏱️ 1-second STOP
Own that position for one second. This is not where you dump the weight.

🐌 ⑤ Controlled return
Do not dump the load.
Take 2–3 seconds on the way back.
Return on the same path you pressed or pulled.

❌ Common mistakes
❌ Pressing with an over-arched low back
If position breaks, cut the load.
❌ Shrugging the shoulders into the ears
Keep the shoulders away from the ears and restart.
❌ Bouncing the weight up
Slow the tempo and repeat one clean path.

💡 MACHINE FIT PRO TIP
🔥 No dedicated Hammer Strength SKU for this slot. Trust the pads/levers/safeties on the unit labeled like ""Upright Row"", rehearse five light reps, then start working sets.

🎯 MACHINE FIT CHECK
🟢 Seat/pad → fitted
🟢 Elbows → press/raise direction
🟢 Shoulders → not shrugged
🟢 Return → 2–3 sec control

### 🔥 Remember this

""Lead with the elbows and pull only to collarbone height. One-second peak, controlled return."""
MIGANG,로테이터 머신,Rotator Machine,,BRAND_MODEL_NOT_FOUND,Migang,,https://blog.naver.com/pinkd001y/222976642460,미강(Migang) 파워짐 공개 딜러·중고 리스트에서 '로테이터 머신' 전용 SKU가 확인되지 않습니다,"시트/패드, 가동 범위, 중량","🏋️ MIGANG — 로테이터 머신

🎯 ONE KEY CUE
🔥 ""팔꿈치를 옆구리에 붙인 채 회전만 수행""

미강 전용 모델이 없는 카테고리입니다. 헬스장에 있는 실제 기구의 패드·레버·안전장치를 먼저 확인한 뒤, 아래 패턴으로 움직이세요.

⚙️ ① 기구 세팅
🪑 좌석 / 패드
시트를 몸에 맞추세요. 시작 위치가 어깨·관절에 자연스럽게 오는지 확인합니다.
🤲 그립 / 손 위치
손잡이를 편안한 너비로 잡으세요. 손목이 꺾이지 않게 합니다.
⚙️ 조절 포인트
시트/패드, 가동 범위, 중량을 확인하세요.

💪 ② 시작 자세
갈비뼈를 내리고 허리를 과하게 아치하지 않습니다. 팔꿈치를 시작 궤적에 올립니다.
이 자세에서 이것만 확인하세요.
👉 허리가 과하게 꺾이지 않는지

🔥 ③ 운동 방법
내외회전 구간을 천천히 왕복.
반동으로 올리지 마세요. 팔꿈치가 궤적을 주도하게 둡니다.

💥 ④ 최고 수축
목표 근육이 가장 조여지는 끝 지점에서 멈춥니다.
⏱️ 1초 STOP
튕기지 말고 그 지점에서 1초만 소유하세요. 무게를 놓는 순간이 아닙니다.

🐌 ⑤ 천천히 돌아오기
중량을 그냥 놓지 마세요.
2~3초 동안 통제하면서 복귀합니다.
시작 자세로 돌아갈 때도 같은 궤적을 유지하세요.

❌ 흔한 실수
❌ 무게를 키워 몸통까지 돌리는
자세가 무너지면 무게를 낮추세요.
❌ 허리를 꺾어 프레스하는 것
자세가 무너지면 무게를 낮추세요.
❌ 어깨를 귀 쪽으로 으쓱하는 것
어깨를 귀에서 멀리 두고 다시 시작하세요.
❌ 반동으로 들어 올리는 것
템포를 늦추고 같은 궤적만 반복하세요.

💡 MACHINE FIT PRO TIP
🔥 이 항목은 해머 스트렝스 전용 SKU가 없습니다. ""로테이터 머신""로 분류된 실제 기구의 패드·레버·안전장치만 믿고, 가벼운 무게로 5회 리허설 후 본 세트를 시작하세요.

🎯 MACHINE FIT CHECK
🟢 시트/패드 → 몸에 맞춤
🟢 팔꿈치 → 미는/드는 방향
🟢 어깨 → 으쓱하지 않기
🟢 복귀 → 2~3초 통제

### 🔥 이것만 기억하세요

""팔꿈치를 옆구리에 붙인 채 회전만 수행. 끝에서 1초, 복귀는 통제.""","🏋️ MIGANG — Rotator Machine

🎯 ONE KEY CUE
🔥 ""Keep elbows at the sides and rotate without shrugging""

There is no dedicated Migang SKU for this category. Confirm pads, levers, and safeties on the unit in your gym, then follow the movement pattern below.

⚙️ ① Setup
🪑 Seat / pads
Fit the seat to your body so the start position sits naturally on the working joint.
🤲 Grip / hands
Take a comfortable grip width and keep the wrists stacked, not bent.
⚙️ Adjustments
Check 시트/패드, 가동 범위, 중량.

💪 ② Start position
Drop the ribs — do not over-arch. Set the elbows on the press path.
Check only this:
👉 Low back not over-arched

🔥 ③ Execution
No bounce. Let the elbows own the path.
Press or raise on the guided path, then lower without dumping the shoulders.

💥 ④ Peak contraction
Stop where the target muscle is most shortened.
⏱️ 1-second STOP
Own that position for one second. This is not where you dump the weight.

🐌 ⑤ Controlled return
Do not dump the load.
Take 2–3 seconds on the way back.
Return on the same path you pressed or pulled.

❌ Common mistakes
❌ Pressing with an over-arched low back
If position breaks, cut the load.
❌ Shrugging the shoulders into the ears
Keep the shoulders away from the ears and restart.
❌ Bouncing the weight up
Slow the tempo and repeat one clean path.

💡 MACHINE FIT PRO TIP
🔥 No dedicated Hammer Strength SKU for this slot. Trust the pads/levers/safeties on the unit labeled like ""Rotator Machine"", rehearse five light reps, then start working sets.

🎯 MACHINE FIT CHECK
🟢 Seat/pad → fitted
🟢 Elbows → press/raise direction
🟢 Shoulders → not shrugged
🟢 Return → 2–3 sec control

### 🔥 Remember this

""Keep elbows at the sides and rotate without shrugging. One-second peak, controlled return."""
MIGANG,숄더 프레스 / 레터럴 복합 머신,Shoulder Press / Lateral Combo,,BRAND_MODEL_NOT_FOUND,Migang,,https://blog.naver.com/pinkd001y/222976642460,미강(Migang) 파워짐 공개 딜러·중고 리스트에서 '숄더 프레스 / 레터럴 복합 머신' 전용 SKU가 확인되지 않습니다,"시트, 시작용 로드 추출 풋 지지, 중량","🏋️ MIGANG — 숄더 프레스 / 레터럴 복합 머신

🎯 ONE KEY CUE
🔥 ""프레스와 레이즈 모드를 구분해 궤적을 지키기""

미강 전용 모델이 없는 카테고리입니다. 헬스장에 있는 실제 기구의 패드·레버·안전장치를 먼저 확인한 뒤, 아래 패턴으로 움직이세요.

⚙️ ① 기구 세팅
🪑 좌석 / 패드
시트를 몸에 맞추세요. 시작 위치가 어깨·관절에 자연스럽게 오는지 확인합니다.
🤲 그립 / 손 위치
손잡이를 편안한 너비로 잡으세요. 손목이 꺾이지 않게 합니다.
⚙️ 조절 포인트
시트, 시작용 로드 추출 풋 지지, 중량을 확인하세요.

💪 ② 시작 자세
갈비뼈를 내리고 허리를 과하게 아치하지 않습니다. 팔꿈치를 시작 궤적에 올립니다.
이 자세에서 이것만 확인하세요.
👉 허리가 과하게 꺾이지 않는지

🔥 ③ 운동 방법
선택한 모드의 궤적으로 밀거나 들기.
반동으로 올리지 마세요. 팔꿈치가 궤적을 주도하게 둡니다.

💥 ④ 최고 수축
목표 근육이 가장 조여지는 끝 지점에서 멈춥니다.
⏱️ 1초 STOP
튕기지 말고 그 지점에서 1초만 소유하세요. 무게를 놓는 순간이 아닙니다.

🐌 ⑤ 천천히 돌아오기
중량을 그냥 놓지 마세요.
2~3초 동안 통제하면서 복귀합니다.
시작 자세로 돌아갈 때도 같은 궤적을 유지하세요.

❌ 흔한 실수
❌ 모드를 섞어 반동으로 수행하는
템포를 늦추고 같은 궤적만 반복하세요.
❌ 허리를 꺾어 프레스하는 것
자세가 무너지면 무게를 낮추세요.
❌ 어깨를 귀 쪽으로 으쓱하는 것
어깨를 귀에서 멀리 두고 다시 시작하세요.
❌ 반동으로 들어 올리는 것
템포를 늦추고 같은 궤적만 반복하세요.

💡 MACHINE FIT PRO TIP
🔥 이 항목은 해머 스트렝스 전용 SKU가 없습니다. ""숄더 프레스 / 레터럴 복합 머신""로 분류된 실제 기구의 패드·레버·안전장치만 믿고, 가벼운 무게로 5회 리허설 후 본 세트를 시작하세요.

🎯 MACHINE FIT CHECK
🟢 시트/패드 → 몸에 맞춤
🟢 팔꿈치 → 미는/드는 방향
🟢 어깨 → 으쓱하지 않기
🟢 복귀 → 2~3초 통제

### 🔥 이것만 기억하세요

""프레스와 레이즈 모드를 구분해 궤적을 지키기. 끝에서 1초, 복귀는 통제.""","🏋️ MIGANG — Shoulder Press / Lateral Combo

🎯 ONE KEY CUE
🔥 ""Keep press and raise modes distinct and follow each path""

There is no dedicated Migang SKU for this category. Confirm pads, levers, and safeties on the unit in your gym, then follow the movement pattern below.

⚙️ ① Setup
🪑 Seat / pads
Fit the seat to your body so the start position sits naturally on the working joint.
🤲 Grip / hands
Take a comfortable grip width and keep the wrists stacked, not bent.
⚙️ Adjustments
Check 시트, 시작용 로드 추출 풋 지지, 중량.

💪 ② Start position
Drop the ribs — do not over-arch. Set the elbows on the press path.
Check only this:
👉 Low back not over-arched

🔥 ③ Execution
No bounce. Let the elbows own the path.
Press or raise on the guided path, then lower without dumping the shoulders.

💥 ④ Peak contraction
Stop where the target muscle is most shortened.
⏱️ 1-second STOP
Own that position for one second. This is not where you dump the weight.

🐌 ⑤ Controlled return
Do not dump the load.
Take 2–3 seconds on the way back.
Return on the same path you pressed or pulled.

❌ Common mistakes
❌ Pressing with an over-arched low back
If position breaks, cut the load.
❌ Shrugging the shoulders into the ears
Keep the shoulders away from the ears and restart.
❌ Bouncing the weight up
Slow the tempo and repeat one clean path.

💡 MACHINE FIT PRO TIP
🔥 No dedicated Hammer Strength SKU for this slot. Trust the pads/levers/safeties on the unit labeled like ""Shoulder Press / Lateral Combo"", rehearse five light reps, then start working sets.

🎯 MACHINE FIT CHECK
🟢 Seat/pad → fitted
🟢 Elbows → press/raise direction
🟢 Shoulders → not shrugged
🟢 Return → 2–3 sec control

### 🔥 Remember this

""Keep press and raise modes distinct and follow each path. One-second peak, controlled return."""
MIGANG,레그 프레스,Leg Press,Power Gym Leg Press,VERIFIED,Migang,Power Gym,https://web.joongna.com/product/206388065,미강 파워짐 LEG PRESS로 중고·딜러 매물 및 23종 세트에 확인됩니다,"등판, 시트, 풋 플랫폼, 안전 스토퍼, 중량","🏋️ MIGANG — Power Gym Leg Press · Power Gym

🎯 ONE KEY CUE
🔥 ""무릎이 발끝 방향을 따르게 밀어 올리기""

미강 파워짐 LEG PRESS로 중고·딜러 매물 및 23종 세트에 확인됩니다. Power Gym 구조입니다. 처음부터 무게 올리지 말고, 세팅부터 잡으세요.

⚙️ ① 기구 세팅
🪑 좌석 / 패드
시트부터 맞추세요. 밀었을 때 골반이 말리거나 허리가 뜨지 않는 깊이가 시작점입니다.
🦶 발 위치
발판 중앙에 발을 두고, 무릎이 발끝 방향으로 가게 맞추세요. 너무 높거나 낮으면 골반이 먼저 뜹니다.
⚙️ 조절 포인트
등판, 시트, 풋 플랫폼, 안전 스토퍼, 중량을 확인하세요.

💪 ② 시작 자세
골반을 시트/패드에 붙이고 발 전체로 발판을 느낍니다. 무릎·발끝 방향을 맞춥니다.
이 자세에서 이것만 확인하세요.
👉 골반이 말리지 않는 깊이인지

🔥 ③ 운동 방법
풋 플랫폼을 밀었다 천천히 굽히기.
발판을 “발로 차듯” 밀지 말고, 발 전체로 멀리 보낸다는 느낌으로 밀어요. 무릎은 발끝 방향을 따라갑니다.

💥 ④ 최고 수축
무릎을 완전히 잠그기 직전, 허벅지·둔근이 일을 받는 지점에서 멈춥니다.
⏱️ 1초 STOP
튕기지 말고 그 지점에서 1초만 소유하세요. 무게를 놓는 순간이 아닙니다.

🐌 ⑤ 천천히 돌아오기
중량을 그냥 놓지 마세요.
2~3초 동안 통제하면서 복귀합니다.
내려올 때 골반이 말리는 깊이 직전에서 방향을 바꾸세요.

❌ 흔한 실수
❌ 엉덩이가 들리고 허리가 둥글어지는
자세가 무너지면 깊이·무게를 줄이세요.
❌ 무릎이 안쪽으로 무너지는 것
발끝 방향으로 무릎을 보내세요. 안쪽으로 모이면 바로 중량을 낮춥니다.
❌ 하부 범위에서 요추가 뜨거나 골반이 말리는 것
깊이보다 골반 고정이 먼저입니다. 허리가 뜨면 범위를 줄이세요.
❌ 무릎을 강하게 잠그며 튕기는 것
자세가 무너지면 깊이·무게를 줄이세요.

💡 MACHINE FIT PRO TIP
🔥 Power Gym Leg Press의 가이드 궤적을 이용하세요. 첫 2세트는 천천히, 대칭이 확인된 뒤에만 무게를 올립니다.

🎯 MACHINE FIT CHECK
🟢 시트/패드 → 골반 고정
🟢 발 → 발판 중앙·방향 정렬
🟢 무릎 → 발끝 방향
🟢 복귀 → 2~3초 통제

### 🔥 이것만 기억하세요

""발 전체로 밀고, 골반은 끝까지 안정적으로.""","🏋️ MIGANG — Power Gym Leg Press · Power Gym

🎯 ONE KEY CUE
🔥 ""Press up while keeping knees tracking over the toes""

미강 파워짐 LEG PRESS로 중고·딜러 매물 및 23종 세트에 확인됩니다 Lean into the Power Gym design. Do not chase load until the setup feels locked in.

⚙️ ① Setup
🪑 Seat / pads
Set the seat/back pad first. Your start depth is where the pelvis stays planted and the low back does not peel up.
🦶 Feet
Center the feet. If placement is too high or low, the pelvis lifts first.
⚙️ Adjustments
Check 등판, 시트, 풋 플랫폼, 안전 스토퍼, 중량.

💪 ② Start position
Plant the pelvis and feel the whole foot on the platform. Align knees with toes.
Check only this:
👉 Pelvis not curling under

🔥 ③ Execution
Do not kick the platform. Drive it away through the whole foot and let the knees track the toes.
Bend, press through the mid-foot, and return without bouncing the knees.

💥 ④ Peak contraction
Stop just short of hard lockout where quads/glutes still own the load.
⏱️ 1-second STOP
Own that position for one second. This is not where you dump the weight.

🐌 ⑤ Controlled return
Do not dump the load.
Take 2–3 seconds on the way back.
Reverse before the pelvis curls under.

❌ Common mistakes
❌ Knees collapsing inward
Drive knees with the toes. Reduce load immediately if they cave.
❌ Pelvis curling / low back peeling at the bottom
Own pelvis position before depth.
❌ Snapping into a hard knee lockout
If position breaks, cut the load.

💡 MACHINE FIT PRO TIP
🔥 Use the guided path on Power Gym Leg Press. Slow the first two sets, confirm symmetry, then add load.

🎯 MACHINE FIT CHECK
🟢 Seat/pad → pelvis planted
🟢 Feet → centered and aligned
🟢 Knees → track toes
🟢 Return → 2–3 sec control

### 🔥 Remember this

""Whole-foot drive, pelvis stays honest."""
MIGANG,45도 레그 프레스,45° Leg Press,Power Gym Hammer Leg Press,VERIFIED,Migang,Power Gym Hammer,https://web.joongna.com/product/206398922,미강 파워짐 햄머 레그프레스로 중고 매물에 확인됩니다(45도형 해머 레그프레스),"등판, 풋 플랫폼, 안전 스토퍼, 양쪽 플레이트","🏋️ MIGANG — Power Gym Hammer Leg Press · Power Gym Hammer

🎯 ONE KEY CUE
🔥 ""풋 플랫폼 중앙에 발을 두고 무릎을 과신전하지 않기""

미강 파워짐 햄머 레그프레스로 중고 매물에 확인됩니다(45도형 해머 레그프레스). Power Gym 구조입니다. 처음부터 무게 올리지 말고, 세팅부터 잡으세요.

⚙️ ① 기구 세팅
🦶 발 위치
발판 중앙에 발을 두고, 무릎이 발끝 방향으로 가게 맞추세요. 너무 높거나 낮으면 골반이 먼저 뜹니다.
⚙️ 조절 포인트
등판, 풋 플랫폼, 안전 스토퍼, 양쪽 플레이트를 확인하세요.

💪 ② 시작 자세
골반을 시트/패드에 붙이고 발 전체로 발판을 느낍니다. 무릎·발끝 방향을 맞춥니다.
이 자세에서 이것만 확인하세요.
👉 골반이 말리지 않는 깊이인지

🔥 ③ 운동 방법
45도 궤적으로 밀었다 복귀.
발판을 “발로 차듯” 밀지 말고, 발 전체로 멀리 보낸다는 느낌으로 밀어요. 무릎은 발끝 방향을 따라갑니다.

💥 ④ 최고 수축
무릎을 완전히 잠그기 직전, 허벅지·둔근이 일을 받는 지점에서 멈춥니다.
⏱️ 1초 STOP
튕기지 말고 그 지점에서 1초만 소유하세요. 무게를 놓는 순간이 아닙니다.

🐌 ⑤ 천천히 돌아오기
중량을 그냥 놓지 마세요.
2~3초 동안 통제하면서 복귀합니다.
내려올 때 골반이 말리는 깊이 직전에서 방향을 바꾸세요.

❌ 흔한 실수
❌ 무릎을 안쪽으로 모으며 미는
자세가 무너지면 깊이·무게를 줄이세요.
❌ 무릎이 안쪽으로 무너지는 것
발끝 방향으로 무릎을 보내세요. 안쪽으로 모이면 바로 중량을 낮춥니다.
❌ 하부 범위에서 요추가 뜨거나 골반이 말리는 것
깊이보다 골반 고정이 먼저입니다. 허리가 뜨면 범위를 줄이세요.
❌ 무릎을 강하게 잠그며 튕기는 것
자세가 무너지면 깊이·무게를 줄이세요.

💡 MACHINE FIT PRO TIP
🔥 Power Gym Hammer Leg Press의 가이드 궤적을 이용하세요. 첫 2세트는 천천히, 대칭이 확인된 뒤에만 무게를 올립니다.

🎯 MACHINE FIT CHECK
🟢 시트/패드 → 골반 고정
🟢 발 → 발판 중앙·방향 정렬
🟢 무릎 → 발끝 방향
🟢 복귀 → 2~3초 통제

### 🔥 이것만 기억하세요

""발 전체로 밀고, 골반은 끝까지 안정적으로.""","🏋️ MIGANG — Power Gym Hammer Leg Press · Power Gym Hammer

🎯 ONE KEY CUE
🔥 ""Place feet mid-platform and avoid locking the knees""

미강 파워짐 햄머 레그프레스로 중고 매물에 확인됩니다(45도형 해머 레그프레스) Lean into the Power Gym design. Do not chase load until the setup feels locked in.

⚙️ ① Setup
🦶 Feet
Center the feet. If placement is too high or low, the pelvis lifts first.
⚙️ Adjustments
Check 등판, 풋 플랫폼, 안전 스토퍼, 양쪽 플레이트.

💪 ② Start position
Plant the pelvis and feel the whole foot on the platform. Align knees with toes.
Check only this:
👉 Pelvis not curling under

🔥 ③ Execution
Do not kick the platform. Drive it away through the whole foot and let the knees track the toes.
Bend, press through the mid-foot, and return without bouncing the knees.

💥 ④ Peak contraction
Stop just short of hard lockout where quads/glutes still own the load.
⏱️ 1-second STOP
Own that position for one second. This is not where you dump the weight.

🐌 ⑤ Controlled return
Do not dump the load.
Take 2–3 seconds on the way back.
Reverse before the pelvis curls under.

❌ Common mistakes
❌ Knees collapsing inward
Drive knees with the toes. Reduce load immediately if they cave.
❌ Pelvis curling / low back peeling at the bottom
Own pelvis position before depth.
❌ Snapping into a hard knee lockout
If position breaks, cut the load.

💡 MACHINE FIT PRO TIP
🔥 Use the guided path on Power Gym Hammer Leg Press. Slow the first two sets, confirm symmetry, then add load.

🎯 MACHINE FIT CHECK
🟢 Seat/pad → pelvis planted
🟢 Feet → centered and aligned
🟢 Knees → track toes
🟢 Return → 2–3 sec control

### 🔥 Remember this

""Whole-foot drive, pelvis stays honest."""
MIGANG,수평 레그 프레스,Horizontal Leg Press,,BRAND_MODEL_NOT_FOUND,Migang,,https://blog.naver.com/pinkd001y/222976642460,미강(Migang) 파워짐 공개 딜러·중고 리스트에서 '수평 레그 프레스' 전용 SKU가 확인되지 않습니다,"등판/시트, 풋 플랫폼, 안전 스토퍼, 중량","🏋️ MIGANG — 수평 레그 프레스

🎯 ONE KEY CUE
🔥 ""등판에 허리를 붙인 채 수평으로 밀기""

미강 전용 모델이 없는 카테고리입니다. 헬스장에 있는 실제 기구의 패드·레버·안전장치를 먼저 확인한 뒤, 아래 패턴으로 움직이세요.

⚙️ ① 기구 세팅
🪑 좌석 / 패드
시트부터 맞추세요. 밀었을 때 골반이 말리거나 허리가 뜨지 않는 깊이가 시작점입니다.
🦶 발 위치
수평 궤적에 맞춰 발판 중앙에 발을 안정적으로 두세요. 무릎·발끝 방향을 맞춥니다.
⚙️ 조절 포인트
등판/시트, 풋 플랫폼, 안전 스토퍼, 중량을 확인하세요.

💪 ② 시작 자세
골반을 시트/패드에 붙이고 발 전체로 발판을 느낍니다. 무릎·발끝 방향을 맞춥니다.
이 자세에서 이것만 확인하세요.
👉 골반이 말리지 않는 깊이인지

🔥 ③ 운동 방법
수평으로 밀었다 천천히 복귀.
발판을 “발로 차듯” 밀지 말고, 발 전체로 멀리 보낸다는 느낌으로 밀어요. 무릎은 발끝 방향을 따라갑니다.

💥 ④ 최고 수축
무릎을 완전히 잠그기 직전, 허벅지·둔근이 일을 받는 지점에서 멈춥니다.
⏱️ 1초 STOP
튕기지 말고 그 지점에서 1초만 소유하세요. 무게를 놓는 순간이 아닙니다.

🐌 ⑤ 천천히 돌아오기
중량을 그냥 놓지 마세요.
2~3초 동안 통제하면서 복귀합니다.
내려올 때 골반이 말리는 깊이 직전에서 방향을 바꾸세요.

❌ 흔한 실수
❌ 무릎이 발끝보다 안쪽으로 무너지는
자세가 무너지면 깊이·무게를 줄이세요.
❌ 무릎이 안쪽으로 무너지는 것
발끝 방향으로 무릎을 보내세요. 안쪽으로 모이면 바로 중량을 낮춥니다.
❌ 하부 범위에서 요추가 뜨거나 골반이 말리는 것
깊이보다 골반 고정이 먼저입니다. 허리가 뜨면 범위를 줄이세요.
❌ 무릎을 강하게 잠그며 튕기는 것
자세가 무너지면 깊이·무게를 줄이세요.

💡 MACHINE FIT PRO TIP
🔥 이 항목은 해머 스트렝스 전용 SKU가 없습니다. ""수평 레그 프레스""로 분류된 실제 기구의 패드·레버·안전장치만 믿고, 가벼운 무게로 5회 리허설 후 본 세트를 시작하세요.

🎯 MACHINE FIT CHECK
🟢 시트/패드 → 골반 고정
🟢 발 → 발판 중앙·방향 정렬
🟢 무릎 → 발끝 방향
🟢 복귀 → 2~3초 통제

### 🔥 이것만 기억하세요

""골반은 시트에, 발 전체로 수평으로 밀고, 복귀는 2~3초.""","🏋️ MIGANG — Horizontal Leg Press

🎯 ONE KEY CUE
🔥 ""Keep the low back on the pad and press horizontally""

There is no dedicated Migang SKU for this category. Confirm pads, levers, and safeties on the unit in your gym, then follow the movement pattern below.

⚙️ ① Setup
🪑 Seat / pads
Set the seat/back pad first. Your start depth is where the pelvis stays planted and the low back does not peel up.
🦶 Feet
Center the feet on the horizontal path and keep knees tracking with toes.
⚙️ Adjustments
Check 등판/시트, 풋 플랫폼, 안전 스토퍼, 중량.

💪 ② Start position
Plant the pelvis and feel the whole foot on the platform. Align knees with toes.
Check only this:
👉 Pelvis not curling under

🔥 ③ Execution
Do not kick the platform. Drive it away through the whole foot and let the knees track the toes.
Bend, press through the mid-foot, and return without bouncing the knees.

💥 ④ Peak contraction
Stop just short of hard lockout where quads/glutes still own the load.
⏱️ 1-second STOP
Own that position for one second. This is not where you dump the weight.

🐌 ⑤ Controlled return
Do not dump the load.
Take 2–3 seconds on the way back.
Reverse before the pelvis curls under.

❌ Common mistakes
❌ Knees collapsing inward
Drive knees with the toes. Reduce load immediately if they cave.
❌ Pelvis curling / low back peeling at the bottom
Own pelvis position before depth.
❌ Snapping into a hard knee lockout
If position breaks, cut the load.

💡 MACHINE FIT PRO TIP
🔥 No dedicated Hammer Strength SKU for this slot. Trust the pads/levers/safeties on the unit labeled like ""Horizontal Leg Press"", rehearse five light reps, then start working sets.

🎯 MACHINE FIT CHECK
🟢 Seat/pad → pelvis planted
🟢 Feet → centered and aligned
🟢 Knees → track toes
🟢 Return → 2–3 sec control

### 🔥 Remember this

""Pelvis glued, whole-foot horizontal drive, 2–3 sec return."""
MIGANG,핵 스쿼트,Hack Squat,,BRAND_MODEL_NOT_FOUND,Migang,,https://blog.naver.com/pinkd001y/222976642460,미강(Migang) 파워짐 공개 딜러·중고 리스트에서 '핵 스쿼트' 전용 SKU가 확인되지 않습니다,"등판/시트, 풋 플랫폼, 안전 스토퍼, 중량","🏋️ MIGANG — 핵 스쿼트

🎯 ONE KEY CUE
🔥 ""등판에 몸을 붙이고 무릎 궤적을 일관되게 유지""

미강 전용 모델이 없는 카테고리입니다. 헬스장에 있는 실제 기구의 패드·레버·안전장치를 먼저 확인한 뒤, 아래 패턴으로 움직이세요.

⚙️ ① 기구 세팅
🪑 좌석 / 패드
시트부터 맞추세요. 밀었을 때 골반이 말리거나 허리가 뜨지 않는 깊이가 시작점입니다.
🦶 발 위치
발판 중앙에 발을 두고, 무릎이 발끝 방향으로 가게 맞추세요. 너무 높거나 낮으면 골반이 먼저 뜹니다.
⚙️ 조절 포인트
등판/시트, 풋 플랫폼, 안전 스토퍼, 중량을 확인하세요.

💪 ② 시작 자세
골반을 시트/패드에 붙이고 발 전체로 발판을 느낍니다. 무릎·발끝 방향을 맞춥니다.
이 자세에서 이것만 확인하세요.
👉 골반이 말리지 않는 깊이인지

🔥 ③ 운동 방법
일어섰다 깊이 앉으며 반복.
발판을 “발로 차듯” 밀지 말고, 발 전체로 멀리 보낸다는 느낌으로 밀어요. 무릎은 발끝 방향을 따라갑니다.

💥 ④ 최고 수축
무릎을 완전히 잠그기 직전, 허벅지·둔근이 일을 받는 지점에서 멈춥니다.
⏱️ 1초 STOP
튕기지 말고 그 지점에서 1초만 소유하세요. 무게를 놓는 순간이 아닙니다.

🐌 ⑤ 천천히 돌아오기
중량을 그냥 놓지 마세요.
2~3초 동안 통제하면서 복귀합니다.
내려올 때 골반이 말리는 깊이 직전에서 방향을 바꾸세요.

❌ 흔한 실수
❌ 무릎이 안쪽으로 무너지는 것
발끝 방향으로 무릎을 보내세요. 안쪽으로 모이면 바로 중량을 낮춥니다.
❌ 하부 범위에서 요추가 뜨거나 골반이 말리는 것
깊이보다 골반 고정이 먼저입니다. 허리가 뜨면 범위를 줄이세요.
❌ 무릎을 강하게 잠그며 튕기는 것
자세가 무너지면 깊이·무게를 줄이세요.

💡 MACHINE FIT PRO TIP
🔥 이 항목은 해머 스트렝스 전용 SKU가 없습니다. ""핵 스쿼트""로 분류된 실제 기구의 패드·레버·안전장치만 믿고, 가벼운 무게로 5회 리허설 후 본 세트를 시작하세요.

🎯 MACHINE FIT CHECK
🟢 시트/패드 → 골반 고정
🟢 발 → 발판 중앙·방향 정렬
🟢 무릎 → 발끝 방향
🟢 복귀 → 2~3초 통제

### 🔥 이것만 기억하세요

""발 전체로 밀고, 골반은 끝까지 안정적으로.""","🏋️ MIGANG — Hack Squat

🎯 ONE KEY CUE
🔥 ""Stay against the back pad and keep a consistent knee path""

There is no dedicated Migang SKU for this category. Confirm pads, levers, and safeties on the unit in your gym, then follow the movement pattern below.

⚙️ ① Setup
🪑 Seat / pads
Set the seat/back pad first. Your start depth is where the pelvis stays planted and the low back does not peel up.
🦶 Feet
Center the feet. If placement is too high or low, the pelvis lifts first.
⚙️ Adjustments
Check 등판/시트, 풋 플랫폼, 안전 스토퍼, 중량.

💪 ② Start position
Plant the pelvis and feel the whole foot on the platform. Align knees with toes.
Check only this:
👉 Pelvis not curling under

🔥 ③ Execution
Do not kick the platform. Drive it away through the whole foot and let the knees track the toes.
Bend, press through the mid-foot, and return without bouncing the knees.

💥 ④ Peak contraction
Stop just short of hard lockout where quads/glutes still own the load.
⏱️ 1-second STOP
Own that position for one second. This is not where you dump the weight.

🐌 ⑤ Controlled return
Do not dump the load.
Take 2–3 seconds on the way back.
Reverse before the pelvis curls under.

❌ Common mistakes
❌ Knees collapsing inward
Drive knees with the toes. Reduce load immediately if they cave.
❌ Pelvis curling / low back peeling at the bottom
Own pelvis position before depth.
❌ Snapping into a hard knee lockout
If position breaks, cut the load.

💡 MACHINE FIT PRO TIP
🔥 No dedicated Hammer Strength SKU for this slot. Trust the pads/levers/safeties on the unit labeled like ""Hack Squat"", rehearse five light reps, then start working sets.

🎯 MACHINE FIT CHECK
🟢 Seat/pad → pelvis planted
🟢 Feet → centered and aligned
🟢 Knees → track toes
🟢 Return → 2–3 sec control

### 🔥 Remember this

""Whole-foot drive, pelvis stays honest."""
MIGANG,스쿼트 프레스,Squat Press,,BRAND_MODEL_NOT_FOUND,Migang,,https://blog.naver.com/pinkd001y/222976642460,미강(Migang) 파워짐 공개 딜러·중고 리스트에서 '스쿼트 프레스' 전용 SKU가 확인되지 않습니다,"등판/시트, 풋 플랫폼, 안전 스토퍼, 중량","🏋️ MIGANG — 스쿼트 프레스

🎯 ONE KEY CUE
🔥 ""발 위치를 고정하고 힙·무릎을 동시에 신전""

미강 전용 모델이 없는 카테고리입니다. 헬스장에 있는 실제 기구의 패드·레버·안전장치를 먼저 확인한 뒤, 아래 패턴으로 움직이세요.

⚙️ ① 기구 세팅
🪑 좌석 / 패드
시트부터 맞추세요. 밀었을 때 골반이 말리거나 허리가 뜨지 않는 깊이가 시작점입니다.
🦶 발 위치
발판 중앙에 발을 두고, 무릎이 발끝 방향으로 가게 맞추세요. 너무 높거나 낮으면 골반이 먼저 뜹니다.
⚙️ 조절 포인트
등판/시트, 풋 플랫폼, 안전 스토퍼, 중량을 확인하세요.

💪 ② 시작 자세
골반을 시트/패드에 붙이고 발 전체로 발판을 느낍니다. 무릎·발끝 방향을 맞춥니다.
이 자세에서 이것만 확인하세요.
👉 골반이 말리지 않는 깊이인지

🔥 ③ 운동 방법
앉았다 일어서며 프레스.
발판을 “발로 차듯” 밀지 말고, 발 전체로 멀리 보낸다는 느낌으로 밀어요. 무릎은 발끝 방향을 따라갑니다.

💥 ④ 최고 수축
무릎을 완전히 잠그기 직전, 허벅지·둔근이 일을 받는 지점에서 멈춥니다.
⏱️ 1초 STOP
튕기지 말고 그 지점에서 1초만 소유하세요. 무게를 놓는 순간이 아닙니다.

🐌 ⑤ 천천히 돌아오기
중량을 그냥 놓지 마세요.
2~3초 동안 통제하면서 복귀합니다.
내려올 때 골반이 말리는 깊이 직전에서 방향을 바꾸세요.

❌ 흔한 실수
❌ 상체가 앞으로 무너지는
자세가 무너지면 깊이·무게를 줄이세요.
❌ 무릎이 안쪽으로 무너지는 것
발끝 방향으로 무릎을 보내세요. 안쪽으로 모이면 바로 중량을 낮춥니다.
❌ 하부 범위에서 요추가 뜨거나 골반이 말리는 것
깊이보다 골반 고정이 먼저입니다. 허리가 뜨면 범위를 줄이세요.
❌ 무릎을 강하게 잠그며 튕기는 것
자세가 무너지면 깊이·무게를 줄이세요.

💡 MACHINE FIT PRO TIP
🔥 이 항목은 해머 스트렝스 전용 SKU가 없습니다. ""스쿼트 프레스""로 분류된 실제 기구의 패드·레버·안전장치만 믿고, 가벼운 무게로 5회 리허설 후 본 세트를 시작하세요.

🎯 MACHINE FIT CHECK
🟢 시트/패드 → 골반 고정
🟢 발 → 발판 중앙·방향 정렬
🟢 무릎 → 발끝 방향
🟢 복귀 → 2~3초 통제

### 🔥 이것만 기억하세요

""발 전체로 밀고, 골반은 끝까지 안정적으로.""","🏋️ MIGANG — Squat Press

🎯 ONE KEY CUE
🔥 ""Keep feet planted and extend hips and knees together""

There is no dedicated Migang SKU for this category. Confirm pads, levers, and safeties on the unit in your gym, then follow the movement pattern below.

⚙️ ① Setup
🪑 Seat / pads
Set the seat/back pad first. Your start depth is where the pelvis stays planted and the low back does not peel up.
🦶 Feet
Center the feet. If placement is too high or low, the pelvis lifts first.
⚙️ Adjustments
Check 등판/시트, 풋 플랫폼, 안전 스토퍼, 중량.

💪 ② Start position
Plant the pelvis and feel the whole foot on the platform. Align knees with toes.
Check only this:
👉 Pelvis not curling under

🔥 ③ Execution
Do not kick the platform. Drive it away through the whole foot and let the knees track the toes.
Bend, press through the mid-foot, and return without bouncing the knees.

💥 ④ Peak contraction
Stop just short of hard lockout where quads/glutes still own the load.
⏱️ 1-second STOP
Own that position for one second. This is not where you dump the weight.

🐌 ⑤ Controlled return
Do not dump the load.
Take 2–3 seconds on the way back.
Reverse before the pelvis curls under.

❌ Common mistakes
❌ Knees collapsing inward
Drive knees with the toes. Reduce load immediately if they cave.
❌ Pelvis curling / low back peeling at the bottom
Own pelvis position before depth.
❌ Snapping into a hard knee lockout
If position breaks, cut the load.

💡 MACHINE FIT PRO TIP
🔥 No dedicated Hammer Strength SKU for this slot. Trust the pads/levers/safeties on the unit labeled like ""Squat Press"", rehearse five light reps, then start working sets.

🎯 MACHINE FIT CHECK
🟢 Seat/pad → pelvis planted
🟢 Feet → centered and aligned
🟢 Knees → track toes
🟢 Return → 2–3 sec control

### 🔥 Remember this

""Whole-foot drive, pelvis stays honest."""
MIGANG,벨트 스쿼트,Belt Squat,,BRAND_MODEL_NOT_FOUND,Migang,,https://blog.naver.com/pinkd001y/222976642460,미강(Migang) 파워짐 공개 딜러·중고 리스트에서 '벨트 스쿼트' 전용 SKU가 확인되지 않습니다,"등판/시트, 풋 플랫폼, 안전 스토퍼, 중량","🏋️ MIGANG — 벨트 스쿼트

🎯 ONE KEY CUE
🔥 ""벨트로 부하를 받고 상체를 세워 스쿼트""

미강 전용 모델이 없는 카테고리입니다. 헬스장에 있는 실제 기구의 패드·레버·안전장치를 먼저 확인한 뒤, 아래 패턴으로 움직이세요.

⚙️ ① 기구 세팅
🪑 좌석 / 패드
시트부터 맞추세요. 밀었을 때 골반이 말리거나 허리가 뜨지 않는 깊이가 시작점입니다.
🦶 발 위치
발판 중앙에 발을 두고, 무릎이 발끝 방향으로 가게 맞추세요. 너무 높거나 낮으면 골반이 먼저 뜹니다.
⚙️ 조절 포인트
등판/시트, 풋 플랫폼, 안전 스토퍼, 중량을 확인하세요.

💪 ② 시작 자세
골반을 시트/패드에 붙이고 발 전체로 발판을 느낍니다. 무릎·발끝 방향을 맞춥니다.
이 자세에서 이것만 확인하세요.
👉 골반이 말리지 않는 깊이인지

🔥 ③ 운동 방법
내려앉았다 일어서기.
발판을 “발로 차듯” 밀지 말고, 발 전체로 멀리 보낸다는 느낌으로 밀어요. 무릎은 발끝 방향을 따라갑니다.

💥 ④ 최고 수축
무릎을 완전히 잠그기 직전, 허벅지·둔근이 일을 받는 지점에서 멈춥니다.
⏱️ 1초 STOP
튕기지 말고 그 지점에서 1초만 소유하세요. 무게를 놓는 순간이 아닙니다.

🐌 ⑤ 천천히 돌아오기
중량을 그냥 놓지 마세요.
2~3초 동안 통제하면서 복귀합니다.
내려올 때 골반이 말리는 깊이 직전에서 방향을 바꾸세요.

❌ 흔한 실수
❌ 무릎만 과도하게 앞으로 내미는
자세가 무너지면 깊이·무게를 줄이세요.
❌ 무릎이 안쪽으로 무너지는 것
발끝 방향으로 무릎을 보내세요. 안쪽으로 모이면 바로 중량을 낮춥니다.
❌ 하부 범위에서 요추가 뜨거나 골반이 말리는 것
깊이보다 골반 고정이 먼저입니다. 허리가 뜨면 범위를 줄이세요.
❌ 무릎을 강하게 잠그며 튕기는 것
자세가 무너지면 깊이·무게를 줄이세요.

💡 MACHINE FIT PRO TIP
🔥 이 항목은 해머 스트렝스 전용 SKU가 없습니다. ""벨트 스쿼트""로 분류된 실제 기구의 패드·레버·안전장치만 믿고, 가벼운 무게로 5회 리허설 후 본 세트를 시작하세요.

🎯 MACHINE FIT CHECK
🟢 시트/패드 → 골반 고정
🟢 발 → 발판 중앙·방향 정렬
🟢 무릎 → 발끝 방향
🟢 복귀 → 2~3초 통제

### 🔥 이것만 기억하세요

""발 전체로 밀고, 골반은 끝까지 안정적으로.""","🏋️ MIGANG — Belt Squat

🎯 ONE KEY CUE
🔥 ""Load through the belt and squat with an upright torso""

There is no dedicated Migang SKU for this category. Confirm pads, levers, and safeties on the unit in your gym, then follow the movement pattern below.

⚙️ ① Setup
🪑 Seat / pads
Set the seat/back pad first. Your start depth is where the pelvis stays planted and the low back does not peel up.
🦶 Feet
Center the feet. If placement is too high or low, the pelvis lifts first.
⚙️ Adjustments
Check 등판/시트, 풋 플랫폼, 안전 스토퍼, 중량.

💪 ② Start position
Plant the pelvis and feel the whole foot on the platform. Align knees with toes.
Check only this:
👉 Pelvis not curling under

🔥 ③ Execution
Do not kick the platform. Drive it away through the whole foot and let the knees track the toes.
Bend, press through the mid-foot, and return without bouncing the knees.

💥 ④ Peak contraction
Stop just short of hard lockout where quads/glutes still own the load.
⏱️ 1-second STOP
Own that position for one second. This is not where you dump the weight.

🐌 ⑤ Controlled return
Do not dump the load.
Take 2–3 seconds on the way back.
Reverse before the pelvis curls under.

❌ Common mistakes
❌ Knees collapsing inward
Drive knees with the toes. Reduce load immediately if they cave.
❌ Pelvis curling / low back peeling at the bottom
Own pelvis position before depth.
❌ Snapping into a hard knee lockout
If position breaks, cut the load.

💡 MACHINE FIT PRO TIP
🔥 No dedicated Hammer Strength SKU for this slot. Trust the pads/levers/safeties on the unit labeled like ""Belt Squat"", rehearse five light reps, then start working sets.

🎯 MACHINE FIT CHECK
🟢 Seat/pad → pelvis planted
🟢 Feet → centered and aligned
🟢 Knees → track toes
🟢 Return → 2–3 sec control

### 🔥 Remember this

""Whole-foot drive, pelvis stays honest."""
MIGANG,레그 익스텐션,Leg Extension,Power Gym Leg Extension,VERIFIED,Migang,Power Gym,https://blog.naver.com/pinkd001y/222976642460,미강 파워짐 레그 익스텐션으로 세트 리스트에 확인됩니다,"시트, 백패드, 발목 롤러, 중량 스택","🏋️ MIGANG — Power Gym Leg Extension · Power Gym

🎯 ONE KEY CUE
🔥 ""패드를 발목 앞에 두고 무릎만 신전""

미강 파워짐 레그 익스텐션으로 세트 리스트에 확인됩니다. Power Gym 구조입니다. 처음부터 무게 올리지 말고, 세팅부터 잡으세요.

⚙️ ① 기구 세팅
🪑 좌석 / 패드
시트부터 맞추세요. 밀었을 때 골반이 말리거나 허리가 뜨지 않는 깊이가 시작점입니다.
🦶 발 위치
발판 중앙에 발을 두고, 무릎이 발끝 방향으로 가게 맞추세요. 너무 높거나 낮으면 골반이 먼저 뜹니다.
⚙️ 조절 포인트
시트, 백패드, 발목 롤러, 중량 스택을 확인하세요.

💪 ② 시작 자세
골반을 시트/패드에 붙이고 발 전체로 발판을 느낍니다. 무릎·발끝 방향을 맞춥니다.
이 자세에서 이것만 확인하세요.
👉 골반이 말리지 않는 깊이인지

🔥 ③ 운동 방법
무릎을 펴며 올렸다 천천히 내리기.
발판을 “발로 차듯” 밀지 말고, 발 전체로 멀리 보낸다는 느낌으로 밀어요. 무릎은 발끝 방향을 따라갑니다.

💥 ④ 최고 수축
무릎을 완전히 잠그기 직전, 허벅지·둔근이 일을 받는 지점에서 멈춥니다.
⏱️ 1초 STOP
튕기지 말고 그 지점에서 1초만 소유하세요. 무게를 놓는 순간이 아닙니다.

🐌 ⑤ 천천히 돌아오기
중량을 그냥 놓지 마세요.
2~3초 동안 통제하면서 복귀합니다.
내려올 때 골반이 말리는 깊이 직전에서 방향을 바꾸세요.

❌ 흔한 실수
❌ 엉덩이가 들리고 반동으로 차는
템포를 늦추고 같은 궤적만 반복하세요.
❌ 무릎이 안쪽으로 무너지는 것
발끝 방향으로 무릎을 보내세요. 안쪽으로 모이면 바로 중량을 낮춥니다.
❌ 하부 범위에서 요추가 뜨거나 골반이 말리는 것
깊이보다 골반 고정이 먼저입니다. 허리가 뜨면 범위를 줄이세요.
❌ 무릎을 강하게 잠그며 튕기는 것
자세가 무너지면 깊이·무게를 줄이세요.

💡 MACHINE FIT PRO TIP
🔥 Power Gym Leg Extension의 가이드 궤적을 이용하세요. 첫 2세트는 천천히, 대칭이 확인된 뒤에만 무게를 올립니다.

🎯 MACHINE FIT CHECK
🟢 시트/패드 → 골반 고정
🟢 발 → 발판 중앙·방향 정렬
🟢 무릎 → 발끝 방향
🟢 복귀 → 2~3초 통제

### 🔥 이것만 기억하세요

""발 전체로 밀고, 골반은 끝까지 안정적으로.""","🏋️ MIGANG — Power Gym Leg Extension · Power Gym

🎯 ONE KEY CUE
🔥 ""Place the pad on the front of the ankles and extend only at the knees""

미강 파워짐 레그 익스텐션으로 세트 리스트에 확인됩니다 Lean into the Power Gym design. Do not chase load until the setup feels locked in.

⚙️ ① Setup
🪑 Seat / pads
Set the seat/back pad first. Your start depth is where the pelvis stays planted and the low back does not peel up.
🦶 Feet
Center the feet. If placement is too high or low, the pelvis lifts first.
⚙️ Adjustments
Check 시트, 백패드, 발목 롤러, 중량 스택.

💪 ② Start position
Plant the pelvis and feel the whole foot on the platform. Align knees with toes.
Check only this:
👉 Pelvis not curling under

🔥 ③ Execution
Do not kick the platform. Drive it away through the whole foot and let the knees track the toes.
Bend, press through the mid-foot, and return without bouncing the knees.

💥 ④ Peak contraction
Stop just short of hard lockout where quads/glutes still own the load.
⏱️ 1-second STOP
Own that position for one second. This is not where you dump the weight.

🐌 ⑤ Controlled return
Do not dump the load.
Take 2–3 seconds on the way back.
Reverse before the pelvis curls under.

❌ Common mistakes
❌ Knees collapsing inward
Drive knees with the toes. Reduce load immediately if they cave.
❌ Pelvis curling / low back peeling at the bottom
Own pelvis position before depth.
❌ Snapping into a hard knee lockout
If position breaks, cut the load.

💡 MACHINE FIT PRO TIP
🔥 Use the guided path on Power Gym Leg Extension. Slow the first two sets, confirm symmetry, then add load.

🎯 MACHINE FIT CHECK
🟢 Seat/pad → pelvis planted
🟢 Feet → centered and aligned
🟢 Knees → track toes
🟢 Return → 2–3 sec control

### 🔥 Remember this

""Whole-foot drive, pelvis stays honest."""
MIGANG,시티드 레그 컬,Seated Leg Curl,Power Gym Leg Curl,VERIFIED,Migang,Power Gym,https://blog.naver.com/pinkd001y/222976642460,미강 파워짐 레그 컬(클럽용 핀머신·통상 시티드)로 세트 리스트에 확인됩니다,"시트, 무릎/발목 롤러, 중량 스택","🏋️ MIGANG — Power Gym Leg Curl · Power Gym

🎯 ONE KEY CUE
🔥 ""패드를 아킬레스 위에 두고 무릎을 굽혀 당기기""

미강 파워짐 레그 컬(클럽용 핀머신·통상 시티드)로 세트 리스트에 확인됩니다. Power Gym 구조입니다. 처음부터 무게 올리지 말고, 세팅부터 잡으세요.

⚙️ ① 기구 세팅
🪑 좌석 / 패드
시트부터 맞추세요. 밀었을 때 골반이 말리거나 허리가 뜨지 않는 깊이가 시작점입니다.
🦶 발 위치
발판 중앙에 발을 두고, 무릎이 발끝 방향으로 가게 맞추세요. 너무 높거나 낮으면 골반이 먼저 뜹니다.
⚙️ 조절 포인트
시트, 무릎/발목 롤러, 중량 스택을 확인하세요.

💪 ② 시작 자세
골반을 시트/패드에 붙이고 발 전체로 발판을 느낍니다. 무릎·발끝 방향을 맞춥니다.
이 자세에서 이것만 확인하세요.
👉 골반이 말리지 않는 깊이인지

🔥 ③ 운동 방법
발뒤꿈치로 패드를 당겨 내리기.
발판을 “발로 차듯” 밀지 말고, 발 전체로 멀리 보낸다는 느낌으로 밀어요. 무릎은 발끝 방향을 따라갑니다.

💥 ④ 최고 수축
무릎을 완전히 잠그기 직전, 허벅지·둔근이 일을 받는 지점에서 멈춥니다.
⏱️ 1초 STOP
튕기지 말고 그 지점에서 1초만 소유하세요. 무게를 놓는 순간이 아닙니다.

🐌 ⑤ 천천히 돌아오기
중량을 그냥 놓지 마세요.
2~3초 동안 통제하면서 복귀합니다.
내려올 때 골반이 말리는 깊이 직전에서 방향을 바꾸세요.

❌ 흔한 실수
❌ 엉덩이가 들리며 허리가 말리는
자세가 무너지면 깊이·무게를 줄이세요.
❌ 무릎이 안쪽으로 무너지는 것
발끝 방향으로 무릎을 보내세요. 안쪽으로 모이면 바로 중량을 낮춥니다.
❌ 하부 범위에서 요추가 뜨거나 골반이 말리는 것
깊이보다 골반 고정이 먼저입니다. 허리가 뜨면 범위를 줄이세요.
❌ 무릎을 강하게 잠그며 튕기는 것
자세가 무너지면 깊이·무게를 줄이세요.

💡 MACHINE FIT PRO TIP
🔥 Power Gym Leg Curl의 가이드 궤적을 이용하세요. 첫 2세트는 천천히, 대칭이 확인된 뒤에만 무게를 올립니다.

🎯 MACHINE FIT CHECK
🟢 시트/패드 → 골반 고정
🟢 발 → 발판 중앙·방향 정렬
🟢 무릎 → 발끝 방향
🟢 복귀 → 2~3초 통제

### 🔥 이것만 기억하세요

""발 전체로 밀고, 골반은 끝까지 안정적으로.""","🏋️ MIGANG — Power Gym Leg Curl · Power Gym

🎯 ONE KEY CUE
🔥 ""Place the pad above the Achilles and curl by bending the knees""

미강 파워짐 레그 컬(클럽용 핀머신·통상 시티드)로 세트 리스트에 확인됩니다 Lean into the Power Gym design. Do not chase load until the setup feels locked in.

⚙️ ① Setup
🪑 Seat / pads
Set the seat/back pad first. Your start depth is where the pelvis stays planted and the low back does not peel up.
🦶 Feet
Center the feet. If placement is too high or low, the pelvis lifts first.
⚙️ Adjustments
Check 시트, 무릎/발목 롤러, 중량 스택.

💪 ② Start position
Plant the pelvis and feel the whole foot on the platform. Align knees with toes.
Check only this:
👉 Pelvis not curling under

🔥 ③ Execution
Do not kick the platform. Drive it away through the whole foot and let the knees track the toes.
Bend, press through the mid-foot, and return without bouncing the knees.

💥 ④ Peak contraction
Stop just short of hard lockout where quads/glutes still own the load.
⏱️ 1-second STOP
Own that position for one second. This is not where you dump the weight.

🐌 ⑤ Controlled return
Do not dump the load.
Take 2–3 seconds on the way back.
Reverse before the pelvis curls under.

❌ Common mistakes
❌ Knees collapsing inward
Drive knees with the toes. Reduce load immediately if they cave.
❌ Pelvis curling / low back peeling at the bottom
Own pelvis position before depth.
❌ Snapping into a hard knee lockout
If position breaks, cut the load.

💡 MACHINE FIT PRO TIP
🔥 Use the guided path on Power Gym Leg Curl. Slow the first two sets, confirm symmetry, then add load.

🎯 MACHINE FIT CHECK
🟢 Seat/pad → pelvis planted
🟢 Feet → centered and aligned
🟢 Knees → track toes
🟢 Return → 2–3 sec control

### 🔥 Remember this

""Whole-foot drive, pelvis stays honest."""
MIGANG,라잉 레그 컬,Lying Leg Curl,,BRAND_MODEL_NOT_FOUND,Migang,,https://blog.naver.com/pinkd001y/222976642460,미강(Migang) 파워짐 공개 딜러·중고 리스트에서 '라잉 레그 컬' 전용 SKU가 확인되지 않습니다,"시트/패드, 롤러·암 각도, 중량","🏋️ MIGANG — 라잉 레그 컬

🎯 ONE KEY CUE
🔥 ""골반을 벤치에 붙인 채 힐을 엉덩이 쪽으로 당기기""

미강 전용 모델이 없는 카테고리입니다. 헬스장에 있는 실제 기구의 패드·레버·안전장치를 먼저 확인한 뒤, 아래 패턴으로 움직이세요.

⚙️ ① 기구 세팅
🪑 좌석 / 패드
시트부터 맞추세요. 밀었을 때 골반이 말리거나 허리가 뜨지 않는 깊이가 시작점입니다.
🦶 발 위치
발판 중앙에 발을 두고, 무릎이 발끝 방향으로 가게 맞추세요. 너무 높거나 낮으면 골반이 먼저 뜹니다.
⚙️ 조절 포인트
시트/패드, 롤러·암 각도, 중량을 확인하세요.

💪 ② 시작 자세
골반을 시트/패드에 붙이고 발 전체로 발판을 느낍니다. 무릎·발끝 방향을 맞춥니다.
이 자세에서 이것만 확인하세요.
👉 골반이 말리지 않는 깊이인지

🔥 ③ 운동 방법
엎드린 채 컬했다 천천히 신전.
발판을 “발로 차듯” 밀지 말고, 발 전체로 멀리 보낸다는 느낌으로 밀어요. 무릎은 발끝 방향을 따라갑니다.

💥 ④ 최고 수축
무릎을 완전히 잠그기 직전, 허벅지·둔근이 일을 받는 지점에서 멈춥니다.
⏱️ 1초 STOP
튕기지 말고 그 지점에서 1초만 소유하세요. 무게를 놓는 순간이 아닙니다.

🐌 ⑤ 천천히 돌아오기
중량을 그냥 놓지 마세요.
2~3초 동안 통제하면서 복귀합니다.
내려올 때 골반이 말리는 깊이 직전에서 방향을 바꾸세요.

❌ 흔한 실수
❌ 허리를 과도하게 젖히며 당기는
자세가 무너지면 깊이·무게를 줄이세요.
❌ 무릎이 안쪽으로 무너지는 것
발끝 방향으로 무릎을 보내세요. 안쪽으로 모이면 바로 중량을 낮춥니다.
❌ 하부 범위에서 요추가 뜨거나 골반이 말리는 것
깊이보다 골반 고정이 먼저입니다. 허리가 뜨면 범위를 줄이세요.
❌ 무릎을 강하게 잠그며 튕기는 것
자세가 무너지면 깊이·무게를 줄이세요.

💡 MACHINE FIT PRO TIP
🔥 이 항목은 해머 스트렝스 전용 SKU가 없습니다. ""라잉 레그 컬""로 분류된 실제 기구의 패드·레버·안전장치만 믿고, 가벼운 무게로 5회 리허설 후 본 세트를 시작하세요.

🎯 MACHINE FIT CHECK
🟢 시트/패드 → 골반 고정
🟢 발 → 발판 중앙·방향 정렬
🟢 무릎 → 발끝 방향
🟢 복귀 → 2~3초 통제

### 🔥 이것만 기억하세요

""발 전체로 밀고, 골반은 끝까지 안정적으로.""","🏋️ MIGANG — Lying Leg Curl

🎯 ONE KEY CUE
🔥 ""Keep the hips on the bench and curl the heels toward the glutes""

There is no dedicated Migang SKU for this category. Confirm pads, levers, and safeties on the unit in your gym, then follow the movement pattern below.

⚙️ ① Setup
🪑 Seat / pads
Set the seat/back pad first. Your start depth is where the pelvis stays planted and the low back does not peel up.
🦶 Feet
Center the feet. If placement is too high or low, the pelvis lifts first.
⚙️ Adjustments
Check 시트/패드, 롤러·암 각도, 중량.

💪 ② Start position
Plant the pelvis and feel the whole foot on the platform. Align knees with toes.
Check only this:
👉 Pelvis not curling under

🔥 ③ Execution
Do not kick the platform. Drive it away through the whole foot and let the knees track the toes.
Bend, press through the mid-foot, and return without bouncing the knees.

💥 ④ Peak contraction
Stop just short of hard lockout where quads/glutes still own the load.
⏱️ 1-second STOP
Own that position for one second. This is not where you dump the weight.

🐌 ⑤ Controlled return
Do not dump the load.
Take 2–3 seconds on the way back.
Reverse before the pelvis curls under.

❌ Common mistakes
❌ Knees collapsing inward
Drive knees with the toes. Reduce load immediately if they cave.
❌ Pelvis curling / low back peeling at the bottom
Own pelvis position before depth.
❌ Snapping into a hard knee lockout
If position breaks, cut the load.

💡 MACHINE FIT PRO TIP
🔥 No dedicated Hammer Strength SKU for this slot. Trust the pads/levers/safeties on the unit labeled like ""Lying Leg Curl"", rehearse five light reps, then start working sets.

🎯 MACHINE FIT CHECK
🟢 Seat/pad → pelvis planted
🟢 Feet → centered and aligned
🟢 Knees → track toes
🟢 Return → 2–3 sec control

### 🔥 Remember this

""Whole-foot drive, pelvis stays honest."""
MIGANG,스탠딩 레그 컬,Standing Leg Curl,,BRAND_MODEL_NOT_FOUND,Migang,,https://blog.naver.com/pinkd001y/222976642460,미강(Migang) 파워짐 공개 딜러·중고 리스트에서 '스탠딩 레그 컬' 전용 SKU가 확인되지 않습니다,"시트/패드, 롤러·암 각도, 중량","🏋️ MIGANG — 스탠딩 레그 컬

🎯 ONE KEY CUE
🔥 ""지지 다리를 고정하고 한쪽 힐을 엉덩이로 당기기""

미강 전용 모델이 없는 카테고리입니다. 헬스장에 있는 실제 기구의 패드·레버·안전장치를 먼저 확인한 뒤, 아래 패턴으로 움직이세요.

⚙️ ① 기구 세팅
🪑 좌석 / 패드
시트부터 맞추세요. 밀었을 때 골반이 말리거나 허리가 뜨지 않는 깊이가 시작점입니다.
🦶 발 위치
발판 중앙에 발을 두고, 무릎이 발끝 방향으로 가게 맞추세요. 너무 높거나 낮으면 골반이 먼저 뜹니다.
⚙️ 조절 포인트
시트/패드, 롤러·암 각도, 중량을 확인하세요.

💪 ② 시작 자세
골반을 시트/패드에 붙이고 발 전체로 발판을 느낍니다. 무릎·발끝 방향을 맞춥니다.
이 자세에서 이것만 확인하세요.
👉 골반이 말리지 않는 깊이인지

🔥 ③ 운동 방법
한 다리씩 컬했다 복귀.
발판을 “발로 차듯” 밀지 말고, 발 전체로 멀리 보낸다는 느낌으로 밀어요. 무릎은 발끝 방향을 따라갑니다.

💥 ④ 최고 수축
무릎을 완전히 잠그기 직전, 허벅지·둔근이 일을 받는 지점에서 멈춥니다.
⏱️ 1초 STOP
튕기지 말고 그 지점에서 1초만 소유하세요. 무게를 놓는 순간이 아닙니다.

🐌 ⑤ 천천히 돌아오기
중량을 그냥 놓지 마세요.
2~3초 동안 통제하면서 복귀합니다.
내려올 때 골반이 말리는 깊이 직전에서 방향을 바꾸세요.

❌ 흔한 실수
❌ 상체를 숙여 반동하는
템포를 늦추고 같은 궤적만 반복하세요.
❌ 무릎이 안쪽으로 무너지는 것
발끝 방향으로 무릎을 보내세요. 안쪽으로 모이면 바로 중량을 낮춥니다.
❌ 하부 범위에서 요추가 뜨거나 골반이 말리는 것
깊이보다 골반 고정이 먼저입니다. 허리가 뜨면 범위를 줄이세요.
❌ 무릎을 강하게 잠그며 튕기는 것
자세가 무너지면 깊이·무게를 줄이세요.

💡 MACHINE FIT PRO TIP
🔥 이 항목은 해머 스트렝스 전용 SKU가 없습니다. ""스탠딩 레그 컬""로 분류된 실제 기구의 패드·레버·안전장치만 믿고, 가벼운 무게로 5회 리허설 후 본 세트를 시작하세요.

🎯 MACHINE FIT CHECK
🟢 시트/패드 → 골반 고정
🟢 발 → 발판 중앙·방향 정렬
🟢 무릎 → 발끝 방향
🟢 복귀 → 2~3초 통제

### 🔥 이것만 기억하세요

""발 전체로 밀고, 골반은 끝까지 안정적으로.""","🏋️ MIGANG — Standing Leg Curl

🎯 ONE KEY CUE
🔥 ""Brace the support leg and curl one heel toward the glute""

There is no dedicated Migang SKU for this category. Confirm pads, levers, and safeties on the unit in your gym, then follow the movement pattern below.

⚙️ ① Setup
🪑 Seat / pads
Set the seat/back pad first. Your start depth is where the pelvis stays planted and the low back does not peel up.
🦶 Feet
Center the feet. If placement is too high or low, the pelvis lifts first.
⚙️ Adjustments
Check 시트/패드, 롤러·암 각도, 중량.

💪 ② Start position
Plant the pelvis and feel the whole foot on the platform. Align knees with toes.
Check only this:
👉 Pelvis not curling under

🔥 ③ Execution
Do not kick the platform. Drive it away through the whole foot and let the knees track the toes.
Bend, press through the mid-foot, and return without bouncing the knees.

💥 ④ Peak contraction
Stop just short of hard lockout where quads/glutes still own the load.
⏱️ 1-second STOP
Own that position for one second. This is not where you dump the weight.

🐌 ⑤ Controlled return
Do not dump the load.
Take 2–3 seconds on the way back.
Reverse before the pelvis curls under.

❌ Common mistakes
❌ Knees collapsing inward
Drive knees with the toes. Reduce load immediately if they cave.
❌ Pelvis curling / low back peeling at the bottom
Own pelvis position before depth.
❌ Snapping into a hard knee lockout
If position breaks, cut the load.

💡 MACHINE FIT PRO TIP
🔥 No dedicated Hammer Strength SKU for this slot. Trust the pads/levers/safeties on the unit labeled like ""Standing Leg Curl"", rehearse five light reps, then start working sets.

🎯 MACHINE FIT CHECK
🟢 Seat/pad → pelvis planted
🟢 Feet → centered and aligned
🟢 Knees → track toes
🟢 Return → 2–3 sec control

### 🔥 Remember this

""Whole-foot drive, pelvis stays honest."""
MIGANG,싱글 레그 컬,Single Leg Curl,,BRAND_MODEL_NOT_FOUND,Migang,,https://blog.naver.com/pinkd001y/222976642460,미강(Migang) 파워짐 공개 딜러·중고 리스트에서 '싱글 레그 컬' 전용 SKU가 확인되지 않습니다,"시트/패드, 롤러·암 각도, 중량","🏋️ MIGANG — 싱글 레그 컬

🎯 ONE KEY CUE
🔥 ""한쪽씩 같은 가동범위로 컬해 좌우 균형 확인""

미강 전용 모델이 없는 카테고리입니다. 헬스장에 있는 실제 기구의 패드·레버·안전장치를 먼저 확인한 뒤, 아래 패턴으로 움직이세요.

⚙️ ① 기구 세팅
🪑 좌석 / 패드
시트부터 맞추세요. 밀었을 때 골반이 말리거나 허리가 뜨지 않는 깊이가 시작점입니다.
🦶 발 위치
발판 중앙에 발을 두고, 무릎이 발끝 방향으로 가게 맞추세요. 너무 높거나 낮으면 골반이 먼저 뜹니다.
⚙️ 조절 포인트
시트/패드, 롤러·암 각도, 중량을 확인하세요.

💪 ② 시작 자세
골반을 시트/패드에 붙이고 발 전체로 발판을 느낍니다. 무릎·발끝 방향을 맞춥니다.
이 자세에서 이것만 확인하세요.
👉 골반이 말리지 않는 깊이인지

🔥 ③ 운동 방법
단측으로 컬했다 천천히 신전.
발판을 “발로 차듯” 밀지 말고, 발 전체로 멀리 보낸다는 느낌으로 밀어요. 무릎은 발끝 방향을 따라갑니다.

💥 ④ 최고 수축
무릎을 완전히 잠그기 직전, 허벅지·둔근이 일을 받는 지점에서 멈춥니다.
⏱️ 1초 STOP
튕기지 말고 그 지점에서 1초만 소유하세요. 무게를 놓는 순간이 아닙니다.

🐌 ⑤ 천천히 돌아오기
중량을 그냥 놓지 마세요.
2~3초 동안 통제하면서 복귀합니다.
내려올 때 골반이 말리는 깊이 직전에서 방향을 바꾸세요.

❌ 흔한 실수
❌ 약한 쪽 가동범위를 줄이는
자세가 무너지면 깊이·무게를 줄이세요.
❌ 무릎이 안쪽으로 무너지는 것
발끝 방향으로 무릎을 보내세요. 안쪽으로 모이면 바로 중량을 낮춥니다.
❌ 하부 범위에서 요추가 뜨거나 골반이 말리는 것
깊이보다 골반 고정이 먼저입니다. 허리가 뜨면 범위를 줄이세요.
❌ 무릎을 강하게 잠그며 튕기는 것
자세가 무너지면 깊이·무게를 줄이세요.

💡 MACHINE FIT PRO TIP
🔥 이 항목은 해머 스트렝스 전용 SKU가 없습니다. ""싱글 레그 컬""로 분류된 실제 기구의 패드·레버·안전장치만 믿고, 가벼운 무게로 5회 리허설 후 본 세트를 시작하세요.

🎯 MACHINE FIT CHECK
🟢 시트/패드 → 골반 고정
🟢 발 → 발판 중앙·방향 정렬
🟢 무릎 → 발끝 방향
🟢 복귀 → 2~3초 통제

### 🔥 이것만 기억하세요

""발 전체로 밀고, 골반은 끝까지 안정적으로.""","🏋️ MIGANG — Single Leg Curl

🎯 ONE KEY CUE
🔥 ""Curl one leg at a time through the same ROM and check balance""

There is no dedicated Migang SKU for this category. Confirm pads, levers, and safeties on the unit in your gym, then follow the movement pattern below.

⚙️ ① Setup
🪑 Seat / pads
Set the seat/back pad first. Your start depth is where the pelvis stays planted and the low back does not peel up.
🦶 Feet
Center the feet. If placement is too high or low, the pelvis lifts first.
⚙️ Adjustments
Check 시트/패드, 롤러·암 각도, 중량.

💪 ② Start position
Plant the pelvis and feel the whole foot on the platform. Align knees with toes.
Check only this:
👉 Pelvis not curling under

🔥 ③ Execution
Do not kick the platform. Drive it away through the whole foot and let the knees track the toes.
Bend, press through the mid-foot, and return without bouncing the knees.

💥 ④ Peak contraction
Stop just short of hard lockout where quads/glutes still own the load.
⏱️ 1-second STOP
Own that position for one second. This is not where you dump the weight.

🐌 ⑤ Controlled return
Do not dump the load.
Take 2–3 seconds on the way back.
Reverse before the pelvis curls under.

❌ Common mistakes
❌ Knees collapsing inward
Drive knees with the toes. Reduce load immediately if they cave.
❌ Pelvis curling / low back peeling at the bottom
Own pelvis position before depth.
❌ Snapping into a hard knee lockout
If position breaks, cut the load.

💡 MACHINE FIT PRO TIP
🔥 No dedicated Hammer Strength SKU for this slot. Trust the pads/levers/safeties on the unit labeled like ""Single Leg Curl"", rehearse five light reps, then start working sets.

🎯 MACHINE FIT CHECK
🟢 Seat/pad → pelvis planted
🟢 Feet → centered and aligned
🟢 Knees → track toes
🟢 Return → 2–3 sec control

### 🔥 Remember this

""Whole-foot drive, pelvis stays honest."""
MIGANG,힙 쓰러스트,Hip Thrust,,BRAND_MODEL_NOT_FOUND,Migang,,https://blog.naver.com/pinkd001y/222976642460,미강(Migang) 파워짐 공개 딜러·중고 리스트에서 '힙 쓰러스트' 전용 SKU가 확인되지 않습니다,"시트/패드, 롤러·암 각도, 중량","🏋️ MIGANG — 힙 쓰러스트

🎯 ONE KEY CUE
🔥 ""상부 등을 지지한 뒤 힙을 위로 밀어 둔근 수축""

미강 전용 모델이 없는 카테고리입니다. 헬스장에 있는 실제 기구의 패드·레버·안전장치를 먼저 확인한 뒤, 아래 패턴으로 움직이세요.

⚙️ ① 기구 세팅
🪑 좌석 / 패드
시트부터 맞추세요. 밀었을 때 골반이 말리거나 허리가 뜨지 않는 깊이가 시작점입니다.
🦶 발 위치
지지하는 발을 먼저 고정하세요. 흔들리면 중량을 낮춥니다.
⚙️ 조절 포인트
시트/패드, 롤러·암 각도, 중량을 확인하세요.

💪 ② 시작 자세
골반 위치를 먼저 고정합니다. 허리로 높이 만들 준비를 하지 마세요.
이 자세에서 이것만 확인하세요.
👉 허리가 아니라 엉덩이가 일을 받을 준비인지

🔥 ③ 운동 방법
힙을 올려 수축했다 천천히 내리기.
허리로 높이를 만들지 말고 골반·엉덩이로 밀어 마무리하세요.

💥 ④ 최고 수축
목표 근육이 가장 조여지는 끝 지점에서 멈춥니다.
⏱️ 1초 STOP
튕기지 말고 그 지점에서 1초만 소유하세요. 무게를 놓는 순간이 아닙니다.

🐌 ⑤ 천천히 돌아오기
중량을 그냥 놓지 마세요.
2~3초 동안 통제하면서 복귀합니다.
시작 자세로 돌아갈 때도 같은 궤적을 유지하세요.

❌ 흔한 실수
❌ 허리를 과신전하며 올리는
자세가 무너지면 무게를 낮추세요.
❌ 허리로 높이 만드는 것
자세가 무너지면 무게를 낮추세요.
❌ 골반이 돌아가며 한쪽만 미는 것
약한 쪽 속도에 강한 쪽을 맞추세요.
❌ 반동으로 올리는 것
템포를 늦추고 같은 궤적만 반복하세요.

💡 MACHINE FIT PRO TIP
🔥 이 항목은 해머 스트렝스 전용 SKU가 없습니다. ""힙 쓰러스트""로 분류된 실제 기구의 패드·레버·안전장치만 믿고, 가벼운 무게로 5회 리허설 후 본 세트를 시작하세요.

🎯 MACHINE FIT CHECK
🟢 시트/패드 → 몸에 맞춤
🟢 발 → 발판 중앙·방향 정렬
🟢 어깨 → 으쓱하지 않기
🟢 복귀 → 2~3초 통제

### 🔥 이것만 기억하세요

""상부 등을 지지한 뒤 힙을 위로 밀어 둔근 수축. 끝에서 1초, 복귀는 통제.""","🏋️ MIGANG — Hip Thrust

🎯 ONE KEY CUE
🔥 ""Brace the upper back and drive the hips up to squeeze the glutes""

There is no dedicated Migang SKU for this category. Confirm pads, levers, and safeties on the unit in your gym, then follow the movement pattern below.

⚙️ ① Setup
🪑 Seat / pads
Set the seat/back pad first. Your start depth is where the pelvis stays planted and the low back does not peel up.
🦶 Feet
Lock in the support foot before you move. Reduce load if you wobble.
⚙️ Adjustments
Check 시트/패드, 롤러·암 각도, 중량.

💪 ② Start position
Set the pelvis first. Do not plan to create height with the lower back.
Check only this:
👉 Glutes ready to drive, not the lumbar spine

🔥 ③ Execution
Finish with the hips/glutes — do not manufacture height with the lumbar spine.
Drive the hips, squeeze, then lower without lumbar snap.

💥 ④ Peak contraction
Stop where the target muscle is most shortened.
⏱️ 1-second STOP
Own that position for one second. This is not where you dump the weight.

🐌 ⑤ Controlled return
Do not dump the load.
Take 2–3 seconds on the way back.
Return on the same path you pressed or pulled.

❌ Common mistakes
❌ Creating height with the lumbar spine
If position breaks, cut the load.
❌ Rotating the pelvis and favoring one side
If position breaks, cut the load.
❌ Bouncing the lockout
Slow the tempo and repeat one clean path.

💡 MACHINE FIT PRO TIP
🔥 No dedicated Hammer Strength SKU for this slot. Trust the pads/levers/safeties on the unit labeled like ""Hip Thrust"", rehearse five light reps, then start working sets.

🎯 MACHINE FIT CHECK
🟢 Seat/pad → fitted
🟢 Feet → centered and aligned
🟢 Shoulders → not shrugged
🟢 Return → 2–3 sec control

### 🔥 Remember this

""Brace the upper back and drive the hips up to squeeze the glutes. One-second peak, controlled return."""
MIGANG,글루트 드라이브,Glute Drive,,BRAND_MODEL_NOT_FOUND,Migang,,https://blog.naver.com/pinkd001y/222976642460,미강(Migang) 파워짐 공개 딜러·중고 리스트에서 '글루트 드라이브' 전용 SKU가 확인되지 않습니다,"시트/패드, 롤러·암 각도, 중량","🏋️ MIGANG — 글루트 드라이브

🎯 ONE KEY CUE
🔥 ""풋 지지에 힘을 주고 힙을 전방으로 드라이브""

미강 전용 모델이 없는 카테고리입니다. 헬스장에 있는 실제 기구의 패드·레버·안전장치를 먼저 확인한 뒤, 아래 패턴으로 움직이세요.

⚙️ ① 기구 세팅
🪑 좌석 / 패드
시트부터 맞추세요. 밀었을 때 골반이 말리거나 허리가 뜨지 않는 깊이가 시작점입니다.
🦶 발 위치
지지하는 발을 먼저 고정하세요. 흔들리면 중량을 낮춥니다.
⚙️ 조절 포인트
시트/패드, 롤러·암 각도, 중량을 확인하세요.

💪 ② 시작 자세
골반 위치를 먼저 고정합니다. 허리로 높이 만들 준비를 하지 마세요.
이 자세에서 이것만 확인하세요.
👉 허리가 아니라 엉덩이가 일을 받을 준비인지

🔥 ③ 운동 방법
힙을 신전했다 천천히 복귀.
허리로 높이를 만들지 말고 골반·엉덩이로 밀어 마무리하세요.

💥 ④ 최고 수축
목표 근육이 가장 조여지는 끝 지점에서 멈춥니다.
⏱️ 1초 STOP
튕기지 말고 그 지점에서 1초만 소유하세요. 무게를 놓는 순간이 아닙니다.

🐌 ⑤ 천천히 돌아오기
중량을 그냥 놓지 마세요.
2~3초 동안 통제하면서 복귀합니다.
시작 자세로 돌아갈 때도 같은 궤적을 유지하세요.

❌ 흔한 실수
❌ 무릎만 펴고 둔근을 쓰지 않는
자세가 무너지면 무게를 낮추세요.
❌ 허리로 높이 만드는 것
자세가 무너지면 무게를 낮추세요.
❌ 골반이 돌아가며 한쪽만 미는 것
약한 쪽 속도에 강한 쪽을 맞추세요.
❌ 반동으로 올리는 것
템포를 늦추고 같은 궤적만 반복하세요.

💡 MACHINE FIT PRO TIP
🔥 이 항목은 해머 스트렝스 전용 SKU가 없습니다. ""글루트 드라이브""로 분류된 실제 기구의 패드·레버·안전장치만 믿고, 가벼운 무게로 5회 리허설 후 본 세트를 시작하세요.

🎯 MACHINE FIT CHECK
🟢 시트/패드 → 몸에 맞춤
🟢 발 → 발판 중앙·방향 정렬
🟢 어깨 → 으쓱하지 않기
🟢 복귀 → 2~3초 통제

### 🔥 이것만 기억하세요

""풋 지지에 힘을 주고 힙을 전방으로 드라이브. 끝에서 1초, 복귀는 통제.""","🏋️ MIGANG — Glute Drive

🎯 ONE KEY CUE
🔥 ""Drive through the foot supports and extend the hips forward""

There is no dedicated Migang SKU for this category. Confirm pads, levers, and safeties on the unit in your gym, then follow the movement pattern below.

⚙️ ① Setup
🪑 Seat / pads
Set the seat/back pad first. Your start depth is where the pelvis stays planted and the low back does not peel up.
🦶 Feet
Lock in the support foot before you move. Reduce load if you wobble.
⚙️ Adjustments
Check 시트/패드, 롤러·암 각도, 중량.

💪 ② Start position
Set the pelvis first. Do not plan to create height with the lower back.
Check only this:
👉 Glutes ready to drive, not the lumbar spine

🔥 ③ Execution
Finish with the hips/glutes — do not manufacture height with the lumbar spine.
Drive the hips, squeeze, then lower without lumbar snap.

💥 ④ Peak contraction
Stop where the target muscle is most shortened.
⏱️ 1-second STOP
Own that position for one second. This is not where you dump the weight.

🐌 ⑤ Controlled return
Do not dump the load.
Take 2–3 seconds on the way back.
Return on the same path you pressed or pulled.

❌ Common mistakes
❌ Creating height with the lumbar spine
If position breaks, cut the load.
❌ Rotating the pelvis and favoring one side
If position breaks, cut the load.
❌ Bouncing the lockout
Slow the tempo and repeat one clean path.

💡 MACHINE FIT PRO TIP
🔥 No dedicated Hammer Strength SKU for this slot. Trust the pads/levers/safeties on the unit labeled like ""Glute Drive"", rehearse five light reps, then start working sets.

🎯 MACHINE FIT CHECK
🟢 Seat/pad → fitted
🟢 Feet → centered and aligned
🟢 Shoulders → not shrugged
🟢 Return → 2–3 sec control

### 🔥 Remember this

""Drive through the foot supports and extend the hips forward. One-second peak, controlled return."""
MIGANG,글루트 킥백,Glute Kickback,,BRAND_MODEL_NOT_FOUND,Migang,,https://blog.naver.com/pinkd001y/222976642460,미강(Migang) 파워짐 공개 딜러·중고 리스트에서 '글루트 킥백' 전용 SKU가 확인되지 않습니다,"시트/패드, 롤러·암 각도, 중량","🏋️ MIGANG — 글루트 킥백

🎯 ONE KEY CUE
🔥 ""골반을 고정한 채 다리를 뒤로 차올리기""

미강 전용 모델이 없는 카테고리입니다. 헬스장에 있는 실제 기구의 패드·레버·안전장치를 먼저 확인한 뒤, 아래 패턴으로 움직이세요.

⚙️ ① 기구 세팅
🪑 좌석 / 패드
시트부터 맞추세요. 밀었을 때 골반이 말리거나 허리가 뜨지 않는 깊이가 시작점입니다.
🦶 발 위치
지지하는 발을 먼저 고정하세요. 흔들리면 중량을 낮춥니다.
⚙️ 조절 포인트
시트/패드, 롤러·암 각도, 중량을 확인하세요.

💪 ② 시작 자세
골반 위치를 먼저 고정합니다. 허리로 높이 만들 준비를 하지 마세요.
이 자세에서 이것만 확인하세요.
👉 허리가 아니라 엉덩이가 일을 받을 준비인지

🔥 ③ 운동 방법
뒤로 킥했다 천천히 복귀.
허리로 높이를 만들지 말고 골반·엉덩이로 밀어 마무리하세요.

💥 ④ 최고 수축
목표 근육이 가장 조여지는 끝 지점에서 멈춥니다.
⏱️ 1초 STOP
튕기지 말고 그 지점에서 1초만 소유하세요. 무게를 놓는 순간이 아닙니다.

🐌 ⑤ 천천히 돌아오기
중량을 그냥 놓지 마세요.
2~3초 동안 통제하면서 복귀합니다.
시작 자세로 돌아갈 때도 같은 궤적을 유지하세요.

❌ 흔한 실수
❌ 허리를 과신전하며 차는
자세가 무너지면 무게를 낮추세요.
❌ 허리로 높이 만드는 것
자세가 무너지면 무게를 낮추세요.
❌ 골반이 돌아가며 한쪽만 미는 것
약한 쪽 속도에 강한 쪽을 맞추세요.
❌ 반동으로 올리는 것
템포를 늦추고 같은 궤적만 반복하세요.

💡 MACHINE FIT PRO TIP
🔥 이 항목은 해머 스트렝스 전용 SKU가 없습니다. ""글루트 킥백""로 분류된 실제 기구의 패드·레버·안전장치만 믿고, 가벼운 무게로 5회 리허설 후 본 세트를 시작하세요.

🎯 MACHINE FIT CHECK
🟢 시트/패드 → 몸에 맞춤
🟢 발 → 발판 중앙·방향 정렬
🟢 어깨 → 으쓱하지 않기
🟢 복귀 → 2~3초 통제

### 🔥 이것만 기억하세요

""골반을 고정한 채 다리를 뒤로 차올리기. 끝에서 1초, 복귀는 통제.""","🏋️ MIGANG — Glute Kickback

🎯 ONE KEY CUE
🔥 ""Keep the pelvis stable and kick the leg back""

There is no dedicated Migang SKU for this category. Confirm pads, levers, and safeties on the unit in your gym, then follow the movement pattern below.

⚙️ ① Setup
🪑 Seat / pads
Set the seat/back pad first. Your start depth is where the pelvis stays planted and the low back does not peel up.
🦶 Feet
Lock in the support foot before you move. Reduce load if you wobble.
⚙️ Adjustments
Check 시트/패드, 롤러·암 각도, 중량.

💪 ② Start position
Set the pelvis first. Do not plan to create height with the lower back.
Check only this:
👉 Glutes ready to drive, not the lumbar spine

🔥 ③ Execution
Finish with the hips/glutes — do not manufacture height with the lumbar spine.
Drive the hips, squeeze, then lower without lumbar snap.

💥 ④ Peak contraction
Stop where the target muscle is most shortened.
⏱️ 1-second STOP
Own that position for one second. This is not where you dump the weight.

🐌 ⑤ Controlled return
Do not dump the load.
Take 2–3 seconds on the way back.
Return on the same path you pressed or pulled.

❌ Common mistakes
❌ Creating height with the lumbar spine
If position breaks, cut the load.
❌ Rotating the pelvis and favoring one side
If position breaks, cut the load.
❌ Bouncing the lockout
Slow the tempo and repeat one clean path.

💡 MACHINE FIT PRO TIP
🔥 No dedicated Hammer Strength SKU for this slot. Trust the pads/levers/safeties on the unit labeled like ""Glute Kickback"", rehearse five light reps, then start working sets.

🎯 MACHINE FIT CHECK
🟢 Seat/pad → fitted
🟢 Feet → centered and aligned
🟢 Shoulders → not shrugged
🟢 Return → 2–3 sec control

### 🔥 Remember this

""Keep the pelvis stable and kick the leg back. One-second peak, controlled return."""
MIGANG,힙 어브덕션,Hip Abduction,Power Gym Total Hip,PARTIALLY_VERIFIED,Migang,Power Gym,https://blog.naver.com/pinkd001y/222976642460,전용 어브덕션 SKU는 없고 토탈힙(TOTAL HIP) 다기능으로 외전 모드가 대체 확인됩니다,"패드 높이, 가동 암 각도, 중량 스택","🏋️ MIGANG — Power Gym Total Hip · Power Gym

🎯 ONE KEY CUE
🔥 ""상체를 고정하고 무릎을 바깥으로 벌리기""

전용 어브덕션 SKU는 없고 토탈힙(TOTAL HIP) 다기능으로 외전 모드가 대체 확인됩니다. Power Gym 구조입니다. 처음부터 무게 올리지 말고, 세팅부터 잡으세요.

⚙️ ① 기구 세팅
🪑 좌석 / 패드
시트·백패드를 먼저 맞추세요. 밀었을 때 골반이 말리거나 허리가 뜨지 않는 깊이가 시작점입니다.
🦶 발 위치
지지하는 발을 먼저 고정하세요. 흔들리면 중량을 낮춥니다.
⚙️ 조절 포인트
패드 높이, 가동 암 각도, 중량 스택을 확인하세요.
이 카테고리는 공식 명칭이 겹칠 수 있으니, 헬스장 기구의 실제 레버·패드 배치를 우선하세요.

💪 ② 시작 자세
골반 위치를 먼저 고정합니다. 허리로 높이 만들 준비를 하지 마세요.
이 자세에서 이것만 확인하세요.
👉 허리가 아니라 엉덩이가 일을 받을 준비인지

🔥 ③ 운동 방법
모은 상태에서 바깥으로 벌렸다 복귀.
허리로 높이를 만들지 말고 골반·엉덩이로 밀어 마무리하세요.

💥 ④ 최고 수축
목표 근육이 가장 조여지는 끝 지점에서 멈춥니다.
⏱️ 1초 STOP
튕기지 말고 그 지점에서 1초만 소유하세요. 무게를 놓는 순간이 아닙니다.

🐌 ⑤ 천천히 돌아오기
중량을 그냥 놓지 마세요.
2~3초 동안 통제하면서 복귀합니다.
시작 자세로 돌아갈 때도 같은 궤적을 유지하세요.

❌ 흔한 실수
❌ 반동으로 다리를 벌리는
템포를 늦추고 같은 궤적만 반복하세요.
❌ 허리로 높이 만드는 것
자세가 무너지면 무게를 낮추세요.
❌ 골반이 돌아가며 한쪽만 미는 것
약한 쪽 속도에 강한 쪽을 맞추세요.
❌ 반동으로 올리는 것
템포를 늦추고 같은 궤적만 반복하세요.

💡 MACHINE FIT PRO TIP
🔥 Power Gym Total Hip의 가이드 궤적을 이용하세요. 첫 2세트는 천천히, 대칭이 확인된 뒤에만 무게를 올립니다.

🎯 MACHINE FIT CHECK
🟢 발 → 발판 중앙·방향 정렬
🟢 어깨 → 으쓱하지 않기
🟢 복귀 → 2~3초 통제

### 🔥 이것만 기억하세요

""상체를 고정하고 무릎을 바깥으로 벌리기. 끝에서 1초, 복귀는 통제.""","🏋️ MIGANG — Power Gym Total Hip · Power Gym

🎯 ONE KEY CUE
🔥 ""Brace the torso and open the knees outward""

전용 어브덕션 SKU는 없고 토탈힙(TOTAL HIP) 다기능으로 외전 모드가 대체 확인됩니다 Lean into the Power Gym design. Do not chase load until the setup feels locked in.

⚙️ ① Setup
🪑 Seat / pads
Set the seat/back pad first. Your start depth is where the pelvis stays planted and the low back does not peel up.
🦶 Feet
Lock in the support foot before you move. Reduce load if you wobble.
⚙️ Adjustments
Check 패드 높이, 가동 암 각도, 중량 스택.
Naming can overlap in this category — trust the levers and pads on the unit in front of you.

💪 ② Start position
Set the pelvis first. Do not plan to create height with the lower back.
Check only this:
👉 Glutes ready to drive, not the lumbar spine

🔥 ③ Execution
Finish with the hips/glutes — do not manufacture height with the lumbar spine.
Drive the hips, squeeze, then lower without lumbar snap.

💥 ④ Peak contraction
Stop where the target muscle is most shortened.
⏱️ 1-second STOP
Own that position for one second. This is not where you dump the weight.

🐌 ⑤ Controlled return
Do not dump the load.
Take 2–3 seconds on the way back.
Return on the same path you pressed or pulled.

❌ Common mistakes
❌ Creating height with the lumbar spine
If position breaks, cut the load.
❌ Rotating the pelvis and favoring one side
If position breaks, cut the load.
❌ Bouncing the lockout
Slow the tempo and repeat one clean path.

💡 MACHINE FIT PRO TIP
🔥 Use the guided path on Power Gym Total Hip. Slow the first two sets, confirm symmetry, then add load.

🎯 MACHINE FIT CHECK
🟢 Feet → centered and aligned
🟢 Shoulders → not shrugged
🟢 Return → 2–3 sec control

### 🔥 Remember this

""Brace the torso and open the knees outward. One-second peak, controlled return."""
MIGANG,힙 어덕션,Hip Adduction,Power Gym Total Hip,PARTIALLY_VERIFIED,Migang,Power Gym,https://blog.naver.com/pinkd001y/222976642460,전용 어덕션 SKU는 없고 토탈힙 다기능의 내전 모드로 대체 확인됩니다,"패드 높이, 가동 암 각도, 중량 스택","🏋️ MIGANG — Power Gym Total Hip · Power Gym

🎯 ONE KEY CUE
🔥 ""상체를 고정하고 무릎을 안쪽으로 모으기""

전용 어덕션 SKU는 없고 토탈힙 다기능의 내전 모드로 대체 확인됩니다. Power Gym 구조입니다. 처음부터 무게 올리지 말고, 세팅부터 잡으세요.

⚙️ ① 기구 세팅
🪑 좌석 / 패드
시트·백패드를 먼저 맞추세요. 밀었을 때 골반이 말리거나 허리가 뜨지 않는 깊이가 시작점입니다.
🦶 발 위치
지지하는 발을 먼저 고정하세요. 흔들리면 중량을 낮춥니다.
⚙️ 조절 포인트
패드 높이, 가동 암 각도, 중량 스택을 확인하세요.
이 카테고리는 공식 명칭이 겹칠 수 있으니, 헬스장 기구의 실제 레버·패드 배치를 우선하세요.

💪 ② 시작 자세
골반 위치를 먼저 고정합니다. 허리로 높이 만들 준비를 하지 마세요.
이 자세에서 이것만 확인하세요.
👉 허리가 아니라 엉덩이가 일을 받을 준비인지

🔥 ③ 운동 방법
벌린 상태에서 안쪽으로 모았다 복귀.
허리로 높이를 만들지 말고 골반·엉덩이로 밀어 마무리하세요.

💥 ④ 최고 수축
목표 근육이 가장 조여지는 끝 지점에서 멈춥니다.
⏱️ 1초 STOP
튕기지 말고 그 지점에서 1초만 소유하세요. 무게를 놓는 순간이 아닙니다.

🐌 ⑤ 천천히 돌아오기
중량을 그냥 놓지 마세요.
2~3초 동안 통제하면서 복귀합니다.
시작 자세로 돌아갈 때도 같은 궤적을 유지하세요.

❌ 흔한 실수
❌ 상체를 비틀며 모으는
자세가 무너지면 무게를 낮추세요.
❌ 허리로 높이 만드는 것
자세가 무너지면 무게를 낮추세요.
❌ 골반이 돌아가며 한쪽만 미는 것
약한 쪽 속도에 강한 쪽을 맞추세요.
❌ 반동으로 올리는 것
템포를 늦추고 같은 궤적만 반복하세요.

💡 MACHINE FIT PRO TIP
🔥 Power Gym Total Hip의 가이드 궤적을 이용하세요. 첫 2세트는 천천히, 대칭이 확인된 뒤에만 무게를 올립니다.

🎯 MACHINE FIT CHECK
🟢 발 → 발판 중앙·방향 정렬
🟢 어깨 → 으쓱하지 않기
🟢 복귀 → 2~3초 통제

### 🔥 이것만 기억하세요

""상체를 고정하고 무릎을 안쪽으로 모으기. 끝에서 1초, 복귀는 통제.""","🏋️ MIGANG — Power Gym Total Hip · Power Gym

🎯 ONE KEY CUE
🔥 ""Brace the torso and bring the knees inward""

전용 어덕션 SKU는 없고 토탈힙 다기능의 내전 모드로 대체 확인됩니다 Lean into the Power Gym design. Do not chase load until the setup feels locked in.

⚙️ ① Setup
🪑 Seat / pads
Set the seat/back pad first. Your start depth is where the pelvis stays planted and the low back does not peel up.
🦶 Feet
Lock in the support foot before you move. Reduce load if you wobble.
⚙️ Adjustments
Check 패드 높이, 가동 암 각도, 중량 스택.
Naming can overlap in this category — trust the levers and pads on the unit in front of you.

💪 ② Start position
Set the pelvis first. Do not plan to create height with the lower back.
Check only this:
👉 Glutes ready to drive, not the lumbar spine

🔥 ③ Execution
Finish with the hips/glutes — do not manufacture height with the lumbar spine.
Drive the hips, squeeze, then lower without lumbar snap.

💥 ④ Peak contraction
Stop where the target muscle is most shortened.
⏱️ 1-second STOP
Own that position for one second. This is not where you dump the weight.

🐌 ⑤ Controlled return
Do not dump the load.
Take 2–3 seconds on the way back.
Return on the same path you pressed or pulled.

❌ Common mistakes
❌ Creating height with the lumbar spine
If position breaks, cut the load.
❌ Rotating the pelvis and favoring one side
If position breaks, cut the load.
❌ Bouncing the lockout
Slow the tempo and repeat one clean path.

💡 MACHINE FIT PRO TIP
🔥 Use the guided path on Power Gym Total Hip. Slow the first two sets, confirm symmetry, then add load.

🎯 MACHINE FIT CHECK
🟢 Feet → centered and aligned
🟢 Shoulders → not shrugged
🟢 Return → 2–3 sec control

### 🔥 Remember this

""Brace the torso and bring the knees inward. One-second peak, controlled return."""
MIGANG,글루트 / 힙 머신,Glute / Hip Machine,Power Gym Total Hip,VERIFIED,Migang,Power Gym,https://blog.naver.com/pinkd001y/222976642460,미강 파워짐 토탈힙(TOTAL HIP) 다기능 힙 머신으로 세트 리스트에 확인됩니다,"패드·암 각도, 스탠스, 중량 스택","🏋️ MIGANG — Power Gym Total Hip · Power Gym

🎯 ONE KEY CUE
🔥 ""선택한 각도에서 둔근·힙 궤적만 사용""

미강 파워짐 토탈힙(TOTAL HIP) 다기능 힙 머신으로 세트 리스트에 확인됩니다. Power Gym 구조입니다. 처음부터 무게 올리지 말고, 세팅부터 잡으세요.

⚙️ ① 기구 세팅
🪑 좌석 / 패드
시트·백패드를 먼저 맞추세요. 밀었을 때 골반이 말리거나 허리가 뜨지 않는 깊이가 시작점입니다.
🦶 발 위치
지지하는 발을 먼저 고정하세요. 흔들리면 중량을 낮춥니다.
⚙️ 조절 포인트
패드·암 각도, 스탠스, 중량 스택을 확인하세요.

💪 ② 시작 자세
골반 위치를 먼저 고정합니다. 허리로 높이 만들 준비를 하지 마세요.
이 자세에서 이것만 확인하세요.
👉 허리가 아니라 엉덩이가 일을 받을 준비인지

🔥 ③ 운동 방법
설정 각도에서 신전·외전 후 복귀.
허리로 높이를 만들지 말고 골반·엉덩이로 밀어 마무리하세요.

💥 ④ 최고 수축
목표 근육이 가장 조여지는 끝 지점에서 멈춥니다.
⏱️ 1초 STOP
튕기지 말고 그 지점에서 1초만 소유하세요. 무게를 놓는 순간이 아닙니다.

🐌 ⑤ 천천히 돌아오기
중량을 그냥 놓지 마세요.
2~3초 동안 통제하면서 복귀합니다.
시작 자세로 돌아갈 때도 같은 궤적을 유지하세요.

❌ 흔한 실수
❌ 상체 반동으로 무게를 넘기는
템포를 늦추고 같은 궤적만 반복하세요.
❌ 허리로 높이 만드는 것
자세가 무너지면 무게를 낮추세요.
❌ 골반이 돌아가며 한쪽만 미는 것
약한 쪽 속도에 강한 쪽을 맞추세요.
❌ 반동으로 올리는 것
템포를 늦추고 같은 궤적만 반복하세요.

💡 MACHINE FIT PRO TIP
🔥 Power Gym Total Hip의 가이드 궤적을 이용하세요. 첫 2세트는 천천히, 대칭이 확인된 뒤에만 무게를 올립니다.

🎯 MACHINE FIT CHECK
🟢 발 → 발판 중앙·방향 정렬
🟢 어깨 → 으쓱하지 않기
🟢 복귀 → 2~3초 통제

### 🔥 이것만 기억하세요

""선택한 각도에서 둔근·힙 궤적만 사용. 끝에서 1초, 복귀는 통제.""","🏋️ MIGANG — Power Gym Total Hip · Power Gym

🎯 ONE KEY CUE
🔥 ""Use only the glute/hip path for the selected angle""

미강 파워짐 토탈힙(TOTAL HIP) 다기능 힙 머신으로 세트 리스트에 확인됩니다 Lean into the Power Gym design. Do not chase load until the setup feels locked in.

⚙️ ① Setup
🪑 Seat / pads
Set the seat/back pad first. Your start depth is where the pelvis stays planted and the low back does not peel up.
🦶 Feet
Lock in the support foot before you move. Reduce load if you wobble.
⚙️ Adjustments
Check 패드·암 각도, 스탠스, 중량 스택.

💪 ② Start position
Set the pelvis first. Do not plan to create height with the lower back.
Check only this:
👉 Glutes ready to drive, not the lumbar spine

🔥 ③ Execution
Finish with the hips/glutes — do not manufacture height with the lumbar spine.
Drive the hips, squeeze, then lower without lumbar snap.

💥 ④ Peak contraction
Stop where the target muscle is most shortened.
⏱️ 1-second STOP
Own that position for one second. This is not where you dump the weight.

🐌 ⑤ Controlled return
Do not dump the load.
Take 2–3 seconds on the way back.
Return on the same path you pressed or pulled.

❌ Common mistakes
❌ Creating height with the lumbar spine
If position breaks, cut the load.
❌ Rotating the pelvis and favoring one side
If position breaks, cut the load.
❌ Bouncing the lockout
Slow the tempo and repeat one clean path.

💡 MACHINE FIT PRO TIP
🔥 Use the guided path on Power Gym Total Hip. Slow the first two sets, confirm symmetry, then add load.

🎯 MACHINE FIT CHECK
🟢 Feet → centered and aligned
🟢 Shoulders → not shrugged
🟢 Return → 2–3 sec control

### 🔥 Remember this

""Use only the glute/hip path for the selected angle. One-second peak, controlled return."""
MIGANG,스탠딩 카프,Standing Calf,,BRAND_MODEL_NOT_FOUND,Migang,,https://blog.naver.com/pinkd001y/222976642460,미강(Migang) 파워짐 공개 딜러·중고 리스트에서 '스탠딩 카프' 전용 SKU가 확인되지 않습니다,"등판/시트, 풋 플랫폼, 안전 스토퍼, 중량","🏋️ MIGANG — 스탠딩 카프

🎯 ONE KEY CUE
🔥 ""무릎을 잠그지 않고 발볼로 밀어 올리기""

미강 전용 모델이 없는 카테고리입니다. 헬스장에 있는 실제 기구의 패드·레버·안전장치를 먼저 확인한 뒤, 아래 패턴으로 움직이세요.

⚙️ ① 기구 세팅
🪑 좌석 / 패드
시트를 몸에 맞추세요. 시작 위치가 어깨·관절에 자연스럽게 오는지 확인합니다.
🦶 발 위치
발볼만 발판에 올리고 발뒤꿈치는 아래로 떨어질 여유를 남기세요.
⚙️ 조절 포인트
등판/시트, 풋 플랫폼, 안전 스토퍼, 중량을 확인하세요.

💪 ② 시작 자세
무릎 각도를 고정한 채 발볼로만 움직일 준비를 합니다.
이 자세에서 이것만 확인하세요.
👉 무릎이 같이 굽혀지지 않는지

🔥 ③ 운동 방법
뒤꿈치를 내려 스트레치 후 올리기.
무릎으로 밀지 말고 발목 가동범위로만 위아래를 만듭니다.

💥 ④ 최고 수축
발볼로 최대한 올린 꼭대기에서 멈춥니다.
⏱️ 1초 STOP
튕기지 말고 그 지점에서 1초만 소유하세요. 무게를 놓는 순간이 아닙니다.

🐌 ⑤ 천천히 돌아오기
중량을 그냥 놓지 마세요.
2~3초 동안 통제하면서 복귀합니다.
시작 자세로 돌아갈 때도 같은 궤적을 유지하세요.

❌ 흔한 실수
❌ 반동으로 튕기듯 올리는
템포를 늦추고 같은 궤적만 반복하세요.
❌ 무릎을 같이 굽혀 카프가 아닌 다리로 미는 것
자세가 무너지면 무게를 낮추세요.
❌ 발뒤꿈치를 튕기는 것
자세가 무너지면 무게를 낮추세요.
❌ 가동범위를 너무 짧게 가져가는 것
자세가 무너지면 무게를 낮추세요.

💡 MACHINE FIT PRO TIP
🔥 이 항목은 해머 스트렝스 전용 SKU가 없습니다. ""스탠딩 카프""로 분류된 실제 기구의 패드·레버·안전장치만 믿고, 가벼운 무게로 5회 리허설 후 본 세트를 시작하세요.

🎯 MACHINE FIT CHECK
🟢 시트/패드 → 몸에 맞춤
🟢 발 → 발판 중앙·방향 정렬
🟢 어깨 → 으쓱하지 않기
🟢 복귀 → 2~3초 통제

### 🔥 이것만 기억하세요

""발볼로만, 꼭대기 1초, 튕기지 않기.""","🏋️ MIGANG — Standing Calf

🎯 ONE KEY CUE
🔥 ""Press through the balls of the feet without hard-locking the knees""

There is no dedicated Migang SKU for this category. Confirm pads, levers, and safeties on the unit in your gym, then follow the movement pattern below.

⚙️ ① Setup
🪑 Seat / pads
Fit the seat to your body so the start position sits naturally on the working joint.
🦶 Feet
Balls of the feet on the platform; leave room for the heels to drop.
⚙️ Adjustments
Check 등판/시트, 풋 플랫폼, 안전 스토퍼, 중량.

💪 ② Start position
Lock the knee angle and prepare to move only through the ankles.
Check only this:
👉 Knees not bending with the calves

🔥 ③ Execution
Do not press with the knees. Use ankle range only.
Lower the heels, rise through the balls of the feet, pause, then lower.

💥 ④ Peak contraction
Stop at the top of the rise through the balls of the feet.
⏱️ 1-second STOP
Own that position for one second. This is not where you dump the weight.

🐌 ⑤ Controlled return
Do not dump the load.
Take 2–3 seconds on the way back.
Return on the same path you pressed or pulled.

❌ Common mistakes
❌ Bending the knees and turning it into a leg press
If position breaks, cut the load.
❌ Bouncing the heels
Slow the tempo and repeat one clean path.
❌ Cutting the range too short
If position breaks, cut the load.

💡 MACHINE FIT PRO TIP
🔥 No dedicated Hammer Strength SKU for this slot. Trust the pads/levers/safeties on the unit labeled like ""Standing Calf"", rehearse five light reps, then start working sets.

🎯 MACHINE FIT CHECK
🟢 Seat/pad → fitted
🟢 Feet → centered and aligned
🟢 Shoulders → not shrugged
🟢 Return → 2–3 sec control

### 🔥 Remember this

""Balls of the feet only, pause on top, no bounce."""
MIGANG,시티드 카프,Seated Calf,Power Gym Hammer Sit Calf,VERIFIED,Migang,Power Gym Hammer,https://blog.naver.com/pinkd001y/222976642460,미강 파워짐 해머 싯카프(시티드 카프)로 세트 리스트에 확인됩니다,"니 패드, 풋 지지, 중량","🏋️ MIGANG — Power Gym Hammer Sit Calf · Power Gym Hammer

🎯 ONE KEY CUE
🔥 ""무릎 패드 아래에서 발볼로 뒤꿈치를 올리기""

미강 파워짐 해머 싯카프(시티드 카프)로 세트 리스트에 확인됩니다. Power Gym 구조입니다. 처음부터 무게 올리지 말고, 세팅부터 잡으세요.

⚙️ ① 기구 세팅
🪑 좌석 / 패드
시트를 몸에 맞추세요. 시작 위치가 목표 관절 높이에 오는지 확인합니다.
🦶 발 위치
발볼만 발판에 올리고 발뒤꿈치는 아래로 떨어질 여유를 남기세요.
⚙️ 조절 포인트
니 패드, 풋 지지, 중량을 확인하세요.

💪 ② 시작 자세
무릎 각도를 고정한 채 발볼로만 움직일 준비를 합니다.
이 자세에서 이것만 확인하세요.
👉 무릎이 같이 굽혀지지 않는지

🔥 ③ 운동 방법
뒤꿈치를 내렸다 올리기.
무릎으로 밀지 말고 발목 가동범위로만 위아래를 만듭니다.

💥 ④ 최고 수축
발볼로 최대한 올린 꼭대기에서 멈춥니다.
⏱️ 1초 STOP
튕기지 말고 그 지점에서 1초만 소유하세요. 무게를 놓는 순간이 아닙니다.

🐌 ⑤ 천천히 돌아오기
중량을 그냥 놓지 마세요.
2~3초 동안 통제하면서 복귀합니다.
시작 자세로 돌아갈 때도 같은 궤적을 유지하세요.

❌ 흔한 실수
❌ 무릎으로만 밀고 종아리를 안 쓰는
자세가 무너지면 무게를 낮추세요.
❌ 무릎을 같이 굽혀 카프가 아닌 다리로 미는 것
자세가 무너지면 무게를 낮추세요.
❌ 발뒤꿈치를 튕기는 것
자세가 무너지면 무게를 낮추세요.
❌ 가동범위를 너무 짧게 가져가는 것
자세가 무너지면 무게를 낮추세요.

💡 MACHINE FIT PRO TIP
🔥 Power Gym Hammer Sit Calf의 가이드 궤적을 이용하세요. 첫 2세트는 천천히, 대칭이 확인된 뒤에만 무게를 올립니다.

🎯 MACHINE FIT CHECK
🟢 발 → 발판 중앙·방향 정렬
🟢 어깨 → 으쓱하지 않기
🟢 복귀 → 2~3초 통제

### 🔥 이것만 기억하세요

""발볼로만, 꼭대기 1초, 튕기지 않기.""","🏋️ MIGANG — Power Gym Hammer Sit Calf · Power Gym Hammer

🎯 ONE KEY CUE
🔥 ""Under the knee pads, raise the heels through the balls of the feet""

미강 파워짐 해머 싯카프(시티드 카프)로 세트 리스트에 확인됩니다 Lean into the Power Gym design. Do not chase load until the setup feels locked in.

⚙️ ① Setup
🪑 Seat / pads
Fit the seat to your body so the start position sits naturally on the working joint.
🦶 Feet
Balls of the feet on the platform; leave room for the heels to drop.
⚙️ Adjustments
Check 니 패드, 풋 지지, 중량.

💪 ② Start position
Lock the knee angle and prepare to move only through the ankles.
Check only this:
👉 Knees not bending with the calves

🔥 ③ Execution
Do not press with the knees. Use ankle range only.
Lower the heels, rise through the balls of the feet, pause, then lower.

💥 ④ Peak contraction
Stop at the top of the rise through the balls of the feet.
⏱️ 1-second STOP
Own that position for one second. This is not where you dump the weight.

🐌 ⑤ Controlled return
Do not dump the load.
Take 2–3 seconds on the way back.
Return on the same path you pressed or pulled.

❌ Common mistakes
❌ Bending the knees and turning it into a leg press
If position breaks, cut the load.
❌ Bouncing the heels
Slow the tempo and repeat one clean path.
❌ Cutting the range too short
If position breaks, cut the load.

💡 MACHINE FIT PRO TIP
🔥 Use the guided path on Power Gym Hammer Sit Calf. Slow the first two sets, confirm symmetry, then add load.

🎯 MACHINE FIT CHECK
🟢 Feet → centered and aligned
🟢 Shoulders → not shrugged
🟢 Return → 2–3 sec control

### 🔥 Remember this

""Balls of the feet only, pause on top, no bounce."""
MIGANG,레그 프레스 카프,Leg Press Calf,,BRAND_MODEL_NOT_FOUND,Migang,,https://blog.naver.com/pinkd001y/222976642460,미강(Migang) 파워짐 공개 딜러·중고 리스트에서 '레그 프레스 카프' 전용 SKU가 확인되지 않습니다,"등판/시트, 풋 플랫폼, 안전 스토퍼, 중량","🏋️ MIGANG — 레그 프레스 카프

🎯 ONE KEY CUE
🔥 ""레그프레스 상단에서 발목만 저측굴곡""

미강 전용 모델이 없는 카테고리입니다. 헬스장에 있는 실제 기구의 패드·레버·안전장치를 먼저 확인한 뒤, 아래 패턴으로 움직이세요.

⚙️ ① 기구 세팅
🪑 좌석 / 패드
시트를 몸에 맞추세요. 시작 위치가 어깨·관절에 자연스럽게 오는지 확인합니다.
🦶 발 위치
발볼만 발판에 올리고 발뒤꿈치는 아래로 떨어질 여유를 남기세요.
⚙️ 조절 포인트
등판/시트, 풋 플랫폼, 안전 스토퍼, 중량을 확인하세요.

💪 ② 시작 자세
무릎 각도를 고정한 채 발볼로만 움직일 준비를 합니다.
이 자세에서 이것만 확인하세요.
👉 무릎이 같이 굽혀지지 않는지

🔥 ③ 운동 방법
발볼로 플랫폼을 밀었다 복귀.
무릎으로 밀지 말고 발목 가동범위로만 위아래를 만듭니다.

💥 ④ 최고 수축
발볼로 최대한 올린 꼭대기에서 멈춥니다.
⏱️ 1초 STOP
튕기지 말고 그 지점에서 1초만 소유하세요. 무게를 놓는 순간이 아닙니다.

🐌 ⑤ 천천히 돌아오기
중량을 그냥 놓지 마세요.
2~3초 동안 통제하면서 복귀합니다.
시작 자세로 돌아갈 때도 같은 궤적을 유지하세요.

❌ 흔한 실수
❌ 무릎을 굽히며 카프를 섞는
자세가 무너지면 무게를 낮추세요.
❌ 무릎을 같이 굽혀 카프가 아닌 다리로 미는 것
자세가 무너지면 무게를 낮추세요.
❌ 발뒤꿈치를 튕기는 것
자세가 무너지면 무게를 낮추세요.
❌ 가동범위를 너무 짧게 가져가는 것
자세가 무너지면 무게를 낮추세요.

💡 MACHINE FIT PRO TIP
🔥 이 항목은 해머 스트렝스 전용 SKU가 없습니다. ""레그 프레스 카프""로 분류된 실제 기구의 패드·레버·안전장치만 믿고, 가벼운 무게로 5회 리허설 후 본 세트를 시작하세요.

🎯 MACHINE FIT CHECK
🟢 시트/패드 → 몸에 맞춤
🟢 발 → 발판 중앙·방향 정렬
🟢 어깨 → 으쓱하지 않기
🟢 복귀 → 2~3초 통제

### 🔥 이것만 기억하세요

""발볼로만, 꼭대기 1초, 튕기지 않기.""","🏋️ MIGANG — Leg Press Calf

🎯 ONE KEY CUE
🔥 ""At the top of the leg press, plantarflex only at the ankles""

There is no dedicated Migang SKU for this category. Confirm pads, levers, and safeties on the unit in your gym, then follow the movement pattern below.

⚙️ ① Setup
🪑 Seat / pads
Fit the seat to your body so the start position sits naturally on the working joint.
🦶 Feet
Balls of the feet on the platform; leave room for the heels to drop.
⚙️ Adjustments
Check 등판/시트, 풋 플랫폼, 안전 스토퍼, 중량.

💪 ② Start position
Lock the knee angle and prepare to move only through the ankles.
Check only this:
👉 Knees not bending with the calves

🔥 ③ Execution
Do not press with the knees. Use ankle range only.
Lower the heels, rise through the balls of the feet, pause, then lower.

💥 ④ Peak contraction
Stop at the top of the rise through the balls of the feet.
⏱️ 1-second STOP
Own that position for one second. This is not where you dump the weight.

🐌 ⑤ Controlled return
Do not dump the load.
Take 2–3 seconds on the way back.
Return on the same path you pressed or pulled.

❌ Common mistakes
❌ Bending the knees and turning it into a leg press
If position breaks, cut the load.
❌ Bouncing the heels
Slow the tempo and repeat one clean path.
❌ Cutting the range too short
If position breaks, cut the load.

💡 MACHINE FIT PRO TIP
🔥 No dedicated Hammer Strength SKU for this slot. Trust the pads/levers/safeties on the unit labeled like ""Leg Press Calf"", rehearse five light reps, then start working sets.

🎯 MACHINE FIT CHECK
🟢 Seat/pad → fitted
🟢 Feet → centered and aligned
🟢 Shoulders → not shrugged
🟢 Return → 2–3 sec control

### 🔥 Remember this

""Balls of the feet only, pause on top, no bounce."""
MIGANG,바이셉 컬,Biceps Curl,Power Gym Arm Curl,PARTIALLY_VERIFIED,Migang,Power Gym,https://blog.naver.com/pinkd001y/222976642460,바이셉 전용 모델명 대신 세트 리스트의 암 컬(ARM CURL)로 확인됩니다,"시트, 팔꿈치 패드, 중량 스택","🏋️ MIGANG — Power Gym Arm Curl · Power Gym

🎯 ONE KEY CUE
🔥 ""팔꿈치를 고정한 채 손잡이를 어깨 쪽으로 컬""

바이셉 전용 모델명 대신 세트 리스트의 암 컬(ARM CURL)로 확인됩니다. Power Gym 구조입니다. 처음부터 무게 올리지 말고, 세팅부터 잡으세요.

⚙️ ① 기구 세팅
🪑 좌석 / 패드
시트를 몸에 맞추세요. 시작 위치가 어깨·관절에 자연스럽게 오는지 확인합니다.
🤲 그립 / 손 위치
손잡이를 편안한 너비로 잡으세요. 손목이 꺾이지 않게 합니다.
⚙️ 조절 포인트
시트, 팔꿈치 패드, 중량 스택을 확인하세요.
이 카테고리는 공식 명칭이 겹칠 수 있으니, 헬스장 기구의 실제 레버·패드 배치를 우선하세요.

💪 ② 시작 자세
팔꿈치 위치를 패드나 몸 옆에 고정합니다. 몸통 반동은 끕니다.
이 자세에서 이것만 확인하세요.
👉 팔꿈치가 앞으로 흘러가지 않는지

🔥 ③ 운동 방법
아래에서 어깨 쪽으로 컬했다 내리기.
몸통은 고정, 팔꿈치 아래만 움직입니다.

💥 ④ 최고 수축
목표 근육이 가장 조여지는 끝 지점에서 멈춥니다.
⏱️ 1초 STOP
튕기지 말고 그 지점에서 1초만 소유하세요. 무게를 놓는 순간이 아닙니다.

🐌 ⑤ 천천히 돌아오기
중량을 그냥 놓지 마세요.
2~3초 동안 통제하면서 복귀합니다.
시작 자세로 돌아갈 때도 같은 궤적을 유지하세요.

❌ 흔한 실수
❌ 상체를 뒤로 젖히며 반동하는
템포를 늦추고 같은 궤적만 반복하세요.
❌ 팔꿈치가 앞으로 흘러가며 어깨가 개입하는 것
자세가 무너지면 무게를 낮추세요.
❌ 몸통 반동으로 올리는 것
템포를 늦추고 같은 궤적만 반복하세요.
❌ 손목을 과하게 꺾는 것
자세가 무너지면 무게를 낮추세요.

💡 MACHINE FIT PRO TIP
🔥 Power Gym Arm Curl의 가이드 궤적을 이용하세요. 첫 2세트는 천천히, 대칭이 확인된 뒤에만 무게를 올립니다.

🎯 MACHINE FIT CHECK
🟢 시트/패드 → 몸에 맞춤
🟢 팔꿈치 → 미는/드는 방향
🟢 어깨 → 으쓱하지 않기
🟢 복귀 → 2~3초 통제

### 🔥 이것만 기억하세요

""팔꿈치를 고정한 채 손잡이를 어깨 쪽으로 컬. 끝에서 1초, 복귀는 통제.""","🏋️ MIGANG — Power Gym Arm Curl · Power Gym

🎯 ONE KEY CUE
🔥 ""Keep the elbows fixed and curl the handles toward the shoulders""

바이셉 전용 모델명 대신 세트 리스트의 암 컬(ARM CURL)로 확인됩니다 Lean into the Power Gym design. Do not chase load until the setup feels locked in.

⚙️ ① Setup
🪑 Seat / pads
Fit the seat to your body so the start position sits naturally on the working joint.
🤲 Grip / hands
Take a comfortable grip width and keep the wrists stacked, not bent.
⚙️ Adjustments
Check 시트, 팔꿈치 패드, 중량 스택.
Naming can overlap in this category — trust the levers and pads on the unit in front of you.

💪 ② Start position
Fix the elbows on the pad or at your sides. Kill torso swing.
Check only this:
👉 Elbows not drifting forward

🔥 ③ Execution
Torso stays quiet. Move only below the elbows.
Curl or extend only at the elbow, then reverse slowly.

💥 ④ Peak contraction
Stop where the target muscle is most shortened.
⏱️ 1-second STOP
Own that position for one second. This is not where you dump the weight.

🐌 ⑤ Controlled return
Do not dump the load.
Take 2–3 seconds on the way back.
Return on the same path you pressed or pulled.

❌ Common mistakes
❌ Letting the elbows drift so the shoulders take over
If position breaks, cut the load.
❌ Swinging the torso
If position breaks, cut the load.
❌ Over-bending the wrists
If position breaks, cut the load.

💡 MACHINE FIT PRO TIP
🔥 Use the guided path on Power Gym Arm Curl. Slow the first two sets, confirm symmetry, then add load.

🎯 MACHINE FIT CHECK
🟢 Seat/pad → fitted
🟢 Elbows → press/raise direction
🟢 Shoulders → not shrugged
🟢 Return → 2–3 sec control

### 🔥 Remember this

""Keep the elbows fixed and curl the handles toward the shoulders. One-second peak, controlled return."""
MIGANG,프리처 컬,Preacher Curl,,BRAND_MODEL_NOT_FOUND,Migang,,https://blog.naver.com/pinkd001y/222976642460,미강(Migang) 파워짐 공개 딜러·중고 리스트에서 '프리처 컬' 전용 SKU가 확인되지 않습니다,"시트, 팔꿈치 패드, 중량","🏋️ MIGANG — 프리처 컬

🎯 ONE KEY CUE
🔥 ""상완을 패드에 붙인 채 손목을 중립으로 컬""

미강 전용 모델이 없는 카테고리입니다. 헬스장에 있는 실제 기구의 패드·레버·안전장치를 먼저 확인한 뒤, 아래 패턴으로 움직이세요.

⚙️ ① 기구 세팅
🪑 좌석 / 패드
시트를 몸에 맞추세요. 시작 위치가 어깨·관절에 자연스럽게 오는지 확인합니다.
🤲 그립 / 손 위치
손잡이를 편안한 너비로 잡으세요. 손목이 꺾이지 않게 합니다.
⚙️ 조절 포인트
시트, 팔꿈치 패드, 중량을 확인하세요.

💪 ② 시작 자세
팔꿈치 위치를 패드나 몸 옆에 고정합니다. 몸통 반동은 끕니다.
이 자세에서 이것만 확인하세요.
👉 팔꿈치가 앞으로 흘러가지 않는지

🔥 ③ 운동 방법
신전에서 컬했다 천천히 내리기.
몸통은 고정, 팔꿈치 아래만 움직입니다.

💥 ④ 최고 수축
목표 근육이 가장 조여지는 끝 지점에서 멈춥니다.
⏱️ 1초 STOP
튕기지 말고 그 지점에서 1초만 소유하세요. 무게를 놓는 순간이 아닙니다.

🐌 ⑤ 천천히 돌아오기
중량을 그냥 놓지 마세요.
2~3초 동안 통제하면서 복귀합니다.
시작 자세로 돌아갈 때도 같은 궤적을 유지하세요.

❌ 흔한 실수
❌ 팔꿈치가 패드에서 뜨는
자세가 무너지면 무게를 낮추세요.
❌ 팔꿈치가 앞으로 흘러가며 어깨가 개입하는 것
자세가 무너지면 무게를 낮추세요.
❌ 몸통 반동으로 올리는 것
템포를 늦추고 같은 궤적만 반복하세요.
❌ 손목을 과하게 꺾는 것
자세가 무너지면 무게를 낮추세요.

💡 MACHINE FIT PRO TIP
🔥 이 항목은 해머 스트렝스 전용 SKU가 없습니다. ""프리처 컬""로 분류된 실제 기구의 패드·레버·안전장치만 믿고, 가벼운 무게로 5회 리허설 후 본 세트를 시작하세요.

🎯 MACHINE FIT CHECK
🟢 시트/패드 → 몸에 맞춤
🟢 팔꿈치 → 미는/드는 방향
🟢 어깨 → 으쓱하지 않기
🟢 복귀 → 2~3초 통제

### 🔥 이것만 기억하세요

""상완을 패드에 붙인 채 손목을 중립으로 컬. 끝에서 1초, 복귀는 통제.""","🏋️ MIGANG — Preacher Curl

🎯 ONE KEY CUE
🔥 ""Keep the upper arms on the pad and curl with neutral wrists""

There is no dedicated Migang SKU for this category. Confirm pads, levers, and safeties on the unit in your gym, then follow the movement pattern below.

⚙️ ① Setup
🪑 Seat / pads
Fit the seat to your body so the start position sits naturally on the working joint.
🤲 Grip / hands
Take a comfortable grip width and keep the wrists stacked, not bent.
⚙️ Adjustments
Check 시트, 팔꿈치 패드, 중량.

💪 ② Start position
Fix the elbows on the pad or at your sides. Kill torso swing.
Check only this:
👉 Elbows not drifting forward

🔥 ③ Execution
Torso stays quiet. Move only below the elbows.
Curl or extend only at the elbow, then reverse slowly.

💥 ④ Peak contraction
Stop where the target muscle is most shortened.
⏱️ 1-second STOP
Own that position for one second. This is not where you dump the weight.

🐌 ⑤ Controlled return
Do not dump the load.
Take 2–3 seconds on the way back.
Return on the same path you pressed or pulled.

❌ Common mistakes
❌ Letting the elbows drift so the shoulders take over
If position breaks, cut the load.
❌ Swinging the torso
If position breaks, cut the load.
❌ Over-bending the wrists
If position breaks, cut the load.

💡 MACHINE FIT PRO TIP
🔥 No dedicated Hammer Strength SKU for this slot. Trust the pads/levers/safeties on the unit labeled like ""Preacher Curl"", rehearse five light reps, then start working sets.

🎯 MACHINE FIT CHECK
🟢 Seat/pad → fitted
🟢 Elbows → press/raise direction
🟢 Shoulders → not shrugged
🟢 Return → 2–3 sec control

### 🔥 Remember this

""Keep the upper arms on the pad and curl with neutral wrists. One-second peak, controlled return."""
MIGANG,아이소래터럴 바이셉 컬,Iso-Lateral Biceps Curl,,BRAND_MODEL_NOT_FOUND,Migang,,https://blog.naver.com/pinkd001y/222976642460,미강(Migang) 파워짐 공개 딜러·중고 리스트에서 '아이소래터럴 바이셉 컬' 전용 SKU가 확인되지 않습니다,"시트, 팔꿈치 패드, 중량","🏋️ MIGANG — 아이소래터럴 바이셉 컬

🎯 ONE KEY CUE
🔥 ""좌우를 같은 속도로 컬하며 불균형 확인""

미강 전용 모델이 없는 카테고리입니다. 헬스장에 있는 실제 기구의 패드·레버·안전장치를 먼저 확인한 뒤, 아래 패턴으로 움직이세요.

⚙️ ① 기구 세팅
🪑 좌석 / 패드
시트를 몸에 맞추세요. 시작 위치가 어깨·관절에 자연스럽게 오는지 확인합니다.
🤲 그립 / 손 위치
양손잡이 높이가 좌우 같은지 먼저 보세요. 독립 암이라 한쪽만 어긋나도 바로 느껴집니다.
⚙️ 조절 포인트
시트, 팔꿈치 패드, 중량을 확인하세요. 좌우 시작 위치가 같은지도 같이 봅니다.

💪 ② 시작 자세
팔꿈치 위치를 패드나 몸 옆에 고정합니다. 몸통 반동은 끕니다.
좌우가 같은 높이에서 시작하는지 한 번 더 보세요.
이 자세에서 이것만 확인하세요.
👉 팔꿈치가 앞으로 흘러가지 않는지

🔥 ③ 운동 방법
각 팔을 독립적으로 컬했다 복귀.
양쪽을 같은 속도로 움직이세요. 한쪽이 먼저 끝나면 무게를 더 올리기 전에 밸런스부터 잡습니다.

💥 ④ 최고 수축
목표 근육이 가장 조여지는 끝 지점에서 멈춥니다.
⏱️ 1초 STOP
튕기지 말고 그 지점에서 1초만 소유하세요. 무게를 놓는 순간이 아닙니다.

🐌 ⑤ 천천히 돌아오기
중량을 그냥 놓지 마세요.
2~3초 동안 통제하면서 복귀합니다.
시작 자세로 돌아갈 때도 같은 궤적을 유지하세요.

❌ 흔한 실수
❌ 한쪽만 먼저 올려 비대칭을 키우는
약한 쪽 속도에 강한 쪽을 맞추세요.
❌ 팔꿈치가 앞으로 흘러가며 어깨가 개입하는 것
자세가 무너지면 무게를 낮추세요.
❌ 몸통 반동으로 올리는 것
템포를 늦추고 같은 궤적만 반복하세요.
❌ 손목을 과하게 꺾는 것
자세가 무너지면 무게를 낮추세요.
❌ 한쪽만 먼저 끝내고 반대쪽을 따라가게 하는 것
약한 쪽 속도에 강한 쪽을 맞추세요.

💡 MACHINE FIT PRO TIP
🔥 이 항목은 해머 스트렝스 전용 SKU가 없습니다. ""아이소래터럴 바이셉 컬""로 분류된 실제 기구의 패드·레버·안전장치만 믿고, 가벼운 무게로 5회 리허설 후 본 세트를 시작하세요.

🎯 MACHINE FIT CHECK
🟢 시트/패드 → 몸에 맞춤
🟢 팔꿈치 → 미는/드는 방향
🟢 좌우 → 같은 속도
🟢 복귀 → 2~3초 통제

### 🔥 이것만 기억하세요

""좌우 같은 속도, 끝에서 1초, 복귀는 통제.""","🏋️ MIGANG — Iso-Lateral Biceps Curl

🎯 ONE KEY CUE
🔥 ""Curl both sides at the same speed and check balance""

There is no dedicated Migang SKU for this category. Confirm pads, levers, and safeties on the unit in your gym, then follow the movement pattern below.

⚙️ ① Setup
🪑 Seat / pads
Fit the seat to your body so the start position sits naturally on the working joint.
🤲 Grip / hands
Match left and right handle height first — independent arms expose any mismatch immediately.
⚙️ Adjustments
Check 시트, 팔꿈치 패드, 중량. Confirm both sides start from the same position.

💪 ② Start position
Fix the elbows on the pad or at your sides. Kill torso swing.
Double-check both sides start at the same height.
Check only this:
👉 Elbows not drifting forward

🔥 ③ Execution
Match left-right speed. If one side finishes early, fix balance before adding load.
Curl or extend only at the elbow, then reverse slowly. Keep both sides honest.

💥 ④ Peak contraction
Stop where the target muscle is most shortened.
⏱️ 1-second STOP
Own that position for one second. This is not where you dump the weight.

🐌 ⑤ Controlled return
Do not dump the load.
Take 2–3 seconds on the way back.
Return on the same path you pressed or pulled.

❌ Common mistakes
❌ Letting the elbows drift so the shoulders take over
If position breaks, cut the load.
❌ Swinging the torso
If position breaks, cut the load.
❌ Over-bending the wrists
If position breaks, cut the load.
❌ Letting one side finish early
Match the stronger side to the weaker side’s speed.

💡 MACHINE FIT PRO TIP
🔥 No dedicated Hammer Strength SKU for this slot. Trust the pads/levers/safeties on the unit labeled like ""Iso-Lateral Biceps Curl"", rehearse five light reps, then start working sets.

🎯 MACHINE FIT CHECK
🟢 Seat/pad → fitted
🟢 Elbows → press/raise direction
🟢 Left/right → same speed
🟢 Return → 2–3 sec control

### 🔥 Remember this

""Match sides, one-second peak, controlled return."""
MIGANG,암 컬,Arm Curl,Power Gym Arm Curl,VERIFIED,Migang,Power Gym,https://blog.naver.com/pinkd001y/222976642460,미강 파워짐 암 컬로 세트 리스트에 확인됩니다,"시트, 팔꿈치 패드, 중량 스택","🏋️ MIGANG — Power Gym Arm Curl · Power Gym

🎯 ONE KEY CUE
🔥 ""팔꿈치를 옆구리에 붙이고 전완만 들어 올리기""

미강 파워짐 암 컬로 세트 리스트에 확인됩니다. Power Gym 구조입니다. 처음부터 무게 올리지 말고, 세팅부터 잡으세요.

⚙️ ① 기구 세팅
🪑 좌석 / 패드
시트를 몸에 맞추세요. 시작 위치가 어깨·관절에 자연스럽게 오는지 확인합니다.
🤲 그립 / 손 위치
손잡이를 편안한 너비로 잡으세요. 손목이 꺾이지 않게 합니다.
⚙️ 조절 포인트
시트, 팔꿈치 패드, 중량 스택을 확인하세요.

💪 ② 시작 자세
팔꿈치 위치를 패드나 몸 옆에 고정합니다. 몸통 반동은 끕니다.
이 자세에서 이것만 확인하세요.
👉 팔꿈치가 앞으로 흘러가지 않는지

🔥 ③ 운동 방법
손잡이를 컬했다 천천히 신전.
몸통은 고정, 팔꿈치 아래만 움직입니다.

💥 ④ 최고 수축
목표 근육이 가장 조여지는 끝 지점에서 멈춥니다.
⏱️ 1초 STOP
튕기지 말고 그 지점에서 1초만 소유하세요. 무게를 놓는 순간이 아닙니다.

🐌 ⑤ 천천히 돌아오기
중량을 그냥 놓지 마세요.
2~3초 동안 통제하면서 복귀합니다.
시작 자세로 돌아갈 때도 같은 궤적을 유지하세요.

❌ 흔한 실수
❌ 어깨를 앞·뒤로 흔들며 컬하는
자세가 무너지면 무게를 낮추세요.
❌ 팔꿈치가 앞으로 흘러가며 어깨가 개입하는 것
자세가 무너지면 무게를 낮추세요.
❌ 몸통 반동으로 올리는 것
템포를 늦추고 같은 궤적만 반복하세요.
❌ 손목을 과하게 꺾는 것
자세가 무너지면 무게를 낮추세요.

💡 MACHINE FIT PRO TIP
🔥 Power Gym Arm Curl의 가이드 궤적을 이용하세요. 첫 2세트는 천천히, 대칭이 확인된 뒤에만 무게를 올립니다.

🎯 MACHINE FIT CHECK
🟢 시트/패드 → 몸에 맞춤
🟢 팔꿈치 → 미는/드는 방향
🟢 어깨 → 으쓱하지 않기
🟢 복귀 → 2~3초 통제

### 🔥 이것만 기억하세요

""팔꿈치를 옆구리에 붙이고 전완만 들어 올리기. 끝에서 1초, 복귀는 통제.""","🏋️ MIGANG — Power Gym Arm Curl · Power Gym

🎯 ONE KEY CUE
🔥 ""Keep elbows at the sides and lift only the forearms""

미강 파워짐 암 컬로 세트 리스트에 확인됩니다 Lean into the Power Gym design. Do not chase load until the setup feels locked in.

⚙️ ① Setup
🪑 Seat / pads
Fit the seat to your body so the start position sits naturally on the working joint.
🤲 Grip / hands
Take a comfortable grip width and keep the wrists stacked, not bent.
⚙️ Adjustments
Check 시트, 팔꿈치 패드, 중량 스택.

💪 ② Start position
Fix the elbows on the pad or at your sides. Kill torso swing.
Check only this:
👉 Elbows not drifting forward

🔥 ③ Execution
Torso stays quiet. Move only below the elbows.
Curl or extend only at the elbow, then reverse slowly.

💥 ④ Peak contraction
Stop where the target muscle is most shortened.
⏱️ 1-second STOP
Own that position for one second. This is not where you dump the weight.

🐌 ⑤ Controlled return
Do not dump the load.
Take 2–3 seconds on the way back.
Return on the same path you pressed or pulled.

❌ Common mistakes
❌ Letting the elbows drift so the shoulders take over
If position breaks, cut the load.
❌ Swinging the torso
If position breaks, cut the load.
❌ Over-bending the wrists
If position breaks, cut the load.

💡 MACHINE FIT PRO TIP
🔥 Use the guided path on Power Gym Arm Curl. Slow the first two sets, confirm symmetry, then add load.

🎯 MACHINE FIT CHECK
🟢 Seat/pad → fitted
🟢 Elbows → press/raise direction
🟢 Shoulders → not shrugged
🟢 Return → 2–3 sec control

### 🔥 Remember this

""Keep elbows at the sides and lift only the forearms. One-second peak, controlled return."""
MIGANG,트라이셉스 익스텐션,Triceps Extension,,BRAND_MODEL_NOT_FOUND,Migang,,https://blog.naver.com/pinkd001y/222976642460,미강(Migang) 파워짐 공개 딜러·중고 리스트에서 '트라이셉스 익스텐션' 전용 SKU가 확인되지 않습니다,"시트, 팔꿈치 패드, 중량","🏋️ MIGANG — 트라이셉스 익스텐션

🎯 ONE KEY CUE
🔥 ""상완을 고정한 채 팔꿈치만 신전""

미강 전용 모델이 없는 카테고리입니다. 헬스장에 있는 실제 기구의 패드·레버·안전장치를 먼저 확인한 뒤, 아래 패턴으로 움직이세요.

⚙️ ① 기구 세팅
🪑 좌석 / 패드
시트를 몸에 맞추세요. 시작 위치가 어깨·관절에 자연스럽게 오는지 확인합니다.
🤲 그립 / 손 위치
손잡이를 편안한 너비로 잡으세요. 손목이 꺾이지 않게 합니다.
⚙️ 조절 포인트
시트, 팔꿈치 패드, 중량을 확인하세요.

💪 ② 시작 자세
팔꿈치 위치를 패드나 몸 옆에 고정합니다. 몸통 반동은 끕니다.
이 자세에서 이것만 확인하세요.
👉 팔꿈치가 앞으로 흘러가지 않는지

🔥 ③ 운동 방법
굽힌 상태에서 팔을 펴며 밀기.
몸통은 고정, 팔꿈치 아래만 움직입니다.

💥 ④ 최고 수축
목표 근육이 가장 조여지는 끝 지점에서 멈춥니다.
⏱️ 1초 STOP
튕기지 말고 그 지점에서 1초만 소유하세요. 무게를 놓는 순간이 아닙니다.

🐌 ⑤ 천천히 돌아오기
중량을 그냥 놓지 마세요.
2~3초 동안 통제하면서 복귀합니다.
시작 자세로 돌아갈 때도 같은 궤적을 유지하세요.

❌ 흔한 실수
❌ 팔꿈치가 벌어지며 어깨가 개입하는
자세가 무너지면 무게를 낮추세요.
❌ 팔꿈치가 앞으로 흘러가며 어깨가 개입하는 것
자세가 무너지면 무게를 낮추세요.
❌ 몸통 반동으로 올리는 것
템포를 늦추고 같은 궤적만 반복하세요.
❌ 손목을 과하게 꺾는 것
자세가 무너지면 무게를 낮추세요.

💡 MACHINE FIT PRO TIP
🔥 이 항목은 해머 스트렝스 전용 SKU가 없습니다. ""트라이셉스 익스텐션""로 분류된 실제 기구의 패드·레버·안전장치만 믿고, 가벼운 무게로 5회 리허설 후 본 세트를 시작하세요.

🎯 MACHINE FIT CHECK
🟢 시트/패드 → 몸에 맞춤
🟢 팔꿈치 → 미는/드는 방향
🟢 어깨 → 으쓱하지 않기
🟢 복귀 → 2~3초 통제

### 🔥 이것만 기억하세요

""상완을 고정한 채 팔꿈치만 신전. 끝에서 1초, 복귀는 통제.""","🏋️ MIGANG — Triceps Extension

🎯 ONE KEY CUE
🔥 ""Keep the upper arms fixed and extend only at the elbows""

There is no dedicated Migang SKU for this category. Confirm pads, levers, and safeties on the unit in your gym, then follow the movement pattern below.

⚙️ ① Setup
🪑 Seat / pads
Fit the seat to your body so the start position sits naturally on the working joint.
🤲 Grip / hands
Take a comfortable grip width and keep the wrists stacked, not bent.
⚙️ Adjustments
Check 시트, 팔꿈치 패드, 중량.

💪 ② Start position
Fix the elbows on the pad or at your sides. Kill torso swing.
Check only this:
👉 Elbows not drifting forward

🔥 ③ Execution
Torso stays quiet. Move only below the elbows.
Curl or extend only at the elbow, then reverse slowly.

💥 ④ Peak contraction
Stop where the target muscle is most shortened.
⏱️ 1-second STOP
Own that position for one second. This is not where you dump the weight.

🐌 ⑤ Controlled return
Do not dump the load.
Take 2–3 seconds on the way back.
Return on the same path you pressed or pulled.

❌ Common mistakes
❌ Letting the elbows drift so the shoulders take over
If position breaks, cut the load.
❌ Swinging the torso
If position breaks, cut the load.
❌ Over-bending the wrists
If position breaks, cut the load.

💡 MACHINE FIT PRO TIP
🔥 No dedicated Hammer Strength SKU for this slot. Trust the pads/levers/safeties on the unit labeled like ""Triceps Extension"", rehearse five light reps, then start working sets.

🎯 MACHINE FIT CHECK
🟢 Seat/pad → fitted
🟢 Elbows → press/raise direction
🟢 Shoulders → not shrugged
🟢 Return → 2–3 sec control

### 🔥 Remember this

""Keep the upper arms fixed and extend only at the elbows. One-second peak, controlled return."""
MIGANG,트라이셉스 프레스,Triceps Press,,BRAND_MODEL_NOT_FOUND,Migang,,https://blog.naver.com/pinkd001y/222976642460,미강(Migang) 파워짐 공개 딜러·중고 리스트에서 '트라이셉스 프레스' 전용 SKU가 확인되지 않습니다,"시트, 시작용 로드 추출 풋 지지, 중량","🏋️ MIGANG — 트라이셉스 프레스

🎯 ONE KEY CUE
🔥 ""팔꿈치를 몸 가까이에 두고 아래로 밀기""

미강 전용 모델이 없는 카테고리입니다. 헬스장에 있는 실제 기구의 패드·레버·안전장치를 먼저 확인한 뒤, 아래 패턴으로 움직이세요.

⚙️ ① 기구 세팅
🪑 좌석 / 패드
시트를 몸에 맞추세요. 시작 위치가 어깨·관절에 자연스럽게 오는지 확인합니다.
🤲 그립 / 손 위치
손잡이를 편안한 너비로 잡으세요. 손목이 꺾이지 않게 합니다.
⚙️ 조절 포인트
시트, 시작용 로드 추출 풋 지지, 중량을 확인하세요.

💪 ② 시작 자세
팔꿈치 위치를 패드나 몸 옆에 고정합니다. 몸통 반동은 끕니다.
이 자세에서 이것만 확인하세요.
👉 팔꿈치가 앞으로 흘러가지 않는지

🔥 ③ 운동 방법
손잡이를 아래로 밀었다 복귀.
몸통은 고정, 팔꿈치 아래만 움직입니다.

💥 ④ 최고 수축
목표 근육이 가장 조여지는 끝 지점에서 멈춥니다.
⏱️ 1초 STOP
튕기지 말고 그 지점에서 1초만 소유하세요. 무게를 놓는 순간이 아닙니다.

🐌 ⑤ 천천히 돌아오기
중량을 그냥 놓지 마세요.
2~3초 동안 통제하면서 복귀합니다.
시작 자세로 돌아갈 때도 같은 궤적을 유지하세요.

❌ 흔한 실수
❌ 상체를 숙여 반동으로 미는
템포를 늦추고 같은 궤적만 반복하세요.
❌ 팔꿈치가 앞으로 흘러가며 어깨가 개입하는 것
자세가 무너지면 무게를 낮추세요.
❌ 몸통 반동으로 올리는 것
템포를 늦추고 같은 궤적만 반복하세요.
❌ 손목을 과하게 꺾는 것
자세가 무너지면 무게를 낮추세요.

💡 MACHINE FIT PRO TIP
🔥 이 항목은 해머 스트렝스 전용 SKU가 없습니다. ""트라이셉스 프레스""로 분류된 실제 기구의 패드·레버·안전장치만 믿고, 가벼운 무게로 5회 리허설 후 본 세트를 시작하세요.

🎯 MACHINE FIT CHECK
🟢 시트/패드 → 몸에 맞춤
🟢 팔꿈치 → 미는/드는 방향
🟢 어깨 → 으쓱하지 않기
🟢 복귀 → 2~3초 통제

### 🔥 이것만 기억하세요

""팔꿈치를 몸 가까이에 두고 아래로 밀기. 끝에서 1초, 복귀는 통제.""","🏋️ MIGANG — Triceps Press

🎯 ONE KEY CUE
🔥 ""Keep the elbows close to the body and press down""

There is no dedicated Migang SKU for this category. Confirm pads, levers, and safeties on the unit in your gym, then follow the movement pattern below.

⚙️ ① Setup
🪑 Seat / pads
Fit the seat to your body so the start position sits naturally on the working joint.
🤲 Grip / hands
Take a comfortable grip width and keep the wrists stacked, not bent.
⚙️ Adjustments
Check 시트, 시작용 로드 추출 풋 지지, 중량.

💪 ② Start position
Fix the elbows on the pad or at your sides. Kill torso swing.
Check only this:
👉 Elbows not drifting forward

🔥 ③ Execution
Torso stays quiet. Move only below the elbows.
Curl or extend only at the elbow, then reverse slowly.

💥 ④ Peak contraction
Stop where the target muscle is most shortened.
⏱️ 1-second STOP
Own that position for one second. This is not where you dump the weight.

🐌 ⑤ Controlled return
Do not dump the load.
Take 2–3 seconds on the way back.
Return on the same path you pressed or pulled.

❌ Common mistakes
❌ Letting the elbows drift so the shoulders take over
If position breaks, cut the load.
❌ Swinging the torso
If position breaks, cut the load.
❌ Over-bending the wrists
If position breaks, cut the load.

💡 MACHINE FIT PRO TIP
🔥 No dedicated Hammer Strength SKU for this slot. Trust the pads/levers/safeties on the unit labeled like ""Triceps Press"", rehearse five light reps, then start working sets.

🎯 MACHINE FIT CHECK
🟢 Seat/pad → fitted
🟢 Elbows → press/raise direction
🟢 Shoulders → not shrugged
🟢 Return → 2–3 sec control

### 🔥 Remember this

""Keep the elbows close to the body and press down. One-second peak, controlled return."""
MIGANG,딥 / 트라이셉스 머신,Dip / Triceps Machine,,BRAND_MODEL_NOT_FOUND,Migang,,https://blog.naver.com/pinkd001y/222976642460,미강(Migang) 파워짐 공개 딜러·중고 리스트에서 '딥 / 트라이셉스 머신' 전용 SKU가 확인되지 않습니다,"시트, 시작용 로드 추출 풋 지지, 중량","🏋️ MIGANG — 딥 / 트라이셉스 머신

🎯 ONE KEY CUE
🔥 ""어깨를 안정시킨 채 팔꿈치로 밀어 올리기""

미강 전용 모델이 없는 카테고리입니다. 헬스장에 있는 실제 기구의 패드·레버·안전장치를 먼저 확인한 뒤, 아래 패턴으로 움직이세요.

⚙️ ① 기구 세팅
🪑 좌석 / 패드
시트를 몸에 맞추세요. 시작 위치가 어깨·관절에 자연스럽게 오는지 확인합니다.
🤲 그립 / 손 위치
손잡이를 편안한 너비로 잡으세요. 손목이 꺾이지 않게 합니다.
⚙️ 조절 포인트
시트, 시작용 로드 추출 풋 지지, 중량을 확인하세요.

💪 ② 시작 자세
팔꿈치 위치를 패드나 몸 옆에 고정합니다. 몸통 반동은 끕니다.
이 자세에서 이것만 확인하세요.
👉 팔꿈치가 앞으로 흘러가지 않는지

🔥 ③ 운동 방법
내려갔다 팔을 펴며 상승.
몸통은 고정, 팔꿈치 아래만 움직입니다.

💥 ④ 최고 수축
목표 근육이 가장 조여지는 끝 지점에서 멈춥니다.
⏱️ 1초 STOP
튕기지 말고 그 지점에서 1초만 소유하세요. 무게를 놓는 순간이 아닙니다.

🐌 ⑤ 천천히 돌아오기
중량을 그냥 놓지 마세요.
2~3초 동안 통제하면서 복귀합니다.
시작 자세로 돌아갈 때도 같은 궤적을 유지하세요.

❌ 흔한 실수
❌ 너무 깊이 내려 어깨를 압박하는
자세가 무너지면 무게를 낮추세요.
❌ 팔꿈치가 앞으로 흘러가며 어깨가 개입하는 것
자세가 무너지면 무게를 낮추세요.
❌ 몸통 반동으로 올리는 것
템포를 늦추고 같은 궤적만 반복하세요.
❌ 손목을 과하게 꺾는 것
자세가 무너지면 무게를 낮추세요.

💡 MACHINE FIT PRO TIP
🔥 이 항목은 해머 스트렝스 전용 SKU가 없습니다. ""딥 / 트라이셉스 머신""로 분류된 실제 기구의 패드·레버·안전장치만 믿고, 가벼운 무게로 5회 리허설 후 본 세트를 시작하세요.

🎯 MACHINE FIT CHECK
🟢 시트/패드 → 몸에 맞춤
🟢 팔꿈치 → 미는/드는 방향
🟢 어깨 → 으쓱하지 않기
🟢 복귀 → 2~3초 통제

### 🔥 이것만 기억하세요

""어깨를 안정시킨 채 팔꿈치로 밀어 올리기. 끝에서 1초, 복귀는 통제.""","🏋️ MIGANG — Dip / Triceps Machine

🎯 ONE KEY CUE
🔥 ""Stabilize the shoulders and press up through the elbows""

There is no dedicated Migang SKU for this category. Confirm pads, levers, and safeties on the unit in your gym, then follow the movement pattern below.

⚙️ ① Setup
🪑 Seat / pads
Fit the seat to your body so the start position sits naturally on the working joint.
🤲 Grip / hands
Take a comfortable grip width and keep the wrists stacked, not bent.
⚙️ Adjustments
Check 시트, 시작용 로드 추출 풋 지지, 중량.

💪 ② Start position
Fix the elbows on the pad or at your sides. Kill torso swing.
Check only this:
👉 Elbows not drifting forward

🔥 ③ Execution
Torso stays quiet. Move only below the elbows.
Curl or extend only at the elbow, then reverse slowly.

💥 ④ Peak contraction
Stop where the target muscle is most shortened.
⏱️ 1-second STOP
Own that position for one second. This is not where you dump the weight.

🐌 ⑤ Controlled return
Do not dump the load.
Take 2–3 seconds on the way back.
Return on the same path you pressed or pulled.

❌ Common mistakes
❌ Letting the elbows drift so the shoulders take over
If position breaks, cut the load.
❌ Swinging the torso
If position breaks, cut the load.
❌ Over-bending the wrists
If position breaks, cut the load.

💡 MACHINE FIT PRO TIP
🔥 No dedicated Hammer Strength SKU for this slot. Trust the pads/levers/safeties on the unit labeled like ""Dip / Triceps Machine"", rehearse five light reps, then start working sets.

🎯 MACHINE FIT CHECK
🟢 Seat/pad → fitted
🟢 Elbows → press/raise direction
🟢 Shoulders → not shrugged
🟢 Return → 2–3 sec control

### 🔥 Remember this

""Stabilize the shoulders and press up through the elbows. One-second peak, controlled return."""
MIGANG,바이셉스 / 트라이셉스 복합 머신,Biceps / Triceps Combo,,BRAND_MODEL_NOT_FOUND,Migang,,https://blog.naver.com/pinkd001y/222976642460,미강(Migang) 파워짐 공개 딜러·중고 리스트에서 '바이셉스 / 트라이셉스 복합 머신' 전용 SKU가 확인되지 않습니다,"시트, 팔꿈치 패드, 중량","🏋️ MIGANG — 바이셉스 / 트라이셉스 복합 머신

🎯 ONE KEY CUE
🔥 ""컬·신전 모드를 구분해 팔꿈치 힌지만 사용""

미강 전용 모델이 없는 카테고리입니다. 헬스장에 있는 실제 기구의 패드·레버·안전장치를 먼저 확인한 뒤, 아래 패턴으로 움직이세요.

⚙️ ① 기구 세팅
🪑 좌석 / 패드
시트를 몸에 맞추세요. 시작 위치가 어깨·관절에 자연스럽게 오는지 확인합니다.
🤲 그립 / 손 위치
손잡이를 편안한 너비로 잡으세요. 손목이 꺾이지 않게 합니다.
⚙️ 조절 포인트
시트, 팔꿈치 패드, 중량을 확인하세요.

💪 ② 시작 자세
팔꿈치 위치를 패드나 몸 옆에 고정합니다. 몸통 반동은 끕니다.
이 자세에서 이것만 확인하세요.
👉 팔꿈치가 앞으로 흘러가지 않는지

🔥 ③ 운동 방법
선택한 모드의 궤적으로 컬 또는 신전.
몸통은 고정, 팔꿈치 아래만 움직입니다.

💥 ④ 최고 수축
목표 근육이 가장 조여지는 끝 지점에서 멈춥니다.
⏱️ 1초 STOP
튕기지 말고 그 지점에서 1초만 소유하세요. 무게를 놓는 순간이 아닙니다.

🐌 ⑤ 천천히 돌아오기
중량을 그냥 놓지 마세요.
2~3초 동안 통제하면서 복귀합니다.
시작 자세로 돌아갈 때도 같은 궤적을 유지하세요.

❌ 흔한 실수
❌ 모드를 섞어 반동으로 수행하는
템포를 늦추고 같은 궤적만 반복하세요.
❌ 팔꿈치가 앞으로 흘러가며 어깨가 개입하는 것
자세가 무너지면 무게를 낮추세요.
❌ 몸통 반동으로 올리는 것
템포를 늦추고 같은 궤적만 반복하세요.
❌ 손목을 과하게 꺾는 것
자세가 무너지면 무게를 낮추세요.

💡 MACHINE FIT PRO TIP
🔥 이 항목은 해머 스트렝스 전용 SKU가 없습니다. ""바이셉스 / 트라이셉스 복합 머신""로 분류된 실제 기구의 패드·레버·안전장치만 믿고, 가벼운 무게로 5회 리허설 후 본 세트를 시작하세요.

🎯 MACHINE FIT CHECK
🟢 시트/패드 → 몸에 맞춤
🟢 팔꿈치 → 미는/드는 방향
🟢 어깨 → 으쓱하지 않기
🟢 복귀 → 2~3초 통제

### 🔥 이것만 기억하세요

""컬·신전 모드를 구분해 팔꿈치 힌지만 사용. 끝에서 1초, 복귀는 통제.""","🏋️ MIGANG — Biceps / Triceps Combo

🎯 ONE KEY CUE
🔥 ""Separate curl and extension modes and hinge only at the elbows""

There is no dedicated Migang SKU for this category. Confirm pads, levers, and safeties on the unit in your gym, then follow the movement pattern below.

⚙️ ① Setup
🪑 Seat / pads
Fit the seat to your body so the start position sits naturally on the working joint.
🤲 Grip / hands
Take a comfortable grip width and keep the wrists stacked, not bent.
⚙️ Adjustments
Check 시트, 팔꿈치 패드, 중량.

💪 ② Start position
Fix the elbows on the pad or at your sides. Kill torso swing.
Check only this:
👉 Elbows not drifting forward

🔥 ③ Execution
Torso stays quiet. Move only below the elbows.
Curl or extend only at the elbow, then reverse slowly.

💥 ④ Peak contraction
Stop where the target muscle is most shortened.
⏱️ 1-second STOP
Own that position for one second. This is not where you dump the weight.

🐌 ⑤ Controlled return
Do not dump the load.
Take 2–3 seconds on the way back.
Return on the same path you pressed or pulled.

❌ Common mistakes
❌ Letting the elbows drift so the shoulders take over
If position breaks, cut the load.
❌ Swinging the torso
If position breaks, cut the load.
❌ Over-bending the wrists
If position breaks, cut the load.

💡 MACHINE FIT PRO TIP
🔥 No dedicated Hammer Strength SKU for this slot. Trust the pads/levers/safeties on the unit labeled like ""Biceps / Triceps Combo"", rehearse five light reps, then start working sets.

🎯 MACHINE FIT CHECK
🟢 Seat/pad → fitted
🟢 Elbows → press/raise direction
🟢 Shoulders → not shrugged
🟢 Return → 2–3 sec control

### 🔥 Remember this

""Separate curl and extension modes and hinge only at the elbows. One-second peak, controlled return."""
MIGANG,앱 크런치,Ab Crunch,Power Gym Abdominal,PARTIALLY_VERIFIED,Migang,Power Gym,https://blog.naver.com/pinkd001y/222976642460,앱 크런치 전용 표기 대신 업도미널(ABDOMINAL)로 세트에서 확인됩니다,"시트, 가슴/어깨 패드, 중량 스택","🏋️ MIGANG — Power Gym Abdominal · Power Gym

🎯 ONE KEY CUE
🔥 ""골반을 고정하고 갈비뼈를 골반 쪽으로 당기기""

앱 크런치 전용 표기 대신 업도미널(ABDOMINAL)로 세트에서 확인됩니다. Power Gym 구조입니다. 처음부터 무게 올리지 말고, 세팅부터 잡으세요.

⚙️ ① 기구 세팅
🪑 좌석 / 패드
시트를 몸에 맞추세요. 시작 위치가 어깨·관절에 자연스럽게 오는지 확인합니다.
⚙️ 조절 포인트
시트, 가슴/어깨 패드, 중량 스택을 확인하세요.
이 카테고리는 공식 명칭이 겹칠 수 있으니, 헬스장 기구의 실제 레버·패드 배치를 우선하세요.

💪 ② 시작 자세
골반을 안정시키고 목으로 당길 생각을 지웁니다.
이 자세에서 이것만 확인하세요.
👉 골반이 고정돼 있는지

🔥 ③ 운동 방법
상체를 말아 수축했다 복귀.
갈비뼈를 골반 쪽으로 말아 올리는 느낌으로 수축하세요.

💥 ④ 최고 수축
목표 근육이 가장 조여지는 끝 지점에서 멈춥니다.
⏱️ 1초 STOP
튕기지 말고 그 지점에서 1초만 소유하세요. 무게를 놓는 순간이 아닙니다.

🐌 ⑤ 천천히 돌아오기
중량을 그냥 놓지 마세요.
2~3초 동안 통제하면서 복귀합니다.
시작 자세로 돌아갈 때도 같은 궤적을 유지하세요.

❌ 흔한 실수
❌ 목만 꺾어 당기는
자세가 무너지면 무게를 낮추세요.
❌ 목으로 당겨 몸통을 접는 것
갈비뼈를 골반 쪽으로 만다는 느낌으로 바꾸세요.
❌ 골반이 뜨며 반동을 쓰는 것
템포를 늦추고 같은 궤적만 반복하세요.
❌ 너무 큰 범위로 과하게 꺾는 것
자세가 무너지면 무게를 낮추세요.

💡 MACHINE FIT PRO TIP
🔥 Power Gym Abdominal의 가이드 궤적을 이용하세요. 첫 2세트는 천천히, 대칭이 확인된 뒤에만 무게를 올립니다.

🎯 MACHINE FIT CHECK
🟢 시트/패드 → 몸에 맞춤
🟢 몸통 → 브레스·고정
🟢 어깨 → 으쓱하지 않기
🟢 복귀 → 2~3초 통제

### 🔥 이것만 기억하세요

""목 말고 몸통으로, 끝에서 조이고 천천히.""","🏋️ MIGANG — Power Gym Abdominal · Power Gym

🎯 ONE KEY CUE
🔥 ""Keep the pelvis fixed and draw the ribs toward the pelvis""

앱 크런치 전용 표기 대신 업도미널(ABDOMINAL)로 세트에서 확인됩니다 Lean into the Power Gym design. Do not chase load until the setup feels locked in.

⚙️ ① Setup
🪑 Seat / pads
Fit the seat to your body so the start position sits naturally on the working joint.
⚙️ Adjustments
Check 시트, 가슴/어깨 패드, 중량 스택.
Naming can overlap in this category — trust the levers and pads on the unit in front of you.

💪 ② Start position
Stabilize the pelvis and stop thinking about pulling with the neck.
Check only this:
👉 Pelvis locked

🔥 ③ Execution
Curl the ribcage toward the pelvis.
Curl or rotate through the torso, then return without momentum.

💥 ④ Peak contraction
Stop where the target muscle is most shortened.
⏱️ 1-second STOP
Own that position for one second. This is not where you dump the weight.

🐌 ⑤ Controlled return
Do not dump the load.
Take 2–3 seconds on the way back.
Return on the same path you pressed or pulled.

❌ Common mistakes
❌ Pulling with the neck
Curl ribs toward the pelvis instead.
❌ Lifting the pelvis and using momentum
Slow the tempo and repeat one clean path.
❌ Forcing an excessive range
If position breaks, cut the load.

💡 MACHINE FIT PRO TIP
🔥 Use the guided path on Power Gym Abdominal. Slow the first two sets, confirm symmetry, then add load.

🎯 MACHINE FIT CHECK
🟢 Seat/pad → fitted
🟢 Torso → braced
🟢 Shoulders → not shrugged
🟢 Return → 2–3 sec control

### 🔥 Remember this

""Torso curl, squeeze, slow return — not the neck."""
MIGANG,어브도미널,Abdominal,Power Gym Abdominal,VERIFIED,Migang,Power Gym,https://blog.naver.com/pinkd001y/222976642460,미강 파워짐 업도미널(복근) 머신으로 세트 리스트에 확인됩니다,"시트, 가슴/어깨 패드, 중량 스택","🏋️ MIGANG — Power Gym Abdominal · Power Gym

🎯 ONE KEY CUE
🔥 ""복압을 유지한 채 크런치 궤적으로 수축""

미강 파워짐 업도미널(복근) 머신으로 세트 리스트에 확인됩니다. Power Gym 구조입니다. 처음부터 무게 올리지 말고, 세팅부터 잡으세요.

⚙️ ① 기구 세팅
🪑 좌석 / 패드
시트를 몸에 맞추세요. 시작 위치가 어깨·관절에 자연스럽게 오는지 확인합니다.
⚙️ 조절 포인트
시트, 가슴/어깨 패드, 중량 스택을 확인하세요.

💪 ② 시작 자세
골반을 안정시키고 목으로 당길 생각을 지웁니다.
이 자세에서 이것만 확인하세요.
👉 골반이 고정돼 있는지

🔥 ③ 운동 방법
상체를 말아 올렸다 천천히 복귀.
갈비뼈를 골반 쪽으로 말아 올리는 느낌으로 수축하세요.

💥 ④ 최고 수축
목표 근육이 가장 조여지는 끝 지점에서 멈춥니다.
⏱️ 1초 STOP
튕기지 말고 그 지점에서 1초만 소유하세요. 무게를 놓는 순간이 아닙니다.

🐌 ⑤ 천천히 돌아오기
중량을 그냥 놓지 마세요.
2~3초 동안 통제하면서 복귀합니다.
시작 자세로 돌아갈 때도 같은 궤적을 유지하세요.

❌ 흔한 실수
❌ 힙플렉서로만 당기는
자세가 무너지면 무게를 낮추세요.
❌ 목으로 당겨 몸통을 접는 것
갈비뼈를 골반 쪽으로 만다는 느낌으로 바꾸세요.
❌ 골반이 뜨며 반동을 쓰는 것
템포를 늦추고 같은 궤적만 반복하세요.
❌ 너무 큰 범위로 과하게 꺾는 것
자세가 무너지면 무게를 낮추세요.

💡 MACHINE FIT PRO TIP
🔥 Power Gym Abdominal의 가이드 궤적을 이용하세요. 첫 2세트는 천천히, 대칭이 확인된 뒤에만 무게를 올립니다.

🎯 MACHINE FIT CHECK
🟢 시트/패드 → 몸에 맞춤
🟢 몸통 → 브레스·고정
🟢 어깨 → 으쓱하지 않기
🟢 복귀 → 2~3초 통제

### 🔥 이것만 기억하세요

""목 말고 몸통으로, 끝에서 조이고 천천히.""","🏋️ MIGANG — Power Gym Abdominal · Power Gym

🎯 ONE KEY CUE
🔥 ""Keep abdominal tension and crunch along the machine path""

미강 파워짐 업도미널(복근) 머신으로 세트 리스트에 확인됩니다 Lean into the Power Gym design. Do not chase load until the setup feels locked in.

⚙️ ① Setup
🪑 Seat / pads
Fit the seat to your body so the start position sits naturally on the working joint.
⚙️ Adjustments
Check 시트, 가슴/어깨 패드, 중량 스택.

💪 ② Start position
Stabilize the pelvis and stop thinking about pulling with the neck.
Check only this:
👉 Pelvis locked

🔥 ③ Execution
Curl the ribcage toward the pelvis.
Curl or rotate through the torso, then return without momentum.

💥 ④ Peak contraction
Stop where the target muscle is most shortened.
⏱️ 1-second STOP
Own that position for one second. This is not where you dump the weight.

🐌 ⑤ Controlled return
Do not dump the load.
Take 2–3 seconds on the way back.
Return on the same path you pressed or pulled.

❌ Common mistakes
❌ Pulling with the neck
Curl ribs toward the pelvis instead.
❌ Lifting the pelvis and using momentum
Slow the tempo and repeat one clean path.
❌ Forcing an excessive range
If position breaks, cut the load.

💡 MACHINE FIT PRO TIP
🔥 Use the guided path on Power Gym Abdominal. Slow the first two sets, confirm symmetry, then add load.

🎯 MACHINE FIT CHECK
🟢 Seat/pad → fitted
🟢 Torso → braced
🟢 Shoulders → not shrugged
🟢 Return → 2–3 sec control

### 🔥 Remember this

""Torso curl, squeeze, slow return — not the neck."""
MIGANG,로터리 토르소,Rotary Torso,,BRAND_MODEL_NOT_FOUND,Migang,,https://blog.naver.com/pinkd001y/222976642460,미강(Migang) 파워짐 공개 딜러·중고 리스트에서 '로터리 토르소' 전용 SKU가 확인되지 않습니다,"시트/패드, 가동 범위, 중량","🏋️ MIGANG — 로터리 토르소

🎯 ONE KEY CUE
🔥 ""골반을 고정하고 갈비뼈만 회전""

미강 전용 모델이 없는 카테고리입니다. 헬스장에 있는 실제 기구의 패드·레버·안전장치를 먼저 확인한 뒤, 아래 패턴으로 움직이세요.

⚙️ ① 기구 세팅
🪑 좌석 / 패드
시트를 몸에 맞추세요. 시작 위치가 어깨·관절에 자연스럽게 오는지 확인합니다.
⚙️ 조절 포인트
시트/패드, 가동 범위, 중량을 확인하세요.

💪 ② 시작 자세
골반을 안정시키고 목으로 당길 생각을 지웁니다.
이 자세에서 이것만 확인하세요.
👉 골반이 고정돼 있는지

🔥 ③ 운동 방법
좌우로 천천히 회전.
갈비뼈를 골반 쪽으로 말아 올리는 느낌으로 수축하세요.

💥 ④ 최고 수축
목표 근육이 가장 조여지는 끝 지점에서 멈춥니다.
⏱️ 1초 STOP
튕기지 말고 그 지점에서 1초만 소유하세요. 무게를 놓는 순간이 아닙니다.

🐌 ⑤ 천천히 돌아오기
중량을 그냥 놓지 마세요.
2~3초 동안 통제하면서 복귀합니다.
시작 자세로 돌아갈 때도 같은 궤적을 유지하세요.

❌ 흔한 실수
❌ 무릎·골반까지 돌려 반동하는
템포를 늦추고 같은 궤적만 반복하세요.
❌ 목으로 당겨 몸통을 접는 것
갈비뼈를 골반 쪽으로 만다는 느낌으로 바꾸세요.
❌ 골반이 뜨며 반동을 쓰는 것
템포를 늦추고 같은 궤적만 반복하세요.
❌ 너무 큰 범위로 과하게 꺾는 것
자세가 무너지면 무게를 낮추세요.

💡 MACHINE FIT PRO TIP
🔥 이 항목은 해머 스트렝스 전용 SKU가 없습니다. ""로터리 토르소""로 분류된 실제 기구의 패드·레버·안전장치만 믿고, 가벼운 무게로 5회 리허설 후 본 세트를 시작하세요.

🎯 MACHINE FIT CHECK
🟢 시트/패드 → 몸에 맞춤
🟢 몸통 → 브레스·고정
🟢 어깨 → 으쓱하지 않기
🟢 복귀 → 2~3초 통제

### 🔥 이것만 기억하세요

""목 말고 몸통으로, 끝에서 조이고 천천히.""","🏋️ MIGANG — Rotary Torso

🎯 ONE KEY CUE
🔥 ""Fix the pelvis and rotate only through the ribcage""

There is no dedicated Migang SKU for this category. Confirm pads, levers, and safeties on the unit in your gym, then follow the movement pattern below.

⚙️ ① Setup
🪑 Seat / pads
Fit the seat to your body so the start position sits naturally on the working joint.
⚙️ Adjustments
Check 시트/패드, 가동 범위, 중량.

💪 ② Start position
Stabilize the pelvis and stop thinking about pulling with the neck.
Check only this:
👉 Pelvis locked

🔥 ③ Execution
Curl the ribcage toward the pelvis.
Curl or rotate through the torso, then return without momentum.

💥 ④ Peak contraction
Stop where the target muscle is most shortened.
⏱️ 1-second STOP
Own that position for one second. This is not where you dump the weight.

🐌 ⑤ Controlled return
Do not dump the load.
Take 2–3 seconds on the way back.
Return on the same path you pressed or pulled.

❌ Common mistakes
❌ Pulling with the neck
Curl ribs toward the pelvis instead.
❌ Lifting the pelvis and using momentum
Slow the tempo and repeat one clean path.
❌ Forcing an excessive range
If position breaks, cut the load.

💡 MACHINE FIT PRO TIP
🔥 No dedicated Hammer Strength SKU for this slot. Trust the pads/levers/safeties on the unit labeled like ""Rotary Torso"", rehearse five light reps, then start working sets.

🎯 MACHINE FIT CHECK
🟢 Seat/pad → fitted
🟢 Torso → braced
🟢 Shoulders → not shrugged
🟢 Return → 2–3 sec control

### 🔥 Remember this

""Torso curl, squeeze, slow return — not the neck."""
MIGANG,사이드 밴드,Side Bend,,BRAND_MODEL_NOT_FOUND,Migang,,https://blog.naver.com/pinkd001y/222976642460,미강(Migang) 파워짐 공개 딜러·중고 리스트에서 '사이드 밴드' 전용 SKU가 확인되지 않습니다,"시트/패드, 가동 범위, 중량","🏋️ MIGANG — 사이드 밴드

🎯 ONE KEY CUE
🔥 ""측면으로 상체를 숙이며 복사근 수축""

미강 전용 모델이 없는 카테고리입니다. 헬스장에 있는 실제 기구의 패드·레버·안전장치를 먼저 확인한 뒤, 아래 패턴으로 움직이세요.

⚙️ ① 기구 세팅
🪑 좌석 / 패드
시트를 몸에 맞추세요. 시작 위치가 어깨·관절에 자연스럽게 오는지 확인합니다.
⚙️ 조절 포인트
시트/패드, 가동 범위, 중량을 확인하세요.

💪 ② 시작 자세
골반을 안정시키고 목으로 당길 생각을 지웁니다.
이 자세에서 이것만 확인하세요.
👉 골반이 고정돼 있는지

🔥 ③ 운동 방법
옆으로 숙였다 중립으로 복귀.
갈비뼈를 골반 쪽으로 말아 올리는 느낌으로 수축하세요.

💥 ④ 최고 수축
목표 근육이 가장 조여지는 끝 지점에서 멈춥니다.
⏱️ 1초 STOP
튕기지 말고 그 지점에서 1초만 소유하세요. 무게를 놓는 순간이 아닙니다.

🐌 ⑤ 천천히 돌아오기
중량을 그냥 놓지 마세요.
2~3초 동안 통제하면서 복귀합니다.
시작 자세로 돌아갈 때도 같은 궤적을 유지하세요.

❌ 흔한 실수
❌ 앞뒤로 흔들며 반동하는
템포를 늦추고 같은 궤적만 반복하세요.
❌ 목으로 당겨 몸통을 접는 것
갈비뼈를 골반 쪽으로 만다는 느낌으로 바꾸세요.
❌ 골반이 뜨며 반동을 쓰는 것
템포를 늦추고 같은 궤적만 반복하세요.
❌ 너무 큰 범위로 과하게 꺾는 것
자세가 무너지면 무게를 낮추세요.

💡 MACHINE FIT PRO TIP
🔥 이 항목은 해머 스트렝스 전용 SKU가 없습니다. ""사이드 밴드""로 분류된 실제 기구의 패드·레버·안전장치만 믿고, 가벼운 무게로 5회 리허설 후 본 세트를 시작하세요.

🎯 MACHINE FIT CHECK
🟢 시트/패드 → 몸에 맞춤
🟢 몸통 → 브레스·고정
🟢 어깨 → 으쓱하지 않기
🟢 복귀 → 2~3초 통제

### 🔥 이것만 기억하세요

""목 말고 몸통으로, 끝에서 조이고 천천히.""","🏋️ MIGANG — Side Bend

🎯 ONE KEY CUE
🔥 ""Side-bend the torso and squeeze the obliques""

There is no dedicated Migang SKU for this category. Confirm pads, levers, and safeties on the unit in your gym, then follow the movement pattern below.

⚙️ ① Setup
🪑 Seat / pads
Fit the seat to your body so the start position sits naturally on the working joint.
⚙️ Adjustments
Check 시트/패드, 가동 범위, 중량.

💪 ② Start position
Stabilize the pelvis and stop thinking about pulling with the neck.
Check only this:
👉 Pelvis locked

🔥 ③ Execution
Curl the ribcage toward the pelvis.
Curl or rotate through the torso, then return without momentum.

💥 ④ Peak contraction
Stop where the target muscle is most shortened.
⏱️ 1-second STOP
Own that position for one second. This is not where you dump the weight.

🐌 ⑤ Controlled return
Do not dump the load.
Take 2–3 seconds on the way back.
Return on the same path you pressed or pulled.

❌ Common mistakes
❌ Pulling with the neck
Curl ribs toward the pelvis instead.
❌ Lifting the pelvis and using momentum
Slow the tempo and repeat one clean path.
❌ Forcing an excessive range
If position breaks, cut the load.

💡 MACHINE FIT PRO TIP
🔥 No dedicated Hammer Strength SKU for this slot. Trust the pads/levers/safeties on the unit labeled like ""Side Bend"", rehearse five light reps, then start working sets.

🎯 MACHINE FIT CHECK
🟢 Seat/pad → fitted
🟢 Torso → braced
🟢 Shoulders → not shrugged
🟢 Return → 2–3 sec control

### 🔥 Remember this

""Torso curl, squeeze, slow return — not the neck."""
MIGANG,백 익스텐션,Back Extension,,BRAND_MODEL_NOT_FOUND,Migang,,https://blog.naver.com/pinkd001y/222976642460,미강(Migang) 파워짐 공개 딜러·중고 리스트에서 '백 익스텐션' 전용 SKU가 확인되지 않습니다,"시트/패드, 가동 범위, 중량","🏋️ MIGANG — 백 익스텐션

🎯 ONE KEY CUE
🔥 ""중립 허리를 유지한 채 상체를 신전""

미강 전용 모델이 없는 카테고리입니다. 헬스장에 있는 실제 기구의 패드·레버·안전장치를 먼저 확인한 뒤, 아래 패턴으로 움직이세요.

⚙️ ① 기구 세팅
🪑 좌석 / 패드
시트를 몸에 맞추세요. 시작 위치가 어깨·관절에 자연스럽게 오는지 확인합니다.
⚙️ 조절 포인트
시트/패드, 가동 범위, 중량을 확인하세요.

💪 ② 시작 자세
골반을 안정시키고 목으로 당길 생각을 지웁니다.
이 자세에서 이것만 확인하세요.
👉 골반이 고정돼 있는지

🔥 ③ 운동 방법
숙인 상태에서 상체를 펴며 상승.
갈비뼈를 골반 쪽으로 말아 올리는 느낌으로 수축하세요.

💥 ④ 최고 수축
목표 근육이 가장 조여지는 끝 지점에서 멈춥니다.
⏱️ 1초 STOP
튕기지 말고 그 지점에서 1초만 소유하세요. 무게를 놓는 순간이 아닙니다.

🐌 ⑤ 천천히 돌아오기
중량을 그냥 놓지 마세요.
2~3초 동안 통제하면서 복귀합니다.
시작 자세로 돌아갈 때도 같은 궤적을 유지하세요.

❌ 흔한 실수
❌ 허리를 과신전하며 올리는
자세가 무너지면 무게를 낮추세요.
❌ 목으로 당겨 몸통을 접는 것
갈비뼈를 골반 쪽으로 만다는 느낌으로 바꾸세요.
❌ 골반이 뜨며 반동을 쓰는 것
템포를 늦추고 같은 궤적만 반복하세요.
❌ 너무 큰 범위로 과하게 꺾는 것
자세가 무너지면 무게를 낮추세요.

💡 MACHINE FIT PRO TIP
🔥 이 항목은 해머 스트렝스 전용 SKU가 없습니다. ""백 익스텐션""로 분류된 실제 기구의 패드·레버·안전장치만 믿고, 가벼운 무게로 5회 리허설 후 본 세트를 시작하세요.

🎯 MACHINE FIT CHECK
🟢 시트/패드 → 몸에 맞춤
🟢 몸통 → 브레스·고정
🟢 어깨 → 으쓱하지 않기
🟢 복귀 → 2~3초 통제

### 🔥 이것만 기억하세요

""목 말고 몸통으로, 끝에서 조이고 천천히.""","🏋️ MIGANG — Back Extension

🎯 ONE KEY CUE
🔥 ""Extend the torso while keeping a neutral lumbar spine""

There is no dedicated Migang SKU for this category. Confirm pads, levers, and safeties on the unit in your gym, then follow the movement pattern below.

⚙️ ① Setup
🪑 Seat / pads
Fit the seat to your body so the start position sits naturally on the working joint.
⚙️ Adjustments
Check 시트/패드, 가동 범위, 중량.

💪 ② Start position
Stabilize the pelvis and stop thinking about pulling with the neck.
Check only this:
👉 Pelvis locked

🔥 ③ Execution
Curl the ribcage toward the pelvis.
Curl or rotate through the torso, then return without momentum.

💥 ④ Peak contraction
Stop where the target muscle is most shortened.
⏱️ 1-second STOP
Own that position for one second. This is not where you dump the weight.

🐌 ⑤ Controlled return
Do not dump the load.
Take 2–3 seconds on the way back.
Return on the same path you pressed or pulled.

❌ Common mistakes
❌ Pulling with the neck
Curl ribs toward the pelvis instead.
❌ Lifting the pelvis and using momentum
Slow the tempo and repeat one clean path.
❌ Forcing an excessive range
If position breaks, cut the load.

💡 MACHINE FIT PRO TIP
🔥 No dedicated Hammer Strength SKU for this slot. Trust the pads/levers/safeties on the unit labeled like ""Back Extension"", rehearse five light reps, then start working sets.

🎯 MACHINE FIT CHECK
🟢 Seat/pad → fitted
🟢 Torso → braced
🟢 Shoulders → not shrugged
🟢 Return → 2–3 sec control

### 🔥 Remember this

""Torso curl, squeeze, slow return — not the neck."""
MIGANG,힙 익스텐션,Hip Extension,Power Gym Total Hip,PARTIALLY_VERIFIED,Migang,Power Gym,https://blog.naver.com/pinkd001y/222976642460,전용 힙 익스텐션 SKU는 없고 토탈힙의 신전 모드로 대체 확인됩니다,"패드 위치, 암 각도, 중량 스택","🏋️ MIGANG — Power Gym Total Hip · Power Gym

🎯 ONE KEY CUE
🔥 ""골반을 안정시키고 힙만 뒤로 신전""

전용 힙 익스텐션 SKU는 없고 토탈힙의 신전 모드로 대체 확인됩니다. Power Gym 구조입니다. 처음부터 무게 올리지 말고, 세팅부터 잡으세요.

⚙️ ① 기구 세팅
🪑 좌석 / 패드
시트·백패드를 먼저 맞추세요. 밀었을 때 골반이 말리거나 허리가 뜨지 않는 깊이가 시작점입니다.
🦶 발 위치
지지하는 발을 먼저 고정하세요. 흔들리면 중량을 낮춥니다.
⚙️ 조절 포인트
패드 위치, 암 각도, 중량 스택을 확인하세요.
이 카테고리는 공식 명칭이 겹칠 수 있으니, 헬스장 기구의 실제 레버·패드 배치를 우선하세요.

💪 ② 시작 자세
골반 위치를 먼저 고정합니다. 허리로 높이 만들 준비를 하지 마세요.
이 자세에서 이것만 확인하세요.
👉 허리가 아니라 엉덩이가 일을 받을 준비인지

🔥 ③ 운동 방법
힙을 신전했다 천천히 복귀.
허리로 높이를 만들지 말고 골반·엉덩이로 밀어 마무리하세요.

💥 ④ 최고 수축
목표 근육이 가장 조여지는 끝 지점에서 멈춥니다.
⏱️ 1초 STOP
튕기지 말고 그 지점에서 1초만 소유하세요. 무게를 놓는 순간이 아닙니다.

🐌 ⑤ 천천히 돌아오기
중량을 그냥 놓지 마세요.
2~3초 동안 통제하면서 복귀합니다.
시작 자세로 돌아갈 때도 같은 궤적을 유지하세요.

❌ 흔한 실수
❌ 허리를 과신전하며 올리는
자세가 무너지면 무게를 낮추세요.
❌ 허리로 높이 만드는 것
자세가 무너지면 무게를 낮추세요.
❌ 골반이 돌아가며 한쪽만 미는 것
약한 쪽 속도에 강한 쪽을 맞추세요.
❌ 반동으로 올리는 것
템포를 늦추고 같은 궤적만 반복하세요.

💡 MACHINE FIT PRO TIP
🔥 Power Gym Total Hip의 가이드 궤적을 이용하세요. 첫 2세트는 천천히, 대칭이 확인된 뒤에만 무게를 올립니다.

🎯 MACHINE FIT CHECK
🟢 발 → 발판 중앙·방향 정렬
🟢 어깨 → 으쓱하지 않기
🟢 복귀 → 2~3초 통제

### 🔥 이것만 기억하세요

""골반을 안정시키고 힙만 뒤로 신전. 끝에서 1초, 복귀는 통제.""","🏋️ MIGANG — Power Gym Total Hip · Power Gym

🎯 ONE KEY CUE
🔥 ""Stabilize the pelvis and extend only at the hip""

전용 힙 익스텐션 SKU는 없고 토탈힙의 신전 모드로 대체 확인됩니다 Lean into the Power Gym design. Do not chase load until the setup feels locked in.

⚙️ ① Setup
🪑 Seat / pads
Set the seat/back pad first. Your start depth is where the pelvis stays planted and the low back does not peel up.
🦶 Feet
Lock in the support foot before you move. Reduce load if you wobble.
⚙️ Adjustments
Check 패드 위치, 암 각도, 중량 스택.
Naming can overlap in this category — trust the levers and pads on the unit in front of you.

💪 ② Start position
Set the pelvis first. Do not plan to create height with the lower back.
Check only this:
👉 Glutes ready to drive, not the lumbar spine

🔥 ③ Execution
Finish with the hips/glutes — do not manufacture height with the lumbar spine.
Drive the hips, squeeze, then lower without lumbar snap.

💥 ④ Peak contraction
Stop where the target muscle is most shortened.
⏱️ 1-second STOP
Own that position for one second. This is not where you dump the weight.

🐌 ⑤ Controlled return
Do not dump the load.
Take 2–3 seconds on the way back.
Return on the same path you pressed or pulled.

❌ Common mistakes
❌ Creating height with the lumbar spine
If position breaks, cut the load.
❌ Rotating the pelvis and favoring one side
If position breaks, cut the load.
❌ Bouncing the lockout
Slow the tempo and repeat one clean path.

💡 MACHINE FIT PRO TIP
🔥 Use the guided path on Power Gym Total Hip. Slow the first two sets, confirm symmetry, then add load.

🎯 MACHINE FIT CHECK
🟢 Feet → centered and aligned
🟢 Shoulders → not shrugged
🟢 Return → 2–3 sec control

### 🔥 Remember this

""Stabilize the pelvis and extend only at the hip. One-second peak, controlled return."""
MIGANG,복근 / 허리 복합 머신,Abs / Back Combo,,BRAND_MODEL_NOT_FOUND,Migang,,https://blog.naver.com/pinkd001y/222976642460,미강(Migang) 파워짐 공개 딜러·중고 리스트에서 '복근 / 허리 복합 머신' 전용 SKU가 확인되지 않습니다,"시트/패드, 가동 범위, 중량","🏋️ MIGANG — 복근 / 허리 복합 머신

🎯 ONE KEY CUE
🔥 ""복근·신전 모드를 구분해 코어만 사용""

미강 전용 모델이 없는 카테고리입니다. 헬스장에 있는 실제 기구의 패드·레버·안전장치를 먼저 확인한 뒤, 아래 패턴으로 움직이세요.

⚙️ ① 기구 세팅
🪑 좌석 / 패드
시트를 몸에 맞추세요. 시작 위치가 어깨·관절에 자연스럽게 오는지 확인합니다.
⚙️ 조절 포인트
시트/패드, 가동 범위, 중량을 확인하세요.

💪 ② 시작 자세
골반을 안정시키고 목으로 당길 생각을 지웁니다.
이 자세에서 이것만 확인하세요.
👉 골반이 고정돼 있는지

🔥 ③ 운동 방법
선택 모드의 궤적으로 수축 또는 신전.
갈비뼈를 골반 쪽으로 말아 올리는 느낌으로 수축하세요.

💥 ④ 최고 수축
목표 근육이 가장 조여지는 끝 지점에서 멈춥니다.
⏱️ 1초 STOP
튕기지 말고 그 지점에서 1초만 소유하세요. 무게를 놓는 순간이 아닙니다.

🐌 ⑤ 천천히 돌아오기
중량을 그냥 놓지 마세요.
2~3초 동안 통제하면서 복귀합니다.
시작 자세로 돌아갈 때도 같은 궤적을 유지하세요.

❌ 흔한 실수
❌ 반동으로 모드를 섞어 수행하는
템포를 늦추고 같은 궤적만 반복하세요.
❌ 목으로 당겨 몸통을 접는 것
갈비뼈를 골반 쪽으로 만다는 느낌으로 바꾸세요.
❌ 골반이 뜨며 반동을 쓰는 것
템포를 늦추고 같은 궤적만 반복하세요.
❌ 너무 큰 범위로 과하게 꺾는 것
자세가 무너지면 무게를 낮추세요.

💡 MACHINE FIT PRO TIP
🔥 이 항목은 해머 스트렝스 전용 SKU가 없습니다. ""복근 / 허리 복합 머신""로 분류된 실제 기구의 패드·레버·안전장치만 믿고, 가벼운 무게로 5회 리허설 후 본 세트를 시작하세요.

🎯 MACHINE FIT CHECK
🟢 시트/패드 → 몸에 맞춤
🟢 몸통 → 브레스·고정
🟢 어깨 → 으쓱하지 않기
🟢 복귀 → 2~3초 통제

### 🔥 이것만 기억하세요

""목 말고 몸통으로, 끝에서 조이고 천천히.""","🏋️ MIGANG — Abs / Back Combo

🎯 ONE KEY CUE
🔥 ""Separate crunch and extension modes and use the core only""

There is no dedicated Migang SKU for this category. Confirm pads, levers, and safeties on the unit in your gym, then follow the movement pattern below.

⚙️ ① Setup
🪑 Seat / pads
Fit the seat to your body so the start position sits naturally on the working joint.
⚙️ Adjustments
Check 시트/패드, 가동 범위, 중량.

💪 ② Start position
Stabilize the pelvis and stop thinking about pulling with the neck.
Check only this:
👉 Pelvis locked

🔥 ③ Execution
Curl the ribcage toward the pelvis.
Curl or rotate through the torso, then return without momentum.

💥 ④ Peak contraction
Stop where the target muscle is most shortened.
⏱️ 1-second STOP
Own that position for one second. This is not where you dump the weight.

🐌 ⑤ Controlled return
Do not dump the load.
Take 2–3 seconds on the way back.
Return on the same path you pressed or pulled.

❌ Common mistakes
❌ Pulling with the neck
Curl ribs toward the pelvis instead.
❌ Lifting the pelvis and using momentum
Slow the tempo and repeat one clean path.
❌ Forcing an excessive range
If position breaks, cut the load.

💡 MACHINE FIT PRO TIP
🔥 No dedicated Hammer Strength SKU for this slot. Trust the pads/levers/safeties on the unit labeled like ""Abs / Back Combo"", rehearse five light reps, then start working sets.

🎯 MACHINE FIT CHECK
🟢 Seat/pad → fitted
🟢 Torso → braced
🟢 Shoulders → not shrugged
🟢 Return → 2–3 sec control

### 🔥 Remember this

""Torso curl, squeeze, slow return — not the neck."""
MIGANG,케이블 크로스오버,Cable Crossover,Power Gym Cable Cross Over,VERIFIED,Migang,Power Gym,https://blog.naver.com/pinkd001y/222976642460,미강 파워짐 케이블 크로스오버로 세트 리스트에 확인됩니다,"풀리 높이, 핸들, 좌·우 중량 스택","🏋️ MIGANG — Power Gym Cable Cross Over · Power Gym

🎯 ONE KEY CUE
🔥 ""팔꿈치를 고정한 채 손잡이를 중앙으로 모으기""

미강 파워짐 케이블 크로스오버로 세트 리스트에 확인됩니다. Power Gym 구조입니다. 처음부터 무게 올리지 말고, 세팅부터 잡으세요.

⚙️ ① 기구 세팅
⚙️ 조절 포인트
풀리 높이, 핸들, 좌·우 중량 스택을 확인하세요.

💪 ② 시작 자세
발 위치를 잡고 몸통을 브레스한 뒤, 케이블 높이부터 확인합니다.
이 자세에서 이것만 확인하세요.
👉 몸이 케이블에 끌려가지 않는지

🔥 ③ 운동 방법
양옆에서 중앙으로 모았다 벌리기.
반동 없이 같은 궤적을 반복하세요. 흔들리면 중량을 낮춥니다.

💥 ④ 최고 수축
목표 근육이 가장 조여지는 끝 지점에서 멈춥니다.
⏱️ 1초 STOP
튕기지 말고 그 지점에서 1초만 소유하세요. 무게를 놓는 순간이 아닙니다.

🐌 ⑤ 천천히 돌아오기
중량을 그냥 놓지 마세요.
2~3초 동안 통제하면서 복귀합니다.
시작 자세로 돌아갈 때도 같은 궤적을 유지하세요.

❌ 흔한 실수
❌ 상체를 흔들며 무게를 넘기는
자세가 무너지면 무게를 낮추세요.
❌ 케이블에 몸이 끌려가는 것
자세가 무너지면 무게를 낮추세요.
❌ 높이 설정을 대충 하고 시작하는 것
자세가 무너지면 무게를 낮추세요.
❌ 스택을 놓듯 되돌리는 것
자세가 무너지면 무게를 낮추세요.

💡 MACHINE FIT PRO TIP
🔥 Power Gym Cable Cross Over의 가이드 궤적을 이용하세요. 첫 2세트는 천천히, 대칭이 확인된 뒤에만 무게를 올립니다.

🎯 MACHINE FIT CHECK
🟢 몸통 → 브레스·고정
🟢 어깨 → 으쓱하지 않기
🟢 복귀 → 2~3초 통제

### 🔥 이것만 기억하세요

""팔꿈치를 고정한 채 손잡이를 중앙으로 모으기. 끝에서 1초, 복귀는 통제.""","🏋️ MIGANG — Power Gym Cable Cross Over · Power Gym

🎯 ONE KEY CUE
🔥 ""Keep elbow angle set and bring the handles to center""

미강 파워짐 케이블 크로스오버로 세트 리스트에 확인됩니다 Lean into the Power Gym design. Do not chase load until the setup feels locked in.

⚙️ ① Setup
⚙️ Adjustments
Check 풀리 높이, 핸들, 좌·우 중량 스택.

💪 ② Start position
Set the stance, brace, then confirm cable height.
Check only this:
👉 Cable is not towing your torso

🔥 ③ Execution
Repeat the same path without momentum. Reduce load if you wobble.
Set the line of pull, move through the elbows, return without letting the stack yank you.

💥 ④ Peak contraction
Stop where the target muscle is most shortened.
⏱️ 1-second STOP
Own that position for one second. This is not where you dump the weight.

🐌 ⑤ Controlled return
Do not dump the load.
Take 2–3 seconds on the way back.
Return on the same path you pressed or pulled.

❌ Common mistakes
❌ Letting the cable tow the torso
If position breaks, cut the load.
❌ Skipping height setup
If position breaks, cut the load.
❌ Dumping the stack on the return
If position breaks, cut the load.

💡 MACHINE FIT PRO TIP
🔥 Use the guided path on Power Gym Cable Cross Over. Slow the first two sets, confirm symmetry, then add load.

🎯 MACHINE FIT CHECK
🟢 Torso → braced
🟢 Shoulders → not shrugged
🟢 Return → 2–3 sec control

### 🔥 Remember this

""Keep elbow angle set and bring the handles to center. One-second peak, controlled return."""
MIGANG,듀얼 어저스터블 풀리,Dual Adjustable Pulley,,BRAND_MODEL_NOT_FOUND,Migang,,https://blog.naver.com/pinkd001y/222976642460,미강(Migang) 파워짐 공개 딜러·중고 리스트에서 '듀얼 어저스터블 풀리' 전용 SKU가 확인되지 않습니다,"높이/훅/핀, 핸들 또는 바, 중량","🏋️ MIGANG — 듀얼 어저스터블 풀리

🎯 ONE KEY CUE
🔥 ""풀리 높이를 맞춘 뒤 궤적을 통제하며 당기거나 밀기""

미강 전용 모델이 없는 카테고리입니다. 헬스장에 있는 실제 기구의 패드·레버·안전장치를 먼저 확인한 뒤, 아래 패턴으로 움직이세요.

⚙️ ① 기구 세팅
⚙️ 조절 포인트
높이/훅/핀, 핸들 또는 바, 중량을 확인하세요.

💪 ② 시작 자세
발 위치를 잡고 몸통을 브레스한 뒤, 케이블 높이부터 확인합니다.
이 자세에서 이것만 확인하세요.
👉 몸이 케이블에 끌려가지 않는지

🔥 ③ 운동 방법
설정 높이에서 당기거나 밀었다 복귀.
반동 없이 같은 궤적을 반복하세요. 흔들리면 중량을 낮춥니다.

💥 ④ 최고 수축
목표 근육이 가장 조여지는 끝 지점에서 멈춥니다.
⏱️ 1초 STOP
튕기지 말고 그 지점에서 1초만 소유하세요. 무게를 놓는 순간이 아닙니다.

🐌 ⑤ 천천히 돌아오기
중량을 그냥 놓지 마세요.
2~3초 동안 통제하면서 복귀합니다.
시작 자세로 돌아갈 때도 같은 궤적을 유지하세요.

❌ 흔한 실수
❌ 무게만 키워 자세가 무너지는
자세가 무너지면 무게를 낮추세요.
❌ 케이블에 몸이 끌려가는 것
자세가 무너지면 무게를 낮추세요.
❌ 높이 설정을 대충 하고 시작하는 것
자세가 무너지면 무게를 낮추세요.
❌ 스택을 놓듯 되돌리는 것
자세가 무너지면 무게를 낮추세요.

💡 MACHINE FIT PRO TIP
🔥 이 항목은 해머 스트렝스 전용 SKU가 없습니다. ""듀얼 어저스터블 풀리""로 분류된 실제 기구의 패드·레버·안전장치만 믿고, 가벼운 무게로 5회 리허설 후 본 세트를 시작하세요.

🎯 MACHINE FIT CHECK
🟢 몸통 → 브레스·고정
🟢 어깨 → 으쓱하지 않기
🟢 복귀 → 2~3초 통제

### 🔥 이것만 기억하세요

""풀리 높이를 맞춘 뒤 궤적을 통제하며 당기거나 밀기. 끝에서 1초, 복귀는 통제.""","🏋️ MIGANG — Dual Adjustable Pulley

🎯 ONE KEY CUE
🔥 ""Set pulley height, then pull or press with a controlled path""

There is no dedicated Migang SKU for this category. Confirm pads, levers, and safeties on the unit in your gym, then follow the movement pattern below.

⚙️ ① Setup
⚙️ Adjustments
Check 높이/훅/핀, 핸들 또는 바, 중량.

💪 ② Start position
Set the stance, brace, then confirm cable height.
Check only this:
👉 Cable is not towing your torso

🔥 ③ Execution
Repeat the same path without momentum. Reduce load if you wobble.
Set the line of pull, move through the elbows, return without letting the stack yank you.

💥 ④ Peak contraction
Stop where the target muscle is most shortened.
⏱️ 1-second STOP
Own that position for one second. This is not where you dump the weight.

🐌 ⑤ Controlled return
Do not dump the load.
Take 2–3 seconds on the way back.
Return on the same path you pressed or pulled.

❌ Common mistakes
❌ Letting the cable tow the torso
If position breaks, cut the load.
❌ Skipping height setup
If position breaks, cut the load.
❌ Dumping the stack on the return
If position breaks, cut the load.

💡 MACHINE FIT PRO TIP
🔥 No dedicated Hammer Strength SKU for this slot. Trust the pads/levers/safeties on the unit labeled like ""Dual Adjustable Pulley"", rehearse five light reps, then start working sets.

🎯 MACHINE FIT CHECK
🟢 Torso → braced
🟢 Shoulders → not shrugged
🟢 Return → 2–3 sec control

### 🔥 Remember this

""Set pulley height, then pull or press with a controlled path. One-second peak, controlled return."""
MIGANG,멀티 정글짐,Multi Jungle Gym,,BRAND_MODEL_NOT_FOUND,Migang,,https://blog.naver.com/pinkd001y/222976642460,미강(Migang) 파워짐 공개 딜러·중고 리스트에서 '멀티 정글짐' 전용 SKU가 확인되지 않습니다,"높이/훅/핀, 핸들 또는 바, 중량","🏋️ MIGANG — 멀티 정글짐

🎯 ONE KEY CUE
🔥 ""사용 스테이션만 선택해 궤적을 단순하게 유지""

미강 전용 모델이 없는 카테고리입니다. 헬스장에 있는 실제 기구의 패드·레버·안전장치를 먼저 확인한 뒤, 아래 패턴으로 움직이세요.

⚙️ ① 기구 세팅
⚙️ 조절 포인트
높이/훅/핀, 핸들 또는 바, 중량을 확인하세요.

💪 ② 시작 자세
발 위치를 잡고 몸통을 브레스한 뒤, 케이블 높이부터 확인합니다.
이 자세에서 이것만 확인하세요.
👉 몸이 케이블에 끌려가지 않는지

🔥 ③ 운동 방법
한 스테이션 동작 후 복귀.
반동 없이 같은 궤적을 반복하세요. 흔들리면 중량을 낮춥니다.

💥 ④ 최고 수축
목표 근육이 가장 조여지는 끝 지점에서 멈춥니다.
⏱️ 1초 STOP
튕기지 말고 그 지점에서 1초만 소유하세요. 무게를 놓는 순간이 아닙니다.

🐌 ⑤ 천천히 돌아오기
중량을 그냥 놓지 마세요.
2~3초 동안 통제하면서 복귀합니다.
시작 자세로 돌아갈 때도 같은 궤적을 유지하세요.

❌ 흔한 실수
❌ 여러 케이블을 한꺼번에 쓰는
자세가 무너지면 무게를 낮추세요.
❌ 케이블에 몸이 끌려가는 것
자세가 무너지면 무게를 낮추세요.
❌ 높이 설정을 대충 하고 시작하는 것
자세가 무너지면 무게를 낮추세요.
❌ 스택을 놓듯 되돌리는 것
자세가 무너지면 무게를 낮추세요.

💡 MACHINE FIT PRO TIP
🔥 이 항목은 해머 스트렝스 전용 SKU가 없습니다. ""멀티 정글짐""로 분류된 실제 기구의 패드·레버·안전장치만 믿고, 가벼운 무게로 5회 리허설 후 본 세트를 시작하세요.

🎯 MACHINE FIT CHECK
🟢 몸통 → 브레스·고정
🟢 어깨 → 으쓱하지 않기
🟢 복귀 → 2~3초 통제

### 🔥 이것만 기억하세요

""사용 스테이션만 선택해 궤적을 단순하게 유지. 끝에서 1초, 복귀는 통제.""","🏋️ MIGANG — Multi Jungle Gym

🎯 ONE KEY CUE
🔥 ""Pick one station and keep the movement path simple""

There is no dedicated Migang SKU for this category. Confirm pads, levers, and safeties on the unit in your gym, then follow the movement pattern below.

⚙️ ① Setup
⚙️ Adjustments
Check 높이/훅/핀, 핸들 또는 바, 중량.

💪 ② Start position
Set the stance, brace, then confirm cable height.
Check only this:
👉 Cable is not towing your torso

🔥 ③ Execution
Repeat the same path without momentum. Reduce load if you wobble.
Set the line of pull, move through the elbows, return without letting the stack yank you.

💥 ④ Peak contraction
Stop where the target muscle is most shortened.
⏱️ 1-second STOP
Own that position for one second. This is not where you dump the weight.

🐌 ⑤ Controlled return
Do not dump the load.
Take 2–3 seconds on the way back.
Return on the same path you pressed or pulled.

❌ Common mistakes
❌ Letting the cable tow the torso
If position breaks, cut the load.
❌ Skipping height setup
If position breaks, cut the load.
❌ Dumping the stack on the return
If position breaks, cut the load.

💡 MACHINE FIT PRO TIP
🔥 No dedicated Hammer Strength SKU for this slot. Trust the pads/levers/safeties on the unit labeled like ""Multi Jungle Gym"", rehearse five light reps, then start working sets.

🎯 MACHINE FIT CHECK
🟢 Torso → braced
🟢 Shoulders → not shrugged
🟢 Return → 2–3 sec control

### 🔥 Remember this

""Pick one station and keep the movement path simple. One-second peak, controlled return."""
MIGANG,어시스트 풀업 / 딥,Assisted Pull-up / Dip,,BRAND_MODEL_NOT_FOUND,Migang,,https://blog.naver.com/pinkd001y/222976642460,미강(Migang) 파워짐 공개 딜러·중고 리스트에서 '어시스트 풀업 / 딥' 전용 SKU가 확인되지 않습니다,"시트, 시작용 로드 추출 풋 지지, 중량","🏋️ MIGANG — 어시스트 풀업 / 딥

🎯 ONE KEY CUE
🔥 ""보조를 맞춘 뒤 풀업 또는 딥 궤적만 수행""

미강 전용 모델이 없는 카테고리입니다. 헬스장에 있는 실제 기구의 패드·레버·안전장치를 먼저 확인한 뒤, 아래 패턴으로 움직이세요.

⚙️ ① 기구 세팅
🪑 좌석 / 패드
시트를 몸에 맞추세요. 시작 위치가 어깨·관절에 자연스럽게 오는지 확인합니다.
⚙️ 조절 포인트
시트, 시작용 로드 추출 풋 지지, 중량을 확인하세요.

💪 ② 시작 자세
발 위치를 잡고 몸통을 브레스한 뒤, 케이블 높이부터 확인합니다.
이 자세에서 이것만 확인하세요.
👉 몸이 케이블에 끌려가지 않는지

🔥 ③ 운동 방법
선택 동작으로 올렸다 내리기.
반동 없이 같은 궤적을 반복하세요. 흔들리면 중량을 낮춥니다.

💥 ④ 최고 수축
목표 근육이 가장 조여지는 끝 지점에서 멈춥니다.
⏱️ 1초 STOP
튕기지 말고 그 지점에서 1초만 소유하세요. 무게를 놓는 순간이 아닙니다.

🐌 ⑤ 천천히 돌아오기
중량을 그냥 놓지 마세요.
2~3초 동안 통제하면서 복귀합니다.
시작 자세로 돌아갈 때도 같은 궤적을 유지하세요.

❌ 흔한 실수
❌ 반동으로 가동범위를 속이는
템포를 늦추고 같은 궤적만 반복하세요.
❌ 케이블에 몸이 끌려가는 것
자세가 무너지면 무게를 낮추세요.
❌ 높이 설정을 대충 하고 시작하는 것
자세가 무너지면 무게를 낮추세요.
❌ 스택을 놓듯 되돌리는 것
자세가 무너지면 무게를 낮추세요.

💡 MACHINE FIT PRO TIP
🔥 이 항목은 해머 스트렝스 전용 SKU가 없습니다. ""어시스트 풀업 / 딥""로 분류된 실제 기구의 패드·레버·안전장치만 믿고, 가벼운 무게로 5회 리허설 후 본 세트를 시작하세요.

🎯 MACHINE FIT CHECK
🟢 시트/패드 → 몸에 맞춤
🟢 몸통 → 브레스·고정
🟢 어깨 → 으쓱하지 않기
🟢 복귀 → 2~3초 통제

### 🔥 이것만 기억하세요

""보조를 맞춘 뒤 풀업 또는 딥 궤적만 수행. 끝에서 1초, 복귀는 통제.""","🏋️ MIGANG — Assisted Pull-up / Dip

🎯 ONE KEY CUE
🔥 ""Set assist, then perform only the pull-up or dip path""

There is no dedicated Migang SKU for this category. Confirm pads, levers, and safeties on the unit in your gym, then follow the movement pattern below.

⚙️ ① Setup
🪑 Seat / pads
Fit the seat to your body so the start position sits naturally on the working joint.
⚙️ Adjustments
Check 시트, 시작용 로드 추출 풋 지지, 중량.

💪 ② Start position
Set the stance, brace, then confirm cable height.
Check only this:
👉 Cable is not towing your torso

🔥 ③ Execution
Repeat the same path without momentum. Reduce load if you wobble.
Set the line of pull, move through the elbows, return without letting the stack yank you.

💥 ④ Peak contraction
Stop where the target muscle is most shortened.
⏱️ 1-second STOP
Own that position for one second. This is not where you dump the weight.

🐌 ⑤ Controlled return
Do not dump the load.
Take 2–3 seconds on the way back.
Return on the same path you pressed or pulled.

❌ Common mistakes
❌ Letting the cable tow the torso
If position breaks, cut the load.
❌ Skipping height setup
If position breaks, cut the load.
❌ Dumping the stack on the return
If position breaks, cut the load.

💡 MACHINE FIT PRO TIP
🔥 No dedicated Hammer Strength SKU for this slot. Trust the pads/levers/safeties on the unit labeled like ""Assisted Pull-up / Dip"", rehearse five light reps, then start working sets.

🎯 MACHINE FIT CHECK
🟢 Seat/pad → fitted
🟢 Torso → braced
🟢 Shoulders → not shrugged
🟢 Return → 2–3 sec control

### 🔥 Remember this

""Set assist, then perform only the pull-up or dip path. One-second peak, controlled return."""
MIGANG,스미스 머신,Smith Machine,Power Gym Smith Machine,VERIFIED,Migang,Power Gym,https://blog.naver.com/pinkd001y/222976642460,미강 파워짐 스미스 머신으로 세트 리스트에 확인됩니다,"바 훅/안전, 바벨 높이, 스쿼트 스탠스","🏋️ MIGANG — Power Gym Smith Machine · Power Gym

🎯 ONE KEY CUE
🔥 ""바 경로에 몸을 맞추고 안전 훅을 확인한 뒤 수행""

미강 파워짐 스미스 머신으로 세트 리스트에 확인됩니다. Power Gym 구조입니다. 처음부터 무게 올리지 말고, 세팅부터 잡으세요.

⚙️ ① 기구 세팅
⚙️ 조절 포인트
바 훅/안전, 바벨 높이, 스쿼트 스탠스를 확인하세요.

💪 ② 시작 자세
바·안전 높이를 맞춘 뒤 랙 중앙에 몸을 정렬합니다.
이 자세에서 이것만 확인하세요.
👉 안전바가 내 가동범위에 맞는지

🔥 ③ 운동 방법
바를 랙에서 풀어 수행 후 재훅.
반동 없이 같은 궤적을 반복하세요. 흔들리면 중량을 낮춥니다.

💥 ④ 최고 수축
목표 근육이 가장 조여지는 끝 지점에서 멈춥니다.
⏱️ 1초 STOP
튕기지 말고 그 지점에서 1초만 소유하세요. 무게를 놓는 순간이 아닙니다.

🐌 ⑤ 천천히 돌아오기
중량을 그냥 놓지 마세요.
2~3초 동안 통제하면서 복귀합니다.
시작 자세로 돌아갈 때도 같은 궤적을 유지하세요.

❌ 흔한 실수
❌ 훅을 무시하고 과하게 앞으로 기울이는
자세가 무너지면 무게를 낮추세요.
❌ 안전바 높이를 안 맞추고 올리는 것
세트 전에 안전 위치부터 다시 맞추세요.
❌ 좌우 원판 불균형
자세가 무너지면 무게를 낮추세요.
❌ 바 경로와 발 위치가 어긋나는 것
자세가 무너지면 무게를 낮추세요.

💡 MACHINE FIT PRO TIP
🔥 해머 스트렝스 랙/스미스는 “바 경로에 몸을 맞추는” 장비입니다. 중량보다 안전바·시작 높이·발 위치를 먼저 고정하세요.

🎯 MACHINE FIT CHECK
🟢 안전바 → 가동범위에 맞춤
🟢 어깨 → 으쓱하지 않기
🟢 복귀 → 2~3초 통제

### 🔥 이것만 기억하세요

""바 경로에 몸을 맞추고 안전 훅을 확인한 뒤 수행. 끝에서 1초, 복귀는 통제.""","🏋️ MIGANG — Power Gym Smith Machine · Power Gym

🎯 ONE KEY CUE
🔥 ""Align to the bar path, set safeties, then lift""

미강 파워짐 스미스 머신으로 세트 리스트에 확인됩니다 Lean into the Power Gym design. Do not chase load until the setup feels locked in.

⚙️ ① Setup
⚙️ Adjustments
Check 바 훅/안전, 바벨 높이, 스쿼트 스탠스.

💪 ② Start position
Set bar and safety height, then center yourself in the rack.
Check only this:
👉 Safeties match your range

🔥 ③ Execution
Repeat the same path without momentum. Reduce load if you wobble.
Stay centered on the bar path and control every rep into the safeties.

💥 ④ Peak contraction
Stop where the target muscle is most shortened.
⏱️ 1-second STOP
Own that position for one second. This is not where you dump the weight.

🐌 ⑤ Controlled return
Do not dump the load.
Take 2–3 seconds on the way back.
Return on the same path you pressed or pulled.

❌ Common mistakes
❌ Loading before setting safeties
Reset safety height before the set.
❌ Uneven plates
Match both sides, then confirm with a light set.
❌ Feet fighting the bar path
If position breaks, cut the load.

💡 MACHINE FIT PRO TIP
🔥 Hammer Strength racks/Smith units reward lining your body up to the bar path. Safeties and foot placement beat ego loading.

🎯 MACHINE FIT CHECK
🟢 Safeties → match your range
🟢 Shoulders → not shrugged
🟢 Return → 2–3 sec control

### 🔥 Remember this

""Align to the bar path, set safeties, then lift. One-second peak, controlled return."""
MIGANG,파워 랙,Power Rack,,BRAND_MODEL_NOT_FOUND,Migang,,https://blog.naver.com/pinkd001y/222976642460,미강(Migang) 파워짐 공개 딜러·중고 리스트에서 '파워 랙' 전용 SKU가 확인되지 않습니다,"높이/훅/핀, 핸들 또는 바, 중량","🏋️ MIGANG — 파워 랙

🎯 ONE KEY CUE
🔥 ""핀·스트랩 높이를 맞춘 뒤 바벨 경로를 유지""

미강 전용 모델이 없는 카테고리입니다. 헬스장에 있는 실제 기구의 패드·레버·안전장치를 먼저 확인한 뒤, 아래 패턴으로 움직이세요.

⚙️ ① 기구 세팅
⚙️ 조절 포인트
높이/훅/핀, 핸들 또는 바, 중량을 확인하세요.

💪 ② 시작 자세
바·안전 높이를 맞춘 뒤 랙 중앙에 몸을 정렬합니다.
이 자세에서 이것만 확인하세요.
👉 안전바가 내 가동범위에 맞는지

🔥 ③ 운동 방법
랙 안에서 스쿼트·프레스 후 랙.
반동 없이 같은 궤적을 반복하세요. 흔들리면 중량을 낮춥니다.

💥 ④ 최고 수축
목표 근육이 가장 조여지는 끝 지점에서 멈춥니다.
⏱️ 1초 STOP
튕기지 말고 그 지점에서 1초만 소유하세요. 무게를 놓는 순간이 아닙니다.

🐌 ⑤ 천천히 돌아오기
중량을 그냥 놓지 마세요.
2~3초 동안 통제하면서 복귀합니다.
시작 자세로 돌아갈 때도 같은 궤적을 유지하세요.

❌ 흔한 실수
❌ 안전 핀 없이 고중량을 다루는
자세가 무너지면 무게를 낮추세요.
❌ 안전바 높이를 안 맞추고 올리는 것
세트 전에 안전 위치부터 다시 맞추세요.
❌ 좌우 원판 불균형
자세가 무너지면 무게를 낮추세요.
❌ 바 경로와 발 위치가 어긋나는 것
자세가 무너지면 무게를 낮추세요.

💡 MACHINE FIT PRO TIP
🔥 이 항목은 해머 스트렝스 전용 SKU가 없습니다. ""파워 랙""로 분류된 실제 기구의 패드·레버·안전장치만 믿고, 가벼운 무게로 5회 리허설 후 본 세트를 시작하세요.

🎯 MACHINE FIT CHECK
🟢 안전바 → 가동범위에 맞춤
🟢 어깨 → 으쓱하지 않기
🟢 복귀 → 2~3초 통제

### 🔥 이것만 기억하세요

""핀·스트랩 높이를 맞춘 뒤 바벨 경로를 유지. 끝에서 1초, 복귀는 통제.""","🏋️ MIGANG — Power Rack

🎯 ONE KEY CUE
🔥 ""Set pins/straps, then keep the barbell path consistent""

There is no dedicated Migang SKU for this category. Confirm pads, levers, and safeties on the unit in your gym, then follow the movement pattern below.

⚙️ ① Setup
⚙️ Adjustments
Check 높이/훅/핀, 핸들 또는 바, 중량.

💪 ② Start position
Set bar and safety height, then center yourself in the rack.
Check only this:
👉 Safeties match your range

🔥 ③ Execution
Repeat the same path without momentum. Reduce load if you wobble.
Stay centered on the bar path and control every rep into the safeties.

💥 ④ Peak contraction
Stop where the target muscle is most shortened.
⏱️ 1-second STOP
Own that position for one second. This is not where you dump the weight.

🐌 ⑤ Controlled return
Do not dump the load.
Take 2–3 seconds on the way back.
Return on the same path you pressed or pulled.

❌ Common mistakes
❌ Loading before setting safeties
Reset safety height before the set.
❌ Uneven plates
Match both sides, then confirm with a light set.
❌ Feet fighting the bar path
If position breaks, cut the load.

💡 MACHINE FIT PRO TIP
🔥 No dedicated Hammer Strength SKU for this slot. Trust the pads/levers/safeties on the unit labeled like ""Power Rack"", rehearse five light reps, then start working sets.

🎯 MACHINE FIT CHECK
🟢 Safeties → match your range
🟢 Shoulders → not shrugged
🟢 Return → 2–3 sec control

### 🔥 Remember this

""Set pins/straps, then keep the barbell path consistent. One-second peak, controlled return."""
MIGANG,하프 랙,Half Rack,,BRAND_MODEL_NOT_FOUND,Migang,,https://blog.naver.com/pinkd001y/222976642460,미강(Migang) 파워짐 공개 딜러·중고 리스트에서 '하프 랙' 전용 SKU가 확인되지 않습니다,"높이/훅/핀, 핸들 또는 바, 중량","🏋️ MIGANG — 하프 랙

🎯 ONE KEY CUE
🔥 ""하프 랙 핀 높이를 맞추고 바를 안정적으로 언랙""

미강 전용 모델이 없는 카테고리입니다. 헬스장에 있는 실제 기구의 패드·레버·안전장치를 먼저 확인한 뒤, 아래 패턴으로 움직이세요.

⚙️ ① 기구 세팅
⚙️ 조절 포인트
높이/훅/핀, 핸들 또는 바, 중량을 확인하세요.

💪 ② 시작 자세
바·안전 높이를 맞춘 뒤 랙 중앙에 몸을 정렬합니다.
이 자세에서 이것만 확인하세요.
👉 안전바가 내 가동범위에 맞는지

🔥 ③ 운동 방법
언랙·리프트·랙 순으로 수행.
반동 없이 같은 궤적을 반복하세요. 흔들리면 중량을 낮춥니다.

💥 ④ 최고 수축
목표 근육이 가장 조여지는 끝 지점에서 멈춥니다.
⏱️ 1초 STOP
튕기지 말고 그 지점에서 1초만 소유하세요. 무게를 놓는 순간이 아닙니다.

🐌 ⑤ 천천히 돌아오기
중량을 그냥 놓지 마세요.
2~3초 동안 통제하면서 복귀합니다.
시작 자세로 돌아갈 때도 같은 궤적을 유지하세요.

❌ 흔한 실수
❌ 언랙 시 몸이 앞으로 쏠리는
자세가 무너지면 무게를 낮추세요.
❌ 안전바 높이를 안 맞추고 올리는 것
세트 전에 안전 위치부터 다시 맞추세요.
❌ 좌우 원판 불균형
자세가 무너지면 무게를 낮추세요.
❌ 바 경로와 발 위치가 어긋나는 것
자세가 무너지면 무게를 낮추세요.

💡 MACHINE FIT PRO TIP
🔥 이 항목은 해머 스트렝스 전용 SKU가 없습니다. ""하프 랙""로 분류된 실제 기구의 패드·레버·안전장치만 믿고, 가벼운 무게로 5회 리허설 후 본 세트를 시작하세요.

🎯 MACHINE FIT CHECK
🟢 안전바 → 가동범위에 맞춤
🟢 어깨 → 으쓱하지 않기
🟢 복귀 → 2~3초 통제

### 🔥 이것만 기억하세요

""하프 랙 핀 높이를 맞추고 바를 안정적으로 언랙. 끝에서 1초, 복귀는 통제.""","🏋️ MIGANG — Half Rack

🎯 ONE KEY CUE
🔥 ""Set half-rack pin height and unrack the bar stably""

There is no dedicated Migang SKU for this category. Confirm pads, levers, and safeties on the unit in your gym, then follow the movement pattern below.

⚙️ ① Setup
⚙️ Adjustments
Check 높이/훅/핀, 핸들 또는 바, 중량.

💪 ② Start position
Set bar and safety height, then center yourself in the rack.
Check only this:
👉 Safeties match your range

🔥 ③ Execution
Repeat the same path without momentum. Reduce load if you wobble.
Stay centered on the bar path and control every rep into the safeties.

💥 ④ Peak contraction
Stop where the target muscle is most shortened.
⏱️ 1-second STOP
Own that position for one second. This is not where you dump the weight.

🐌 ⑤ Controlled return
Do not dump the load.
Take 2–3 seconds on the way back.
Return on the same path you pressed or pulled.

❌ Common mistakes
❌ Loading before setting safeties
Reset safety height before the set.
❌ Uneven plates
Match both sides, then confirm with a light set.
❌ Feet fighting the bar path
If position breaks, cut the load.

💡 MACHINE FIT PRO TIP
🔥 No dedicated Hammer Strength SKU for this slot. Trust the pads/levers/safeties on the unit labeled like ""Half Rack"", rehearse five light reps, then start working sets.

🎯 MACHINE FIT CHECK
🟢 Safeties → match your range
🟢 Shoulders → not shrugged
🟢 Return → 2–3 sec control

### 🔥 Remember this

""Set half-rack pin height and unrack the bar stably. One-second peak, controlled return."""
