brand_code,machine_name_ko,machine_name_en,verified_model,verification_status,manufacturer,product_series,source_url,verified_structure,verified_adjustments,exercise_tip,exercise_tip_en
NAUTILUS,체스트 프레스,Chest Press,Inspiration Chest Press,VERIFIED,Nautilus,Inspiration,https://www.corehandf.com/products/nautilus-inspiration-chest-press,Nautilus Inspiration Chest Press(IPVP5). 수렴 축·단측 운동이 가능한 셀렉터라이즈드 체스트 프레스입니다.,"시트(가스 어시스트), Lock N Load 스택, ROM/프리스트레치","🏋️ NAUTILUS — Inspiration Chest Press · Inspiration

🎯 ONE KEY CUE
🔥 ""수렴 축을 따라 가슴 중앙으로 조이며 밀기""

Nautilus Inspiration Chest Press(IPVP5). 수렴 축·단측 운동이 가능한 셀렉터라이즈드 체스트 프레스. 안쪽으로 모이는 · 셀렉터 스택 · Inspiration Lock N Load 구조입니다. 처음부터 무게 올리지 말고, 세팅부터 잡으세요.

⚙️ ① 기구 세팅
🪑 좌석 / 패드
시트(가스 어시스트)를 몸에 맞추세요. 시작 위치가 어깨·관절에 자연스럽게 오는지 확인합니다.
🤲 그립 / 손 위치
손잡이를 편안한 너비로 잡으세요. 손목이 꺾이지 않게 합니다.
⚙️ 조절 포인트
시트(가스 어시스트), Lock N Load 스택, ROM/프리스트레치를 확인하세요.

💪 ② 시작 자세
등과 골반을 패드에 붙이고, 손잡이가 가슴 높이에 오게 잡습니다.
이 자세에서 이것만 확인하세요.
👉 등이 패드에서 뜨지 않는지

🔥 ③ 운동 방법
손잡이를 앞·안쪽으로 밀었다 천천히 복귀.
손잡이가 직선으로만 가는 게 아닙니다. 기구가 만들어 주는 안쪽 궤적을 그대로 타세요. 억지로 모으지 마세요.

💥 ④ 최고 수축
팔꿈치가 앞으로 나가 가슴이 수축되는 지점에서 멈춥니다. 어깨를 더 밀지 마세요.
⏱️ 1초 STOP
튕기지 말고 그 지점에서 1초만 소유하세요. 무게를 놓는 순간이 아닙니다.

🐌 ⑤ 천천히 돌아오기
중량을 그냥 놓지 마세요.
2~3초 동안 통제하면서 복귀합니다.
시작 자세로 돌아갈 때도 같은 궤적을 유지하세요.

❌ 흔한 실수
❌ 어깨를 앞으로 말며 반동으로 미는 것
템포를 늦추고 같은 궤적만 반복하세요.
❌ 허리를 과하게 아치해 가슴 대신 요추로 미는 것
깊이보다 골반 고정이 먼저입니다. 허리가 뜨면 범위를 줄이세요.
❌ 끝에서 어깨를 더 밀어 넣는 것
자세가 무너지면 무게를 낮추세요.

💡 MACHINE FIT PRO TIP
🔥 손잡이가 가운데로 모이는 궤적이 설계입니다. 평행으로만 밀려고 버티지 말고, 기구가 안내하는 수렴 경로를 그대로 타세요.

🎯 MACHINE FIT CHECK
🟢 시트/패드 → 몸에 맞춤
🟢 팔꿈치 → 미는/드는 방향
🟢 어깨 → 으쓱하지 않기
🟢 복귀 → 2~3초 통제

### 🔥 이것만 기억하세요

""수렴 축을 따라 가슴 중앙으로 조이며 밀기. 끝에서 1초, 복귀는 통제.""","🏋️ NAUTILUS — Inspiration Chest Press · Inspiration

🎯 ONE KEY CUE
🔥 ""Press along the converging axis and squeeze toward center chest""

Nautilus Inspiration Chest Press(IPVP5). 수렴 축·단측 운동이 가능한 셀렉터라이즈드 체스트 프레스입니다. Lean into the converging path / selectorized stack / Inspiration Lock N Load design. Do not chase load until the setup feels locked in.

⚙️ ① Setup
🪑 Seat / pads
Fit the seat to your body so the start position sits naturally on the working joint.
🤲 Grip / hands
Take a comfortable grip width and keep the wrists stacked, not bent.
⚙️ Adjustments
Check 시트(가스 어시스트), Lock N Load 스택, ROM/프리스트레치.

💪 ② Start position
Pin back and pelvis to the pad with the handles at chest height.
Check only this:
👉 Back still on the pad

🔥 ③ Execution
The handles are not a straight line — ride the converging path. Do not force them together.
Press out on the machine path, then return under control.

💥 ④ Peak contraction
Stop where the chest is contracted — do not dump the shoulders farther forward.
⏱️ 1-second STOP
Own that position for one second. This is not where you dump the weight.

🐌 ⑤ Controlled return
Do not dump the load.
Take 2–3 seconds on the way back.
Return on the same path you pressed or pulled.

❌ Common mistakes
❌ Dumping the shoulders forward and bouncing the press
Slow the tempo and repeat one clean path.
❌ Over-arching so the low back takes over
If position breaks, cut the load.
❌ Shoving the shoulders farther at lockout
If position breaks, cut the load.

💡 MACHINE FIT PRO TIP
🔥 The machine is built to converge. Stop forcing a parallel press — ride the path it gives you.

🎯 MACHINE FIT CHECK
🟢 Seat/pad → fitted
🟢 Elbows → press/raise direction
🟢 Shoulders → not shrugged
🟢 Return → 2–3 sec control

### 🔥 Remember this

""Press along the converging axis and squeeze toward center chest. One-second peak, controlled return."""
NAUTILUS,인클라인 체스트 프레스,Incline Chest Press,Impact Dual Multi-Press,PARTIALLY_VERIFIED,Nautilus,Impact / Nitro Plus,https://planet-fitness.com/catalogues-marques/catalogue-nautilus.pdf,Inspiration에 전용 인클라인 SKU는 없고 Impact/Nitro Dual Multi-Press(9NL-D2120) 계열이 인클라인·숄더 복합에 가깝습니다.,"시트, 모드/손잡이, 스택","🏋️ NAUTILUS — Impact Dual Multi-Press · Impact / Nitro Plus

🎯 ONE KEY CUE
🔥 ""견갑을 고정하고 대각선 위로만 밀기""

Inspiration에 전용 인클라인 SKU는 없고 Impact/Nitro Dual Multi-Press(9NL-D2120) 계열이 인클라인·숄더 복합에 가깝습니다. Impact/Nitro 구조입니다. 처음부터 무게 올리지 말고, 세팅부터 잡으세요.

⚙️ ① 기구 세팅
🪑 좌석 / 패드
시트를 몸에 맞추세요. 시작 위치가 어깨·관절에 자연스럽게 오는지 확인합니다.
🤲 그립 / 손 위치
손잡이를 편안한 너비로 잡으세요. 손목이 꺾이지 않게 합니다.
⚙️ 조절 포인트
시트, 모드/손잡이, 스택을 확인하세요.
이 카테고리는 공식 명칭이 겹칠 수 있으니, 헬스장 기구의 실제 레버·패드 배치를 우선하세요.

💪 ② 시작 자세
등과 골반을 패드에 붙이고, 손잡이가 가슴 높이에 오게 잡습니다.
이 자세에서 이것만 확인하세요.
👉 등이 패드에서 뜨지 않는지

🔥 ③ 운동 방법
인클라인 각도에서 손잡이를 위·앞으로 밀었다 복귀.
손보다 팔꿈치를 앞(또는 위)으로 보내는 느낌으로 미세요. 끝에서 어깨를 앞으로 밀어 넣지 마세요.

💥 ④ 최고 수축
팔꿈치가 앞으로 나가 가슴이 수축되는 지점에서 멈춥니다. 어깨를 더 밀지 마세요.
⏱️ 1초 STOP
튕기지 말고 그 지점에서 1초만 소유하세요. 무게를 놓는 순간이 아닙니다.

🐌 ⑤ 천천히 돌아오기
중량을 그냥 놓지 마세요.
2~3초 동안 통제하면서 복귀합니다.
시작 자세로 돌아갈 때도 같은 궤적을 유지하세요.

❌ 흔한 실수
❌ 어깨를 앞으로 말며 반동으로 미는 것
템포를 늦추고 같은 궤적만 반복하세요.
❌ 허리를 과하게 아치해 가슴 대신 요추로 미는 것
깊이보다 골반 고정이 먼저입니다. 허리가 뜨면 범위를 줄이세요.
❌ 끝에서 어깨를 더 밀어 넣는 것
자세가 무너지면 무게를 낮추세요.

💡 MACHINE FIT PRO TIP
🔥 Impact Dual Multi-Press의 가이드 궤적을 이용하세요. 첫 2세트는 천천히, 대칭이 확인된 뒤에만 무게를 올립니다.

🎯 MACHINE FIT CHECK
🟢 시트/패드 → 몸에 맞춤
🟢 팔꿈치 → 미는/드는 방향
🟢 어깨 → 으쓱하지 않기
🟢 복귀 → 2~3초 통제

### 🔥 이것만 기억하세요

""견갑을 고정하고 대각선 위로만 밀기. 끝에서 1초, 복귀는 통제.""","🏋️ NAUTILUS — Impact Dual Multi-Press · Impact / Nitro Plus

🎯 ONE KEY CUE
🔥 ""Set the scapula and press only on the upward diagonal""

Inspiration에 전용 인클라인 SKU는 없고 Impact/Nitro Dual Multi-Press(9NL-D2120) 계열이 인클라인·숄더 복합에 가깝습니다. Lean into the Impact/Nitro design. Do not chase load until the setup feels locked in.

⚙️ ① Setup
🪑 Seat / pads
Fit the seat to your body so the start position sits naturally on the working joint.
🤲 Grip / hands
Take a comfortable grip width and keep the wrists stacked, not bent.
⚙️ Adjustments
Check 시트, 모드/손잡이, 스택.
Naming can overlap in this category — trust the levers and pads on the unit in front of you.

💪 ② Start position
Pin back and pelvis to the pad with the handles at chest height.
Check only this:
👉 Back still on the pad

🔥 ③ Execution
Press by driving the elbows forward/up. Do not dump the shoulders forward at lockout.
Press out on the machine path, then return under control.

💥 ④ Peak contraction
Stop where the chest is contracted — do not dump the shoulders farther forward.
⏱️ 1-second STOP
Own that position for one second. This is not where you dump the weight.

🐌 ⑤ Controlled return
Do not dump the load.
Take 2–3 seconds on the way back.
Return on the same path you pressed or pulled.

❌ Common mistakes
❌ Dumping the shoulders forward and bouncing the press
Slow the tempo and repeat one clean path.
❌ Over-arching so the low back takes over
If position breaks, cut the load.
❌ Shoving the shoulders farther at lockout
If position breaks, cut the load.

💡 MACHINE FIT PRO TIP
🔥 Use the guided path on Impact Dual Multi-Press. Slow the first two sets, confirm symmetry, then add load.

🎯 MACHINE FIT CHECK
🟢 Seat/pad → fitted
🟢 Elbows → press/raise direction
🟢 Shoulders → not shrugged
🟢 Return → 2–3 sec control

### 🔥 Remember this

""Set the scapula and press only on the upward diagonal. One-second peak, controlled return."""
NAUTILUS,디클라인 체스트 프레스,Decline Chest Press,,BRAND_MODEL_NOT_FOUND,Nautilus,,https://planet-fitness.com/catalogues-marques/catalogue-nautilus.pdf,Nautilus Inspiration/Impact 카탈로그에 Decline Chest Press 전용 SKU가 없습니다.,"시트, 손잡이, 중량","🏋️ NAUTILUS — 디클라인 체스트 프레스

🎯 ONE KEY CUE
🔥 ""하부 가슴을 향해 아래·앞으로 밀기""

노틸러스 전용 모델이 없는 카테고리입니다. 헬스장에 있는 실제 기구의 패드·레버·안전장치를 먼저 확인한 뒤, 아래 패턴으로 움직이세요.

⚙️ ① 기구 세팅
🪑 좌석 / 패드
시트를 몸에 맞추세요. 시작 위치가 어깨·관절에 자연스럽게 오는지 확인합니다.
🤲 그립 / 손 위치
손잡이를 편안한 너비로 잡으세요. 손목이 꺾이지 않게 합니다.
⚙️ 조절 포인트
시트, 손잡이, 중량을 확인하세요.

💪 ② 시작 자세
등과 골반을 패드에 붙이고, 손잡이가 가슴 높이에 오게 잡습니다.
이 자세에서 이것만 확인하세요.
👉 등이 패드에서 뜨지 않는지

🔥 ③ 운동 방법
디클라인 각도에서 손잡이를 아래·앞으로 밀었다 복귀.
손보다 팔꿈치를 앞(또는 위)으로 보내는 느낌으로 미세요. 끝에서 어깨를 앞으로 밀어 넣지 마세요.

💥 ④ 최고 수축
팔꿈치가 앞으로 나가 가슴이 수축되는 지점에서 멈춥니다. 어깨를 더 밀지 마세요.
⏱️ 1초 STOP
튕기지 말고 그 지점에서 1초만 소유하세요. 무게를 놓는 순간이 아닙니다.

🐌 ⑤ 천천히 돌아오기
중량을 그냥 놓지 마세요.
2~3초 동안 통제하면서 복귀합니다.
시작 자세로 돌아갈 때도 같은 궤적을 유지하세요.

❌ 흔한 실수
❌ 팔꿈치를 과하게 벌리며 어깨에 부하를 주는
자세가 무너지면 무게를 낮추세요.
❌ 어깨를 앞으로 말며 반동으로 미는 것
템포를 늦추고 같은 궤적만 반복하세요.
❌ 허리를 과하게 아치해 가슴 대신 요추로 미는 것
깊이보다 골반 고정이 먼저입니다. 허리가 뜨면 범위를 줄이세요.
❌ 끝에서 어깨를 더 밀어 넣는 것
자세가 무너지면 무게를 낮추세요.

💡 MACHINE FIT PRO TIP
🔥 이 항목은 해머 스트렝스 전용 SKU가 없습니다. ""디클라인 체스트 프레스""로 분류된 실제 기구의 패드·레버·안전장치만 믿고, 가벼운 무게로 5회 리허설 후 본 세트를 시작하세요.

🎯 MACHINE FIT CHECK
🟢 시트/패드 → 몸에 맞춤
🟢 팔꿈치 → 미는/드는 방향
🟢 어깨 → 으쓱하지 않기
🟢 복귀 → 2~3초 통제

### 🔥 이것만 기억하세요

""하부 가슴을 향해 아래·앞으로 밀기. 끝에서 1초, 복귀는 통제.""","🏋️ NAUTILUS — Decline Chest Press

🎯 ONE KEY CUE
🔥 ""Press down and forward toward the lower chest""

There is no dedicated Nautilus SKU for this category. Confirm pads, levers, and safeties on the unit in your gym, then follow the movement pattern below.

⚙️ ① Setup
🪑 Seat / pads
Fit the seat to your body so the start position sits naturally on the working joint.
🤲 Grip / hands
Take a comfortable grip width and keep the wrists stacked, not bent.
⚙️ Adjustments
Check 시트, 손잡이, 중량.

💪 ② Start position
Pin back and pelvis to the pad with the handles at chest height.
Check only this:
👉 Back still on the pad

🔥 ③ Execution
Press by driving the elbows forward/up. Do not dump the shoulders forward at lockout.
Press out on the machine path, then return under control.

💥 ④ Peak contraction
Stop where the chest is contracted — do not dump the shoulders farther forward.
⏱️ 1-second STOP
Own that position for one second. This is not where you dump the weight.

🐌 ⑤ Controlled return
Do not dump the load.
Take 2–3 seconds on the way back.
Return on the same path you pressed or pulled.

❌ Common mistakes
❌ Dumping the shoulders forward and bouncing the press
Slow the tempo and repeat one clean path.
❌ Over-arching so the low back takes over
If position breaks, cut the load.
❌ Shoving the shoulders farther at lockout
If position breaks, cut the load.

💡 MACHINE FIT PRO TIP
🔥 No dedicated Hammer Strength SKU for this slot. Trust the pads/levers/safeties on the unit labeled like ""Decline Chest Press"", rehearse five light reps, then start working sets.

🎯 MACHINE FIT CHECK
🟢 Seat/pad → fitted
🟢 Elbows → press/raise direction
🟢 Shoulders → not shrugged
🟢 Return → 2–3 sec control

### 🔥 Remember this

""Press down and forward toward the lower chest. One-second peak, controlled return."""
NAUTILUS,컨버징 체스트 프레스,Converging Chest Press,Inspiration Chest Press,PARTIALLY_VERIFIED,Nautilus,Inspiration,https://www.corehandf.com/products/nautilus-inspiration-chest-press,별도 Converging SKU명은 없고 Inspiration Chest Press(IPVP5)가 converging axis 설계입니다.,"시트, Lock N Load, ROM","🏋️ NAUTILUS — Inspiration Chest Press · Inspiration

🎯 ONE KEY CUE
🔥 ""넓은 시작에서 중앙으로 수렴하며 밀기""

별도 Converging SKU명은 없고 Inspiration Chest Press(IPVP5)가 converging axis 설계. 안쪽으로 모이는 · Inspiration Lock N Load 구조입니다. 처음부터 무게 올리지 말고, 세팅부터 잡으세요.

⚙️ ① 기구 세팅
🪑 좌석 / 패드
시트를 몸에 맞추세요. 시작 위치가 어깨·관절에 자연스럽게 오는지 확인합니다.
🤲 그립 / 손 위치
손잡이를 편안한 너비로 잡으세요. 손목이 꺾이지 않게 합니다.
⚙️ 조절 포인트
시트, Lock N Load, ROM를 확인하세요.
이 카테고리는 공식 명칭이 겹칠 수 있으니, 헬스장 기구의 실제 레버·패드 배치를 우선하세요.

💪 ② 시작 자세
등과 골반을 패드에 붙이고, 손잡이가 가슴 높이에 오게 잡습니다.
이 자세에서 이것만 확인하세요.
👉 등이 패드에서 뜨지 않는지

🔥 ③ 운동 방법
양팔이 바깥에서 안쪽으로 모이며 프레스.
손잡이가 직선으로만 가는 게 아닙니다. 기구가 만들어 주는 안쪽 궤적을 그대로 타세요. 억지로 모으지 마세요.

💥 ④ 최고 수축
팔꿈치가 앞으로 나가 가슴이 수축되는 지점에서 멈춥니다. 어깨를 더 밀지 마세요.
⏱️ 1초 STOP
튕기지 말고 그 지점에서 1초만 소유하세요. 무게를 놓는 순간이 아닙니다.

🐌 ⑤ 천천히 돌아오기
중량을 그냥 놓지 마세요.
2~3초 동안 통제하면서 복귀합니다.
시작 자세로 돌아갈 때도 같은 궤적을 유지하세요.

❌ 흔한 실수
❌ 수렴 궤적을 무시하고 평행으로만 미는
자세가 무너지면 무게를 낮추세요.
❌ 어깨를 앞으로 말며 반동으로 미는 것
템포를 늦추고 같은 궤적만 반복하세요.
❌ 허리를 과하게 아치해 가슴 대신 요추로 미는 것
깊이보다 골반 고정이 먼저입니다. 허리가 뜨면 범위를 줄이세요.
❌ 끝에서 어깨를 더 밀어 넣는 것
자세가 무너지면 무게를 낮추세요.

💡 MACHINE FIT PRO TIP
🔥 손잡이가 가운데로 모이는 궤적이 설계입니다. 평행으로만 밀려고 버티지 말고, 기구가 안내하는 수렴 경로를 그대로 타세요.

🎯 MACHINE FIT CHECK
🟢 시트/패드 → 몸에 맞춤
🟢 팔꿈치 → 미는/드는 방향
🟢 어깨 → 으쓱하지 않기
🟢 복귀 → 2~3초 통제

### 🔥 이것만 기억하세요

""넓은 시작에서 중앙으로 수렴하며 밀기. 끝에서 1초, 복귀는 통제.""","🏋️ NAUTILUS — Inspiration Chest Press · Inspiration

🎯 ONE KEY CUE
🔥 ""Start wide and converge toward center chest""

별도 Converging SKU명은 없고 Inspiration Chest Press(IPVP5)가 converging axis 설계입니다. Lean into the converging path / Inspiration Lock N Load design. Do not chase load until the setup feels locked in.

⚙️ ① Setup
🪑 Seat / pads
Fit the seat to your body so the start position sits naturally on the working joint.
🤲 Grip / hands
Take a comfortable grip width and keep the wrists stacked, not bent.
⚙️ Adjustments
Check 시트, Lock N Load, ROM.
Naming can overlap in this category — trust the levers and pads on the unit in front of you.

💪 ② Start position
Pin back and pelvis to the pad with the handles at chest height.
Check only this:
👉 Back still on the pad

🔥 ③ Execution
The handles are not a straight line — ride the converging path. Do not force them together.
Press out on the machine path, then return under control.

💥 ④ Peak contraction
Stop where the chest is contracted — do not dump the shoulders farther forward.
⏱️ 1-second STOP
Own that position for one second. This is not where you dump the weight.

🐌 ⑤ Controlled return
Do not dump the load.
Take 2–3 seconds on the way back.
Return on the same path you pressed or pulled.

❌ Common mistakes
❌ Dumping the shoulders forward and bouncing the press
Slow the tempo and repeat one clean path.
❌ Over-arching so the low back takes over
If position breaks, cut the load.
❌ Shoving the shoulders farther at lockout
If position breaks, cut the load.

💡 MACHINE FIT PRO TIP
🔥 The machine is built to converge. Stop forcing a parallel press — ride the path it gives you.

🎯 MACHINE FIT CHECK
🟢 Seat/pad → fitted
🟢 Elbows → press/raise direction
🟢 Shoulders → not shrugged
🟢 Return → 2–3 sec control

### 🔥 Remember this

""Start wide and converge toward center chest. One-second peak, controlled return."""
NAUTILUS,아이소래터럴 체스트 프레스,Iso-Lateral Chest Press,Inspiration Chest Press,PARTIALLY_VERIFIED,Nautilus,Inspiration,https://www.corehandf.com/products/nautilus-inspiration-chest-press,Inspiration Chest Press(IPVP5)는 unilateral motion을 지원합니다. 공식 Iso-Lateral 명칭 SKU는 없습니다.,"시트, 좌·우 시작, Lock N Load","🏋️ NAUTILUS — Inspiration Chest Press · Inspiration

🎯 ONE KEY CUE
🔥 ""좌우를 같은 속도로 밀며 불균형 확인""

Inspiration Chest Press(IPVP5)는 unilateral motion을 지원합니다. 공식 Iso-Lateral 명칭 SKU는 없습니다. 좌우가 독립으로 움직이는 · Inspiration Lock N Load 구조입니다. 처음부터 무게 올리지 말고, 세팅부터 잡으세요.

⚙️ ① 기구 세팅
🪑 좌석 / 패드
시트를 몸에 맞추세요. 시작 위치가 어깨·관절에 자연스럽게 오는지 확인합니다.
🤲 그립 / 손 위치
양손잡이 높이가 좌우 같은지 먼저 보세요. 독립 암이라 한쪽만 어긋나도 바로 느껴집니다.
⚙️ 조절 포인트
시트, 좌·우 시작, Lock N Load을 확인하세요. 좌우 시작 위치가 같은지도 같이 봅니다.
이 카테고리는 공식 명칭이 겹칠 수 있으니, 헬스장 기구의 실제 레버·패드 배치를 우선하세요.

💪 ② 시작 자세
등과 골반을 패드에 붙이고, 손잡이가 가슴 높이에 오게 잡습니다.
좌우가 같은 높이에서 시작하는지 한 번 더 보세요.
이 자세에서 이것만 확인하세요.
👉 등이 패드에서 뜨지 않는지

🔥 ③ 운동 방법
각 팔을 독립적으로 밀었다 천천히 복귀.
양쪽을 같은 속도로 움직이세요. 한쪽이 먼저 끝나면 무게를 더 올리기 전에 밸런스부터 잡습니다.

💥 ④ 최고 수축
팔꿈치가 앞으로 나가 가슴이 수축되는 지점에서 멈춥니다. 어깨를 더 밀지 마세요.
⏱️ 1초 STOP
튕기지 말고 그 지점에서 1초만 소유하세요. 무게를 놓는 순간이 아닙니다.

🐌 ⑤ 천천히 돌아오기
중량을 그냥 놓지 마세요.
2~3초 동안 통제하면서 복귀합니다.
시작 자세로 돌아갈 때도 같은 궤적을 유지하세요.

❌ 흔한 실수
❌ 한쪽만 먼저 밀어 비대칭을 키우는
약한 쪽 속도에 강한 쪽을 맞추세요.
❌ 어깨를 앞으로 말며 반동으로 미는 것
템포를 늦추고 같은 궤적만 반복하세요.
❌ 허리를 과하게 아치해 가슴 대신 요추로 미는 것
깊이보다 골반 고정이 먼저입니다. 허리가 뜨면 범위를 줄이세요.
❌ 끝에서 어깨를 더 밀어 넣는 것
자세가 무너지면 무게를 낮추세요.
❌ 한쪽만 먼저 끝내고 반대쪽을 따라가게 하는 것
약한 쪽 속도에 강한 쪽을 맞추세요.

💡 MACHINE FIT PRO TIP
🔥 이 기구는 좌우 암이 독립적으로 움직이는 게 장점입니다. 무게를 올리기 전에 양쪽이 같은 속도로 가는지 확인하세요. 한쪽이 먼저 끝까지 가 버리면 중량보다 밸런스가 먼저입니다.

🎯 MACHINE FIT CHECK
🟢 시트/패드 → 몸에 맞춤
🟢 팔꿈치 → 미는/드는 방향
🟢 좌우 → 같은 속도
🟢 복귀 → 2~3초 통제

### 🔥 이것만 기억하세요

""좌우 같은 속도, 끝에서 1초, 복귀는 통제.""","🏋️ NAUTILUS — Inspiration Chest Press · Inspiration

🎯 ONE KEY CUE
🔥 ""Press both sides at the same speed and watch for imbalances""

Inspiration Chest Press(IPVP5)는 unilateral motion을 지원합니다. 공식 Iso-Lateral 명칭 SKU는 없습니다. Lean into the independent arms / Inspiration Lock N Load design. Do not chase load until the setup feels locked in.

⚙️ ① Setup
🪑 Seat / pads
Fit the seat to your body so the start position sits naturally on the working joint.
🤲 Grip / hands
Match left and right handle height first — independent arms expose any mismatch immediately.
⚙️ Adjustments
Check 시트, 좌·우 시작, Lock N Load. Confirm both sides start from the same position.
Naming can overlap in this category — trust the levers and pads on the unit in front of you.

💪 ② Start position
Pin back and pelvis to the pad with the handles at chest height.
Double-check both sides start at the same height.
Check only this:
👉 Back still on the pad

🔥 ③ Execution
Match left-right speed. If one side finishes early, fix balance before adding load.
Press out on the machine path, then return under control. Keep both sides honest.

💥 ④ Peak contraction
Stop where the chest is contracted — do not dump the shoulders farther forward.
⏱️ 1-second STOP
Own that position for one second. This is not where you dump the weight.

🐌 ⑤ Controlled return
Do not dump the load.
Take 2–3 seconds on the way back.
Return on the same path you pressed or pulled.

❌ Common mistakes
❌ Dumping the shoulders forward and bouncing the press
Slow the tempo and repeat one clean path.
❌ Over-arching so the low back takes over
If position breaks, cut the load.
❌ Shoving the shoulders farther at lockout
If position breaks, cut the load.
❌ Letting one side finish early
Match the stronger side to the weaker side’s speed.

💡 MACHINE FIT PRO TIP
🔥 Independent arms are the point. Before you load up, confirm both sides move at the same speed. If one side finishes early, fix balance before adding plates or pins.

🎯 MACHINE FIT CHECK
🟢 Seat/pad → fitted
🟢 Elbows → press/raise direction
🟢 Left/right → same speed
🟢 Return → 2–3 sec control

### 🔥 Remember this

""Match sides, one-second peak, controlled return."""
NAUTILUS,플레이트로드 체스트 프레스,Plate-Loaded Chest Press,Nautilus Leverage / Plate Loaded Chest Press,PARTIALLY_VERIFIED,Nautilus,Leverage Plate Loaded,https://planet-fitness.com/catalogues-marques/catalogue-nautilus.pdf,Nautilus Leverage·Plate Loaded 라인의 체스트 프레스 계열. Inspiration은 셀렉터입니다.,"시트, 시작 위치, 양쪽 플레이트","🏋️ NAUTILUS — Nautilus Leverage / Plate Loaded Chest Press · Leverage Plate Loaded

🎯 ONE KEY CUE
🔥 ""양쪽 플레이트를 맞추고 가슴 중앙으로 밀기""

Nautilus Leverage·Plate Loaded 라인의 체스트 프레스 계열. Inspiration은 셀렉터. 플레이트 로딩 · 셀렉터 스택 구조입니다. 처음부터 무게 올리지 말고, 세팅부터 잡으세요.

⚙️ ① 기구 세팅
🪑 좌석 / 패드
시트를 몸에 맞추세요. 시작 위치가 어깨·관절에 자연스럽게 오는지 확인합니다.
🤲 그립 / 손 위치
손잡이를 편안한 너비로 잡으세요. 손목이 꺾이지 않게 합니다.
⚙️ 조절 포인트
시트, 시작 위치, 양쪽 플레이트를 확인하세요. 양쪽 플레이트를 동일하게 맞추고, 한쪽만 먼저 올리지 마세요.
이 카테고리는 공식 명칭이 겹칠 수 있으니, 헬스장 기구의 실제 레버·패드 배치를 우선하세요.

💪 ② 시작 자세
등과 골반을 패드에 붙이고, 손잡이가 가슴 높이에 오게 잡습니다.
이 자세에서 이것만 확인하세요.
👉 등이 패드에서 뜨지 않는지

🔥 ③ 운동 방법
손잡이를 앞으로 밀었다 통제하며 복귀.
손보다 팔꿈치를 앞(또는 위)으로 보내는 느낌으로 미세요. 끝에서 어깨를 앞으로 밀어 넣지 마세요.

💥 ④ 최고 수축
팔꿈치가 앞으로 나가 가슴이 수축되는 지점에서 멈춥니다. 어깨를 더 밀지 마세요.
⏱️ 1초 STOP
튕기지 말고 그 지점에서 1초만 소유하세요. 무게를 놓는 순간이 아닙니다.

🐌 ⑤ 천천히 돌아오기
중량을 그냥 놓지 마세요.
2~3초 동안 통제하면서 복귀합니다.
시작 자세로 돌아갈 때도 같은 궤적을 유지하세요.

❌ 흔한 실수
❌ 한쪽만 먼저 올려 궤적이 틀어지는
약한 쪽 속도에 강한 쪽을 맞추세요.
❌ 어깨를 앞으로 말며 반동으로 미는 것
템포를 늦추고 같은 궤적만 반복하세요.
❌ 허리를 과하게 아치해 가슴 대신 요추로 미는 것
깊이보다 골반 고정이 먼저입니다. 허리가 뜨면 범위를 줄이세요.
❌ 끝에서 어깨를 더 밀어 넣는 것
자세가 무너지면 무게를 낮추세요.
❌ 양쪽 플레이트 무게를 다르게 올리는 것
양쪽을 맞춘 뒤 가벼운 세트로 좌우를 확인하세요.

💡 MACHINE FIT PRO TIP
🔥 Nautilus Leverage / Plate Loaded Chest Press은 플레이트 로딩입니다. 좌우 원판을 동일하게 맞추고, 첫 세트는 궤적·좌우 대칭만 확인한 다음 무게를 올리세요.

🎯 MACHINE FIT CHECK
🟢 시트/패드 → 몸에 맞춤
🟢 팔꿈치 → 미는/드는 방향
🟢 원판 → 좌우 동일
🟢 복귀 → 2~3초 통제

### 🔥 이것만 기억하세요

""양쪽 플레이트를 맞추고 가슴 중앙으로 밀기. 끝에서 1초, 복귀는 통제.""","🏋️ NAUTILUS — Nautilus Leverage / Plate Loaded Chest Press · Leverage Plate Loaded

🎯 ONE KEY CUE
🔥 ""Match plates on both sides and press through center chest""

Nautilus Leverage·Plate Loaded 라인의 체스트 프레스 계열. Inspiration은 셀렉터입니다. Lean into the plate-loaded / selectorized stack design. Do not chase load until the setup feels locked in.

⚙️ ① Setup
🪑 Seat / pads
Fit the seat to your body so the start position sits naturally on the working joint.
🤲 Grip / hands
Take a comfortable grip width and keep the wrists stacked, not bent.
⚙️ Adjustments
Check 시트, 시작 위치, 양쪽 플레이트. Match plates on both sides — do not load one arm first.
Naming can overlap in this category — trust the levers and pads on the unit in front of you.

💪 ② Start position
Pin back and pelvis to the pad with the handles at chest height.
Check only this:
👉 Back still on the pad

🔥 ③ Execution
Press by driving the elbows forward/up. Do not dump the shoulders forward at lockout.
Press out on the machine path, then return under control.

💥 ④ Peak contraction
Stop where the chest is contracted — do not dump the shoulders farther forward.
⏱️ 1-second STOP
Own that position for one second. This is not where you dump the weight.

🐌 ⑤ Controlled return
Do not dump the load.
Take 2–3 seconds on the way back.
Return on the same path you pressed or pulled.

❌ Common mistakes
❌ Dumping the shoulders forward and bouncing the press
Slow the tempo and repeat one clean path.
❌ Over-arching so the low back takes over
If position breaks, cut the load.
❌ Shoving the shoulders farther at lockout
If position breaks, cut the load.
❌ Loading unequal plates
Match both sides, then confirm with a light set.

💡 MACHINE FIT PRO TIP
🔥 Nautilus Leverage / Plate Loaded Chest Press is plate-loaded. Match plates, confirm path and left-right symmetry on set one, then add load.

🎯 MACHINE FIT CHECK
🟢 Seat/pad → fitted
🟢 Elbows → press/raise direction
🟢 Plates → matched
🟢 Return → 2–3 sec control

### 🔥 Remember this

""Match plates on both sides and press through center chest. One-second peak, controlled return."""
NAUTILUS,펙덱,Pec Deck,Inspiration Pec Fly/Rear Deltoid,VERIFIED,Nautilus,Inspiration,https://innovativefit.com/catalog_product/nautilus-inspiration-selectorized-line/,Inspiration Pec Fly/Rear Deltoid(IPPF5)입니다.,"시트, 팔 시작 위치, Lock N Load, 모드","🏋️ NAUTILUS — Inspiration Pec Fly/Rear Deltoid · Inspiration

🎯 ONE KEY CUE
🔥 ""팔꿈치 각도를 유지한 채 가슴으로 모으기""

Inspiration Pec Fly/Rear Deltoid(IPPF5). Inspiration Lock N Load 구조입니다. 처음부터 무게 올리지 말고, 세팅부터 잡으세요.

⚙️ ① 기구 세팅
🪑 좌석 / 패드
시트를 몸에 맞추세요. 시작 위치가 어깨·관절에 자연스럽게 오는지 확인합니다.
🤲 그립 / 손 위치
손잡이를 편안한 너비로 잡으세요. 손목이 꺾이지 않게 합니다.
⚙️ 조절 포인트
시트, 팔 시작 위치, Lock N Load, 모드를 확인하세요.

💪 ② 시작 자세
등과 골반을 패드에 붙이고, 손잡이가 가슴 높이에 오게 잡습니다.
이 자세에서 이것만 확인하세요.
👉 등이 패드에서 뜨지 않는지

🔥 ③ 운동 방법
양팔을 모아 조인 뒤 천천히 벌리기.
손보다 팔꿈치를 앞(또는 위)으로 보내는 느낌으로 미세요. 끝에서 어깨를 앞으로 밀어 넣지 마세요.

💥 ④ 최고 수축
팔꿈치가 앞으로 나가 가슴이 수축되는 지점에서 멈춥니다. 어깨를 더 밀지 마세요.
⏱️ 1초 STOP
튕기지 말고 그 지점에서 1초만 소유하세요. 무게를 놓는 순간이 아닙니다.

🐌 ⑤ 천천히 돌아오기
중량을 그냥 놓지 마세요.
2~3초 동안 통제하면서 복귀합니다.
시작 자세로 돌아갈 때도 같은 궤적을 유지하세요.

❌ 흔한 실수
❌ 팔꿈치를 펴며 어깨로 끌어당기는
자세가 무너지면 무게를 낮추세요.
❌ 어깨를 앞으로 말며 반동으로 미는 것
템포를 늦추고 같은 궤적만 반복하세요.
❌ 허리를 과하게 아치해 가슴 대신 요추로 미는 것
깊이보다 골반 고정이 먼저입니다. 허리가 뜨면 범위를 줄이세요.
❌ 끝에서 어깨를 더 밀어 넣는 것
자세가 무너지면 무게를 낮추세요.

💡 MACHINE FIT PRO TIP
🔥 Inspiration Pec Fly/Rear Deltoid의 가이드 궤적을 이용하세요. 첫 2세트는 천천히, 대칭이 확인된 뒤에만 무게를 올립니다.

🎯 MACHINE FIT CHECK
🟢 시트/패드 → 몸에 맞춤
🟢 팔꿈치 → 미는/드는 방향
🟢 어깨 → 으쓱하지 않기
🟢 복귀 → 2~3초 통제

### 🔥 이것만 기억하세요

""팔꿈치 각도를 유지한 채 가슴으로 모으기. 끝에서 1초, 복귀는 통제.""","🏋️ NAUTILUS — Inspiration Pec Fly/Rear Deltoid · Inspiration

🎯 ONE KEY CUE
🔥 ""Keep elbow angle steady and close through the chest""

Inspiration Pec Fly/Rear Deltoid(IPPF5)입니다. Lean into the Inspiration Lock N Load design. Do not chase load until the setup feels locked in.

⚙️ ① Setup
🪑 Seat / pads
Fit the seat to your body so the start position sits naturally on the working joint.
🤲 Grip / hands
Take a comfortable grip width and keep the wrists stacked, not bent.
⚙️ Adjustments
Check 시트, 팔 시작 위치, Lock N Load, 모드.

💪 ② Start position
Pin back and pelvis to the pad with the handles at chest height.
Check only this:
👉 Back still on the pad

🔥 ③ Execution
Press by driving the elbows forward/up. Do not dump the shoulders forward at lockout.
Press out on the machine path, then return under control.

💥 ④ Peak contraction
Stop where the chest is contracted — do not dump the shoulders farther forward.
⏱️ 1-second STOP
Own that position for one second. This is not where you dump the weight.

🐌 ⑤ Controlled return
Do not dump the load.
Take 2–3 seconds on the way back.
Return on the same path you pressed or pulled.

❌ Common mistakes
❌ Dumping the shoulders forward and bouncing the press
Slow the tempo and repeat one clean path.
❌ Over-arching so the low back takes over
If position breaks, cut the load.
❌ Shoving the shoulders farther at lockout
If position breaks, cut the load.

💡 MACHINE FIT PRO TIP
🔥 Use the guided path on Inspiration Pec Fly/Rear Deltoid. Slow the first two sets, confirm symmetry, then add load.

🎯 MACHINE FIT CHECK
🟢 Seat/pad → fitted
🟢 Elbows → press/raise direction
🟢 Shoulders → not shrugged
🟢 Return → 2–3 sec control

### 🔥 Remember this

""Keep elbow angle steady and close through the chest. One-second peak, controlled return."""
NAUTILUS,리어 델트 / 리버스 펙덱,Rear Delt / Reverse Pec Deck,Inspiration Pec Fly/Rear Deltoid,VERIFIED,Nautilus,Inspiration,https://innovativefit.com/catalog_product/nautilus-inspiration-selectorized-line/,Inspiration Pec Fly/Rear Deltoid(IPPF5)의 리어 델트 모드입니다.,"시트, 모드 전환, Lock N Load","🏋️ NAUTILUS — Inspiration Pec Fly/Rear Deltoid · Inspiration

🎯 ONE KEY CUE
🔥 ""가슴을 고정하고 팔꿈치를 뒤로 열어 리어델트 수축""

Inspiration Pec Fly/Rear Deltoid(IPPF5)의 리어 델트 모드. Inspiration Lock N Load 구조입니다. 처음부터 무게 올리지 말고, 세팅부터 잡으세요.

⚙️ ① 기구 세팅
🪑 좌석 / 패드
시트를 몸에 맞추세요. 시작 위치가 어깨·관절에 자연스럽게 오는지 확인합니다.
🤲 그립 / 손 위치
손잡이를 편안한 너비로 잡으세요. 손목이 꺾이지 않게 합니다.
⚙️ 조절 포인트
시트, 모드 전환, Lock N Load을 확인하세요.

💪 ② 시작 자세
갈비뼈를 내리고 허리를 과하게 아치하지 않습니다. 팔꿈치를 시작 궤적에 올립니다.
이 자세에서 이것만 확인하세요.
👉 허리가 과하게 꺾이지 않는지

🔥 ③ 운동 방법
손잡이를 바깥·뒤로 열어 조인 뒤 복귀.
반동으로 올리지 마세요. 팔꿈치가 궤적을 주도하게 둡니다.

💥 ④ 최고 수축
목표 근육이 가장 조여지는 끝 지점에서 멈춥니다.
⏱️ 1초 STOP
튕기지 말고 그 지점에서 1초만 소유하세요. 무게를 놓는 순간이 아닙니다.

🐌 ⑤ 천천히 돌아오기
중량을 그냥 놓지 마세요.
2~3초 동안 통제하면서 복귀합니다.
시작 자세로 돌아갈 때도 같은 궤적을 유지하세요.

❌ 흔한 실수
❌ 승모를 으쓱하며 올리는
어깨를 귀에서 멀리 두고 다시 시작하세요.
❌ 허리를 꺾어 프레스하는 것
자세가 무너지면 무게를 낮추세요.
❌ 어깨를 귀 쪽으로 으쓱하는 것
어깨를 귀에서 멀리 두고 다시 시작하세요.
❌ 반동으로 들어 올리는 것
템포를 늦추고 같은 궤적만 반복하세요.

💡 MACHINE FIT PRO TIP
🔥 Inspiration Pec Fly/Rear Deltoid의 가이드 궤적을 이용하세요. 첫 2세트는 천천히, 대칭이 확인된 뒤에만 무게를 올립니다.

🎯 MACHINE FIT CHECK
🟢 시트/패드 → 몸에 맞춤
🟢 팔꿈치 → 미는/드는 방향
🟢 어깨 → 으쓱하지 않기
🟢 복귀 → 2~3초 통제

### 🔥 이것만 기억하세요

""가슴을 고정하고 팔꿈치를 뒤로 열어 리어델트 수축. 끝에서 1초, 복귀는 통제.""","🏋️ NAUTILUS — Inspiration Pec Fly/Rear Deltoid · Inspiration

🎯 ONE KEY CUE
🔥 ""Brace the chest and open the elbows back for rear-delt squeeze""

Inspiration Pec Fly/Rear Deltoid(IPPF5)의 리어 델트 모드입니다. Lean into the Inspiration Lock N Load design. Do not chase load until the setup feels locked in.

⚙️ ① Setup
🪑 Seat / pads
Fit the seat to your body so the start position sits naturally on the working joint.
🤲 Grip / hands
Take a comfortable grip width and keep the wrists stacked, not bent.
⚙️ Adjustments
Check 시트, 모드 전환, Lock N Load.

💪 ② Start position
Drop the ribs — do not over-arch. Set the elbows on the press path.
Check only this:
👉 Low back not over-arched

🔥 ③ Execution
No bounce. Let the elbows own the path.
Press or raise on the guided path, then lower without dumping the shoulders.

💥 ④ Peak contraction
Stop where the target muscle is most shortened.
⏱️ 1-second STOP
Own that position for one second. This is not where you dump the weight.

🐌 ⑤ Controlled return
Do not dump the load.
Take 2–3 seconds on the way back.
Return on the same path you pressed or pulled.

❌ Common mistakes
❌ Pressing with an over-arched low back
If position breaks, cut the load.
❌ Shrugging the shoulders into the ears
Keep the shoulders away from the ears and restart.
❌ Bouncing the weight up
Slow the tempo and repeat one clean path.

💡 MACHINE FIT PRO TIP
🔥 Use the guided path on Inspiration Pec Fly/Rear Deltoid. Slow the first two sets, confirm symmetry, then add load.

🎯 MACHINE FIT CHECK
🟢 Seat/pad → fitted
🟢 Elbows → press/raise direction
🟢 Shoulders → not shrugged
🟢 Return → 2–3 sec control

### 🔥 Remember this

""Brace the chest and open the elbows back for rear-delt squeeze. One-second peak, controlled return."""
NAUTILUS,플라이 머신,Fly Machine,Inspiration Pec Fly/Rear Deltoid,PARTIALLY_VERIFIED,Nautilus,Inspiration,https://innovativefit.com/catalog_product/nautilus-inspiration-selectorized-line/,별도 Fly Machine SKU 대신 Inspiration Pec Fly(IPPF5)가 해당 패턴입니다.,"시트, 팔 시작, Lock N Load","🏋️ NAUTILUS — Inspiration Pec Fly/Rear Deltoid · Inspiration

🎯 ONE KEY CUE
🔥 ""어깨가 말고 올라가지 않게 가슴으로만 모으기""

별도 Fly Machine SKU 대신 Inspiration Pec Fly(IPPF5)가 해당 패턴. Inspiration Lock N Load 구조입니다. 처음부터 무게 올리지 말고, 세팅부터 잡으세요.

⚙️ ① 기구 세팅
🪑 좌석 / 패드
시트를 몸에 맞추세요. 시작 위치가 어깨·관절에 자연스럽게 오는지 확인합니다.
🤲 그립 / 손 위치
손잡이를 편안한 너비로 잡으세요. 손목이 꺾이지 않게 합니다.
⚙️ 조절 포인트
시트, 팔 시작, Lock N Load을 확인하세요.
이 카테고리는 공식 명칭이 겹칠 수 있으니, 헬스장 기구의 실제 레버·패드 배치를 우선하세요.

💪 ② 시작 자세
등과 골반을 패드에 붙이고, 손잡이가 가슴 높이에 오게 잡습니다.
이 자세에서 이것만 확인하세요.
👉 등이 패드에서 뜨지 않는지

🔥 ③ 운동 방법
아치형으로 모아 조인 뒤 벌리기.
손보다 팔꿈치를 앞(또는 위)으로 보내는 느낌으로 미세요. 끝에서 어깨를 앞으로 밀어 넣지 마세요.

💥 ④ 최고 수축
팔꿈치가 앞으로 나가 가슴이 수축되는 지점에서 멈춥니다. 어깨를 더 밀지 마세요.
⏱️ 1초 STOP
튕기지 말고 그 지점에서 1초만 소유하세요. 무게를 놓는 순간이 아닙니다.

🐌 ⑤ 천천히 돌아오기
중량을 그냥 놓지 마세요.
2~3초 동안 통제하면서 복귀합니다.
시작 자세로 돌아갈 때도 같은 궤적을 유지하세요.

❌ 흔한 실수
❌ 무게에 끌려 어깨가 앞으로 말리는
자세가 무너지면 무게를 낮추세요.
❌ 어깨를 앞으로 말며 반동으로 미는 것
템포를 늦추고 같은 궤적만 반복하세요.
❌ 허리를 과하게 아치해 가슴 대신 요추로 미는 것
깊이보다 골반 고정이 먼저입니다. 허리가 뜨면 범위를 줄이세요.
❌ 끝에서 어깨를 더 밀어 넣는 것
자세가 무너지면 무게를 낮추세요.

💡 MACHINE FIT PRO TIP
🔥 Inspiration Pec Fly/Rear Deltoid의 가이드 궤적을 이용하세요. 첫 2세트는 천천히, 대칭이 확인된 뒤에만 무게를 올립니다.

🎯 MACHINE FIT CHECK
🟢 시트/패드 → 몸에 맞춤
🟢 팔꿈치 → 미는/드는 방향
🟢 어깨 → 으쓱하지 않기
🟢 복귀 → 2~3초 통제

### 🔥 이것만 기억하세요

""어깨가 말고 올라가지 않게 가슴으로만 모으기. 끝에서 1초, 복귀는 통제.""","🏋️ NAUTILUS — Inspiration Pec Fly/Rear Deltoid · Inspiration

🎯 ONE KEY CUE
🔥 ""Close through the chest without shrugging""

별도 Fly Machine SKU 대신 Inspiration Pec Fly(IPPF5)가 해당 패턴입니다. Lean into the Inspiration Lock N Load design. Do not chase load until the setup feels locked in.

⚙️ ① Setup
🪑 Seat / pads
Fit the seat to your body so the start position sits naturally on the working joint.
🤲 Grip / hands
Take a comfortable grip width and keep the wrists stacked, not bent.
⚙️ Adjustments
Check 시트, 팔 시작, Lock N Load.
Naming can overlap in this category — trust the levers and pads on the unit in front of you.

💪 ② Start position
Pin back and pelvis to the pad with the handles at chest height.
Check only this:
👉 Back still on the pad

🔥 ③ Execution
Press by driving the elbows forward/up. Do not dump the shoulders forward at lockout.
Press out on the machine path, then return under control.

💥 ④ Peak contraction
Stop where the chest is contracted — do not dump the shoulders farther forward.
⏱️ 1-second STOP
Own that position for one second. This is not where you dump the weight.

🐌 ⑤ Controlled return
Do not dump the load.
Take 2–3 seconds on the way back.
Return on the same path you pressed or pulled.

❌ Common mistakes
❌ Dumping the shoulders forward and bouncing the press
Slow the tempo and repeat one clean path.
❌ Over-arching so the low back takes over
If position breaks, cut the load.
❌ Shoving the shoulders farther at lockout
If position breaks, cut the load.

💡 MACHINE FIT PRO TIP
🔥 Use the guided path on Inspiration Pec Fly/Rear Deltoid. Slow the first two sets, confirm symmetry, then add load.

🎯 MACHINE FIT CHECK
🟢 Seat/pad → fitted
🟢 Elbows → press/raise direction
🟢 Shoulders → not shrugged
🟢 Return → 2–3 sec control

### 🔥 Remember this

""Close through the chest without shrugging. One-second peak, controlled return."""
NAUTILUS,딥 머신,Dip Machine,Inspiration Tricep Dip,VERIFIED,Nautilus,Inspiration,https://innovativefit.com/catalog_product/nautilus-inspiration-selectorized-line/,Inspiration Tricep Dip(IPTD5)입니다.,"시트, 손잡이, Lock N Load","🏋️ NAUTILUS — Inspiration Tricep Dip · Inspiration

🎯 ONE KEY CUE
🔥 ""팔꿈치를 몸통 가까이 두고 아래로 눌러 내리기""

Inspiration Tricep Dip(IPTD5). Inspiration Lock N Load 구조입니다. 처음부터 무게 올리지 말고, 세팅부터 잡으세요.

⚙️ ① 기구 세팅
🪑 좌석 / 패드
시트를 몸에 맞추세요. 시작 위치가 어깨·관절에 자연스럽게 오는지 확인합니다.
🤲 그립 / 손 위치
손잡이를 편안한 너비로 잡으세요. 손목이 꺾이지 않게 합니다.
⚙️ 조절 포인트
시트, 손잡이, Lock N Load를 확인하세요.

💪 ② 시작 자세
등과 골반을 패드에 붙이고, 손잡이가 가슴 높이에 오게 잡습니다.
이 자세에서 이것만 확인하세요.
👉 등이 패드에서 뜨지 않는지

🔥 ③ 운동 방법
손잡이를 눌러 삼두를 조인 뒤 복귀.
손보다 팔꿈치를 앞(또는 위)으로 보내는 느낌으로 미세요. 끝에서 어깨를 앞으로 밀어 넣지 마세요.

💥 ④ 최고 수축
팔꿈치가 앞으로 나가 가슴이 수축되는 지점에서 멈춥니다. 어깨를 더 밀지 마세요.
⏱️ 1초 STOP
튕기지 말고 그 지점에서 1초만 소유하세요. 무게를 놓는 순간이 아닙니다.

🐌 ⑤ 천천히 돌아오기
중량을 그냥 놓지 마세요.
2~3초 동안 통제하면서 복귀합니다.
시작 자세로 돌아갈 때도 같은 궤적을 유지하세요.

❌ 흔한 실수
❌ 어깨를 으쓱하며 내려가는
어깨를 귀에서 멀리 두고 다시 시작하세요.
❌ 어깨를 앞으로 말며 반동으로 미는 것
템포를 늦추고 같은 궤적만 반복하세요.
❌ 허리를 과하게 아치해 가슴 대신 요추로 미는 것
깊이보다 골반 고정이 먼저입니다. 허리가 뜨면 범위를 줄이세요.
❌ 끝에서 어깨를 더 밀어 넣는 것
자세가 무너지면 무게를 낮추세요.

💡 MACHINE FIT PRO TIP
🔥 Inspiration Tricep Dip의 가이드 궤적을 이용하세요. 첫 2세트는 천천히, 대칭이 확인된 뒤에만 무게를 올립니다.

🎯 MACHINE FIT CHECK
🟢 시트/패드 → 몸에 맞춤
🟢 팔꿈치 → 미는/드는 방향
🟢 어깨 → 으쓱하지 않기
🟢 복귀 → 2~3초 통제

### 🔥 이것만 기억하세요

""팔꿈치를 몸통 가까이 두고 아래로 눌러 내리기. 끝에서 1초, 복귀는 통제.""","🏋️ NAUTILUS — Inspiration Tricep Dip · Inspiration

🎯 ONE KEY CUE
🔥 ""Keep elbows close and press the handles down""

Inspiration Tricep Dip(IPTD5)입니다. Lean into the Inspiration Lock N Load design. Do not chase load until the setup feels locked in.

⚙️ ① Setup
🪑 Seat / pads
Fit the seat to your body so the start position sits naturally on the working joint.
🤲 Grip / hands
Take a comfortable grip width and keep the wrists stacked, not bent.
⚙️ Adjustments
Check 시트, 손잡이, Lock N Load.

💪 ② Start position
Pin back and pelvis to the pad with the handles at chest height.
Check only this:
👉 Back still on the pad

🔥 ③ Execution
Press by driving the elbows forward/up. Do not dump the shoulders forward at lockout.
Press out on the machine path, then return under control.

💥 ④ Peak contraction
Stop where the chest is contracted — do not dump the shoulders farther forward.
⏱️ 1-second STOP
Own that position for one second. This is not where you dump the weight.

🐌 ⑤ Controlled return
Do not dump the load.
Take 2–3 seconds on the way back.
Return on the same path you pressed or pulled.

❌ Common mistakes
❌ Dumping the shoulders forward and bouncing the press
Slow the tempo and repeat one clean path.
❌ Over-arching so the low back takes over
If position breaks, cut the load.
❌ Shoving the shoulders farther at lockout
If position breaks, cut the load.

💡 MACHINE FIT PRO TIP
🔥 Use the guided path on Inspiration Tricep Dip. Slow the first two sets, confirm symmetry, then add load.

🎯 MACHINE FIT CHECK
🟢 Seat/pad → fitted
🟢 Elbows → press/raise direction
🟢 Shoulders → not shrugged
🟢 Return → 2–3 sec control

### 🔥 Remember this

""Keep elbows close and press the handles down. One-second peak, controlled return."""
NAUTILUS,어시스트 딥,Assisted Dip,,BRAND_MODEL_NOT_FOUND,Nautilus,,https://planet-fitness.com/catalogues-marques/catalogue-nautilus.pdf,Inspiration/Impact 카탈로그에 Assisted Dip 전용 SKU가 뚜렷하지 않습니다.,"무릎 패드, 어시스트량, 손잡이","🏋️ NAUTILUS — 어시스트 딥

🎯 ONE KEY CUE
🔥 ""어시스트를 과하게 쓰지 말고 몸통을 세운 채 내려갔다 밀기""

노틸러스 전용 모델이 없는 카테고리입니다. 헬스장에 있는 실제 기구의 패드·레버·안전장치를 먼저 확인한 뒤, 아래 패턴으로 움직이세요.

⚙️ ① 기구 세팅
🪑 좌석 / 패드
시트를 몸에 맞추세요. 시작 위치가 목표 관절 높이에 오는지 확인합니다.
🤲 그립 / 손 위치
손잡이를 편안한 너비로 잡으세요. 손목이 꺾이지 않게 합니다.
⚙️ 조절 포인트
무릎 패드, 어시스트량, 손잡이를 확인하세요.

💪 ② 시작 자세
등과 골반을 패드에 붙이고, 손잡이가 가슴 높이에 오게 잡습니다.
이 자세에서 이것만 확인하세요.
👉 등이 패드에서 뜨지 않는지

🔥 ③ 운동 방법
딥 궤적으로 내려갔다 팔꿈치를 펴며 상승.
손보다 팔꿈치를 앞(또는 위)으로 보내는 느낌으로 미세요. 끝에서 어깨를 앞으로 밀어 넣지 마세요.

💥 ④ 최고 수축
팔꿈치가 앞으로 나가 가슴이 수축되는 지점에서 멈춥니다. 어깨를 더 밀지 마세요.
⏱️ 1초 STOP
튕기지 말고 그 지점에서 1초만 소유하세요. 무게를 놓는 순간이 아닙니다.

🐌 ⑤ 천천히 돌아오기
중량을 그냥 놓지 마세요.
2~3초 동안 통제하면서 복귀합니다.
시작 자세로 돌아갈 때도 같은 궤적을 유지하세요.

❌ 흔한 실수
❌ 반동으로만 올라오는
템포를 늦추고 같은 궤적만 반복하세요.
❌ 어깨를 앞으로 말며 반동으로 미는 것
템포를 늦추고 같은 궤적만 반복하세요.
❌ 허리를 과하게 아치해 가슴 대신 요추로 미는 것
깊이보다 골반 고정이 먼저입니다. 허리가 뜨면 범위를 줄이세요.
❌ 끝에서 어깨를 더 밀어 넣는 것
자세가 무너지면 무게를 낮추세요.

💡 MACHINE FIT PRO TIP
🔥 이 항목은 해머 스트렝스 전용 SKU가 없습니다. ""어시스트 딥""로 분류된 실제 기구의 패드·레버·안전장치만 믿고, 가벼운 무게로 5회 리허설 후 본 세트를 시작하세요.

🎯 MACHINE FIT CHECK
🟢 시트/패드 → 몸에 맞춤
🟢 팔꿈치 → 미는/드는 방향
🟢 어깨 → 으쓱하지 않기
🟢 복귀 → 2~3초 통제

### 🔥 이것만 기억하세요

""어시스트를 과하게 쓰지 말고 몸통을 세운 채 내려갔다 밀기. 끝에서 1초, 복귀는 통제.""","🏋️ NAUTILUS — Assisted Dip

🎯 ONE KEY CUE
🔥 ""Use just enough assist; keep the torso tall as you lower and press""

There is no dedicated Nautilus SKU for this category. Confirm pads, levers, and safeties on the unit in your gym, then follow the movement pattern below.

⚙️ ① Setup
🪑 Seat / pads
Fit the seat to your body so the start position sits naturally on the working joint.
🤲 Grip / hands
Take a comfortable grip width and keep the wrists stacked, not bent.
⚙️ Adjustments
Check 무릎 패드, 어시스트량, 손잡이.

💪 ② Start position
Pin back and pelvis to the pad with the handles at chest height.
Check only this:
👉 Back still on the pad

🔥 ③ Execution
Press by driving the elbows forward/up. Do not dump the shoulders forward at lockout.
Press out on the machine path, then return under control.

💥 ④ Peak contraction
Stop where the chest is contracted — do not dump the shoulders farther forward.
⏱️ 1-second STOP
Own that position for one second. This is not where you dump the weight.

🐌 ⑤ Controlled return
Do not dump the load.
Take 2–3 seconds on the way back.
Return on the same path you pressed or pulled.

❌ Common mistakes
❌ Dumping the shoulders forward and bouncing the press
Slow the tempo and repeat one clean path.
❌ Over-arching so the low back takes over
If position breaks, cut the load.
❌ Shoving the shoulders farther at lockout
If position breaks, cut the load.

💡 MACHINE FIT PRO TIP
🔥 No dedicated Hammer Strength SKU for this slot. Trust the pads/levers/safeties on the unit labeled like ""Assisted Dip"", rehearse five light reps, then start working sets.

🎯 MACHINE FIT CHECK
🟢 Seat/pad → fitted
🟢 Elbows → press/raise direction
🟢 Shoulders → not shrugged
🟢 Return → 2–3 sec control

### 🔥 Remember this

""Use just enough assist; keep the torso tall as you lower and press. One-second peak, controlled return."""
NAUTILUS,슈퍼 인클라인 프레스,Super Incline Press,,BRAND_MODEL_NOT_FOUND,Nautilus,,https://planet-fitness.com/catalogues-marques/catalogue-nautilus.pdf,Nautilus에 Super Incline Press 전용 SKU가 없습니다.,"시트, 손잡이, 시작 각도, 중량","🏋️ NAUTILUS — 슈퍼 인클라인 프레스

🎯 ONE KEY CUE
🔥 ""높은 인클라인에서도 견갑을 고정하고 위·앞으로 밀기""

노틸러스 전용 모델이 없는 카테고리입니다. 헬스장에 있는 실제 기구의 패드·레버·안전장치를 먼저 확인한 뒤, 아래 패턴으로 움직이세요.

⚙️ ① 기구 세팅
🪑 좌석 / 패드
시트를 몸에 맞추세요. 시작 위치가 어깨·관절에 자연스럽게 오는지 확인합니다.
🤲 그립 / 손 위치
손잡이를 편안한 너비로 잡으세요. 손목이 꺾이지 않게 합니다.
⚙️ 조절 포인트
시트, 손잡이, 시작 각도, 중량을 확인하세요.

💪 ② 시작 자세
등과 골반을 패드에 붙이고, 손잡이가 가슴 높이에 오게 잡습니다.
이 자세에서 이것만 확인하세요.
👉 등이 패드에서 뜨지 않는지

🔥 ③ 운동 방법
높은 각도에서 손잡이를 위·앞으로 밀었다 복귀.
손보다 팔꿈치를 앞(또는 위)으로 보내는 느낌으로 미세요. 끝에서 어깨를 앞으로 밀어 넣지 마세요.

💥 ④ 최고 수축
팔꿈치가 앞으로 나가 가슴이 수축되는 지점에서 멈춥니다. 어깨를 더 밀지 마세요.
⏱️ 1초 STOP
튕기지 말고 그 지점에서 1초만 소유하세요. 무게를 놓는 순간이 아닙니다.

🐌 ⑤ 천천히 돌아오기
중량을 그냥 놓지 마세요.
2~3초 동안 통제하면서 복귀합니다.
시작 자세로 돌아갈 때도 같은 궤적을 유지하세요.

❌ 흔한 실수
❌ 허리를 들어 올리며 미는
자세가 무너지면 무게를 낮추세요.
❌ 어깨를 앞으로 말며 반동으로 미는 것
템포를 늦추고 같은 궤적만 반복하세요.
❌ 허리를 과하게 아치해 가슴 대신 요추로 미는 것
깊이보다 골반 고정이 먼저입니다. 허리가 뜨면 범위를 줄이세요.
❌ 끝에서 어깨를 더 밀어 넣는 것
자세가 무너지면 무게를 낮추세요.

💡 MACHINE FIT PRO TIP
🔥 이 항목은 해머 스트렝스 전용 SKU가 없습니다. ""슈퍼 인클라인 프레스""로 분류된 실제 기구의 패드·레버·안전장치만 믿고, 가벼운 무게로 5회 리허설 후 본 세트를 시작하세요.

🎯 MACHINE FIT CHECK
🟢 시트/패드 → 몸에 맞춤
🟢 팔꿈치 → 미는/드는 방향
🟢 어깨 → 으쓱하지 않기
🟢 복귀 → 2~3초 통제

### 🔥 이것만 기억하세요

""높은 인클라인에서도 견갑을 고정하고 위·앞으로 밀기. 끝에서 1초, 복귀는 통제.""","🏋️ NAUTILUS — Super Incline Press

🎯 ONE KEY CUE
🔥 ""Even on a steep incline, keep the scapula set and press up and forward""

There is no dedicated Nautilus SKU for this category. Confirm pads, levers, and safeties on the unit in your gym, then follow the movement pattern below.

⚙️ ① Setup
🪑 Seat / pads
Fit the seat to your body so the start position sits naturally on the working joint.
🤲 Grip / hands
Take a comfortable grip width and keep the wrists stacked, not bent.
⚙️ Adjustments
Check 시트, 손잡이, 시작 각도, 중량.

💪 ② Start position
Pin back and pelvis to the pad with the handles at chest height.
Check only this:
👉 Back still on the pad

🔥 ③ Execution
Press by driving the elbows forward/up. Do not dump the shoulders forward at lockout.
Press out on the machine path, then return under control.

💥 ④ Peak contraction
Stop where the chest is contracted — do not dump the shoulders farther forward.
⏱️ 1-second STOP
Own that position for one second. This is not where you dump the weight.

🐌 ⑤ Controlled return
Do not dump the load.
Take 2–3 seconds on the way back.
Return on the same path you pressed or pulled.

❌ Common mistakes
❌ Dumping the shoulders forward and bouncing the press
Slow the tempo and repeat one clean path.
❌ Over-arching so the low back takes over
If position breaks, cut the load.
❌ Shoving the shoulders farther at lockout
If position breaks, cut the load.

💡 MACHINE FIT PRO TIP
🔥 No dedicated Hammer Strength SKU for this slot. Trust the pads/levers/safeties on the unit labeled like ""Super Incline Press"", rehearse five light reps, then start working sets.

🎯 MACHINE FIT CHECK
🟢 Seat/pad → fitted
🟢 Elbows → press/raise direction
🟢 Shoulders → not shrugged
🟢 Return → 2–3 sec control

### 🔥 Remember this

""Even on a steep incline, keep the scapula set and press up and forward. One-second peak, controlled return."""
NAUTILUS,랫풀다운,Lat Pulldown,Inspiration Lat Pull Down,VERIFIED,Nautilus,Inspiration,https://innovativefit.com/catalog_product/nautilus-inspiration-selectorized-line/,Inspiration Lat Pull Down(IPPD5)입니다.,"무릎 패드, 시트, Lock N Load, 그립","🏋️ NAUTILUS — Inspiration Lat Pull Down · Inspiration

🎯 ONE KEY CUE
🔥 ""팔꿈치로 리드하며 바를 쇄골 방향으로 당기기""

Inspiration Lat Pull Down(IPPD5). Inspiration Lock N Load 구조입니다. 처음부터 무게 올리지 말고, 세팅부터 잡으세요.

⚙️ ① 기구 세팅
🪑 좌석 / 패드
가슴/등 패드에 몸을 안정적으로 붙이세요. 패드에서 몸이 들리면 반동이 들어갑니다.
🤲 그립 / 손 위치
그립를 편안한 너비로 잡으세요. 손목이 꺾이지 않게 합니다.
⚙️ 조절 포인트
무릎 패드, 시트, Lock N Load, 그립을 확인하세요.

💪 ② 시작 자세
가슴을 세우고 어깨를 귀에서 멀리 둡니다. 팔보다 등부터 준비합니다.
이 자세에서 이것만 확인하세요.
👉 어깨가 귀 쪽으로 올라가지 않는지

🔥 ③ 운동 방법
바를 아래로 당겨 광배를 조인 뒤 천천히 신장.
손잡이를 당긴다고 생각하지 말고, 팔꿈치를 목표 지점으로 보내세요.

💥 ④ 최고 수축
팔꿈치가 목표에 도착해 등이 조여지는 지점에서 멈춥니다.
⏱️ 1초 STOP
튕기지 말고 그 지점에서 1초만 소유하세요. 무게를 놓는 순간이 아닙니다.

🐌 ⑤ 천천히 돌아오기
중량을 그냥 놓지 마세요.
2~3초 동안 통제하면서 복귀합니다.
팔이 펴질 때까지 등을 놓지 말고, 어깨가 앞으로 말리지 않게 버팁니다.

❌ 흔한 실수
❌ 상체를 과하게 뒤로 젖히며 반동으로 당기는
템포를 늦추고 같은 궤적만 반복하세요.
❌ 몸을 뒤로 젖혀 반동으로 당기는 것
템포를 늦추고 같은 궤적만 반복하세요.
❌ 어깨를 으쓱하며 승모근만 쓰는 것
어깨를 귀에서 멀리 두고 다시 시작하세요.
❌ 손잡이만 당기고 팔꿈치는 안 움직이는 것
자세가 무너지면 무게를 낮추세요.

💡 MACHINE FIT PRO TIP
🔥 Inspiration Lat Pull Down의 가이드 궤적을 이용하세요. 첫 2세트는 천천히, 대칭이 확인된 뒤에만 무게를 올립니다.

🎯 MACHINE FIT CHECK
🟢 시트/패드 → 몸에 맞춤
🟢 팔꿈치 → 당김 방향
🟢 어깨 → 으쓱하지 않기
🟢 복귀 → 2~3초 통제

### 🔥 이것만 기억하세요

""팔꿈치로 리드하며 바를 쇄골 방향으로 당기기. 끝에서 1초, 복귀는 통제.""","🏋️ NAUTILUS — Inspiration Lat Pull Down · Inspiration

🎯 ONE KEY CUE
🔥 ""Lead with the elbows and pull the bar toward the collarbone""

Inspiration Lat Pull Down(IPPD5)입니다. Lean into the Inspiration Lock N Load design. Do not chase load until the setup feels locked in.

⚙️ ① Setup
🪑 Seat / pads
Pin yourself to the chest/back pad. If you lift off the pad, you are cheating with momentum.
🤲 Grip / hands
Take a comfortable grip width and keep the wrists stacked, not bent.
⚙️ Adjustments
Check 무릎 패드, 시트, Lock N Load, 그립.

💪 ② Start position
Lift the chest and keep the shoulders away from the ears. Prepare the back before the arms.
Check only this:
👉 Shoulders not shrugged

🔥 ③ Execution
Do not think “pull the handle.” Drive the elbows to the target.
Drive the elbows back/down on the row or pulldown path, then lengthen slowly.

💥 ④ Peak contraction
Stop where the elbows arrive and the back is squeezed.
⏱️ 1-second STOP
Own that position for one second. This is not where you dump the weight.

🐌 ⑤ Controlled return
Do not dump the load.
Take 2–3 seconds on the way back.
Keep the back set as the arms lengthen — do not let the shoulders dump forward.

❌ Common mistakes
❌ Leaning back for momentum
Slow the tempo and repeat one clean path.
❌ Shrugging and turning it into an upper-trap pull
Keep the shoulders away from the ears and restart.
❌ Yank the handles without moving the elbows
If position breaks, cut the load.

💡 MACHINE FIT PRO TIP
🔥 Use the guided path on Inspiration Lat Pull Down. Slow the first two sets, confirm symmetry, then add load.

🎯 MACHINE FIT CHECK
🟢 Seat/pad → fitted
🟢 Elbows → pull direction
🟢 Shoulders → not shrugged
🟢 Return → 2–3 sec control

### 🔥 Remember this

""Lead with the elbows and pull the bar toward the collarbone. One-second peak, controlled return."""
NAUTILUS,와이드 랫풀다운,Wide Lat Pulldown,Inspiration Lat Pull Down,PARTIALLY_VERIFIED,Nautilus,Inspiration,https://innovativefit.com/catalog_product/nautilus-inspiration-selectorized-line/,별도 Wide Lat Pulldown SKU 없이 Inspiration Lat Pull Down(IPPD5)에서 와이드 그립으로 수행합니다.,"무릎 패드, 그립 너비, Lock N Load","🏋️ NAUTILUS — Inspiration Lat Pull Down · Inspiration

🎯 ONE KEY CUE
🔥 ""와이드 그립에서도 어깨를 내리며 팔꿈치로 당기기""

별도 Wide Lat Pulldown SKU 없이 Inspiration Lat Pull Down(IPPD5)에서 와이드 그립으로 수행합니다. Inspiration Lock N Load 구조입니다. 처음부터 무게 올리지 말고, 세팅부터 잡으세요.

⚙️ ① 기구 세팅
🪑 좌석 / 패드
가슴/등 패드에 몸을 안정적으로 붙이세요. 패드에서 몸이 들리면 반동이 들어갑니다.
🤲 그립 / 손 위치
그립 너비를 편안한 너비로 잡으세요. 손목이 꺾이지 않게 합니다.
⚙️ 조절 포인트
무릎 패드, 그립 너비, Lock N Load를 확인하세요.
이 카테고리는 공식 명칭이 겹칠 수 있으니, 헬스장 기구의 실제 레버·패드 배치를 우선하세요.

💪 ② 시작 자세
가슴을 세우고 어깨를 귀에서 멀리 둡니다. 팔보다 등부터 준비합니다.
이 자세에서 이것만 확인하세요.
👉 어깨가 귀 쪽으로 올라가지 않는지

🔥 ③ 운동 방법
넓은 그립으로 바를 쇄골 쪽으로 당겼다 복귀.
손잡이를 당긴다고 생각하지 말고, 팔꿈치를 목표 지점으로 보내세요.

💥 ④ 최고 수축
팔꿈치가 목표에 도착해 등이 조여지는 지점에서 멈춥니다.
⏱️ 1초 STOP
튕기지 말고 그 지점에서 1초만 소유하세요. 무게를 놓는 순간이 아닙니다.

🐌 ⑤ 천천히 돌아오기
중량을 그냥 놓지 마세요.
2~3초 동안 통제하면서 복귀합니다.
팔이 펴질 때까지 등을 놓지 말고, 어깨가 앞으로 말리지 않게 버팁니다.

❌ 흔한 실수
❌ 목이 앞으로 나가며 바만 얼굴 앞으로 당기는
자세가 무너지면 무게를 낮추세요.
❌ 몸을 뒤로 젖혀 반동으로 당기는 것
템포를 늦추고 같은 궤적만 반복하세요.
❌ 어깨를 으쓱하며 승모근만 쓰는 것
어깨를 귀에서 멀리 두고 다시 시작하세요.
❌ 손잡이만 당기고 팔꿈치는 안 움직이는 것
자세가 무너지면 무게를 낮추세요.

💡 MACHINE FIT PRO TIP
🔥 Inspiration Lat Pull Down의 가이드 궤적을 이용하세요. 첫 2세트는 천천히, 대칭이 확인된 뒤에만 무게를 올립니다.

🎯 MACHINE FIT CHECK
🟢 시트/패드 → 몸에 맞춤
🟢 팔꿈치 → 당김 방향
🟢 어깨 → 으쓱하지 않기
🟢 복귀 → 2~3초 통제

### 🔥 이것만 기억하세요

""와이드 그립에서도 어깨를 내리며 팔꿈치로 당기기. 끝에서 1초, 복귀는 통제.""","🏋️ NAUTILUS — Inspiration Lat Pull Down · Inspiration

🎯 ONE KEY CUE
🔥 ""Even on a wide grip, depress the shoulders and pull with the elbows""

별도 Wide Lat Pulldown SKU 없이 Inspiration Lat Pull Down(IPPD5)에서 와이드 그립으로 수행합니다. Lean into the Inspiration Lock N Load design. Do not chase load until the setup feels locked in.

⚙️ ① Setup
🪑 Seat / pads
Pin yourself to the chest/back pad. If you lift off the pad, you are cheating with momentum.
🤲 Grip / hands
Take a comfortable grip width and keep the wrists stacked, not bent.
⚙️ Adjustments
Check 무릎 패드, 그립 너비, Lock N Load.
Naming can overlap in this category — trust the levers and pads on the unit in front of you.

💪 ② Start position
Lift the chest and keep the shoulders away from the ears. Prepare the back before the arms.
Check only this:
👉 Shoulders not shrugged

🔥 ③ Execution
Do not think “pull the handle.” Drive the elbows to the target.
Drive the elbows back/down on the row or pulldown path, then lengthen slowly.

💥 ④ Peak contraction
Stop where the elbows arrive and the back is squeezed.
⏱️ 1-second STOP
Own that position for one second. This is not where you dump the weight.

🐌 ⑤ Controlled return
Do not dump the load.
Take 2–3 seconds on the way back.
Keep the back set as the arms lengthen — do not let the shoulders dump forward.

❌ Common mistakes
❌ Leaning back for momentum
Slow the tempo and repeat one clean path.
❌ Shrugging and turning it into an upper-trap pull
Keep the shoulders away from the ears and restart.
❌ Yank the handles without moving the elbows
If position breaks, cut the load.

💡 MACHINE FIT PRO TIP
🔥 Use the guided path on Inspiration Lat Pull Down. Slow the first two sets, confirm symmetry, then add load.

🎯 MACHINE FIT CHECK
🟢 Seat/pad → fitted
🟢 Elbows → pull direction
🟢 Shoulders → not shrugged
🟢 Return → 2–3 sec control

### 🔥 Remember this

""Even on a wide grip, depress the shoulders and pull with the elbows. One-second peak, controlled return."""
NAUTILUS,프론트 풀다운,Front Pulldown,Inspiration Lat Pull Down,PARTIALLY_VERIFIED,Nautilus,Inspiration,https://innovativefit.com/catalog_product/nautilus-inspiration-selectorized-line/,Inspiration Lat Pull Down(IPPD5)가 프론트 풀다운 패턴입니다.,"무릎 패드, 그립, Lock N Load","🏋️ NAUTILUS — Inspiration Lat Pull Down · Inspiration

🎯 ONE KEY CUE
🔥 ""가슴을 열고 바를 앞가슴 방향으로 당기기""

Inspiration Lat Pull Down(IPPD5)가 프론트 풀다운 패턴. Inspiration Lock N Load 구조입니다. 처음부터 무게 올리지 말고, 세팅부터 잡으세요.

⚙️ ① 기구 세팅
🪑 좌석 / 패드
가슴/등 패드에 몸을 안정적으로 붙이세요. 패드에서 몸이 들리면 반동이 들어갑니다.
🤲 그립 / 손 위치
그립를 편안한 너비로 잡으세요. 손목이 꺾이지 않게 합니다.
⚙️ 조절 포인트
무릎 패드, 그립, Lock N Load을 확인하세요.
이 카테고리는 공식 명칭이 겹칠 수 있으니, 헬스장 기구의 실제 레버·패드 배치를 우선하세요.

💪 ② 시작 자세
가슴을 세우고 어깨를 귀에서 멀리 둡니다. 팔보다 등부터 준비합니다.
이 자세에서 이것만 확인하세요.
👉 어깨가 귀 쪽으로 올라가지 않는지

🔥 ③ 운동 방법
바를 쇄골/상부 가슴으로 당겨 조인 뒤 복귀.
손잡이를 당긴다고 생각하지 말고, 팔꿈치를 목표 지점으로 보내세요.

💥 ④ 최고 수축
팔꿈치가 목표에 도착해 등이 조여지는 지점에서 멈춥니다.
⏱️ 1초 STOP
튕기지 말고 그 지점에서 1초만 소유하세요. 무게를 놓는 순간이 아닙니다.

🐌 ⑤ 천천히 돌아오기
중량을 그냥 놓지 마세요.
2~3초 동안 통제하면서 복귀합니다.
팔이 펴질 때까지 등을 놓지 말고, 어깨가 앞으로 말리지 않게 버팁니다.

❌ 흔한 실수
❌ 바를 목 뒤로 넘겨 어깨를 찌르는
자세가 무너지면 무게를 낮추세요.
❌ 몸을 뒤로 젖혀 반동으로 당기는 것
템포를 늦추고 같은 궤적만 반복하세요.
❌ 어깨를 으쓱하며 승모근만 쓰는 것
어깨를 귀에서 멀리 두고 다시 시작하세요.
❌ 손잡이만 당기고 팔꿈치는 안 움직이는 것
자세가 무너지면 무게를 낮추세요.

💡 MACHINE FIT PRO TIP
🔥 Inspiration Lat Pull Down의 가이드 궤적을 이용하세요. 첫 2세트는 천천히, 대칭이 확인된 뒤에만 무게를 올립니다.

🎯 MACHINE FIT CHECK
🟢 시트/패드 → 몸에 맞춤
🟢 팔꿈치 → 당김 방향
🟢 어깨 → 으쓱하지 않기
🟢 복귀 → 2~3초 통제

### 🔥 이것만 기억하세요

""가슴을 열고 바를 앞가슴 방향으로 당기기. 끝에서 1초, 복귀는 통제.""","🏋️ NAUTILUS — Inspiration Lat Pull Down · Inspiration

🎯 ONE KEY CUE
🔥 ""Open the chest and pull the bar toward the upper chest""

Inspiration Lat Pull Down(IPPD5)가 프론트 풀다운 패턴입니다. Lean into the Inspiration Lock N Load design. Do not chase load until the setup feels locked in.

⚙️ ① Setup
🪑 Seat / pads
Pin yourself to the chest/back pad. If you lift off the pad, you are cheating with momentum.
🤲 Grip / hands
Take a comfortable grip width and keep the wrists stacked, not bent.
⚙️ Adjustments
Check 무릎 패드, 그립, Lock N Load.
Naming can overlap in this category — trust the levers and pads on the unit in front of you.

💪 ② Start position
Lift the chest and keep the shoulders away from the ears. Prepare the back before the arms.
Check only this:
👉 Shoulders not shrugged

🔥 ③ Execution
Do not think “pull the handle.” Drive the elbows to the target.
Drive the elbows back/down on the row or pulldown path, then lengthen slowly.

💥 ④ Peak contraction
Stop where the elbows arrive and the back is squeezed.
⏱️ 1-second STOP
Own that position for one second. This is not where you dump the weight.

🐌 ⑤ Controlled return
Do not dump the load.
Take 2–3 seconds on the way back.
Keep the back set as the arms lengthen — do not let the shoulders dump forward.

❌ Common mistakes
❌ Leaning back for momentum
Slow the tempo and repeat one clean path.
❌ Shrugging and turning it into an upper-trap pull
Keep the shoulders away from the ears and restart.
❌ Yank the handles without moving the elbows
If position breaks, cut the load.

💡 MACHINE FIT PRO TIP
🔥 Use the guided path on Inspiration Lat Pull Down. Slow the first two sets, confirm symmetry, then add load.

🎯 MACHINE FIT CHECK
🟢 Seat/pad → fitted
🟢 Elbows → pull direction
🟢 Shoulders → not shrugged
🟢 Return → 2–3 sec control

### 🔥 Remember this

""Open the chest and pull the bar toward the upper chest. One-second peak, controlled return."""
NAUTILUS,아이소래터럴 랫풀다운,Iso-Lateral Lat Pulldown,Inspiration Lat Pull Down,PARTIALLY_VERIFIED,Nautilus,Inspiration,https://innovativefit.com/catalog_product/nautilus-inspiration-selectorized-line/,공식 Iso-Lateral Lat Pulldown SKU는 없고 Inspiration Lat Pull Down 또는 Dual Lat/Vertical Row 복합이 대안입니다.,"무릎 패드, 손잡이, 스택","🏋️ NAUTILUS — Inspiration Lat Pull Down · Inspiration

🎯 ONE KEY CUE
🔥 ""좌우를 같은 깊이로 당기며 약한 쪽을 먼저 느끼기""

공식 Iso-Lateral Lat Pulldown SKU는 없고 Inspiration Lat Pull Down 또는 Dual Lat/Vertical Row 복합이 대안. 좌우가 독립으로 움직이는 · Inspiration Lock N Load 구조입니다. 처음부터 무게 올리지 말고, 세팅부터 잡으세요.

⚙️ ① 기구 세팅
🪑 좌석 / 패드
가슴/등 패드에 몸을 안정적으로 붙이세요. 패드에서 몸이 들리면 반동이 들어갑니다.
🤲 그립 / 손 위치
양손잡이 높이가 좌우 같은지 먼저 보세요. 독립 암이라 한쪽만 어긋나도 바로 느껴집니다.
⚙️ 조절 포인트
무릎 패드, 손잡이, 스택을 확인하세요. 좌우 시작 위치가 같은지도 같이 봅니다.
이 카테고리는 공식 명칭이 겹칠 수 있으니, 헬스장 기구의 실제 레버·패드 배치를 우선하세요.

💪 ② 시작 자세
가슴을 세우고 어깨를 귀에서 멀리 둡니다. 팔보다 등부터 준비합니다.
좌우가 같은 높이에서 시작하는지 한 번 더 보세요.
이 자세에서 이것만 확인하세요.
👉 어깨가 귀 쪽으로 올라가지 않는지

🔥 ③ 운동 방법
각 팔을 독립적으로 아래로 당겼다 복귀.
양쪽을 같은 속도로 움직이세요. 한쪽이 먼저 끝나면 무게를 더 올리기 전에 밸런스부터 잡습니다.

💥 ④ 최고 수축
팔꿈치가 목표에 도착해 등이 조여지는 지점에서 멈춥니다.
⏱️ 1초 STOP
튕기지 말고 그 지점에서 1초만 소유하세요. 무게를 놓는 순간이 아닙니다.

🐌 ⑤ 천천히 돌아오기
중량을 그냥 놓지 마세요.
2~3초 동안 통제하면서 복귀합니다.
팔이 펴질 때까지 등을 놓지 말고, 어깨가 앞으로 말리지 않게 버팁니다.

❌ 흔한 실수
❌ 강한 쪽만 깊게 당기는
자세가 무너지면 무게를 낮추세요.
❌ 몸을 뒤로 젖혀 반동으로 당기는 것
템포를 늦추고 같은 궤적만 반복하세요.
❌ 어깨를 으쓱하며 승모근만 쓰는 것
어깨를 귀에서 멀리 두고 다시 시작하세요.
❌ 손잡이만 당기고 팔꿈치는 안 움직이는 것
자세가 무너지면 무게를 낮추세요.
❌ 한쪽만 먼저 끝내고 반대쪽을 따라가게 하는 것
약한 쪽 속도에 강한 쪽을 맞추세요.

💡 MACHINE FIT PRO TIP
🔥 이 기구는 좌우 암이 독립적으로 움직이는 게 장점입니다. 무게를 올리기 전에 양쪽이 같은 속도로 가는지 확인하세요. 한쪽이 먼저 끝까지 가 버리면 중량보다 밸런스가 먼저입니다.

🎯 MACHINE FIT CHECK
🟢 시트/패드 → 몸에 맞춤
🟢 팔꿈치 → 당김 방향
🟢 좌우 → 같은 속도
🟢 복귀 → 2~3초 통제

### 🔥 이것만 기억하세요

""좌우 같은 속도, 끝에서 1초, 복귀는 통제.""","🏋️ NAUTILUS — Inspiration Lat Pull Down · Inspiration

🎯 ONE KEY CUE
🔥 ""Match depth on both sides and feel the weaker side first""

공식 Iso-Lateral Lat Pulldown SKU는 없고 Inspiration Lat Pull Down 또는 Dual Lat/Vertical Row 복합이 대안입니다. Lean into the independent arms / Inspiration Lock N Load design. Do not chase load until the setup feels locked in.

⚙️ ① Setup
🪑 Seat / pads
Pin yourself to the chest/back pad. If you lift off the pad, you are cheating with momentum.
🤲 Grip / hands
Match left and right handle height first — independent arms expose any mismatch immediately.
⚙️ Adjustments
Check 무릎 패드, 손잡이, 스택. Confirm both sides start from the same position.
Naming can overlap in this category — trust the levers and pads on the unit in front of you.

💪 ② Start position
Lift the chest and keep the shoulders away from the ears. Prepare the back before the arms.
Double-check both sides start at the same height.
Check only this:
👉 Shoulders not shrugged

🔥 ③ Execution
Match left-right speed. If one side finishes early, fix balance before adding load.
Drive the elbows back/down on the row or pulldown path, then lengthen slowly. Keep both sides honest.

💥 ④ Peak contraction
Stop where the elbows arrive and the back is squeezed.
⏱️ 1-second STOP
Own that position for one second. This is not where you dump the weight.

🐌 ⑤ Controlled return
Do not dump the load.
Take 2–3 seconds on the way back.
Keep the back set as the arms lengthen — do not let the shoulders dump forward.

❌ Common mistakes
❌ Leaning back for momentum
Slow the tempo and repeat one clean path.
❌ Shrugging and turning it into an upper-trap pull
Keep the shoulders away from the ears and restart.
❌ Yank the handles without moving the elbows
If position breaks, cut the load.
❌ Letting one side finish early
Match the stronger side to the weaker side’s speed.

💡 MACHINE FIT PRO TIP
🔥 Independent arms are the point. Before you load up, confirm both sides move at the same speed. If one side finishes early, fix balance before adding plates or pins.

🎯 MACHINE FIT CHECK
🟢 Seat/pad → fitted
🟢 Elbows → pull direction
🟢 Left/right → same speed
🟢 Return → 2–3 sec control

### 🔥 Remember this

""Match sides, one-second peak, controlled return."""
NAUTILUS,하이로우,High Row,Nautilus Leverage High Row,PARTIALLY_VERIFIED,Nautilus,Leverage Plate Loaded,https://planet-fitness.com/catalogues-marques/catalogue-nautilus.pdf,플레이트로드/레버리지 High Row. Inspiration은 Vertical Row(IPVR5)가 근접합니다.,"시트, 가슴 패드, 플레이트","🏋️ NAUTILUS — Nautilus Leverage High Row · Leverage Plate Loaded

🎯 ONE KEY CUE
🔥 ""가슴 패드를 기준으로 팔꿈치를 옆구리 높이로 당기기""

플레이트로드/레버리지 High Row. Inspiration은 Vertical Row(IPVR5)가 근접합니다. 플레이트 로딩 구조입니다. 처음부터 무게 올리지 말고, 세팅부터 잡으세요.

⚙️ ① 기구 세팅
🪑 좌석 / 패드
가슴/등 패드에 몸을 안정적으로 붙이세요. 패드에서 몸이 들리면 반동이 들어갑니다.
🤲 그립 / 손 위치
손잡이를 편안한 너비로 잡으세요. 손목이 꺾이지 않게 합니다.
⚙️ 조절 포인트
시트, 가슴 패드, 플레이트를 확인하세요. 양쪽 플레이트를 동일하게 맞추고, 한쪽만 먼저 올리지 마세요.
이 카테고리는 공식 명칭이 겹칠 수 있으니, 헬스장 기구의 실제 레버·패드 배치를 우선하세요.

💪 ② 시작 자세
가슴을 세우고 어깨를 귀에서 멀리 둡니다. 팔보다 등부터 준비합니다.
이 자세에서 이것만 확인하세요.
👉 어깨가 귀 쪽으로 올라가지 않는지

🔥 ③ 운동 방법
높은 손잡이를 몸통 쪽으로 당겨 상부 등을 조인 뒤 복귀.
손잡이를 당긴다고 생각하지 말고, 팔꿈치를 목표 지점으로 보내세요.

💥 ④ 최고 수축
팔꿈치가 목표에 도착해 등이 조여지는 지점에서 멈춥니다.
⏱️ 1초 STOP
튕기지 말고 그 지점에서 1초만 소유하세요. 무게를 놓는 순간이 아닙니다.

🐌 ⑤ 천천히 돌아오기
중량을 그냥 놓지 마세요.
2~3초 동안 통제하면서 복귀합니다.
팔이 펴질 때까지 등을 놓지 말고, 어깨가 앞으로 말리지 않게 버팁니다.

❌ 흔한 실수
❌ 허리를 젖혀 무게를 던지듯 당기는
자세가 무너지면 무게를 낮추세요.
❌ 몸을 뒤로 젖혀 반동으로 당기는 것
템포를 늦추고 같은 궤적만 반복하세요.
❌ 어깨를 으쓱하며 승모근만 쓰는 것
어깨를 귀에서 멀리 두고 다시 시작하세요.
❌ 손잡이만 당기고 팔꿈치는 안 움직이는 것
자세가 무너지면 무게를 낮추세요.
❌ 양쪽 플레이트 무게를 다르게 올리는 것
양쪽을 맞춘 뒤 가벼운 세트로 좌우를 확인하세요.

💡 MACHINE FIT PRO TIP
🔥 Nautilus Leverage High Row은 플레이트 로딩입니다. 좌우 원판을 동일하게 맞추고, 첫 세트는 궤적·좌우 대칭만 확인한 다음 무게를 올리세요.

🎯 MACHINE FIT CHECK
🟢 시트/패드 → 몸에 맞춤
🟢 팔꿈치 → 당김 방향
🟢 원판 → 좌우 동일
🟢 복귀 → 2~3초 통제

### 🔥 이것만 기억하세요

""가슴 패드를 기준으로 팔꿈치를 옆구리 높이로 당기기. 끝에서 1초, 복귀는 통제.""","🏋️ NAUTILUS — Nautilus Leverage High Row · Leverage Plate Loaded

🎯 ONE KEY CUE
🔥 ""Brace on the chest pad and pull the elbows to rib height""

플레이트로드/레버리지 High Row. Inspiration은 Vertical Row(IPVR5)가 근접합니다. Lean into the plate-loaded design. Do not chase load until the setup feels locked in.

⚙️ ① Setup
🪑 Seat / pads
Pin yourself to the chest/back pad. If you lift off the pad, you are cheating with momentum.
🤲 Grip / hands
Take a comfortable grip width and keep the wrists stacked, not bent.
⚙️ Adjustments
Check 시트, 가슴 패드, 플레이트. Match plates on both sides — do not load one arm first.
Naming can overlap in this category — trust the levers and pads on the unit in front of you.

💪 ② Start position
Lift the chest and keep the shoulders away from the ears. Prepare the back before the arms.
Check only this:
👉 Shoulders not shrugged

🔥 ③ Execution
Do not think “pull the handle.” Drive the elbows to the target.
Drive the elbows back/down on the row or pulldown path, then lengthen slowly.

💥 ④ Peak contraction
Stop where the elbows arrive and the back is squeezed.
⏱️ 1-second STOP
Own that position for one second. This is not where you dump the weight.

🐌 ⑤ Controlled return
Do not dump the load.
Take 2–3 seconds on the way back.
Keep the back set as the arms lengthen — do not let the shoulders dump forward.

❌ Common mistakes
❌ Leaning back for momentum
Slow the tempo and repeat one clean path.
❌ Shrugging and turning it into an upper-trap pull
Keep the shoulders away from the ears and restart.
❌ Yank the handles without moving the elbows
If position breaks, cut the load.
❌ Loading unequal plates
Match both sides, then confirm with a light set.

💡 MACHINE FIT PRO TIP
🔥 Nautilus Leverage High Row is plate-loaded. Match plates, confirm path and left-right symmetry on set one, then add load.

🎯 MACHINE FIT CHECK
🟢 Seat/pad → fitted
🟢 Elbows → pull direction
🟢 Plates → matched
🟢 Return → 2–3 sec control

### 🔥 Remember this

""Brace on the chest pad and pull the elbows to rib height. One-second peak, controlled return."""
NAUTILUS,아이소래터럴 하이로우,Iso-Lateral High Row,Nautilus Leverage High Row,PARTIALLY_VERIFIED,Nautilus,Leverage Plate Loaded,https://planet-fitness.com/catalogues-marques/catalogue-nautilus.pdf,레버리지 High Row 독립 암 패턴. 공식 Iso-Lateral High Row 명칭 SKU는 없습니다.,"시트, 패드, 좌·우 플레이트","🏋️ NAUTILUS — Nautilus Leverage High Row · Leverage Plate Loaded

🎯 ONE KEY CUE
🔥 ""좌우 독립 암을 같은 속도로 당겨 균형 확인""

레버리지 High Row 독립 암 패턴. 공식 Iso-Lateral High Row 명칭 SKU는 없습니다. 좌우가 독립으로 움직이는 · 플레이트 로딩 구조입니다. 처음부터 무게 올리지 말고, 세팅부터 잡으세요.

⚙️ ① 기구 세팅
🪑 좌석 / 패드
가슴/등 패드에 몸을 안정적으로 붙이세요. 패드에서 몸이 들리면 반동이 들어갑니다.
🤲 그립 / 손 위치
양손잡이 높이가 좌우 같은지 먼저 보세요. 독립 암이라 한쪽만 어긋나도 바로 느껴집니다.
⚙️ 조절 포인트
시트, 패드, 좌·우 플레이트를 확인하세요. 양쪽 플레이트를 동일하게 맞추고, 한쪽만 먼저 올리지 마세요. 좌우 시작 위치가 같은지도 같이 봅니다.
이 카테고리는 공식 명칭이 겹칠 수 있으니, 헬스장 기구의 실제 레버·패드 배치를 우선하세요.

💪 ② 시작 자세
가슴을 세우고 어깨를 귀에서 멀리 둡니다. 팔보다 등부터 준비합니다.
좌우가 같은 높이에서 시작하는지 한 번 더 보세요.
이 자세에서 이것만 확인하세요.
👉 어깨가 귀 쪽으로 올라가지 않는지

🔥 ③ 운동 방법
각 팔을 몸통 쪽으로 당겨 조인 뒤 복귀.
양쪽을 같은 속도로 움직이세요. 한쪽이 먼저 끝나면 무게를 더 올리기 전에 밸런스부터 잡습니다.

💥 ④ 최고 수축
팔꿈치가 목표에 도착해 등이 조여지는 지점에서 멈춥니다.
⏱️ 1초 STOP
튕기지 말고 그 지점에서 1초만 소유하세요. 무게를 놓는 순간이 아닙니다.

🐌 ⑤ 천천히 돌아오기
중량을 그냥 놓지 마세요.
2~3초 동안 통제하면서 복귀합니다.
팔이 펴질 때까지 등을 놓지 말고, 어깨가 앞으로 말리지 않게 버팁니다.

❌ 흔한 실수
❌ 한쪽만 먼저 당겨 몸통이 돌아가는
약한 쪽 속도에 강한 쪽을 맞추세요.
❌ 몸을 뒤로 젖혀 반동으로 당기는 것
템포를 늦추고 같은 궤적만 반복하세요.
❌ 어깨를 으쓱하며 승모근만 쓰는 것
어깨를 귀에서 멀리 두고 다시 시작하세요.
❌ 손잡이만 당기고 팔꿈치는 안 움직이는 것
자세가 무너지면 무게를 낮추세요.
❌ 한쪽만 먼저 끝내고 반대쪽을 따라가게 하는 것
약한 쪽 속도에 강한 쪽을 맞추세요.

💡 MACHINE FIT PRO TIP
🔥 이 기구는 좌우 암이 독립적으로 움직이는 게 장점입니다. 무게를 올리기 전에 양쪽이 같은 속도로 가는지 확인하세요. 한쪽이 먼저 끝까지 가 버리면 중량보다 밸런스가 먼저입니다.

🎯 MACHINE FIT CHECK
🟢 시트/패드 → 몸에 맞춤
🟢 팔꿈치 → 당김 방향
🟢 좌우 → 같은 속도
🟢 복귀 → 2~3초 통제

### 🔥 이것만 기억하세요

""좌우 같은 속도, 끝에서 1초, 복귀는 통제.""","🏋️ NAUTILUS — Nautilus Leverage High Row · Leverage Plate Loaded

🎯 ONE KEY CUE
🔥 ""Pull both independent arms at the same speed and check balance""

레버리지 High Row 독립 암 패턴. 공식 Iso-Lateral High Row 명칭 SKU는 없습니다. Lean into the independent arms / plate-loaded design. Do not chase load until the setup feels locked in.

⚙️ ① Setup
🪑 Seat / pads
Pin yourself to the chest/back pad. If you lift off the pad, you are cheating with momentum.
🤲 Grip / hands
Match left and right handle height first — independent arms expose any mismatch immediately.
⚙️ Adjustments
Check 시트, 패드, 좌·우 플레이트. Match plates on both sides — do not load one arm first. Confirm both sides start from the same position.
Naming can overlap in this category — trust the levers and pads on the unit in front of you.

💪 ② Start position
Lift the chest and keep the shoulders away from the ears. Prepare the back before the arms.
Double-check both sides start at the same height.
Check only this:
👉 Shoulders not shrugged

🔥 ③ Execution
Match left-right speed. If one side finishes early, fix balance before adding load.
Drive the elbows back/down on the row or pulldown path, then lengthen slowly. Keep both sides honest.

💥 ④ Peak contraction
Stop where the elbows arrive and the back is squeezed.
⏱️ 1-second STOP
Own that position for one second. This is not where you dump the weight.

🐌 ⑤ Controlled return
Do not dump the load.
Take 2–3 seconds on the way back.
Keep the back set as the arms lengthen — do not let the shoulders dump forward.

❌ Common mistakes
❌ Leaning back for momentum
Slow the tempo and repeat one clean path.
❌ Shrugging and turning it into an upper-trap pull
Keep the shoulders away from the ears and restart.
❌ Yank the handles without moving the elbows
If position breaks, cut the load.
❌ Letting one side finish early
Match the stronger side to the weaker side’s speed.
❌ Loading unequal plates
Match both sides, then confirm with a light set.

💡 MACHINE FIT PRO TIP
🔥 Independent arms are the point. Before you load up, confirm both sides move at the same speed. If one side finishes early, fix balance before adding plates or pins.

🎯 MACHINE FIT CHECK
🟢 Seat/pad → fitted
🟢 Elbows → pull direction
🟢 Left/right → same speed
🟢 Return → 2–3 sec control

### 🔥 Remember this

""Match sides, one-second peak, controlled return."""
NAUTILUS,시티드 로우,Seated Row,Inspiration Vertical Row,VERIFIED,Nautilus,Inspiration,https://innovativefit.com/catalog_product/nautilus-inspiration-selectorized-line/,Inspiration Vertical Row(IPVR5)가 Nautilus 시티드/버티컬 로우 표준입니다.,"시트, 가슴 패드, Lock N Load","🏋️ NAUTILUS — Inspiration Vertical Row · Inspiration

🎯 ONE KEY CUE
🔥 ""가슴을 패드에 고정하고 팔꿈치로 등을 조이기""

Inspiration Vertical Row(IPVR5)가 Nautilus 시티드/버티컬 로우 표준. Inspiration Lock N Load 구조입니다. 처음부터 무게 올리지 말고, 세팅부터 잡으세요.

⚙️ ① 기구 세팅
🪑 좌석 / 패드
가슴/등 패드에 몸을 안정적으로 붙이세요. 패드에서 몸이 들리면 반동이 들어갑니다.
🤲 그립 / 손 위치
손잡이를 편안한 너비로 잡으세요. 손목이 꺾이지 않게 합니다.
⚙️ 조절 포인트
시트, 가슴 패드, Lock N Load를 확인하세요.

💪 ② 시작 자세
가슴을 세우고 어깨를 귀에서 멀리 둡니다. 팔보다 등부터 준비합니다.
이 자세에서 이것만 확인하세요.
👉 어깨가 귀 쪽으로 올라가지 않는지

🔥 ③ 운동 방법
손잡이를 몸통으로 당겨 견갑을 모은 뒤 천천히 신장.
손잡이를 당긴다고 생각하지 말고, 팔꿈치를 목표 지점으로 보내세요.

💥 ④ 최고 수축
팔꿈치가 목표에 도착해 등이 조여지는 지점에서 멈춥니다.
⏱️ 1초 STOP
튕기지 말고 그 지점에서 1초만 소유하세요. 무게를 놓는 순간이 아닙니다.

🐌 ⑤ 천천히 돌아오기
중량을 그냥 놓지 마세요.
2~3초 동안 통제하면서 복귀합니다.
팔이 펴질 때까지 등을 놓지 말고, 어깨가 앞으로 말리지 않게 버팁니다.

❌ 흔한 실수
❌ 허리를 뒤로 젖히며 반동으로 당기는
템포를 늦추고 같은 궤적만 반복하세요.
❌ 몸을 뒤로 젖혀 반동으로 당기는 것
템포를 늦추고 같은 궤적만 반복하세요.
❌ 어깨를 으쓱하며 승모근만 쓰는 것
어깨를 귀에서 멀리 두고 다시 시작하세요.
❌ 손잡이만 당기고 팔꿈치는 안 움직이는 것
자세가 무너지면 무게를 낮추세요.

💡 MACHINE FIT PRO TIP
🔥 Inspiration Vertical Row의 가이드 궤적을 이용하세요. 첫 2세트는 천천히, 대칭이 확인된 뒤에만 무게를 올립니다.

🎯 MACHINE FIT CHECK
🟢 시트/패드 → 몸에 맞춤
🟢 팔꿈치 → 당김 방향
🟢 어깨 → 으쓱하지 않기
🟢 복귀 → 2~3초 통제

### 🔥 이것만 기억하세요

""가슴을 패드에 고정하고 팔꿈치로 등을 조이기. 끝에서 1초, 복귀는 통제.""","🏋️ NAUTILUS — Inspiration Vertical Row · Inspiration

🎯 ONE KEY CUE
🔥 ""Pin the chest to the pad and squeeze the back through the elbows""

Inspiration Vertical Row(IPVR5)가 Nautilus 시티드/버티컬 로우 표준입니다. Lean into the Inspiration Lock N Load design. Do not chase load until the setup feels locked in.

⚙️ ① Setup
🪑 Seat / pads
Pin yourself to the chest/back pad. If you lift off the pad, you are cheating with momentum.
🤲 Grip / hands
Take a comfortable grip width and keep the wrists stacked, not bent.
⚙️ Adjustments
Check 시트, 가슴 패드, Lock N Load.

💪 ② Start position
Lift the chest and keep the shoulders away from the ears. Prepare the back before the arms.
Check only this:
👉 Shoulders not shrugged

🔥 ③ Execution
Do not think “pull the handle.” Drive the elbows to the target.
Drive the elbows back/down on the row or pulldown path, then lengthen slowly.

💥 ④ Peak contraction
Stop where the elbows arrive and the back is squeezed.
⏱️ 1-second STOP
Own that position for one second. This is not where you dump the weight.

🐌 ⑤ Controlled return
Do not dump the load.
Take 2–3 seconds on the way back.
Keep the back set as the arms lengthen — do not let the shoulders dump forward.

❌ Common mistakes
❌ Leaning back for momentum
Slow the tempo and repeat one clean path.
❌ Shrugging and turning it into an upper-trap pull
Keep the shoulders away from the ears and restart.
❌ Yank the handles without moving the elbows
If position breaks, cut the load.

💡 MACHINE FIT PRO TIP
🔥 Use the guided path on Inspiration Vertical Row. Slow the first two sets, confirm symmetry, then add load.

🎯 MACHINE FIT CHECK
🟢 Seat/pad → fitted
🟢 Elbows → pull direction
🟢 Shoulders → not shrugged
🟢 Return → 2–3 sec control

### 🔥 Remember this

""Pin the chest to the pad and squeeze the back through the elbows. One-second peak, controlled return."""
NAUTILUS,로우 머신,Row Machine,Inspiration Vertical Row,PARTIALLY_VERIFIED,Nautilus,Inspiration,https://innovativefit.com/catalog_product/nautilus-inspiration-selectorized-line/,Inspiration Vertical Row(IPVR5) 또는 Impact Vertical Row가 로우 머신 패턴입니다.,"시트, 패드, 스택","🏋️ NAUTILUS — Inspiration Vertical Row · Inspiration

🎯 ONE KEY CUE
🔥 ""손잡이보다 팔꿈치 궤적을 먼저 보기""

Inspiration Vertical Row(IPVR5) 또는 Impact Vertical Row가 로우 머신 패턴. Inspiration Lock N Load 구조입니다. 처음부터 무게 올리지 말고, 세팅부터 잡으세요.

⚙️ ① 기구 세팅
🪑 좌석 / 패드
가슴/등 패드에 몸을 안정적으로 붙이세요. 패드에서 몸이 들리면 반동이 들어갑니다.
🤲 그립 / 손 위치
손잡이를 편안한 너비로 잡으세요. 손목이 꺾이지 않게 합니다.
⚙️ 조절 포인트
시트, 패드, 스택을 확인하세요.
이 카테고리는 공식 명칭이 겹칠 수 있으니, 헬스장 기구의 실제 레버·패드 배치를 우선하세요.

💪 ② 시작 자세
가슴을 세우고 어깨를 귀에서 멀리 둡니다. 팔보다 등부터 준비합니다.
이 자세에서 이것만 확인하세요.
👉 어깨가 귀 쪽으로 올라가지 않는지

🔥 ③ 운동 방법
팔꿈치를 뒤로 보내며 등을 조인 뒤 복귀.
손잡이를 당긴다고 생각하지 말고, 팔꿈치를 목표 지점으로 보내세요.

💥 ④ 최고 수축
팔꿈치가 목표에 도착해 등이 조여지는 지점에서 멈춥니다.
⏱️ 1초 STOP
튕기지 말고 그 지점에서 1초만 소유하세요. 무게를 놓는 순간이 아닙니다.

🐌 ⑤ 천천히 돌아오기
중량을 그냥 놓지 마세요.
2~3초 동안 통제하면서 복귀합니다.
팔이 펴질 때까지 등을 놓지 말고, 어깨가 앞으로 말리지 않게 버팁니다.

❌ 흔한 실수
❌ 손목만 당겨 광배 개입이 줄어드는
자세가 무너지면 무게를 낮추세요.
❌ 몸을 뒤로 젖혀 반동으로 당기는 것
템포를 늦추고 같은 궤적만 반복하세요.
❌ 어깨를 으쓱하며 승모근만 쓰는 것
어깨를 귀에서 멀리 두고 다시 시작하세요.
❌ 손잡이만 당기고 팔꿈치는 안 움직이는 것
자세가 무너지면 무게를 낮추세요.

💡 MACHINE FIT PRO TIP
🔥 Inspiration Vertical Row의 가이드 궤적을 이용하세요. 첫 2세트는 천천히, 대칭이 확인된 뒤에만 무게를 올립니다.

🎯 MACHINE FIT CHECK
🟢 시트/패드 → 몸에 맞춤
🟢 팔꿈치 → 당김 방향
🟢 어깨 → 으쓱하지 않기
🟢 복귀 → 2~3초 통제

### 🔥 이것만 기억하세요

""손잡이보다 팔꿈치 궤적을 먼저 보기. 끝에서 1초, 복귀는 통제.""","🏋️ NAUTILUS — Inspiration Vertical Row · Inspiration

🎯 ONE KEY CUE
🔥 ""Watch the elbow path before you chase the handles""

Inspiration Vertical Row(IPVR5) 또는 Impact Vertical Row가 로우 머신 패턴입니다. Lean into the Inspiration Lock N Load design. Do not chase load until the setup feels locked in.

⚙️ ① Setup
🪑 Seat / pads
Pin yourself to the chest/back pad. If you lift off the pad, you are cheating with momentum.
🤲 Grip / hands
Take a comfortable grip width and keep the wrists stacked, not bent.
⚙️ Adjustments
Check 시트, 패드, 스택.
Naming can overlap in this category — trust the levers and pads on the unit in front of you.

💪 ② Start position
Lift the chest and keep the shoulders away from the ears. Prepare the back before the arms.
Check only this:
👉 Shoulders not shrugged

🔥 ③ Execution
Do not think “pull the handle.” Drive the elbows to the target.
Drive the elbows back/down on the row or pulldown path, then lengthen slowly.

💥 ④ Peak contraction
Stop where the elbows arrive and the back is squeezed.
⏱️ 1-second STOP
Own that position for one second. This is not where you dump the weight.

🐌 ⑤ Controlled return
Do not dump the load.
Take 2–3 seconds on the way back.
Keep the back set as the arms lengthen — do not let the shoulders dump forward.

❌ Common mistakes
❌ Leaning back for momentum
Slow the tempo and repeat one clean path.
❌ Shrugging and turning it into an upper-trap pull
Keep the shoulders away from the ears and restart.
❌ Yank the handles without moving the elbows
If position breaks, cut the load.

💡 MACHINE FIT PRO TIP
🔥 Use the guided path on Inspiration Vertical Row. Slow the first two sets, confirm symmetry, then add load.

🎯 MACHINE FIT CHECK
🟢 Seat/pad → fitted
🟢 Elbows → pull direction
🟢 Shoulders → not shrugged
🟢 Return → 2–3 sec control

### 🔥 Remember this

""Watch the elbow path before you chase the handles. One-second peak, controlled return."""
NAUTILUS,로우 로우,Low Row,Impact Low Row,PARTIALLY_VERIFIED,Nautilus,Impact,https://planet-fitness.com/catalogues-marques/catalogue-nautilus.pdf,Impact Low Row(9NA-S3306 계열). Multi-Station Low Row 모듈도 있습니다.,"시트, 풋 지지, 스택","🏋️ NAUTILUS — Impact Low Row · Impact

🎯 ONE KEY CUE
🔥 ""낮은 손잡이에서 팔꿈치를 옆구리로 끌어당기기""

Impact Low Row(9NA-S3306 계열). Multi-Station Low Row 모듈도 있습니다. Impact/Nitro 구조입니다. 처음부터 무게 올리지 말고, 세팅부터 잡으세요.

⚙️ ① 기구 세팅
🪑 좌석 / 패드
가슴/등 패드에 몸을 안정적으로 붙이세요. 패드에서 몸이 들리면 반동이 들어갑니다.
🤲 그립 / 손 위치
손잡이를 편안한 너비로 잡으세요. 손목이 꺾이지 않게 합니다.
⚙️ 조절 포인트
시트, 풋 지지, 스택을 확인하세요.
이 카테고리는 공식 명칭이 겹칠 수 있으니, 헬스장 기구의 실제 레버·패드 배치를 우선하세요.

💪 ② 시작 자세
가슴을 세우고 어깨를 귀에서 멀리 둡니다. 팔보다 등부터 준비합니다.
이 자세에서 이것만 확인하세요.
👉 어깨가 귀 쪽으로 올라가지 않는지

🔥 ③ 운동 방법
손잡이를 몸통 쪽으로 당겨 중·하부 등을 조인 뒤 복귀.
손잡이를 당긴다고 생각하지 말고, 팔꿈치를 목표 지점으로 보내세요.

💥 ④ 최고 수축
팔꿈치가 목표에 도착해 등이 조여지는 지점에서 멈춥니다.
⏱️ 1초 STOP
튕기지 말고 그 지점에서 1초만 소유하세요. 무게를 놓는 순간이 아닙니다.

🐌 ⑤ 천천히 돌아오기
중량을 그냥 놓지 마세요.
2~3초 동안 통제하면서 복귀합니다.
팔이 펴질 때까지 등을 놓지 말고, 어깨가 앞으로 말리지 않게 버팁니다.

❌ 흔한 실수
❌ 상체를 과도하게 흔들며 당기는
자세가 무너지면 무게를 낮추세요.
❌ 몸을 뒤로 젖혀 반동으로 당기는 것
템포를 늦추고 같은 궤적만 반복하세요.
❌ 어깨를 으쓱하며 승모근만 쓰는 것
어깨를 귀에서 멀리 두고 다시 시작하세요.
❌ 손잡이만 당기고 팔꿈치는 안 움직이는 것
자세가 무너지면 무게를 낮추세요.

💡 MACHINE FIT PRO TIP
🔥 Impact Low Row의 가이드 궤적을 이용하세요. 첫 2세트는 천천히, 대칭이 확인된 뒤에만 무게를 올립니다.

🎯 MACHINE FIT CHECK
🟢 시트/패드 → 몸에 맞춤
🟢 팔꿈치 → 당김 방향
🟢 어깨 → 으쓱하지 않기
🟢 복귀 → 2~3초 통제

### 🔥 이것만 기억하세요

""낮은 손잡이에서 팔꿈치를 옆구리로 끌어당기기. 끝에서 1초, 복귀는 통제.""","🏋️ NAUTILUS — Impact Low Row · Impact

🎯 ONE KEY CUE
🔥 ""From a low handle, drive the elbows to the ribs""

Impact Low Row(9NA-S3306 계열). Multi-Station Low Row 모듈도 있습니다. Lean into the Impact/Nitro design. Do not chase load until the setup feels locked in.

⚙️ ① Setup
🪑 Seat / pads
Pin yourself to the chest/back pad. If you lift off the pad, you are cheating with momentum.
🤲 Grip / hands
Take a comfortable grip width and keep the wrists stacked, not bent.
⚙️ Adjustments
Check 시트, 풋 지지, 스택.
Naming can overlap in this category — trust the levers and pads on the unit in front of you.

💪 ② Start position
Lift the chest and keep the shoulders away from the ears. Prepare the back before the arms.
Check only this:
👉 Shoulders not shrugged

🔥 ③ Execution
Do not think “pull the handle.” Drive the elbows to the target.
Drive the elbows back/down on the row or pulldown path, then lengthen slowly.

💥 ④ Peak contraction
Stop where the elbows arrive and the back is squeezed.
⏱️ 1-second STOP
Own that position for one second. This is not where you dump the weight.

🐌 ⑤ Controlled return
Do not dump the load.
Take 2–3 seconds on the way back.
Keep the back set as the arms lengthen — do not let the shoulders dump forward.

❌ Common mistakes
❌ Leaning back for momentum
Slow the tempo and repeat one clean path.
❌ Shrugging and turning it into an upper-trap pull
Keep the shoulders away from the ears and restart.
❌ Yank the handles without moving the elbows
If position breaks, cut the load.

💡 MACHINE FIT PRO TIP
🔥 Use the guided path on Impact Low Row. Slow the first two sets, confirm symmetry, then add load.

🎯 MACHINE FIT CHECK
🟢 Seat/pad → fitted
🟢 Elbows → pull direction
🟢 Shoulders → not shrugged
🟢 Return → 2–3 sec control

### 🔥 Remember this

""From a low handle, drive the elbows to the ribs. One-second peak, controlled return."""
NAUTILUS,미드 로우,Mid Row,Nautilus Multi-Station Mid-Row,PARTIALLY_VERIFIED,Nautilus,Multi-Station,https://planet-fitness.com/catalogues-marques/catalogue-nautilus.pdf,Multi-Station Mid-Row 모듈. Inspiration 단독 Mid Row SKU는 없습니다.,"시트, 손잡이 높이, 스택","🏋️ NAUTILUS — Nautilus Multi-Station Mid-Row · Multi-Station

🎯 ONE KEY CUE
🔥 ""팔꿈치를 몸통 높이로 당겨 중부 등 수축""

Multi-Station Mid-Row 모듈. Inspiration 단독 Mid Row SKU는 없습니다. 노틸러스(Inspiration·Impact·Leverage) 궤적을 그대로 타는 게 핵심입니다. 처음부터 무게 올리지 말고, 세팅부터 잡으세요.

⚙️ ① 기구 세팅
🪑 좌석 / 패드
가슴/등 패드에 몸을 안정적으로 붙이세요. 패드에서 몸이 들리면 반동이 들어갑니다.
🤲 그립 / 손 위치
손잡이 높이를 편안한 너비로 잡으세요. 손목이 꺾이지 않게 합니다.
⚙️ 조절 포인트
시트, 손잡이 높이, 스택을 확인하세요.
이 카테고리는 공식 명칭이 겹칠 수 있으니, 헬스장 기구의 실제 레버·패드 배치를 우선하세요.

💪 ② 시작 자세
가슴을 세우고 어깨를 귀에서 멀리 둡니다. 팔보다 등부터 준비합니다.
이 자세에서 이것만 확인하세요.
👉 어깨가 귀 쪽으로 올라가지 않는지

🔥 ③ 운동 방법
손잡이를 몸통 중앙으로 당겨 조인 뒤 복귀.
손잡이를 당긴다고 생각하지 말고, 팔꿈치를 목표 지점으로 보내세요.

💥 ④ 최고 수축
팔꿈치가 목표에 도착해 등이 조여지는 지점에서 멈춥니다.
⏱️ 1초 STOP
튕기지 말고 그 지점에서 1초만 소유하세요. 무게를 놓는 순간이 아닙니다.

🐌 ⑤ 천천히 돌아오기
중량을 그냥 놓지 마세요.
2~3초 동안 통제하면서 복귀합니다.
팔이 펴질 때까지 등을 놓지 말고, 어깨가 앞으로 말리지 않게 버팁니다.

❌ 흔한 실수
❌ 승모만 으쓱하며 올리는
어깨를 귀에서 멀리 두고 다시 시작하세요.
❌ 몸을 뒤로 젖혀 반동으로 당기는 것
템포를 늦추고 같은 궤적만 반복하세요.
❌ 어깨를 으쓱하며 승모근만 쓰는 것
어깨를 귀에서 멀리 두고 다시 시작하세요.
❌ 손잡이만 당기고 팔꿈치는 안 움직이는 것
자세가 무너지면 무게를 낮추세요.

💡 MACHINE FIT PRO TIP
🔥 Nautilus Multi-Station Mid-Row의 가이드 궤적을 이용하세요. 첫 2세트는 천천히, 대칭이 확인된 뒤에만 무게를 올립니다.

🎯 MACHINE FIT CHECK
🟢 시트/패드 → 몸에 맞춤
🟢 팔꿈치 → 당김 방향
🟢 어깨 → 으쓱하지 않기
🟢 복귀 → 2~3초 통제

### 🔥 이것만 기억하세요

""팔꿈치를 몸통 높이로 당겨 중부 등 수축. 끝에서 1초, 복귀는 통제.""","🏋️ NAUTILUS — Nautilus Multi-Station Mid-Row · Multi-Station

🎯 ONE KEY CUE
🔥 ""Pull the elbows to mid-torso height for mid-back squeeze""

Multi-Station Mid-Row 모듈. Inspiration 단독 Mid Row SKU는 없습니다. Ride the Nautilus (Inspiration / Impact / Leverage) path instead of fighting it. Do not chase load until the setup feels locked in.

⚙️ ① Setup
🪑 Seat / pads
Pin yourself to the chest/back pad. If you lift off the pad, you are cheating with momentum.
🤲 Grip / hands
Take a comfortable grip width and keep the wrists stacked, not bent.
⚙️ Adjustments
Check 시트, 손잡이 높이, 스택.
Naming can overlap in this category — trust the levers and pads on the unit in front of you.

💪 ② Start position
Lift the chest and keep the shoulders away from the ears. Prepare the back before the arms.
Check only this:
👉 Shoulders not shrugged

🔥 ③ Execution
Do not think “pull the handle.” Drive the elbows to the target.
Drive the elbows back/down on the row or pulldown path, then lengthen slowly.

💥 ④ Peak contraction
Stop where the elbows arrive and the back is squeezed.
⏱️ 1-second STOP
Own that position for one second. This is not where you dump the weight.

🐌 ⑤ Controlled return
Do not dump the load.
Take 2–3 seconds on the way back.
Keep the back set as the arms lengthen — do not let the shoulders dump forward.

❌ Common mistakes
❌ Leaning back for momentum
Slow the tempo and repeat one clean path.
❌ Shrugging and turning it into an upper-trap pull
Keep the shoulders away from the ears and restart.
❌ Yank the handles without moving the elbows
If position breaks, cut the load.

💡 MACHINE FIT PRO TIP
🔥 Use the guided path on Nautilus Multi-Station Mid-Row. Slow the first two sets, confirm symmetry, then add load.

🎯 MACHINE FIT CHECK
🟢 Seat/pad → fitted
🟢 Elbows → pull direction
🟢 Shoulders → not shrugged
🟢 Return → 2–3 sec control

### 🔥 Remember this

""Pull the elbows to mid-torso height for mid-back squeeze. One-second peak, controlled return."""
NAUTILUS,아이소래터럴 로우,Iso-Lateral Row,Inspiration Vertical Row,PARTIALLY_VERIFIED,Nautilus,Inspiration,https://innovativefit.com/catalog_product/nautilus-inspiration-selectorized-line/,공식 Iso-Lateral Row 명칭 SKU는 없고 Inspiration Vertical Row의 단측 패턴/레버리지 로우가 대안입니다.,"시트, 패드, 좌·우 부하","🏋️ NAUTILUS — Inspiration Vertical Row · Inspiration

🎯 ONE KEY CUE
🔥 ""좌우를 같은 깊이로 당겨 비대칭 교정""

공식 Iso-Lateral Row 명칭 SKU는 없고 Inspiration Vertical Row의 단측 패턴/레버리지 로우가 대안. 좌우가 독립으로 움직이는 · Inspiration Lock N Load 구조입니다. 처음부터 무게 올리지 말고, 세팅부터 잡으세요.

⚙️ ① 기구 세팅
🪑 좌석 / 패드
가슴/등 패드에 몸을 안정적으로 붙이세요. 패드에서 몸이 들리면 반동이 들어갑니다.
🤲 그립 / 손 위치
양손잡이 높이가 좌우 같은지 먼저 보세요. 독립 암이라 한쪽만 어긋나도 바로 느껴집니다.
⚙️ 조절 포인트
시트, 패드, 좌·우 부하를 확인하세요. 좌우 시작 위치가 같은지도 같이 봅니다.
이 카테고리는 공식 명칭이 겹칠 수 있으니, 헬스장 기구의 실제 레버·패드 배치를 우선하세요.

💪 ② 시작 자세
가슴을 세우고 어깨를 귀에서 멀리 둡니다. 팔보다 등부터 준비합니다.
좌우가 같은 높이에서 시작하는지 한 번 더 보세요.
이 자세에서 이것만 확인하세요.
👉 어깨가 귀 쪽으로 올라가지 않는지

🔥 ③ 운동 방법
각 팔을 독립적으로 당겨 등을 조인 뒤 복귀.
양쪽을 같은 속도로 움직이세요. 한쪽이 먼저 끝나면 무게를 더 올리기 전에 밸런스부터 잡습니다.

💥 ④ 최고 수축
팔꿈치가 목표에 도착해 등이 조여지는 지점에서 멈춥니다.
⏱️ 1초 STOP
튕기지 말고 그 지점에서 1초만 소유하세요. 무게를 놓는 순간이 아닙니다.

🐌 ⑤ 천천히 돌아오기
중량을 그냥 놓지 마세요.
2~3초 동안 통제하면서 복귀합니다.
팔이 펴질 때까지 등을 놓지 말고, 어깨가 앞으로 말리지 않게 버팁니다.

❌ 흔한 실수
❌ 강한 쪽으로만 깊게 당기는
자세가 무너지면 무게를 낮추세요.
❌ 몸을 뒤로 젖혀 반동으로 당기는 것
템포를 늦추고 같은 궤적만 반복하세요.
❌ 어깨를 으쓱하며 승모근만 쓰는 것
어깨를 귀에서 멀리 두고 다시 시작하세요.
❌ 손잡이만 당기고 팔꿈치는 안 움직이는 것
자세가 무너지면 무게를 낮추세요.
❌ 한쪽만 먼저 끝내고 반대쪽을 따라가게 하는 것
약한 쪽 속도에 강한 쪽을 맞추세요.

💡 MACHINE FIT PRO TIP
🔥 이 기구는 좌우 암이 독립적으로 움직이는 게 장점입니다. 무게를 올리기 전에 양쪽이 같은 속도로 가는지 확인하세요. 한쪽이 먼저 끝까지 가 버리면 중량보다 밸런스가 먼저입니다.

🎯 MACHINE FIT CHECK
🟢 시트/패드 → 몸에 맞춤
🟢 팔꿈치 → 당김 방향
🟢 좌우 → 같은 속도
🟢 복귀 → 2~3초 통제

### 🔥 이것만 기억하세요

""좌우 같은 속도, 끝에서 1초, 복귀는 통제.""","🏋️ NAUTILUS — Inspiration Vertical Row · Inspiration

🎯 ONE KEY CUE
🔥 ""Match pull depth left and right to correct asymmetries""

공식 Iso-Lateral Row 명칭 SKU는 없고 Inspiration Vertical Row의 단측 패턴/레버리지 로우가 대안입니다. Lean into the independent arms / Inspiration Lock N Load design. Do not chase load until the setup feels locked in.

⚙️ ① Setup
🪑 Seat / pads
Pin yourself to the chest/back pad. If you lift off the pad, you are cheating with momentum.
🤲 Grip / hands
Match left and right handle height first — independent arms expose any mismatch immediately.
⚙️ Adjustments
Check 시트, 패드, 좌·우 부하. Confirm both sides start from the same position.
Naming can overlap in this category — trust the levers and pads on the unit in front of you.

💪 ② Start position
Lift the chest and keep the shoulders away from the ears. Prepare the back before the arms.
Double-check both sides start at the same height.
Check only this:
👉 Shoulders not shrugged

🔥 ③ Execution
Match left-right speed. If one side finishes early, fix balance before adding load.
Drive the elbows back/down on the row or pulldown path, then lengthen slowly. Keep both sides honest.

💥 ④ Peak contraction
Stop where the elbows arrive and the back is squeezed.
⏱️ 1-second STOP
Own that position for one second. This is not where you dump the weight.

🐌 ⑤ Controlled return
Do not dump the load.
Take 2–3 seconds on the way back.
Keep the back set as the arms lengthen — do not let the shoulders dump forward.

❌ Common mistakes
❌ Leaning back for momentum
Slow the tempo and repeat one clean path.
❌ Shrugging and turning it into an upper-trap pull
Keep the shoulders away from the ears and restart.
❌ Yank the handles without moving the elbows
If position breaks, cut the load.
❌ Letting one side finish early
Match the stronger side to the weaker side’s speed.

💡 MACHINE FIT PRO TIP
🔥 Independent arms are the point. Before you load up, confirm both sides move at the same speed. If one side finishes early, fix balance before adding plates or pins.

🎯 MACHINE FIT CHECK
🟢 Seat/pad → fitted
🟢 Elbows → pull direction
🟢 Left/right → same speed
🟢 Return → 2–3 sec control

### 🔥 Remember this

""Match sides, one-second peak, controlled return."""
NAUTILUS,아이소래터럴 로우 로우,Iso-Lateral Low Row,Impact Low Row,PARTIALLY_VERIFIED,Nautilus,Impact,https://planet-fitness.com/catalogues-marques/catalogue-nautilus.pdf,Impact Low Row 계열로 낮은 궤적 편측 패턴을 맞춥니다. 별도 Iso-Lateral Low Row 명칭은 없습니다.,"시트, 풋 지지, 좌·우 부하","🏋️ NAUTILUS — Impact Low Row · Impact

🎯 ONE KEY CUE
🔥 ""낮은 궤적에서도 좌우 깊이를 맞춰 당기기""

Impact Low Row 계열로 낮은 궤적 편측 패턴을 맞춥니다. 별도 Iso-Lateral Low Row 명칭은 없습니다. 좌우가 독립으로 움직이는 · Impact/Nitro 구조입니다. 처음부터 무게 올리지 말고, 세팅부터 잡으세요.

⚙️ ① 기구 세팅
🪑 좌석 / 패드
가슴/등 패드에 몸을 안정적으로 붙이세요. 패드에서 몸이 들리면 반동이 들어갑니다.
🤲 그립 / 손 위치
양손잡이 높이가 좌우 같은지 먼저 보세요. 독립 암이라 한쪽만 어긋나도 바로 느껴집니다.
⚙️ 조절 포인트
시트, 풋 지지, 좌·우 부하를 확인하세요. 좌우 시작 위치가 같은지도 같이 봅니다.
이 카테고리는 공식 명칭이 겹칠 수 있으니, 헬스장 기구의 실제 레버·패드 배치를 우선하세요.

💪 ② 시작 자세
가슴을 세우고 어깨를 귀에서 멀리 둡니다. 팔보다 등부터 준비합니다.
좌우가 같은 높이에서 시작하는지 한 번 더 보세요.
이 자세에서 이것만 확인하세요.
👉 어깨가 귀 쪽으로 올라가지 않는지

🔥 ③ 운동 방법
낮은 손잡이를 몸통으로 당겨 조인 뒤 복귀.
양쪽을 같은 속도로 움직이세요. 한쪽이 먼저 끝나면 무게를 더 올리기 전에 밸런스부터 잡습니다.

💥 ④ 최고 수축
팔꿈치가 목표에 도착해 등이 조여지는 지점에서 멈춥니다.
⏱️ 1초 STOP
튕기지 말고 그 지점에서 1초만 소유하세요. 무게를 놓는 순간이 아닙니다.

🐌 ⑤ 천천히 돌아오기
중량을 그냥 놓지 마세요.
2~3초 동안 통제하면서 복귀합니다.
팔이 펴질 때까지 등을 놓지 말고, 어깨가 앞으로 말리지 않게 버팁니다.

❌ 흔한 실수
❌ 몸통이 돌아가며 한쪽으로 기울어지는
자세가 무너지면 무게를 낮추세요.
❌ 몸을 뒤로 젖혀 반동으로 당기는 것
템포를 늦추고 같은 궤적만 반복하세요.
❌ 어깨를 으쓱하며 승모근만 쓰는 것
어깨를 귀에서 멀리 두고 다시 시작하세요.
❌ 손잡이만 당기고 팔꿈치는 안 움직이는 것
자세가 무너지면 무게를 낮추세요.
❌ 한쪽만 먼저 끝내고 반대쪽을 따라가게 하는 것
약한 쪽 속도에 강한 쪽을 맞추세요.

💡 MACHINE FIT PRO TIP
🔥 이 기구는 좌우 암이 독립적으로 움직이는 게 장점입니다. 무게를 올리기 전에 양쪽이 같은 속도로 가는지 확인하세요. 한쪽이 먼저 끝까지 가 버리면 중량보다 밸런스가 먼저입니다.

🎯 MACHINE FIT CHECK
🟢 시트/패드 → 몸에 맞춤
🟢 팔꿈치 → 당김 방향
🟢 좌우 → 같은 속도
🟢 복귀 → 2~3초 통제

### 🔥 이것만 기억하세요

""좌우 같은 속도, 끝에서 1초, 복귀는 통제.""","🏋️ NAUTILUS — Impact Low Row · Impact

🎯 ONE KEY CUE
🔥 ""Even on a low path, match left and right pull depth""

Impact Low Row 계열로 낮은 궤적 편측 패턴을 맞춥니다. 별도 Iso-Lateral Low Row 명칭은 없습니다. Lean into the independent arms / Impact/Nitro design. Do not chase load until the setup feels locked in.

⚙️ ① Setup
🪑 Seat / pads
Pin yourself to the chest/back pad. If you lift off the pad, you are cheating with momentum.
🤲 Grip / hands
Match left and right handle height first — independent arms expose any mismatch immediately.
⚙️ Adjustments
Check 시트, 풋 지지, 좌·우 부하. Confirm both sides start from the same position.
Naming can overlap in this category — trust the levers and pads on the unit in front of you.

💪 ② Start position
Lift the chest and keep the shoulders away from the ears. Prepare the back before the arms.
Double-check both sides start at the same height.
Check only this:
👉 Shoulders not shrugged

🔥 ③ Execution
Match left-right speed. If one side finishes early, fix balance before adding load.
Drive the elbows back/down on the row or pulldown path, then lengthen slowly. Keep both sides honest.

💥 ④ Peak contraction
Stop where the elbows arrive and the back is squeezed.
⏱️ 1-second STOP
Own that position for one second. This is not where you dump the weight.

🐌 ⑤ Controlled return
Do not dump the load.
Take 2–3 seconds on the way back.
Keep the back set as the arms lengthen — do not let the shoulders dump forward.

❌ Common mistakes
❌ Leaning back for momentum
Slow the tempo and repeat one clean path.
❌ Shrugging and turning it into an upper-trap pull
Keep the shoulders away from the ears and restart.
❌ Yank the handles without moving the elbows
If position breaks, cut the load.
❌ Letting one side finish early
Match the stronger side to the weaker side’s speed.

💡 MACHINE FIT PRO TIP
🔥 Independent arms are the point. Before you load up, confirm both sides move at the same speed. If one side finishes early, fix balance before adding plates or pins.

🎯 MACHINE FIT CHECK
🟢 Seat/pad → fitted
🟢 Elbows → pull direction
🟢 Left/right → same speed
🟢 Return → 2–3 sec control

### 🔥 Remember this

""Match sides, one-second peak, controlled return."""
NAUTILUS,체스트 서포티드 로우,Chest Supported Row,Inspiration Vertical Row,PARTIALLY_VERIFIED,Nautilus,Inspiration,https://innovativefit.com/catalog_product/nautilus-inspiration-selectorized-line/,Inspiration Vertical Row(IPVR5)가 가슴 지지형 로우입니다.,"시트, 가슴 패드 밀착, Lock N Load","🏋️ NAUTILUS — Inspiration Vertical Row · Inspiration

🎯 ONE KEY CUE
🔥 ""가슴이 패드에서 뜨지 않게 붙인 채 당기기""

Inspiration Vertical Row(IPVR5)가 가슴 지지형 로우. 가슴 지지 · Inspiration Lock N Load 구조입니다. 처음부터 무게 올리지 말고, 세팅부터 잡으세요.

⚙️ ① 기구 세팅
🪑 좌석 / 패드
가슴/등 패드에 몸을 안정적으로 붙이세요. 패드에서 몸이 들리면 반동이 들어갑니다.
🤲 그립 / 손 위치
손잡이를 편안한 너비로 잡으세요. 손목이 꺾이지 않게 합니다.
⚙️ 조절 포인트
시트, 가슴 패드 밀착, Lock N Load을 확인하세요.
이 카테고리는 공식 명칭이 겹칠 수 있으니, 헬스장 기구의 실제 레버·패드 배치를 우선하세요.

💪 ② 시작 자세
가슴을 세우고 어깨를 귀에서 멀리 둡니다. 팔보다 등부터 준비합니다.
이 자세에서 이것만 확인하세요.
👉 어깨가 귀 쪽으로 올라가지 않는지

🔥 ③ 운동 방법
가슴 지지 상태로 팔꿈치를 뒤로 보내 조인 뒤 복귀.
손잡이를 당긴다고 생각하지 말고, 팔꿈치를 목표 지점으로 보내세요.

💥 ④ 최고 수축
팔꿈치가 목표에 도착해 등이 조여지는 지점에서 멈춥니다.
⏱️ 1초 STOP
튕기지 말고 그 지점에서 1초만 소유하세요. 무게를 놓는 순간이 아닙니다.

🐌 ⑤ 천천히 돌아오기
중량을 그냥 놓지 마세요.
2~3초 동안 통제하면서 복귀합니다.
팔이 펴질 때까지 등을 놓지 말고, 어깨가 앞으로 말리지 않게 버팁니다.

❌ 흔한 실수
❌ 패드에서 몸을 떼며 반동을 쓰는
템포를 늦추고 같은 궤적만 반복하세요.
❌ 몸을 뒤로 젖혀 반동으로 당기는 것
템포를 늦추고 같은 궤적만 반복하세요.
❌ 어깨를 으쓱하며 승모근만 쓰는 것
어깨를 귀에서 멀리 두고 다시 시작하세요.
❌ 손잡이만 당기고 팔꿈치는 안 움직이는 것
자세가 무너지면 무게를 낮추세요.

💡 MACHINE FIT PRO TIP
🔥 가슴 패드가 있는 이유가 반동을 끊기 위해서입니다. 패드를 밀고 일어서지 말고, 가슴을 붙인 채 팔꿈치만 움직이세요.

🎯 MACHINE FIT CHECK
🟢 시트/패드 → 몸에 맞춤
🟢 가슴 → 패드에 고정
🟢 어깨 → 으쓱하지 않기
🟢 복귀 → 2~3초 통제

### 🔥 이것만 기억하세요

""가슴은 패드에, 팔꿈치는 뒤로, 끝에서 1초.""","🏋️ NAUTILUS — Inspiration Vertical Row · Inspiration

🎯 ONE KEY CUE
🔥 ""Keep the chest glued to the pad as you pull""

Inspiration Vertical Row(IPVR5)가 가슴 지지형 로우입니다. Lean into the chest-supported / Inspiration Lock N Load design. Do not chase load until the setup feels locked in.

⚙️ ① Setup
🪑 Seat / pads
Pin yourself to the chest/back pad. If you lift off the pad, you are cheating with momentum.
🤲 Grip / hands
Take a comfortable grip width and keep the wrists stacked, not bent.
⚙️ Adjustments
Check 시트, 가슴 패드 밀착, Lock N Load.
Naming can overlap in this category — trust the levers and pads on the unit in front of you.

💪 ② Start position
Lift the chest and keep the shoulders away from the ears. Prepare the back before the arms.
Check only this:
👉 Shoulders not shrugged

🔥 ③ Execution
Do not think “pull the handle.” Drive the elbows to the target.
Drive the elbows back/down on the row or pulldown path, then lengthen slowly.

💥 ④ Peak contraction
Stop where the elbows arrive and the back is squeezed.
⏱️ 1-second STOP
Own that position for one second. This is not where you dump the weight.

🐌 ⑤ Controlled return
Do not dump the load.
Take 2–3 seconds on the way back.
Keep the back set as the arms lengthen — do not let the shoulders dump forward.

❌ Common mistakes
❌ Leaning back for momentum
Slow the tempo and repeat one clean path.
❌ Shrugging and turning it into an upper-trap pull
Keep the shoulders away from the ears and restart.
❌ Yank the handles without moving the elbows
If position breaks, cut the load.

💡 MACHINE FIT PRO TIP
🔥 The chest pad exists to kill momentum. Stay glued to it and move only through the elbows.

🎯 MACHINE FIT CHECK
🟢 Seat/pad → fitted
🟢 Chest → glued to pad
🟢 Shoulders → not shrugged
🟢 Return → 2–3 sec control

### 🔥 Remember this

""Chest on the pad, elbows back, one-second squeeze."""
NAUTILUS,T바 로우 머신,T-Bar Row,Nautilus Incline Lever Row,PARTIALLY_VERIFIED,Nautilus,Leverage Plate Loaded,https://planet-fitness.com/catalogues-marques/catalogue-nautilus.pdf,Leverage Incline Lever Row가 T바/레버 로우 패턴에 가깝습니다. 공식 T-Bar Row 명칭 SKU는 없습니다.,"가슴/힙 지지, 손잡이, 플레이트","🏋️ NAUTILUS — Nautilus Incline Lever Row · Leverage Plate Loaded

🎯 ONE KEY CUE
🔥 ""힙 힌지를 유지한 채 팔꿈치로 등을 조이기""

Leverage Incline Lever Row가 T바/레버 로우 패턴에 가깝습니다. 공식 T-Bar Row 명칭 SKU는 없습니다. 플레이트 로딩 구조입니다. 처음부터 무게 올리지 말고, 세팅부터 잡으세요.

⚙️ ① 기구 세팅
🤲 그립 / 손 위치
손잡이를 편안한 너비로 잡으세요. 손목이 꺾이지 않게 합니다.
⚙️ 조절 포인트
가슴/힙 지지, 손잡이, 플레이트를 확인하세요. 양쪽 플레이트를 동일하게 맞추고, 한쪽만 먼저 올리지 마세요.
이 카테고리는 공식 명칭이 겹칠 수 있으니, 헬스장 기구의 실제 레버·패드 배치를 우선하세요.

💪 ② 시작 자세
가슴을 세우고 어깨를 귀에서 멀리 둡니다. 팔보다 등부터 준비합니다.
이 자세에서 이것만 확인하세요.
👉 어깨가 귀 쪽으로 올라가지 않는지

🔥 ③ 운동 방법
손잡이를 몸통으로 당겨 중부 등을 조인 뒤 복귀.
손잡이를 당긴다고 생각하지 말고, 팔꿈치를 목표 지점으로 보내세요.

💥 ④ 최고 수축
팔꿈치가 목표에 도착해 등이 조여지는 지점에서 멈춥니다.
⏱️ 1초 STOP
튕기지 말고 그 지점에서 1초만 소유하세요. 무게를 놓는 순간이 아닙니다.

🐌 ⑤ 천천히 돌아오기
중량을 그냥 놓지 마세요.
2~3초 동안 통제하면서 복귀합니다.
팔이 펴질 때까지 등을 놓지 말고, 어깨가 앞으로 말리지 않게 버팁니다.

❌ 흔한 실수
❌ 허리를 둥글게 말아 당기는
자세가 무너지면 무게를 낮추세요.
❌ 몸을 뒤로 젖혀 반동으로 당기는 것
템포를 늦추고 같은 궤적만 반복하세요.
❌ 어깨를 으쓱하며 승모근만 쓰는 것
어깨를 귀에서 멀리 두고 다시 시작하세요.
❌ 손잡이만 당기고 팔꿈치는 안 움직이는 것
자세가 무너지면 무게를 낮추세요.
❌ 양쪽 플레이트 무게를 다르게 올리는 것
양쪽을 맞춘 뒤 가벼운 세트로 좌우를 확인하세요.

💡 MACHINE FIT PRO TIP
🔥 Nautilus Incline Lever Row은 플레이트 로딩입니다. 좌우 원판을 동일하게 맞추고, 첫 세트는 궤적·좌우 대칭만 확인한 다음 무게를 올리세요.

🎯 MACHINE FIT CHECK
🟢 시트/패드 → 몸에 맞춤
🟢 팔꿈치 → 당김 방향
🟢 원판 → 좌우 동일
🟢 복귀 → 2~3초 통제

### 🔥 이것만 기억하세요

""힙 힌지를 유지한 채 팔꿈치로 등을 조이기. 끝에서 1초, 복귀는 통제.""","🏋️ NAUTILUS — Nautilus Incline Lever Row · Leverage Plate Loaded

🎯 ONE KEY CUE
🔥 ""Keep the hip hinge and squeeze the back through the elbows""

Leverage Incline Lever Row가 T바/레버 로우 패턴에 가깝습니다. 공식 T-Bar Row 명칭 SKU는 없습니다. Lean into the plate-loaded design. Do not chase load until the setup feels locked in.

⚙️ ① Setup
🤲 Grip / hands
Take a comfortable grip width and keep the wrists stacked, not bent.
⚙️ Adjustments
Check 가슴/힙 지지, 손잡이, 플레이트. Match plates on both sides — do not load one arm first.
Naming can overlap in this category — trust the levers and pads on the unit in front of you.

💪 ② Start position
Lift the chest and keep the shoulders away from the ears. Prepare the back before the arms.
Check only this:
👉 Shoulders not shrugged

🔥 ③ Execution
Do not think “pull the handle.” Drive the elbows to the target.
Drive the elbows back/down on the row or pulldown path, then lengthen slowly.

💥 ④ Peak contraction
Stop where the elbows arrive and the back is squeezed.
⏱️ 1-second STOP
Own that position for one second. This is not where you dump the weight.

🐌 ⑤ Controlled return
Do not dump the load.
Take 2–3 seconds on the way back.
Keep the back set as the arms lengthen — do not let the shoulders dump forward.

❌ Common mistakes
❌ Leaning back for momentum
Slow the tempo and repeat one clean path.
❌ Shrugging and turning it into an upper-trap pull
Keep the shoulders away from the ears and restart.
❌ Yank the handles without moving the elbows
If position breaks, cut the load.
❌ Loading unequal plates
Match both sides, then confirm with a light set.

💡 MACHINE FIT PRO TIP
🔥 Nautilus Incline Lever Row is plate-loaded. Match plates, confirm path and left-right symmetry on set one, then add load.

🎯 MACHINE FIT CHECK
🟢 Seat/pad → fitted
🟢 Elbows → pull direction
🟢 Plates → matched
🟢 Return → 2–3 sec control

### 🔥 Remember this

""Keep the hip hinge and squeeze the back through the elbows. One-second peak, controlled return."""
NAUTILUS,풀오버,Pullover,Inspiration Pull Over,VERIFIED,Nautilus,Inspiration,https://innovativefit.com/catalog_product/nautilus-inspiration-selectorized-line/,Inspiration Pull Over(IPPO5) — Nautilus 시그니처 풀오버입니다.,"시트, 팔 패드, ROM, Lock N Load","🏋️ NAUTILUS — Inspiration Pull Over · Inspiration

🎯 ONE KEY CUE
🔥 ""갈비뼈를 내리며 광배로 아치를 그리듯 당기기""

Inspiration Pull Over(IPPO5) — Nautilus 시그니처 풀오버. Inspiration Lock N Load 구조입니다. 처음부터 무게 올리지 말고, 세팅부터 잡으세요.

⚙️ ① 기구 세팅
🪑 좌석 / 패드
가슴/등 패드에 몸을 안정적으로 붙이세요. 패드에서 몸이 들리면 반동이 들어갑니다.
🤲 그립 / 손 위치
팔 패드를 편안한 너비로 잡으세요. 손목이 꺾이지 않게 합니다.
⚙️ 조절 포인트
시트, 팔 패드, ROM, Lock N Load를 확인하세요.

💪 ② 시작 자세
가슴을 세우고 어깨를 귀에서 멀리 둡니다. 팔보다 등부터 준비합니다.
이 자세에서 이것만 확인하세요.
👉 어깨가 귀 쪽으로 올라가지 않는지

🔥 ③ 운동 방법
머리 위쪽에서 엉덩이 방향으로 아치를 그리며 당겼다 복귀.
손잡이를 당긴다고 생각하지 말고, 팔꿈치를 목표 지점으로 보내세요.

💥 ④ 최고 수축
팔꿈치가 목표에 도착해 등이 조여지는 지점에서 멈춥니다.
⏱️ 1초 STOP
튕기지 말고 그 지점에서 1초만 소유하세요. 무게를 놓는 순간이 아닙니다.

🐌 ⑤ 천천히 돌아오기
중량을 그냥 놓지 마세요.
2~3초 동안 통제하면서 복귀합니다.
팔이 펴질 때까지 등을 놓지 말고, 어깨가 앞으로 말리지 않게 버팁니다.

❌ 흔한 실수
❌ 팔꿈치만 굽혀 이두·삼두로 바꾸는
자세가 무너지면 무게를 낮추세요.
❌ 몸을 뒤로 젖혀 반동으로 당기는 것
템포를 늦추고 같은 궤적만 반복하세요.
❌ 어깨를 으쓱하며 승모근만 쓰는 것
어깨를 귀에서 멀리 두고 다시 시작하세요.
❌ 손잡이만 당기고 팔꿈치는 안 움직이는 것
자세가 무너지면 무게를 낮추세요.

💡 MACHINE FIT PRO TIP
🔥 Inspiration Pull Over의 가이드 궤적을 이용하세요. 첫 2세트는 천천히, 대칭이 확인된 뒤에만 무게를 올립니다.

🎯 MACHINE FIT CHECK
🟢 시트/패드 → 몸에 맞춤
🟢 팔꿈치 → 당김 방향
🟢 어깨 → 으쓱하지 않기
🟢 복귀 → 2~3초 통제

### 🔥 이것만 기억하세요

""갈비뼈를 내리며 광배로 아치를 그리듯 당기기. 끝에서 1초, 복귀는 통제.""","🏋️ NAUTILUS — Inspiration Pull Over · Inspiration

🎯 ONE KEY CUE
🔥 ""Depress the ribs and arc the load through the lats""

Inspiration Pull Over(IPPO5) — Nautilus 시그니처 풀오버입니다. Lean into the Inspiration Lock N Load design. Do not chase load until the setup feels locked in.

⚙️ ① Setup
🪑 Seat / pads
Pin yourself to the chest/back pad. If you lift off the pad, you are cheating with momentum.
🤲 Grip / hands
Take a comfortable grip width and keep the wrists stacked, not bent.
⚙️ Adjustments
Check 시트, 팔 패드, ROM, Lock N Load.

💪 ② Start position
Lift the chest and keep the shoulders away from the ears. Prepare the back before the arms.
Check only this:
👉 Shoulders not shrugged

🔥 ③ Execution
Do not think “pull the handle.” Drive the elbows to the target.
Drive the elbows back/down on the row or pulldown path, then lengthen slowly.

💥 ④ Peak contraction
Stop where the elbows arrive and the back is squeezed.
⏱️ 1-second STOP
Own that position for one second. This is not where you dump the weight.

🐌 ⑤ Controlled return
Do not dump the load.
Take 2–3 seconds on the way back.
Keep the back set as the arms lengthen — do not let the shoulders dump forward.

❌ Common mistakes
❌ Leaning back for momentum
Slow the tempo and repeat one clean path.
❌ Shrugging and turning it into an upper-trap pull
Keep the shoulders away from the ears and restart.
❌ Yank the handles without moving the elbows
If position breaks, cut the load.

💡 MACHINE FIT PRO TIP
🔥 Use the guided path on Inspiration Pull Over. Slow the first two sets, confirm symmetry, then add load.

🎯 MACHINE FIT CHECK
🟢 Seat/pad → fitted
🟢 Elbows → pull direction
🟢 Shoulders → not shrugged
🟢 Return → 2–3 sec control

### 🔥 Remember this

""Depress the ribs and arc the load through the lats. One-second peak, controlled return."""
NAUTILUS,어시스트 풀업 / 친업,Assisted Pull-up / Chin-up,,BRAND_MODEL_NOT_FOUND,Nautilus,,https://planet-fitness.com/catalogues-marques/catalogue-nautilus.pdf,Inspiration 라인에 Assisted Pull-up/Chin-up 전용 SKU가 뚜렷하지 않습니다.,"무릎 패드, 어시스트량, 그립","🏋️ NAUTILUS — 어시스트 풀업 / 친업

🎯 ONE KEY CUE
🔥 ""어깨를 내린 채 가슴을 바 방향으로 끌어올리기""

노틸러스 전용 모델이 없는 카테고리입니다. 헬스장에 있는 실제 기구의 패드·레버·안전장치를 먼저 확인한 뒤, 아래 패턴으로 움직이세요.

⚙️ ① 기구 세팅
🪑 좌석 / 패드
가슴/등 패드에 몸을 안정적으로 붙이세요. 패드에서 몸이 들리면 반동이 들어갑니다.
🤲 그립 / 손 위치
그립를 편안한 너비로 잡으세요. 손목이 꺾이지 않게 합니다.
⚙️ 조절 포인트
무릎 패드, 어시스트량, 그립을 확인하세요.

💪 ② 시작 자세
가슴을 세우고 어깨를 귀에서 멀리 둡니다. 팔보다 등부터 준비합니다.
이 자세에서 이것만 확인하세요.
👉 어깨가 귀 쪽으로 올라가지 않는지

🔥 ③ 운동 방법
팔꿈치를 옆구리로 당겨 올라갔다 천천히 하강.
손잡이를 당긴다고 생각하지 말고, 팔꿈치를 목표 지점으로 보내세요.

💥 ④ 최고 수축
팔꿈치가 목표에 도착해 등이 조여지는 지점에서 멈춥니다.
⏱️ 1초 STOP
튕기지 말고 그 지점에서 1초만 소유하세요. 무게를 놓는 순간이 아닙니다.

🐌 ⑤ 천천히 돌아오기
중량을 그냥 놓지 마세요.
2~3초 동안 통제하면서 복귀합니다.
팔이 펴질 때까지 등을 놓지 말고, 어깨가 앞으로 말리지 않게 버팁니다.

❌ 흔한 실수
❌ 어시스트에 앉아 반동으로만 올라가는
템포를 늦추고 같은 궤적만 반복하세요.
❌ 몸을 뒤로 젖혀 반동으로 당기는 것
템포를 늦추고 같은 궤적만 반복하세요.
❌ 어깨를 으쓱하며 승모근만 쓰는 것
어깨를 귀에서 멀리 두고 다시 시작하세요.
❌ 손잡이만 당기고 팔꿈치는 안 움직이는 것
자세가 무너지면 무게를 낮추세요.

💡 MACHINE FIT PRO TIP
🔥 이 항목은 해머 스트렝스 전용 SKU가 없습니다. ""어시스트 풀업 / 친업""로 분류된 실제 기구의 패드·레버·안전장치만 믿고, 가벼운 무게로 5회 리허설 후 본 세트를 시작하세요.

🎯 MACHINE FIT CHECK
🟢 시트/패드 → 몸에 맞춤
🟢 팔꿈치 → 당김 방향
🟢 어깨 → 으쓱하지 않기
🟢 복귀 → 2~3초 통제

### 🔥 이것만 기억하세요

""어깨를 내린 채 가슴을 바 방향으로 끌어올리기. 끝에서 1초, 복귀는 통제.""","🏋️ NAUTILUS — Assisted Pull-up / Chin-up

🎯 ONE KEY CUE
🔥 ""Depress the shoulders and pull the chest toward the bar""

There is no dedicated Nautilus SKU for this category. Confirm pads, levers, and safeties on the unit in your gym, then follow the movement pattern below.

⚙️ ① Setup
🪑 Seat / pads
Pin yourself to the chest/back pad. If you lift off the pad, you are cheating with momentum.
🤲 Grip / hands
Take a comfortable grip width and keep the wrists stacked, not bent.
⚙️ Adjustments
Check 무릎 패드, 어시스트량, 그립.

💪 ② Start position
Lift the chest and keep the shoulders away from the ears. Prepare the back before the arms.
Check only this:
👉 Shoulders not shrugged

🔥 ③ Execution
Do not think “pull the handle.” Drive the elbows to the target.
Drive the elbows back/down on the row or pulldown path, then lengthen slowly.

💥 ④ Peak contraction
Stop where the elbows arrive and the back is squeezed.
⏱️ 1-second STOP
Own that position for one second. This is not where you dump the weight.

🐌 ⑤ Controlled return
Do not dump the load.
Take 2–3 seconds on the way back.
Keep the back set as the arms lengthen — do not let the shoulders dump forward.

❌ Common mistakes
❌ Leaning back for momentum
Slow the tempo and repeat one clean path.
❌ Shrugging and turning it into an upper-trap pull
Keep the shoulders away from the ears and restart.
❌ Yank the handles without moving the elbows
If position breaks, cut the load.

💡 MACHINE FIT PRO TIP
🔥 No dedicated Hammer Strength SKU for this slot. Trust the pads/levers/safeties on the unit labeled like ""Assisted Pull-up / Chin-up"", rehearse five light reps, then start working sets.

🎯 MACHINE FIT CHECK
🟢 Seat/pad → fitted
🟢 Elbows → pull direction
🟢 Shoulders → not shrugged
🟢 Return → 2–3 sec control

### 🔥 Remember this

""Depress the shoulders and pull the chest toward the bar. One-second peak, controlled return."""
NAUTILUS,숄더 프레스,Shoulder Press,Inspiration Shoulder Press,VERIFIED,Nautilus,Inspiration,https://innovativefit.com/catalog_product/nautilus-inspiration-selectorized-line/,Inspiration Shoulder Press(IPSP5)입니다.,"시트, Lock N Load, ROM","🏋️ NAUTILUS — Inspiration Shoulder Press · Inspiration

🎯 ONE KEY CUE
🔥 ""갈비뼈를 내리고 귀 옆 경로로 밀어 올리기""

Inspiration Shoulder Press(IPSP5). Inspiration Lock N Load 구조입니다. 처음부터 무게 올리지 말고, 세팅부터 잡으세요.

⚙️ ① 기구 세팅
🪑 좌석 / 패드
시트를 몸에 맞추세요. 시작 위치가 어깨·관절에 자연스럽게 오는지 확인합니다.
🤲 그립 / 손 위치
손잡이를 편안한 너비로 잡으세요. 손목이 꺾이지 않게 합니다.
⚙️ 조절 포인트
시트, Lock N Load, ROM를 확인하세요.

💪 ② 시작 자세
갈비뼈를 내리고 허리를 과하게 아치하지 않습니다. 팔꿈치를 시작 궤적에 올립니다.
이 자세에서 이것만 확인하세요.
👉 허리가 과하게 꺾이지 않는지

🔥 ③ 운동 방법
손잡이를 위로 밀었다 천천히 어깨 높이로 복귀.
반동으로 올리지 마세요. 팔꿈치가 궤적을 주도하게 둡니다.

💥 ④ 최고 수축
목표 근육이 가장 조여지는 끝 지점에서 멈춥니다.
⏱️ 1초 STOP
튕기지 말고 그 지점에서 1초만 소유하세요. 무게를 놓는 순간이 아닙니다.

🐌 ⑤ 천천히 돌아오기
중량을 그냥 놓지 마세요.
2~3초 동안 통제하면서 복귀합니다.
시작 자세로 돌아갈 때도 같은 궤적을 유지하세요.

❌ 흔한 실수
❌ 허리를 과신전하며 반동으로 미는
템포를 늦추고 같은 궤적만 반복하세요.
❌ 허리를 꺾어 프레스하는 것
자세가 무너지면 무게를 낮추세요.
❌ 어깨를 귀 쪽으로 으쓱하는 것
어깨를 귀에서 멀리 두고 다시 시작하세요.
❌ 반동으로 들어 올리는 것
템포를 늦추고 같은 궤적만 반복하세요.

💡 MACHINE FIT PRO TIP
🔥 Inspiration Shoulder Press의 가이드 궤적을 이용하세요. 첫 2세트는 천천히, 대칭이 확인된 뒤에만 무게를 올립니다.

🎯 MACHINE FIT CHECK
🟢 시트/패드 → 몸에 맞춤
🟢 팔꿈치 → 미는/드는 방향
🟢 어깨 → 으쓱하지 않기
🟢 복귀 → 2~3초 통제

### 🔥 이것만 기억하세요

""갈비뼈를 내리고 귀 옆 경로로 밀어 올리기. 끝에서 1초, 복귀는 통제.""","🏋️ NAUTILUS — Inspiration Shoulder Press · Inspiration

🎯 ONE KEY CUE
🔥 ""Keep the ribs down and press beside the ears""

Inspiration Shoulder Press(IPSP5)입니다. Lean into the Inspiration Lock N Load design. Do not chase load until the setup feels locked in.

⚙️ ① Setup
🪑 Seat / pads
Fit the seat to your body so the start position sits naturally on the working joint.
🤲 Grip / hands
Take a comfortable grip width and keep the wrists stacked, not bent.
⚙️ Adjustments
Check 시트, Lock N Load, ROM.

💪 ② Start position
Drop the ribs — do not over-arch. Set the elbows on the press path.
Check only this:
👉 Low back not over-arched

🔥 ③ Execution
No bounce. Let the elbows own the path.
Press or raise on the guided path, then lower without dumping the shoulders.

💥 ④ Peak contraction
Stop where the target muscle is most shortened.
⏱️ 1-second STOP
Own that position for one second. This is not where you dump the weight.

🐌 ⑤ Controlled return
Do not dump the load.
Take 2–3 seconds on the way back.
Return on the same path you pressed or pulled.

❌ Common mistakes
❌ Pressing with an over-arched low back
If position breaks, cut the load.
❌ Shrugging the shoulders into the ears
Keep the shoulders away from the ears and restart.
❌ Bouncing the weight up
Slow the tempo and repeat one clean path.

💡 MACHINE FIT PRO TIP
🔥 Use the guided path on Inspiration Shoulder Press. Slow the first two sets, confirm symmetry, then add load.

🎯 MACHINE FIT CHECK
🟢 Seat/pad → fitted
🟢 Elbows → press/raise direction
🟢 Shoulders → not shrugged
🟢 Return → 2–3 sec control

### 🔥 Remember this

""Keep the ribs down and press beside the ears. One-second peak, controlled return."""
NAUTILUS,아이소래터럴 숄더 프레스,Iso-Lateral Shoulder Press,Inspiration Shoulder Press,PARTIALLY_VERIFIED,Nautilus,Inspiration,https://innovativefit.com/catalog_product/nautilus-inspiration-selectorized-line/,공식 Iso-Lateral Shoulder Press SKU는 없고 Inspiration Shoulder Press의 단측 패턴이 대안입니다.,"시트, 좌·우 시작, Lock N Load","🏋️ NAUTILUS — Inspiration Shoulder Press · Inspiration

🎯 ONE KEY CUE
🔥 ""좌우를 같은 높이로 밀어 불균형 확인""

공식 Iso-Lateral Shoulder Press SKU는 없고 Inspiration Shoulder Press의 단측 패턴이 대안. 좌우가 독립으로 움직이는 · Inspiration Lock N Load 구조입니다. 처음부터 무게 올리지 말고, 세팅부터 잡으세요.

⚙️ ① 기구 세팅
🪑 좌석 / 패드
시트를 몸에 맞추세요. 시작 위치가 어깨·관절에 자연스럽게 오는지 확인합니다.
🤲 그립 / 손 위치
양손잡이 높이가 좌우 같은지 먼저 보세요. 독립 암이라 한쪽만 어긋나도 바로 느껴집니다.
⚙️ 조절 포인트
시트, 좌·우 시작, Lock N Load을 확인하세요. 좌우 시작 위치가 같은지도 같이 봅니다.
이 카테고리는 공식 명칭이 겹칠 수 있으니, 헬스장 기구의 실제 레버·패드 배치를 우선하세요.

💪 ② 시작 자세
갈비뼈를 내리고 허리를 과하게 아치하지 않습니다. 팔꿈치를 시작 궤적에 올립니다.
좌우가 같은 높이에서 시작하는지 한 번 더 보세요.
이 자세에서 이것만 확인하세요.
👉 허리가 과하게 꺾이지 않는지

🔥 ③ 운동 방법
각 팔을 독립적으로 위로 밀었다 복귀.
양쪽을 같은 속도로 움직이세요. 한쪽이 먼저 끝나면 무게를 더 올리기 전에 밸런스부터 잡습니다.

💥 ④ 최고 수축
목표 근육이 가장 조여지는 끝 지점에서 멈춥니다.
⏱️ 1초 STOP
튕기지 말고 그 지점에서 1초만 소유하세요. 무게를 놓는 순간이 아닙니다.

🐌 ⑤ 천천히 돌아오기
중량을 그냥 놓지 마세요.
2~3초 동안 통제하면서 복귀합니다.
시작 자세로 돌아갈 때도 같은 궤적을 유지하세요.

❌ 흔한 실수
❌ 한쪽만 먼저 올려 몸통이 기울어지는
약한 쪽 속도에 강한 쪽을 맞추세요.
❌ 허리를 꺾어 프레스하는 것
자세가 무너지면 무게를 낮추세요.
❌ 어깨를 귀 쪽으로 으쓱하는 것
어깨를 귀에서 멀리 두고 다시 시작하세요.
❌ 반동으로 들어 올리는 것
템포를 늦추고 같은 궤적만 반복하세요.
❌ 한쪽만 먼저 끝내고 반대쪽을 따라가게 하는 것
약한 쪽 속도에 강한 쪽을 맞추세요.

💡 MACHINE FIT PRO TIP
🔥 이 기구는 좌우 암이 독립적으로 움직이는 게 장점입니다. 무게를 올리기 전에 양쪽이 같은 속도로 가는지 확인하세요. 한쪽이 먼저 끝까지 가 버리면 중량보다 밸런스가 먼저입니다.

🎯 MACHINE FIT CHECK
🟢 시트/패드 → 몸에 맞춤
🟢 팔꿈치 → 미는/드는 방향
🟢 좌우 → 같은 속도
🟢 복귀 → 2~3초 통제

### 🔥 이것만 기억하세요

""좌우 같은 속도, 끝에서 1초, 복귀는 통제.""","🏋️ NAUTILUS — Inspiration Shoulder Press · Inspiration

🎯 ONE KEY CUE
🔥 ""Press both sides to the same height and check balance""

공식 Iso-Lateral Shoulder Press SKU는 없고 Inspiration Shoulder Press의 단측 패턴이 대안입니다. Lean into the independent arms / Inspiration Lock N Load design. Do not chase load until the setup feels locked in.

⚙️ ① Setup
🪑 Seat / pads
Fit the seat to your body so the start position sits naturally on the working joint.
🤲 Grip / hands
Match left and right handle height first — independent arms expose any mismatch immediately.
⚙️ Adjustments
Check 시트, 좌·우 시작, Lock N Load. Confirm both sides start from the same position.
Naming can overlap in this category — trust the levers and pads on the unit in front of you.

💪 ② Start position
Drop the ribs — do not over-arch. Set the elbows on the press path.
Double-check both sides start at the same height.
Check only this:
👉 Low back not over-arched

🔥 ③ Execution
Match left-right speed. If one side finishes early, fix balance before adding load.
Press or raise on the guided path, then lower without dumping the shoulders. Keep both sides honest.

💥 ④ Peak contraction
Stop where the target muscle is most shortened.
⏱️ 1-second STOP
Own that position for one second. This is not where you dump the weight.

🐌 ⑤ Controlled return
Do not dump the load.
Take 2–3 seconds on the way back.
Return on the same path you pressed or pulled.

❌ Common mistakes
❌ Pressing with an over-arched low back
If position breaks, cut the load.
❌ Shrugging the shoulders into the ears
Keep the shoulders away from the ears and restart.
❌ Bouncing the weight up
Slow the tempo and repeat one clean path.
❌ Letting one side finish early
Match the stronger side to the weaker side’s speed.

💡 MACHINE FIT PRO TIP
🔥 Independent arms are the point. Before you load up, confirm both sides move at the same speed. If one side finishes early, fix balance before adding plates or pins.

🎯 MACHINE FIT CHECK
🟢 Seat/pad → fitted
🟢 Elbows → press/raise direction
🟢 Left/right → same speed
🟢 Return → 2–3 sec control

### 🔥 Remember this

""Match sides, one-second peak, controlled return."""
NAUTILUS,플레이트로드 숄더 프레스,Plate-Loaded Shoulder Press,Nautilus Leverage Shoulder Press,PARTIALLY_VERIFIED,Nautilus,Leverage Plate Loaded,https://planet-fitness.com/catalogues-marques/catalogue-nautilus.pdf,Leverage/Plate Loaded 숄더 프레스 계열. Inspiration IPSP5는 셀렉터입니다.,"시트, 양쪽 플레이트, 시작 위치","🏋️ NAUTILUS — Nautilus Leverage Shoulder Press · Leverage Plate Loaded

🎯 ONE KEY CUE
🔥 ""양쪽 플레이트를 맞추고 귀 옆 경로로 밀기""

Leverage/Plate Loaded 숄더 프레스 계열. Inspiration IPSP5는 셀렉터. 플레이트 로딩 · 셀렉터 스택 구조입니다. 처음부터 무게 올리지 말고, 세팅부터 잡으세요.

⚙️ ① 기구 세팅
🪑 좌석 / 패드
시트를 몸에 맞추세요. 시작 위치가 어깨·관절에 자연스럽게 오는지 확인합니다.
🤲 그립 / 손 위치
손잡이를 편안한 너비로 잡으세요. 손목이 꺾이지 않게 합니다.
⚙️ 조절 포인트
시트, 양쪽 플레이트, 시작 위치를 확인하세요. 양쪽 플레이트를 동일하게 맞추고, 한쪽만 먼저 올리지 마세요.
이 카테고리는 공식 명칭이 겹칠 수 있으니, 헬스장 기구의 실제 레버·패드 배치를 우선하세요.

💪 ② 시작 자세
갈비뼈를 내리고 허리를 과하게 아치하지 않습니다. 팔꿈치를 시작 궤적에 올립니다.
이 자세에서 이것만 확인하세요.
👉 허리가 과하게 꺾이지 않는지

🔥 ③ 운동 방법
손잡이를 위로 밀었다 통제하며 복귀.
반동으로 올리지 마세요. 팔꿈치가 궤적을 주도하게 둡니다.

💥 ④ 최고 수축
목표 근육이 가장 조여지는 끝 지점에서 멈춥니다.
⏱️ 1초 STOP
튕기지 말고 그 지점에서 1초만 소유하세요. 무게를 놓는 순간이 아닙니다.

🐌 ⑤ 천천히 돌아오기
중량을 그냥 놓지 마세요.
2~3초 동안 통제하면서 복귀합니다.
시작 자세로 돌아갈 때도 같은 궤적을 유지하세요.

❌ 흔한 실수
❌ 플레이트를 한쪽에만 올려 궤적이 틀어지는
양쪽을 맞춘 뒤 가벼운 세트로 좌우를 확인하세요.
❌ 허리를 꺾어 프레스하는 것
자세가 무너지면 무게를 낮추세요.
❌ 어깨를 귀 쪽으로 으쓱하는 것
어깨를 귀에서 멀리 두고 다시 시작하세요.
❌ 반동으로 들어 올리는 것
템포를 늦추고 같은 궤적만 반복하세요.
❌ 양쪽 플레이트 무게를 다르게 올리는 것
양쪽을 맞춘 뒤 가벼운 세트로 좌우를 확인하세요.

💡 MACHINE FIT PRO TIP
🔥 Nautilus Leverage Shoulder Press은 플레이트 로딩입니다. 좌우 원판을 동일하게 맞추고, 첫 세트는 궤적·좌우 대칭만 확인한 다음 무게를 올리세요.

🎯 MACHINE FIT CHECK
🟢 시트/패드 → 몸에 맞춤
🟢 팔꿈치 → 미는/드는 방향
🟢 원판 → 좌우 동일
🟢 복귀 → 2~3초 통제

### 🔥 이것만 기억하세요

""양쪽 플레이트를 맞추고 귀 옆 경로로 밀기. 끝에서 1초, 복귀는 통제.""","🏋️ NAUTILUS — Nautilus Leverage Shoulder Press · Leverage Plate Loaded

🎯 ONE KEY CUE
🔥 ""Match plates and press on a path beside the ears""

Leverage/Plate Loaded 숄더 프레스 계열. Inspiration IPSP5는 셀렉터입니다. Lean into the plate-loaded / selectorized stack design. Do not chase load until the setup feels locked in.

⚙️ ① Setup
🪑 Seat / pads
Fit the seat to your body so the start position sits naturally on the working joint.
🤲 Grip / hands
Take a comfortable grip width and keep the wrists stacked, not bent.
⚙️ Adjustments
Check 시트, 양쪽 플레이트, 시작 위치. Match plates on both sides — do not load one arm first.
Naming can overlap in this category — trust the levers and pads on the unit in front of you.

💪 ② Start position
Drop the ribs — do not over-arch. Set the elbows on the press path.
Check only this:
👉 Low back not over-arched

🔥 ③ Execution
No bounce. Let the elbows own the path.
Press or raise on the guided path, then lower without dumping the shoulders.

💥 ④ Peak contraction
Stop where the target muscle is most shortened.
⏱️ 1-second STOP
Own that position for one second. This is not where you dump the weight.

🐌 ⑤ Controlled return
Do not dump the load.
Take 2–3 seconds on the way back.
Return on the same path you pressed or pulled.

❌ Common mistakes
❌ Pressing with an over-arched low back
If position breaks, cut the load.
❌ Shrugging the shoulders into the ears
Keep the shoulders away from the ears and restart.
❌ Bouncing the weight up
Slow the tempo and repeat one clean path.
❌ Loading unequal plates
Match both sides, then confirm with a light set.

💡 MACHINE FIT PRO TIP
🔥 Nautilus Leverage Shoulder Press is plate-loaded. Match plates, confirm path and left-right symmetry on set one, then add load.

🎯 MACHINE FIT CHECK
🟢 Seat/pad → fitted
🟢 Elbows → press/raise direction
🟢 Plates → matched
🟢 Return → 2–3 sec control

### 🔥 Remember this

""Match plates and press on a path beside the ears. One-second peak, controlled return."""
NAUTILUS,레터럴 레이즈,Lateral Raise,Inspiration Deltoid Raise,VERIFIED,Nautilus,Inspiration,https://innovativefit.com/catalog_product/nautilus-inspiration-selectorized-line/,Inspiration Deltoid Raise(IPDR5)입니다.,"시트, 팔 패드, Lock N Load","🏋️ NAUTILUS — Inspiration Deltoid Raise · Inspiration

🎯 ONE KEY CUE
🔥 ""팔꿈치를 살짝 굽힌 채 측면으로 들어 올리기""

Inspiration Deltoid Raise(IPDR5). Inspiration Lock N Load 구조입니다. 처음부터 무게 올리지 말고, 세팅부터 잡으세요.

⚙️ ① 기구 세팅
🪑 좌석 / 패드
시트를 몸에 맞추세요. 시작 위치가 어깨·관절에 자연스럽게 오는지 확인합니다.
🤲 그립 / 손 위치
팔 패드를 편안한 너비로 잡으세요. 손목이 꺾이지 않게 합니다.
⚙️ 조절 포인트
시트, 팔 패드, Lock N Load를 확인하세요.

💪 ② 시작 자세
갈비뼈를 내리고 허리를 과하게 아치하지 않습니다. 팔꿈치를 시작 궤적에 올립니다.
이 자세에서 이것만 확인하세요.
👉 허리가 과하게 꺾이지 않는지

🔥 ③ 운동 방법
팔을 옆구리에서 어깨 높이까지 올렸다 천천히 내리기.
반동으로 올리지 마세요. 팔꿈치가 궤적을 주도하게 둡니다.

💥 ④ 최고 수축
목표 근육이 가장 조여지는 끝 지점에서 멈춥니다.
⏱️ 1초 STOP
튕기지 말고 그 지점에서 1초만 소유하세요. 무게를 놓는 순간이 아닙니다.

🐌 ⑤ 천천히 돌아오기
중량을 그냥 놓지 마세요.
2~3초 동안 통제하면서 복귀합니다.
시작 자세로 돌아갈 때도 같은 궤적을 유지하세요.

❌ 흔한 실수
❌ 승모를 으쓱하며 무게를 던지듯 올리는
어깨를 귀에서 멀리 두고 다시 시작하세요.
❌ 허리를 꺾어 프레스하는 것
자세가 무너지면 무게를 낮추세요.
❌ 어깨를 귀 쪽으로 으쓱하는 것
어깨를 귀에서 멀리 두고 다시 시작하세요.
❌ 반동으로 들어 올리는 것
템포를 늦추고 같은 궤적만 반복하세요.

💡 MACHINE FIT PRO TIP
🔥 Inspiration Deltoid Raise의 가이드 궤적을 이용하세요. 첫 2세트는 천천히, 대칭이 확인된 뒤에만 무게를 올립니다.

🎯 MACHINE FIT CHECK
🟢 시트/패드 → 몸에 맞춤
🟢 팔꿈치 → 미는/드는 방향
🟢 어깨 → 으쓱하지 않기
🟢 복귀 → 2~3초 통제

### 🔥 이것만 기억하세요

""팔꿈치를 살짝 굽힌 채 측면으로 들어 올리기. 끝에서 1초, 복귀는 통제.""","🏋️ NAUTILUS — Inspiration Deltoid Raise · Inspiration

🎯 ONE KEY CUE
🔥 ""Keep a soft elbow bend and raise out to the sides""

Inspiration Deltoid Raise(IPDR5)입니다. Lean into the Inspiration Lock N Load design. Do not chase load until the setup feels locked in.

⚙️ ① Setup
🪑 Seat / pads
Fit the seat to your body so the start position sits naturally on the working joint.
🤲 Grip / hands
Take a comfortable grip width and keep the wrists stacked, not bent.
⚙️ Adjustments
Check 시트, 팔 패드, Lock N Load.

💪 ② Start position
Drop the ribs — do not over-arch. Set the elbows on the press path.
Check only this:
👉 Low back not over-arched

🔥 ③ Execution
No bounce. Let the elbows own the path.
Press or raise on the guided path, then lower without dumping the shoulders.

💥 ④ Peak contraction
Stop where the target muscle is most shortened.
⏱️ 1-second STOP
Own that position for one second. This is not where you dump the weight.

🐌 ⑤ Controlled return
Do not dump the load.
Take 2–3 seconds on the way back.
Return on the same path you pressed or pulled.

❌ Common mistakes
❌ Pressing with an over-arched low back
If position breaks, cut the load.
❌ Shrugging the shoulders into the ears
Keep the shoulders away from the ears and restart.
❌ Bouncing the weight up
Slow the tempo and repeat one clean path.

💡 MACHINE FIT PRO TIP
🔥 Use the guided path on Inspiration Deltoid Raise. Slow the first two sets, confirm symmetry, then add load.

🎯 MACHINE FIT CHECK
🟢 Seat/pad → fitted
🟢 Elbows → press/raise direction
🟢 Shoulders → not shrugged
🟢 Return → 2–3 sec control

### 🔥 Remember this

""Keep a soft elbow bend and raise out to the sides. One-second peak, controlled return."""
NAUTILUS,머신 레터럴 레이즈,Machine Lateral Raise,Inspiration Deltoid Raise,PARTIALLY_VERIFIED,Nautilus,Inspiration,https://innovativefit.com/catalog_product/nautilus-inspiration-selectorized-line/,Inspiration Deltoid Raise(IPDR5)가 머신 레터럴 레이즈 표준입니다.,"시트, 패드, Lock N Load","🏋️ NAUTILUS — Inspiration Deltoid Raise · Inspiration

🎯 ONE KEY CUE
🔥 ""손보다 팔꿈치가 먼저 올라가도록 들기""

Inspiration Deltoid Raise(IPDR5)가 머신 레터럴 레이즈 표준. Inspiration Lock N Load 구조입니다. 처음부터 무게 올리지 말고, 세팅부터 잡으세요.

⚙️ ① 기구 세팅
🪑 좌석 / 패드
시트를 몸에 맞추세요. 시작 위치가 어깨·관절에 자연스럽게 오는지 확인합니다.
🤲 그립 / 손 위치
손잡이를 편안한 너비로 잡으세요. 손목이 꺾이지 않게 합니다.
⚙️ 조절 포인트
시트, 패드, Lock N Load를 확인하세요.
이 카테고리는 공식 명칭이 겹칠 수 있으니, 헬스장 기구의 실제 레버·패드 배치를 우선하세요.

💪 ② 시작 자세
갈비뼈를 내리고 허리를 과하게 아치하지 않습니다. 팔꿈치를 시작 궤적에 올립니다.
이 자세에서 이것만 확인하세요.
👉 허리가 과하게 꺾이지 않는지

🔥 ③ 운동 방법
측면으로 올려 측면 삼각근을 조인 뒤 복귀.
반동으로 올리지 마세요. 팔꿈치가 궤적을 주도하게 둡니다.

💥 ④ 최고 수축
목표 근육이 가장 조여지는 끝 지점에서 멈춥니다.
⏱️ 1초 STOP
튕기지 말고 그 지점에서 1초만 소유하세요. 무게를 놓는 순간이 아닙니다.

🐌 ⑤ 천천히 돌아오기
중량을 그냥 놓지 마세요.
2~3초 동안 통제하면서 복귀합니다.
시작 자세로 돌아갈 때도 같은 궤적을 유지하세요.

❌ 흔한 실수
❌ 팔을 완전히 펴고 스윙하는
자세가 무너지면 무게를 낮추세요.
❌ 허리를 꺾어 프레스하는 것
자세가 무너지면 무게를 낮추세요.
❌ 어깨를 귀 쪽으로 으쓱하는 것
어깨를 귀에서 멀리 두고 다시 시작하세요.
❌ 반동으로 들어 올리는 것
템포를 늦추고 같은 궤적만 반복하세요.

💡 MACHINE FIT PRO TIP
🔥 Inspiration Deltoid Raise의 가이드 궤적을 이용하세요. 첫 2세트는 천천히, 대칭이 확인된 뒤에만 무게를 올립니다.

🎯 MACHINE FIT CHECK
🟢 시트/패드 → 몸에 맞춤
🟢 팔꿈치 → 미는/드는 방향
🟢 어깨 → 으쓱하지 않기
🟢 복귀 → 2~3초 통제

### 🔥 이것만 기억하세요

""손보다 팔꿈치가 먼저 올라가도록 들기. 끝에서 1초, 복귀는 통제.""","🏋️ NAUTILUS — Inspiration Deltoid Raise · Inspiration

🎯 ONE KEY CUE
🔥 ""Lead with the elbows, not the hands""

Inspiration Deltoid Raise(IPDR5)가 머신 레터럴 레이즈 표준입니다. Lean into the Inspiration Lock N Load design. Do not chase load until the setup feels locked in.

⚙️ ① Setup
🪑 Seat / pads
Fit the seat to your body so the start position sits naturally on the working joint.
🤲 Grip / hands
Take a comfortable grip width and keep the wrists stacked, not bent.
⚙️ Adjustments
Check 시트, 패드, Lock N Load.
Naming can overlap in this category — trust the levers and pads on the unit in front of you.

💪 ② Start position
Drop the ribs — do not over-arch. Set the elbows on the press path.
Check only this:
👉 Low back not over-arched

🔥 ③ Execution
No bounce. Let the elbows own the path.
Press or raise on the guided path, then lower without dumping the shoulders.

💥 ④ Peak contraction
Stop where the target muscle is most shortened.
⏱️ 1-second STOP
Own that position for one second. This is not where you dump the weight.

🐌 ⑤ Controlled return
Do not dump the load.
Take 2–3 seconds on the way back.
Return on the same path you pressed or pulled.

❌ Common mistakes
❌ Pressing with an over-arched low back
If position breaks, cut the load.
❌ Shrugging the shoulders into the ears
Keep the shoulders away from the ears and restart.
❌ Bouncing the weight up
Slow the tempo and repeat one clean path.

💡 MACHINE FIT PRO TIP
🔥 Use the guided path on Inspiration Deltoid Raise. Slow the first two sets, confirm symmetry, then add load.

🎯 MACHINE FIT CHECK
🟢 Seat/pad → fitted
🟢 Elbows → press/raise direction
🟢 Shoulders → not shrugged
🟢 Return → 2–3 sec control

### 🔥 Remember this

""Lead with the elbows, not the hands. One-second peak, controlled return."""
NAUTILUS,리어 델트,Rear Delt,Inspiration Pec Fly/Rear Deltoid,PARTIALLY_VERIFIED,Nautilus,Inspiration,https://innovativefit.com/catalog_product/nautilus-inspiration-selectorized-line/,별도 Rear Delt 단독 SKU 대신 Inspiration Pec Fly/Rear Deltoid(IPPF5) 리어델트 모드입니다. Impact Deltoid Fly도 있습니다.,"시트, 모드, Lock N Load","🏋️ NAUTILUS — Inspiration Pec Fly/Rear Deltoid · Inspiration

🎯 ONE KEY CUE
🔥 ""가슴을 고정하고 팔꿈치를 뒤로 열어 리어델트만 쓰기""

별도 Rear Delt 단독 SKU 대신 Inspiration Pec Fly/Rear Deltoid(IPPF5) 리어델트 모드입니다. Impact Deltoid Fly도 있습니다. Inspiration Lock N Load 구조입니다. 처음부터 무게 올리지 말고, 세팅부터 잡으세요.

⚙️ ① 기구 세팅
🪑 좌석 / 패드
시트를 몸에 맞추세요. 시작 위치가 어깨·관절에 자연스럽게 오는지 확인합니다.
🤲 그립 / 손 위치
손잡이를 편안한 너비로 잡으세요. 손목이 꺾이지 않게 합니다.
⚙️ 조절 포인트
시트, 모드, Lock N Load를 확인하세요.
이 카테고리는 공식 명칭이 겹칠 수 있으니, 헬스장 기구의 실제 레버·패드 배치를 우선하세요.

💪 ② 시작 자세
갈비뼈를 내리고 허리를 과하게 아치하지 않습니다. 팔꿈치를 시작 궤적에 올립니다.
이 자세에서 이것만 확인하세요.
👉 허리가 과하게 꺾이지 않는지

🔥 ③ 운동 방법
손잡이를 바깥·뒤로 열어 조인 뒤 복귀.
반동으로 올리지 마세요. 팔꿈치가 궤적을 주도하게 둡니다.

💥 ④ 최고 수축
목표 근육이 가장 조여지는 끝 지점에서 멈춥니다.
⏱️ 1초 STOP
튕기지 말고 그 지점에서 1초만 소유하세요. 무게를 놓는 순간이 아닙니다.

🐌 ⑤ 천천히 돌아오기
중량을 그냥 놓지 마세요.
2~3초 동안 통제하면서 복귀합니다.
시작 자세로 돌아갈 때도 같은 궤적을 유지하세요.

❌ 흔한 실수
❌ 승모·허리 반동으로 여는
템포를 늦추고 같은 궤적만 반복하세요.
❌ 허리를 꺾어 프레스하는 것
자세가 무너지면 무게를 낮추세요.
❌ 어깨를 귀 쪽으로 으쓱하는 것
어깨를 귀에서 멀리 두고 다시 시작하세요.
❌ 반동으로 들어 올리는 것
템포를 늦추고 같은 궤적만 반복하세요.

💡 MACHINE FIT PRO TIP
🔥 Inspiration Pec Fly/Rear Deltoid의 가이드 궤적을 이용하세요. 첫 2세트는 천천히, 대칭이 확인된 뒤에만 무게를 올립니다.

🎯 MACHINE FIT CHECK
🟢 시트/패드 → 몸에 맞춤
🟢 팔꿈치 → 미는/드는 방향
🟢 어깨 → 으쓱하지 않기
🟢 복귀 → 2~3초 통제

### 🔥 이것만 기억하세요

""가슴을 고정하고 팔꿈치를 뒤로 열어 리어델트만 쓰기. 끝에서 1초, 복귀는 통제.""","🏋️ NAUTILUS — Inspiration Pec Fly/Rear Deltoid · Inspiration

🎯 ONE KEY CUE
🔥 ""Brace the chest and open the elbows back using the rear delts""

별도 Rear Delt 단독 SKU 대신 Inspiration Pec Fly/Rear Deltoid(IPPF5) 리어델트 모드입니다. Impact Deltoid Fly도 있습니다. Lean into the Inspiration Lock N Load design. Do not chase load until the setup feels locked in.

⚙️ ① Setup
🪑 Seat / pads
Fit the seat to your body so the start position sits naturally on the working joint.
🤲 Grip / hands
Take a comfortable grip width and keep the wrists stacked, not bent.
⚙️ Adjustments
Check 시트, 모드, Lock N Load.
Naming can overlap in this category — trust the levers and pads on the unit in front of you.

💪 ② Start position
Drop the ribs — do not over-arch. Set the elbows on the press path.
Check only this:
👉 Low back not over-arched

🔥 ③ Execution
No bounce. Let the elbows own the path.
Press or raise on the guided path, then lower without dumping the shoulders.

💥 ④ Peak contraction
Stop where the target muscle is most shortened.
⏱️ 1-second STOP
Own that position for one second. This is not where you dump the weight.

🐌 ⑤ Controlled return
Do not dump the load.
Take 2–3 seconds on the way back.
Return on the same path you pressed or pulled.

❌ Common mistakes
❌ Pressing with an over-arched low back
If position breaks, cut the load.
❌ Shrugging the shoulders into the ears
Keep the shoulders away from the ears and restart.
❌ Bouncing the weight up
Slow the tempo and repeat one clean path.

💡 MACHINE FIT PRO TIP
🔥 Use the guided path on Inspiration Pec Fly/Rear Deltoid. Slow the first two sets, confirm symmetry, then add load.

🎯 MACHINE FIT CHECK
🟢 Seat/pad → fitted
🟢 Elbows → press/raise direction
🟢 Shoulders → not shrugged
🟢 Return → 2–3 sec control

### 🔥 Remember this

""Brace the chest and open the elbows back using the rear delts. One-second peak, controlled return."""
NAUTILUS,프론트 레이즈,Front Raise,,BRAND_MODEL_NOT_FOUND,Nautilus,,https://planet-fitness.com/catalogues-marques/catalogue-nautilus.pdf,Nautilus Inspiration/Impact에 Front Raise 전용 머신이 없습니다.,"손잡이, 스탠스, 중량","🏋️ NAUTILUS — 프론트 레이즈

🎯 ONE KEY CUE
🔥 ""갈비뼈를 내린 채 전면 삼각근으로만 들어 올리기""

노틸러스 전용 모델이 없는 카테고리입니다. 헬스장에 있는 실제 기구의 패드·레버·안전장치를 먼저 확인한 뒤, 아래 패턴으로 움직이세요.

⚙️ ① 기구 세팅
🤲 그립 / 손 위치
손잡이를 편안한 너비로 잡으세요. 손목이 꺾이지 않게 합니다.
⚙️ 조절 포인트
손잡이, 스탠스, 중량을 확인하세요.

💪 ② 시작 자세
갈비뼈를 내리고 허리를 과하게 아치하지 않습니다. 팔꿈치를 시작 궤적에 올립니다.
이 자세에서 이것만 확인하세요.
👉 허리가 과하게 꺾이지 않는지

🔥 ③ 운동 방법
손잡이를 어깨 높이까지 앞으로 올렸다 천천히 내리기.
반동으로 올리지 마세요. 팔꿈치가 궤적을 주도하게 둡니다.

💥 ④ 최고 수축
목표 근육이 가장 조여지는 끝 지점에서 멈춥니다.
⏱️ 1초 STOP
튕기지 말고 그 지점에서 1초만 소유하세요. 무게를 놓는 순간이 아닙니다.

🐌 ⑤ 천천히 돌아오기
중량을 그냥 놓지 마세요.
2~3초 동안 통제하면서 복귀합니다.
시작 자세로 돌아갈 때도 같은 궤적을 유지하세요.

❌ 흔한 실수
❌ 허리를 젖혀 스윙하는
자세가 무너지면 무게를 낮추세요.
❌ 허리를 꺾어 프레스하는 것
자세가 무너지면 무게를 낮추세요.
❌ 어깨를 귀 쪽으로 으쓱하는 것
어깨를 귀에서 멀리 두고 다시 시작하세요.
❌ 반동으로 들어 올리는 것
템포를 늦추고 같은 궤적만 반복하세요.

💡 MACHINE FIT PRO TIP
🔥 이 항목은 해머 스트렝스 전용 SKU가 없습니다. ""프론트 레이즈""로 분류된 실제 기구의 패드·레버·안전장치만 믿고, 가벼운 무게로 5회 리허설 후 본 세트를 시작하세요.

🎯 MACHINE FIT CHECK
🟢 시트/패드 → 몸에 맞춤
🟢 팔꿈치 → 미는/드는 방향
🟢 어깨 → 으쓱하지 않기
🟢 복귀 → 2~3초 통제

### 🔥 이것만 기억하세요

""갈비뼈를 내린 채 전면 삼각근으로만 들어 올리기. 끝에서 1초, 복귀는 통제.""","🏋️ NAUTILUS — Front Raise

🎯 ONE KEY CUE
🔥 ""Keep the ribs down and raise with the front delts only""

There is no dedicated Nautilus SKU for this category. Confirm pads, levers, and safeties on the unit in your gym, then follow the movement pattern below.

⚙️ ① Setup
🤲 Grip / hands
Take a comfortable grip width and keep the wrists stacked, not bent.
⚙️ Adjustments
Check 손잡이, 스탠스, 중량.

💪 ② Start position
Drop the ribs — do not over-arch. Set the elbows on the press path.
Check only this:
👉 Low back not over-arched

🔥 ③ Execution
No bounce. Let the elbows own the path.
Press or raise on the guided path, then lower without dumping the shoulders.

💥 ④ Peak contraction
Stop where the target muscle is most shortened.
⏱️ 1-second STOP
Own that position for one second. This is not where you dump the weight.

🐌 ⑤ Controlled return
Do not dump the load.
Take 2–3 seconds on the way back.
Return on the same path you pressed or pulled.

❌ Common mistakes
❌ Pressing with an over-arched low back
If position breaks, cut the load.
❌ Shrugging the shoulders into the ears
Keep the shoulders away from the ears and restart.
❌ Bouncing the weight up
Slow the tempo and repeat one clean path.

💡 MACHINE FIT PRO TIP
🔥 No dedicated Hammer Strength SKU for this slot. Trust the pads/levers/safeties on the unit labeled like ""Front Raise"", rehearse five light reps, then start working sets.

🎯 MACHINE FIT CHECK
🟢 Seat/pad → fitted
🟢 Elbows → press/raise direction
🟢 Shoulders → not shrugged
🟢 Return → 2–3 sec control

### 🔥 Remember this

""Keep the ribs down and raise with the front delts only. One-second peak, controlled return."""
NAUTILUS,업라이트 로우,Upright Row,,BRAND_MODEL_NOT_FOUND,Nautilus,,https://planet-fitness.com/catalogues-marques/catalogue-nautilus.pdf,Nautilus에 Upright Row 전용 머신 SKU가 없습니다.,"손잡이 너비, 시작 높이, 중량","🏋️ NAUTILUS — 업라이트 로우

🎯 ONE KEY CUE
🔥 ""팔꿈치를 옆으로 들되 어깨 높이 이상 과신전하지 않기""

노틸러스 전용 모델이 없는 카테고리입니다. 헬스장에 있는 실제 기구의 패드·레버·안전장치를 먼저 확인한 뒤, 아래 패턴으로 움직이세요.

⚙️ ① 기구 세팅
🤲 그립 / 손 위치
손잡이 너비를 편안한 너비로 잡으세요. 손목이 꺾이지 않게 합니다.
⚙️ 조절 포인트
손잡이 너비, 시작 높이, 중량을 확인하세요.

💪 ② 시작 자세
갈비뼈를 내리고 허리를 과하게 아치하지 않습니다. 팔꿈치를 시작 궤적에 올립니다.
이 자세에서 이것만 확인하세요.
👉 허리가 과하게 꺾이지 않는지

🔥 ③ 운동 방법
손잡이를 몸 가까이 위로 끌어올렸다 복귀.
반동으로 올리지 마세요. 팔꿈치가 궤적을 주도하게 둡니다.

💥 ④ 최고 수축
목표 근육이 가장 조여지는 끝 지점에서 멈춥니다.
⏱️ 1초 STOP
튕기지 말고 그 지점에서 1초만 소유하세요. 무게를 놓는 순간이 아닙니다.

🐌 ⑤ 천천히 돌아오기
중량을 그냥 놓지 마세요.
2~3초 동안 통제하면서 복귀합니다.
시작 자세로 돌아갈 때도 같은 궤적을 유지하세요.

❌ 흔한 실수
❌ 손목을 얼굴까지 끌어올려 어깨를 찌르는
자세가 무너지면 무게를 낮추세요.
❌ 허리를 꺾어 프레스하는 것
자세가 무너지면 무게를 낮추세요.
❌ 어깨를 귀 쪽으로 으쓱하는 것
어깨를 귀에서 멀리 두고 다시 시작하세요.
❌ 반동으로 들어 올리는 것
템포를 늦추고 같은 궤적만 반복하세요.

💡 MACHINE FIT PRO TIP
🔥 이 항목은 해머 스트렝스 전용 SKU가 없습니다. ""업라이트 로우""로 분류된 실제 기구의 패드·레버·안전장치만 믿고, 가벼운 무게로 5회 리허설 후 본 세트를 시작하세요.

🎯 MACHINE FIT CHECK
🟢 시트/패드 → 몸에 맞춤
🟢 팔꿈치 → 미는/드는 방향
🟢 어깨 → 으쓱하지 않기
🟢 복귀 → 2~3초 통제

### 🔥 이것만 기억하세요

""팔꿈치를 옆으로 들되 어깨 높이 이상 과신전하지 않기. 끝에서 1초, 복귀는 통제.""","🏋️ NAUTILUS — Upright Row

🎯 ONE KEY CUE
🔥 ""Lift the elbows out to the sides without overreaching above shoulder height""

There is no dedicated Nautilus SKU for this category. Confirm pads, levers, and safeties on the unit in your gym, then follow the movement pattern below.

⚙️ ① Setup
🤲 Grip / hands
Take a comfortable grip width and keep the wrists stacked, not bent.
⚙️ Adjustments
Check 손잡이 너비, 시작 높이, 중량.

💪 ② Start position
Drop the ribs — do not over-arch. Set the elbows on the press path.
Check only this:
👉 Low back not over-arched

🔥 ③ Execution
No bounce. Let the elbows own the path.
Press or raise on the guided path, then lower without dumping the shoulders.

💥 ④ Peak contraction
Stop where the target muscle is most shortened.
⏱️ 1-second STOP
Own that position for one second. This is not where you dump the weight.

🐌 ⑤ Controlled return
Do not dump the load.
Take 2–3 seconds on the way back.
Return on the same path you pressed or pulled.

❌ Common mistakes
❌ Pressing with an over-arched low back
If position breaks, cut the load.
❌ Shrugging the shoulders into the ears
Keep the shoulders away from the ears and restart.
❌ Bouncing the weight up
Slow the tempo and repeat one clean path.

💡 MACHINE FIT PRO TIP
🔥 No dedicated Hammer Strength SKU for this slot. Trust the pads/levers/safeties on the unit labeled like ""Upright Row"", rehearse five light reps, then start working sets.

🎯 MACHINE FIT CHECK
🟢 Seat/pad → fitted
🟢 Elbows → press/raise direction
🟢 Shoulders → not shrugged
🟢 Return → 2–3 sec control

### 🔥 Remember this

""Lift the elbows out to the sides without overreaching above shoulder height. One-second peak, controlled return."""
NAUTILUS,로테이터 머신,Rotator Machine,,BRAND_MODEL_NOT_FOUND,Nautilus,,https://planet-fitness.com/catalogues-marques/catalogue-nautilus.pdf,Nautilus 카탈로그에 Rotator Cuff 전용 머신이 없습니다. DAP로 대체하는 경우가 많습니다.,"팔꿈치 지지, 가동 범위, 가벼운 중량","🏋️ NAUTILUS — 로테이터 머신

🎯 ONE KEY CUE
🔥 ""팔꿈치를 옆구리에 붙인 채 작은 회전만 하기""

노틸러스 전용 모델이 없는 카테고리입니다. 헬스장에 있는 실제 기구의 패드·레버·안전장치를 먼저 확인한 뒤, 아래 패턴으로 움직이세요.

⚙️ ① 기구 세팅
🤲 그립 / 손 위치
손잡이를 편안한 너비로 잡으세요. 손목이 꺾이지 않게 합니다.
⚙️ 조절 포인트
팔꿈치 지지, 가동 범위, 가벼운 중량을 확인하세요.

💪 ② 시작 자세
갈비뼈를 내리고 허리를 과하게 아치하지 않습니다. 팔꿈치를 시작 궤적에 올립니다.
이 자세에서 이것만 확인하세요.
👉 허리가 과하게 꺾이지 않는지

🔥 ③ 운동 방법
외회전/내회전을 통제된 범위에서 왕복.
반동으로 올리지 마세요. 팔꿈치가 궤적을 주도하게 둡니다.

💥 ④ 최고 수축
목표 근육이 가장 조여지는 끝 지점에서 멈춥니다.
⏱️ 1초 STOP
튕기지 말고 그 지점에서 1초만 소유하세요. 무게를 놓는 순간이 아닙니다.

🐌 ⑤ 천천히 돌아오기
중량을 그냥 놓지 마세요.
2~3초 동안 통제하면서 복귀합니다.
시작 자세로 돌아갈 때도 같은 궤적을 유지하세요.

❌ 흔한 실수
❌ 무거운 무게로 몸통까지 돌리는
자세가 무너지면 무게를 낮추세요.
❌ 허리를 꺾어 프레스하는 것
자세가 무너지면 무게를 낮추세요.
❌ 어깨를 귀 쪽으로 으쓱하는 것
어깨를 귀에서 멀리 두고 다시 시작하세요.
❌ 반동으로 들어 올리는 것
템포를 늦추고 같은 궤적만 반복하세요.

💡 MACHINE FIT PRO TIP
🔥 이 항목은 해머 스트렝스 전용 SKU가 없습니다. ""로테이터 머신""로 분류된 실제 기구의 패드·레버·안전장치만 믿고, 가벼운 무게로 5회 리허설 후 본 세트를 시작하세요.

🎯 MACHINE FIT CHECK
🟢 시트/패드 → 몸에 맞춤
🟢 팔꿈치 → 미는/드는 방향
🟢 어깨 → 으쓱하지 않기
🟢 복귀 → 2~3초 통제

### 🔥 이것만 기억하세요

""팔꿈치를 옆구리에 붙인 채 작은 회전만 하기. 끝에서 1초, 복귀는 통제.""","🏋️ NAUTILUS — Rotator Machine

🎯 ONE KEY CUE
🔥 ""Keep the elbow glued to the ribs and rotate through a small arc""

There is no dedicated Nautilus SKU for this category. Confirm pads, levers, and safeties on the unit in your gym, then follow the movement pattern below.

⚙️ ① Setup
🤲 Grip / hands
Take a comfortable grip width and keep the wrists stacked, not bent.
⚙️ Adjustments
Check 팔꿈치 지지, 가동 범위, 가벼운 중량.

💪 ② Start position
Drop the ribs — do not over-arch. Set the elbows on the press path.
Check only this:
👉 Low back not over-arched

🔥 ③ Execution
No bounce. Let the elbows own the path.
Press or raise on the guided path, then lower without dumping the shoulders.

💥 ④ Peak contraction
Stop where the target muscle is most shortened.
⏱️ 1-second STOP
Own that position for one second. This is not where you dump the weight.

🐌 ⑤ Controlled return
Do not dump the load.
Take 2–3 seconds on the way back.
Return on the same path you pressed or pulled.

❌ Common mistakes
❌ Pressing with an over-arched low back
If position breaks, cut the load.
❌ Shrugging the shoulders into the ears
Keep the shoulders away from the ears and restart.
❌ Bouncing the weight up
Slow the tempo and repeat one clean path.

💡 MACHINE FIT PRO TIP
🔥 No dedicated Hammer Strength SKU for this slot. Trust the pads/levers/safeties on the unit labeled like ""Rotator Machine"", rehearse five light reps, then start working sets.

🎯 MACHINE FIT CHECK
🟢 Seat/pad → fitted
🟢 Elbows → press/raise direction
🟢 Shoulders → not shrugged
🟢 Return → 2–3 sec control

### 🔥 Remember this

""Keep the elbow glued to the ribs and rotate through a small arc. One-second peak, controlled return."""
NAUTILUS,숄더 프레스 / 레터럴 복합 머신,Shoulder Press / Lateral Combo,Impact Dual Multi-Press,PARTIALLY_VERIFIED,Nautilus,Impact / Nitro Plus,https://planet-fitness.com/catalogues-marques/catalogue-nautilus.pdf,"Inspiration은 단품(IPSP5, IPDR5). Impact Dual Multi-Press(9NL-D2120)가 복합에 가깝습니다.","시트, 모드, 스택","🏋️ NAUTILUS — Impact Dual Multi-Press · Impact / Nitro Plus

🎯 ONE KEY CUE
🔥 ""프레스와 레이즈를 섞지 말고 한 동작만 끝까지""

Inspiration은 단품(IPSP5, IPDR5). Impact Dual Multi-Press(9NL-D2120)가 복합에 가깝습니다. Impact/Nitro 구조입니다. 처음부터 무게 올리지 말고, 세팅부터 잡으세요.

⚙️ ① 기구 세팅
🪑 좌석 / 패드
시트를 몸에 맞추세요. 시작 위치가 어깨·관절에 자연스럽게 오는지 확인합니다.
🤲 그립 / 손 위치
손잡이를 편안한 너비로 잡으세요. 손목이 꺾이지 않게 합니다.
⚙️ 조절 포인트
시트, 모드, 스택을 확인하세요.
이 카테고리는 공식 명칭이 겹칠 수 있으니, 헬스장 기구의 실제 레버·패드 배치를 우선하세요.

💪 ② 시작 자세
갈비뼈를 내리고 허리를 과하게 아치하지 않습니다. 팔꿈치를 시작 궤적에 올립니다.
이 자세에서 이것만 확인하세요.
👉 허리가 과하게 꺾이지 않는지

🔥 ③ 운동 방법
선택한 모드의 궤적만 반복.
반동으로 올리지 마세요. 팔꿈치가 궤적을 주도하게 둡니다.

💥 ④ 최고 수축
목표 근육이 가장 조여지는 끝 지점에서 멈춥니다.
⏱️ 1초 STOP
튕기지 말고 그 지점에서 1초만 소유하세요. 무게를 놓는 순간이 아닙니다.

🐌 ⑤ 천천히 돌아오기
중량을 그냥 놓지 마세요.
2~3초 동안 통제하면서 복귀합니다.
시작 자세로 돌아갈 때도 같은 궤적을 유지하세요.

❌ 흔한 실수
❌ 두 궤적을 한 번에 섞어 어깨를 과부하하는
자세가 무너지면 무게를 낮추세요.
❌ 허리를 꺾어 프레스하는 것
자세가 무너지면 무게를 낮추세요.
❌ 어깨를 귀 쪽으로 으쓱하는 것
어깨를 귀에서 멀리 두고 다시 시작하세요.
❌ 반동으로 들어 올리는 것
템포를 늦추고 같은 궤적만 반복하세요.

💡 MACHINE FIT PRO TIP
🔥 Impact Dual Multi-Press의 가이드 궤적을 이용하세요. 첫 2세트는 천천히, 대칭이 확인된 뒤에만 무게를 올립니다.

🎯 MACHINE FIT CHECK
🟢 시트/패드 → 몸에 맞춤
🟢 팔꿈치 → 미는/드는 방향
🟢 어깨 → 으쓱하지 않기
🟢 복귀 → 2~3초 통제

### 🔥 이것만 기억하세요

""프레스와 레이즈를 섞지 말고 한 동작만 끝까지. 끝에서 1초, 복귀는 통제.""","🏋️ NAUTILUS — Impact Dual Multi-Press · Impact / Nitro Plus

🎯 ONE KEY CUE
🔥 ""Do not mix press and raise — finish one pattern cleanly""

Inspiration은 단품(IPSP5, IPDR5). Impact Dual Multi-Press(9NL-D2120)가 복합에 가깝습니다. Lean into the Impact/Nitro design. Do not chase load until the setup feels locked in.

⚙️ ① Setup
🪑 Seat / pads
Fit the seat to your body so the start position sits naturally on the working joint.
🤲 Grip / hands
Take a comfortable grip width and keep the wrists stacked, not bent.
⚙️ Adjustments
Check 시트, 모드, 스택.
Naming can overlap in this category — trust the levers and pads on the unit in front of you.

💪 ② Start position
Drop the ribs — do not over-arch. Set the elbows on the press path.
Check only this:
👉 Low back not over-arched

🔥 ③ Execution
No bounce. Let the elbows own the path.
Press or raise on the guided path, then lower without dumping the shoulders.

💥 ④ Peak contraction
Stop where the target muscle is most shortened.
⏱️ 1-second STOP
Own that position for one second. This is not where you dump the weight.

🐌 ⑤ Controlled return
Do not dump the load.
Take 2–3 seconds on the way back.
Return on the same path you pressed or pulled.

❌ Common mistakes
❌ Pressing with an over-arched low back
If position breaks, cut the load.
❌ Shrugging the shoulders into the ears
Keep the shoulders away from the ears and restart.
❌ Bouncing the weight up
Slow the tempo and repeat one clean path.

💡 MACHINE FIT PRO TIP
🔥 Use the guided path on Impact Dual Multi-Press. Slow the first two sets, confirm symmetry, then add load.

🎯 MACHINE FIT CHECK
🟢 Seat/pad → fitted
🟢 Elbows → press/raise direction
🟢 Shoulders → not shrugged
🟢 Return → 2–3 sec control

### 🔥 Remember this

""Do not mix press and raise — finish one pattern cleanly. One-second peak, controlled return."""
NAUTILUS,레그 프레스,Leg Press,Inspiration Leg Press,VERIFIED,Nautilus,Inspiration,https://innovativefit.com/catalog_product/nautilus-inspiration-selectorized-line/,Inspiration Leg Press(IPLP5)입니다. Impact Seated Leg Press도 있습니다.,"등판, 발 위치, ROM, Lock N Load","🏋️ NAUTILUS — Inspiration Leg Press · Inspiration

🎯 ONE KEY CUE
🔥 ""발바닥 전체로 밀고 골반이 등판에서 뜨지 않게 유지""

Inspiration Leg Press(IPLP5)입니다. Impact Seated Leg Press도 있습니다. Inspiration Lock N Load 구조입니다. 처음부터 무게 올리지 말고, 세팅부터 잡으세요.

⚙️ ① 기구 세팅
🦶 발 위치
발판 중앙에 발을 두고, 무릎이 발끝 방향으로 가게 맞추세요. 너무 높거나 낮으면 골반이 먼저 뜹니다.
⚙️ 조절 포인트
등판, 발 위치, ROM, Lock N Load를 확인하세요.

💪 ② 시작 자세
골반을 시트/패드에 붙이고 발 전체로 발판을 느낍니다. 무릎·발끝 방향을 맞춥니다.
이 자세에서 이것만 확인하세요.
👉 골반이 말리지 않는 깊이인지

🔥 ③ 운동 방법
발판을 밀어 신전했다가 통제하며 굴곡으로 복귀.
발판을 “발로 차듯” 밀지 말고, 발 전체로 멀리 보낸다는 느낌으로 밀어요. 무릎은 발끝 방향을 따라갑니다.

💥 ④ 최고 수축
무릎을 완전히 잠그기 직전, 허벅지·둔근이 일을 받는 지점에서 멈춥니다.
⏱️ 1초 STOP
튕기지 말고 그 지점에서 1초만 소유하세요. 무게를 놓는 순간이 아닙니다.

🐌 ⑤ 천천히 돌아오기
중량을 그냥 놓지 마세요.
2~3초 동안 통제하면서 복귀합니다.
내려올 때 골반이 말리는 깊이 직전에서 방향을 바꾸세요.

❌ 흔한 실수
❌ 무릎이 안쪽으로 무너지는 것
발끝 방향으로 무릎을 보내세요. 안쪽으로 모이면 바로 중량을 낮춥니다.
❌ 하부 범위에서 요추가 뜨거나 골반이 말리는 것
깊이보다 골반 고정이 먼저입니다. 허리가 뜨면 범위를 줄이세요.
❌ 무릎을 강하게 잠그며 튕기는 것
자세가 무너지면 깊이·무게를 줄이세요.

💡 MACHINE FIT PRO TIP
🔥 Inspiration Leg Press의 가이드 궤적을 이용하세요. 첫 2세트는 천천히, 대칭이 확인된 뒤에만 무게를 올립니다.

🎯 MACHINE FIT CHECK
🟢 시트/패드 → 골반 고정
🟢 발 → 발판 중앙·방향 정렬
🟢 무릎 → 발끝 방향
🟢 복귀 → 2~3초 통제

### 🔥 이것만 기억하세요

""발 전체로 밀고, 골반은 끝까지 안정적으로.""","🏋️ NAUTILUS — Inspiration Leg Press · Inspiration

🎯 ONE KEY CUE
🔥 ""Drive through the whole foot and keep the pelvis planted on the back pad""

Inspiration Leg Press(IPLP5)입니다. Impact Seated Leg Press도 있습니다. Lean into the Inspiration Lock N Load design. Do not chase load until the setup feels locked in.

⚙️ ① Setup
🦶 Feet
Center the feet. If placement is too high or low, the pelvis lifts first.
⚙️ Adjustments
Check 등판, 발 위치, ROM, Lock N Load.

💪 ② Start position
Plant the pelvis and feel the whole foot on the platform. Align knees with toes.
Check only this:
👉 Pelvis not curling under

🔥 ③ Execution
Do not kick the platform. Drive it away through the whole foot and let the knees track the toes.
Bend, press through the mid-foot, and return without bouncing the knees.

💥 ④ Peak contraction
Stop just short of hard lockout where quads/glutes still own the load.
⏱️ 1-second STOP
Own that position for one second. This is not where you dump the weight.

🐌 ⑤ Controlled return
Do not dump the load.
Take 2–3 seconds on the way back.
Reverse before the pelvis curls under.

❌ Common mistakes
❌ Knees collapsing inward
Drive knees with the toes. Reduce load immediately if they cave.
❌ Pelvis curling / low back peeling at the bottom
Own pelvis position before depth.
❌ Snapping into a hard knee lockout
If position breaks, cut the load.

💡 MACHINE FIT PRO TIP
🔥 Use the guided path on Inspiration Leg Press. Slow the first two sets, confirm symmetry, then add load.

🎯 MACHINE FIT CHECK
🟢 Seat/pad → pelvis planted
🟢 Feet → centered and aligned
🟢 Knees → track toes
🟢 Return → 2–3 sec control

### 🔥 Remember this

""Whole-foot drive, pelvis stays honest."""
NAUTILUS,45도 레그 프레스,45° Leg Press,Nautilus Angled Leg Press,PARTIALLY_VERIFIED,Nautilus,Leverage Plate Loaded,https://planet-fitness.com/catalogues-marques/catalogue-nautilus.pdf,Leverage Angled Leg Press. Inspiration Leg Press(IPLP5)는 시티드형입니다.,"등판, 발판, 안전장치, 플레이트","🏋️ NAUTILUS — Nautilus Angled Leg Press · Leverage Plate Loaded

🎯 ONE KEY CUE
🔥 ""경사 궤적에서도 골반을 붙이고 발 전체로 밀기""

Leverage Angled Leg Press. Inspiration Leg Press(IPLP5)는 시티드형. 플레이트 로딩 구조입니다. 처음부터 무게 올리지 말고, 세팅부터 잡으세요.

⚙️ ① 기구 세팅
🦶 발 위치
발판 중앙에 발을 두고, 무릎이 발끝 방향으로 가게 맞추세요. 너무 높거나 낮으면 골반이 먼저 뜹니다.
⚙️ 조절 포인트
등판, 발판, 안전장치, 플레이트를 확인하세요. 양쪽 플레이트를 동일하게 맞추고, 한쪽만 먼저 올리지 마세요.
이 카테고리는 공식 명칭이 겹칠 수 있으니, 헬스장 기구의 실제 레버·패드 배치를 우선하세요.

💪 ② 시작 자세
골반을 시트/패드에 붙이고 발 전체로 발판을 느낍니다. 무릎·발끝 방향을 맞춥니다.
이 자세에서 이것만 확인하세요.
👉 골반이 말리지 않는 깊이인지

🔥 ③ 운동 방법
발판을 밀어 올렸다 무릎이 과하게 모이지 않게 복귀.
발판을 “발로 차듯” 밀지 말고, 발 전체로 멀리 보낸다는 느낌으로 밀어요. 무릎은 발끝 방향을 따라갑니다.

💥 ④ 최고 수축
무릎을 완전히 잠그기 직전, 허벅지·둔근이 일을 받는 지점에서 멈춥니다.
⏱️ 1초 STOP
튕기지 말고 그 지점에서 1초만 소유하세요. 무게를 놓는 순간이 아닙니다.

🐌 ⑤ 천천히 돌아오기
중량을 그냥 놓지 마세요.
2~3초 동안 통제하면서 복귀합니다.
내려올 때 골반이 말리는 깊이 직전에서 방향을 바꾸세요.

❌ 흔한 실수
❌ 발판 위쪽에만 올려 엉덩이가 말리는
자세가 무너지면 깊이·무게를 줄이세요.
❌ 무릎이 안쪽으로 무너지는 것
발끝 방향으로 무릎을 보내세요. 안쪽으로 모이면 바로 중량을 낮춥니다.
❌ 하부 범위에서 요추가 뜨거나 골반이 말리는 것
깊이보다 골반 고정이 먼저입니다. 허리가 뜨면 범위를 줄이세요.
❌ 무릎을 강하게 잠그며 튕기는 것
자세가 무너지면 깊이·무게를 줄이세요.
❌ 양쪽 플레이트 무게를 다르게 올리는 것
양쪽을 맞춘 뒤 가벼운 세트로 좌우를 확인하세요.

💡 MACHINE FIT PRO TIP
🔥 Nautilus Angled Leg Press은 플레이트 로딩 레그 프레스입니다. 양쪽 원판을 맞춘 뒤, 안전 스톱을 내 가동범위에 먼저 걸고 시작하세요. 첫 2세트는 템포를 늦춰 골반이 뜨는지 확인합니다.

🎯 MACHINE FIT CHECK
🟢 시트/패드 → 골반 고정
🟢 발 → 발판 중앙·방향 정렬
🟢 원판 → 좌우 동일
🟢 복귀 → 2~3초 통제

### 🔥 이것만 기억하세요

""발 전체로 밀고, 골반은 끝까지 안정적으로.""","🏋️ NAUTILUS — Nautilus Angled Leg Press · Leverage Plate Loaded

🎯 ONE KEY CUE
🔥 ""Even on an angled path, keep the pelvis set and drive through the whole foot""

Leverage Angled Leg Press. Inspiration Leg Press(IPLP5)는 시티드형입니다. Lean into the plate-loaded design. Do not chase load until the setup feels locked in.

⚙️ ① Setup
🦶 Feet
Center the feet. If placement is too high or low, the pelvis lifts first.
⚙️ Adjustments
Check 등판, 발판, 안전장치, 플레이트. Match plates on both sides — do not load one arm first.
Naming can overlap in this category — trust the levers and pads on the unit in front of you.

💪 ② Start position
Plant the pelvis and feel the whole foot on the platform. Align knees with toes.
Check only this:
👉 Pelvis not curling under

🔥 ③ Execution
Do not kick the platform. Drive it away through the whole foot and let the knees track the toes.
Bend, press through the mid-foot, and return without bouncing the knees.

💥 ④ Peak contraction
Stop just short of hard lockout where quads/glutes still own the load.
⏱️ 1-second STOP
Own that position for one second. This is not where you dump the weight.

🐌 ⑤ Controlled return
Do not dump the load.
Take 2–3 seconds on the way back.
Reverse before the pelvis curls under.

❌ Common mistakes
❌ Knees collapsing inward
Drive knees with the toes. Reduce load immediately if they cave.
❌ Pelvis curling / low back peeling at the bottom
Own pelvis position before depth.
❌ Snapping into a hard knee lockout
If position breaks, cut the load.
❌ Loading unequal plates
Match both sides, then confirm with a light set.

💡 MACHINE FIT PRO TIP
🔥 Nautilus Angled Leg Press is plate-loaded. Match both sides, set the safety stops to your range first, and use the first two sets to confirm the pelvis stays down.

🎯 MACHINE FIT CHECK
🟢 Seat/pad → pelvis planted
🟢 Feet → centered and aligned
🟢 Plates → matched
🟢 Return → 2–3 sec control

### 🔥 Remember this

""Whole-foot drive, pelvis stays honest."""
NAUTILUS,수평 레그 프레스,Horizontal Leg Press,Impact Seated Leg Press,PARTIALLY_VERIFIED,Nautilus,Impact,https://planet-fitness.com/catalogues-marques/catalogue-nautilus.pdf,Impact Seated Leg Press(9NA-S1305 계열)가 수평/시티드 프레스에 가깝습니다.,"등판, 발판, 스택","🏋️ NAUTILUS — Impact Seated Leg Press · Impact

🎯 ONE KEY CUE
🔥 ""수평 궤적에 맞춰 골반을 붙이고 발 전체로 밀기""

Impact Seated Leg Press(9NA-S1305 계열)가 수평/시티드 프레스에 가깝습니다. Impact/Nitro 구조입니다. 처음부터 무게 올리지 말고, 세팅부터 잡으세요.

⚙️ ① 기구 세팅
🦶 발 위치
수평 궤적에 맞춰 발판 중앙에 발을 안정적으로 두세요. 무릎·발끝 방향을 맞춥니다.
⚙️ 조절 포인트
등판, 발판, 스택을 확인하세요.
이 카테고리는 공식 명칭이 겹칠 수 있으니, 헬스장 기구의 실제 레버·패드 배치를 우선하세요.

💪 ② 시작 자세
골반을 시트/패드에 붙이고 발 전체로 발판을 느낍니다. 무릎·발끝 방향을 맞춥니다.
이 자세에서 이것만 확인하세요.
👉 골반이 말리지 않는 깊이인지

🔥 ③ 운동 방법
발판을 수평으로 밀었다 천천히 복귀.
발판을 “발로 차듯” 밀지 말고, 발 전체로 멀리 보낸다는 느낌으로 밀어요. 무릎은 발끝 방향을 따라갑니다.

💥 ④ 최고 수축
무릎을 완전히 잠그기 직전, 허벅지·둔근이 일을 받는 지점에서 멈춥니다.
⏱️ 1초 STOP
튕기지 말고 그 지점에서 1초만 소유하세요. 무게를 놓는 순간이 아닙니다.

🐌 ⑤ 천천히 돌아오기
중량을 그냥 놓지 마세요.
2~3초 동안 통제하면서 복귀합니다.
내려올 때 골반이 말리는 깊이 직전에서 방향을 바꾸세요.

❌ 흔한 실수
❌ 발 위치가 너무 낮아 무릎이 과굴곡되는
자세가 무너지면 깊이·무게를 줄이세요.
❌ 무릎이 안쪽으로 무너지는 것
발끝 방향으로 무릎을 보내세요. 안쪽으로 모이면 바로 중량을 낮춥니다.
❌ 하부 범위에서 요추가 뜨거나 골반이 말리는 것
깊이보다 골반 고정이 먼저입니다. 허리가 뜨면 범위를 줄이세요.
❌ 무릎을 강하게 잠그며 튕기는 것
자세가 무너지면 깊이·무게를 줄이세요.

💡 MACHINE FIT PRO TIP
🔥 수평(리니어) 궤적은 45° 레그 프레스와 골반 느낌이 다릅니다. 시트에 골반을 붙인 채 수평으로 민다는 감각을 먼저 만드세요.

🎯 MACHINE FIT CHECK
🟢 시트/패드 → 골반 고정
🟢 발 → 발판 중앙·방향 정렬
🟢 무릎 → 발끝 방향
🟢 복귀 → 2~3초 통제

### 🔥 이것만 기억하세요

""골반은 시트에, 발 전체로 수평으로 밀고, 복귀는 2~3초.""","🏋️ NAUTILUS — Impact Seated Leg Press · Impact

🎯 ONE KEY CUE
🔥 ""Match the horizontal path — pelvis planted, whole-foot drive""

Impact Seated Leg Press(9NA-S1305 계열)가 수평/시티드 프레스에 가깝습니다. Lean into the Impact/Nitro design. Do not chase load until the setup feels locked in.

⚙️ ① Setup
🦶 Feet
Center the feet on the horizontal path and keep knees tracking with toes.
⚙️ Adjustments
Check 등판, 발판, 스택.
Naming can overlap in this category — trust the levers and pads on the unit in front of you.

💪 ② Start position
Plant the pelvis and feel the whole foot on the platform. Align knees with toes.
Check only this:
👉 Pelvis not curling under

🔥 ③ Execution
Do not kick the platform. Drive it away through the whole foot and let the knees track the toes.
Bend, press through the mid-foot, and return without bouncing the knees.

💥 ④ Peak contraction
Stop just short of hard lockout where quads/glutes still own the load.
⏱️ 1-second STOP
Own that position for one second. This is not where you dump the weight.

🐌 ⑤ Controlled return
Do not dump the load.
Take 2–3 seconds on the way back.
Reverse before the pelvis curls under.

❌ Common mistakes
❌ Knees collapsing inward
Drive knees with the toes. Reduce load immediately if they cave.
❌ Pelvis curling / low back peeling at the bottom
Own pelvis position before depth.
❌ Snapping into a hard knee lockout
If position breaks, cut the load.

💡 MACHINE FIT PRO TIP
🔥 Linear/horizontal paths feel different from a 45° sled. Keep the pelvis glued and press on the horizontal line.

🎯 MACHINE FIT CHECK
🟢 Seat/pad → pelvis planted
🟢 Feet → centered and aligned
🟢 Knees → track toes
🟢 Return → 2–3 sec control

### 🔥 Remember this

""Pelvis glued, whole-foot horizontal drive, 2–3 sec return."""
NAUTILUS,핵 스쿼트,Hack Squat,Nautilus Hack Squat,PARTIALLY_VERIFIED,Nautilus,Leverage Plate Loaded,https://planet-fitness.com/catalogues-marques/catalogue-nautilus.pdf,Nautilus Leverage Hack Squat. Inspiration 셀렉터에는 없습니다.,"어깨 패드, 등판, 안전장치, 발 위치","🏋️ NAUTILUS — Nautilus Hack Squat · Leverage Plate Loaded

🎯 ONE KEY CUE
🔥 ""등판에 등을 붙이고 발바닥 전체로 일어서기""

Nautilus Leverage Hack Squat. Inspiration 셀렉터에는 없습니다. 플레이트 로딩 · 셀렉터 스택 구조입니다. 처음부터 무게 올리지 말고, 세팅부터 잡으세요.

⚙️ ① 기구 세팅
🪑 좌석 / 패드
시트·백패드를 먼저 맞추세요. 밀었을 때 골반이 말리거나 허리가 뜨지 않는 깊이가 시작점입니다.
🦶 발 위치
발판 중앙에 발을 두고, 무릎이 발끝 방향으로 가게 맞추세요. 너무 높거나 낮으면 골반이 먼저 뜹니다.
⚙️ 조절 포인트
어깨 패드, 등판, 안전장치, 발 위치를 확인하세요. 양쪽 플레이트를 동일하게 맞추고, 한쪽만 먼저 올리지 마세요.
이 카테고리는 공식 명칭이 겹칠 수 있으니, 헬스장 기구의 실제 레버·패드 배치를 우선하세요.

💪 ② 시작 자세
골반을 시트/패드에 붙이고 발 전체로 발판을 느낍니다. 무릎·발끝 방향을 맞춥니다.
이 자세에서 이것만 확인하세요.
👉 골반이 말리지 않는 깊이인지

🔥 ③ 운동 방법
스쿼트 깊이까지 내려갔다 발바닥으로 일어서기.
발판을 “발로 차듯” 밀지 말고, 발 전체로 멀리 보낸다는 느낌으로 밀어요. 무릎은 발끝 방향을 따라갑니다.

💥 ④ 최고 수축
무릎을 완전히 잠그기 직전, 허벅지·둔근이 일을 받는 지점에서 멈춥니다.
⏱️ 1초 STOP
튕기지 말고 그 지점에서 1초만 소유하세요. 무게를 놓는 순간이 아닙니다.

🐌 ⑤ 천천히 돌아오기
중량을 그냥 놓지 마세요.
2~3초 동안 통제하면서 복귀합니다.
내려올 때 골반이 말리는 깊이 직전에서 방향을 바꾸세요.

❌ 흔한 실수
❌ 무릎만 앞으로 보내며 힙이 뜨는
자세가 무너지면 깊이·무게를 줄이세요.
❌ 무릎이 안쪽으로 무너지는 것
발끝 방향으로 무릎을 보내세요. 안쪽으로 모이면 바로 중량을 낮춥니다.
❌ 하부 범위에서 요추가 뜨거나 골반이 말리는 것
깊이보다 골반 고정이 먼저입니다. 허리가 뜨면 범위를 줄이세요.
❌ 무릎을 강하게 잠그며 튕기는 것
자세가 무너지면 깊이·무게를 줄이세요.
❌ 양쪽 플레이트 무게를 다르게 올리는 것
양쪽을 맞춘 뒤 가벼운 세트로 좌우를 확인하세요.

💡 MACHINE FIT PRO TIP
🔥 Nautilus Hack Squat은 플레이트 로딩 레그 프레스입니다. 양쪽 원판을 맞춘 뒤, 안전 스톱을 내 가동범위에 먼저 걸고 시작하세요. 첫 2세트는 템포를 늦춰 골반이 뜨는지 확인합니다.

🎯 MACHINE FIT CHECK
🟢 시트/패드 → 골반 고정
🟢 발 → 발판 중앙·방향 정렬
🟢 원판 → 좌우 동일
🟢 복귀 → 2~3초 통제

### 🔥 이것만 기억하세요

""발 전체로 밀고, 골반은 끝까지 안정적으로.""","🏋️ NAUTILUS — Nautilus Hack Squat · Leverage Plate Loaded

🎯 ONE KEY CUE
🔥 ""Keep the back on the pad and stand up through the whole foot""

Nautilus Leverage Hack Squat. Inspiration 셀렉터에는 없습니다. Lean into the plate-loaded / selectorized stack design. Do not chase load until the setup feels locked in.

⚙️ ① Setup
🪑 Seat / pads
Set the seat/back pad first. Your start depth is where the pelvis stays planted and the low back does not peel up.
🦶 Feet
Center the feet. If placement is too high or low, the pelvis lifts first.
⚙️ Adjustments
Check 어깨 패드, 등판, 안전장치, 발 위치. Match plates on both sides — do not load one arm first.
Naming can overlap in this category — trust the levers and pads on the unit in front of you.

💪 ② Start position
Plant the pelvis and feel the whole foot on the platform. Align knees with toes.
Check only this:
👉 Pelvis not curling under

🔥 ③ Execution
Do not kick the platform. Drive it away through the whole foot and let the knees track the toes.
Bend, press through the mid-foot, and return without bouncing the knees.

💥 ④ Peak contraction
Stop just short of hard lockout where quads/glutes still own the load.
⏱️ 1-second STOP
Own that position for one second. This is not where you dump the weight.

🐌 ⑤ Controlled return
Do not dump the load.
Take 2–3 seconds on the way back.
Reverse before the pelvis curls under.

❌ Common mistakes
❌ Knees collapsing inward
Drive knees with the toes. Reduce load immediately if they cave.
❌ Pelvis curling / low back peeling at the bottom
Own pelvis position before depth.
❌ Snapping into a hard knee lockout
If position breaks, cut the load.
❌ Loading unequal plates
Match both sides, then confirm with a light set.

💡 MACHINE FIT PRO TIP
🔥 Nautilus Hack Squat is plate-loaded. Match both sides, set the safety stops to your range first, and use the first two sets to confirm the pelvis stays down.

🎯 MACHINE FIT CHECK
🟢 Seat/pad → pelvis planted
🟢 Feet → centered and aligned
🟢 Plates → matched
🟢 Return → 2–3 sec control

### 🔥 Remember this

""Whole-foot drive, pelvis stays honest."""
NAUTILUS,스쿼트 프레스,Squat Press,Inspiration Leg Press,PARTIALLY_VERIFIED,Nautilus,Inspiration,https://innovativefit.com/catalog_product/nautilus-inspiration-selectorized-line/,별도 Squat Press SKU는 없고 Inspiration Leg Press가 프레스형 하체 패턴으로 가장 가깝습니다.,"등판, 발 위치, Lock N Load","🏋️ NAUTILUS — Inspiration Leg Press · Inspiration

🎯 ONE KEY CUE
🔥 ""힙과 무릎이 함께 펴지도록 발판을 밀기""

별도 Squat Press SKU는 없고 Inspiration Leg Press가 프레스형 하체 패턴으로 가장 가깝습니다. Inspiration Lock N Load 구조입니다. 처음부터 무게 올리지 말고, 세팅부터 잡으세요.

⚙️ ① 기구 세팅
🦶 발 위치
발판 중앙에 발을 두고, 무릎이 발끝 방향으로 가게 맞추세요. 너무 높거나 낮으면 골반이 먼저 뜹니다.
⚙️ 조절 포인트
등판, 발 위치, Lock N Load를 확인하세요.
이 카테고리는 공식 명칭이 겹칠 수 있으니, 헬스장 기구의 실제 레버·패드 배치를 우선하세요.

💪 ② 시작 자세
골반을 시트/패드에 붙이고 발 전체로 발판을 느낍니다. 무릎·발끝 방향을 맞춥니다.
이 자세에서 이것만 확인하세요.
👉 골반이 말리지 않는 깊이인지

🔥 ③ 운동 방법
발판을 밀어 신전했다 통제 복귀.
발판을 “발로 차듯” 밀지 말고, 발 전체로 멀리 보낸다는 느낌으로 밀어요. 무릎은 발끝 방향을 따라갑니다.

💥 ④ 최고 수축
무릎을 완전히 잠그기 직전, 허벅지·둔근이 일을 받는 지점에서 멈춥니다.
⏱️ 1초 STOP
튕기지 말고 그 지점에서 1초만 소유하세요. 무게를 놓는 순간이 아닙니다.

🐌 ⑤ 천천히 돌아오기
중량을 그냥 놓지 마세요.
2~3초 동안 통제하면서 복귀합니다.
내려올 때 골반이 말리는 깊이 직전에서 방향을 바꾸세요.

❌ 흔한 실수
❌ 무릎만 펴고 힙 신전이 부족한
자세가 무너지면 깊이·무게를 줄이세요.
❌ 무릎이 안쪽으로 무너지는 것
발끝 방향으로 무릎을 보내세요. 안쪽으로 모이면 바로 중량을 낮춥니다.
❌ 하부 범위에서 요추가 뜨거나 골반이 말리는 것
깊이보다 골반 고정이 먼저입니다. 허리가 뜨면 범위를 줄이세요.
❌ 무릎을 강하게 잠그며 튕기는 것
자세가 무너지면 깊이·무게를 줄이세요.

💡 MACHINE FIT PRO TIP
🔥 Inspiration Leg Press의 가이드 궤적을 이용하세요. 첫 2세트는 천천히, 대칭이 확인된 뒤에만 무게를 올립니다.

🎯 MACHINE FIT CHECK
🟢 시트/패드 → 골반 고정
🟢 발 → 발판 중앙·방향 정렬
🟢 무릎 → 발끝 방향
🟢 복귀 → 2~3초 통제

### 🔥 이것만 기억하세요

""발 전체로 밀고, 골반은 끝까지 안정적으로.""","🏋️ NAUTILUS — Inspiration Leg Press · Inspiration

🎯 ONE KEY CUE
🔥 ""Extend hips and knees together as you press the platform""

별도 Squat Press SKU는 없고 Inspiration Leg Press가 프레스형 하체 패턴으로 가장 가깝습니다. Lean into the Inspiration Lock N Load design. Do not chase load until the setup feels locked in.

⚙️ ① Setup
🦶 Feet
Center the feet. If placement is too high or low, the pelvis lifts first.
⚙️ Adjustments
Check 등판, 발 위치, Lock N Load.
Naming can overlap in this category — trust the levers and pads on the unit in front of you.

💪 ② Start position
Plant the pelvis and feel the whole foot on the platform. Align knees with toes.
Check only this:
👉 Pelvis not curling under

🔥 ③ Execution
Do not kick the platform. Drive it away through the whole foot and let the knees track the toes.
Bend, press through the mid-foot, and return without bouncing the knees.

💥 ④ Peak contraction
Stop just short of hard lockout where quads/glutes still own the load.
⏱️ 1-second STOP
Own that position for one second. This is not where you dump the weight.

🐌 ⑤ Controlled return
Do not dump the load.
Take 2–3 seconds on the way back.
Reverse before the pelvis curls under.

❌ Common mistakes
❌ Knees collapsing inward
Drive knees with the toes. Reduce load immediately if they cave.
❌ Pelvis curling / low back peeling at the bottom
Own pelvis position before depth.
❌ Snapping into a hard knee lockout
If position breaks, cut the load.

💡 MACHINE FIT PRO TIP
🔥 Use the guided path on Inspiration Leg Press. Slow the first two sets, confirm symmetry, then add load.

🎯 MACHINE FIT CHECK
🟢 Seat/pad → pelvis planted
🟢 Feet → centered and aligned
🟢 Knees → track toes
🟢 Return → 2–3 sec control

### 🔥 Remember this

""Whole-foot drive, pelvis stays honest."""
NAUTILUS,벨트 스쿼트,Belt Squat,,BRAND_MODEL_NOT_FOUND,Nautilus,,https://planet-fitness.com/catalogues-marques/catalogue-nautilus.pdf,Nautilus 현행 카탈로그에 Belt Squat 전용 머신이 없습니다.,"벨트 높이, 발 너비, 중량","🏋️ NAUTILUS — 벨트 스쿼트

🎯 ONE KEY CUE
🔥 ""상체를 세운 채 힙을 뒤로 보내며 앉았다 일어서기""

노틸러스 전용 모델이 없는 카테고리입니다. 헬스장에 있는 실제 기구의 패드·레버·안전장치를 먼저 확인한 뒤, 아래 패턴으로 움직이세요.

⚙️ ① 기구 세팅
🦶 발 위치
발판 중앙에 발을 두고, 무릎이 발끝 방향으로 가게 맞추세요. 너무 높거나 낮으면 골반이 먼저 뜹니다.
⚙️ 조절 포인트
벨트 높이, 발 너비, 중량을 확인하세요.

💪 ② 시작 자세
골반을 시트/패드에 붙이고 발 전체로 발판을 느낍니다. 무릎·발끝 방향을 맞춥니다.
이 자세에서 이것만 확인하세요.
👉 골반이 말리지 않는 깊이인지

🔥 ③ 운동 방법
스쿼트 깊이까지 앉았다 발바닥으로 일어서기.
발판을 “발로 차듯” 밀지 말고, 발 전체로 멀리 보낸다는 느낌으로 밀어요. 무릎은 발끝 방향을 따라갑니다.

💥 ④ 최고 수축
무릎을 완전히 잠그기 직전, 허벅지·둔근이 일을 받는 지점에서 멈춥니다.
⏱️ 1초 STOP
튕기지 말고 그 지점에서 1초만 소유하세요. 무게를 놓는 순간이 아닙니다.

🐌 ⑤ 천천히 돌아오기
중량을 그냥 놓지 마세요.
2~3초 동안 통제하면서 복귀합니다.
내려올 때 골반이 말리는 깊이 직전에서 방향을 바꾸세요.

❌ 흔한 실수
❌ 허리를 둥글게 말고 내려가는
자세가 무너지면 깊이·무게를 줄이세요.
❌ 무릎이 안쪽으로 무너지는 것
발끝 방향으로 무릎을 보내세요. 안쪽으로 모이면 바로 중량을 낮춥니다.
❌ 하부 범위에서 요추가 뜨거나 골반이 말리는 것
깊이보다 골반 고정이 먼저입니다. 허리가 뜨면 범위를 줄이세요.
❌ 무릎을 강하게 잠그며 튕기는 것
자세가 무너지면 깊이·무게를 줄이세요.

💡 MACHINE FIT PRO TIP
🔥 이 항목은 해머 스트렝스 전용 SKU가 없습니다. ""벨트 스쿼트""로 분류된 실제 기구의 패드·레버·안전장치만 믿고, 가벼운 무게로 5회 리허설 후 본 세트를 시작하세요.

🎯 MACHINE FIT CHECK
🟢 시트/패드 → 골반 고정
🟢 발 → 발판 중앙·방향 정렬
🟢 무릎 → 발끝 방향
🟢 복귀 → 2~3초 통제

### 🔥 이것만 기억하세요

""발 전체로 밀고, 골반은 끝까지 안정적으로.""","🏋️ NAUTILUS — Belt Squat

🎯 ONE KEY CUE
🔥 ""Keep the torso tall, sit the hips back, then stand""

There is no dedicated Nautilus SKU for this category. Confirm pads, levers, and safeties on the unit in your gym, then follow the movement pattern below.

⚙️ ① Setup
🦶 Feet
Center the feet. If placement is too high or low, the pelvis lifts first.
⚙️ Adjustments
Check 벨트 높이, 발 너비, 중량.

💪 ② Start position
Plant the pelvis and feel the whole foot on the platform. Align knees with toes.
Check only this:
👉 Pelvis not curling under

🔥 ③ Execution
Do not kick the platform. Drive it away through the whole foot and let the knees track the toes.
Bend, press through the mid-foot, and return without bouncing the knees.

💥 ④ Peak contraction
Stop just short of hard lockout where quads/glutes still own the load.
⏱️ 1-second STOP
Own that position for one second. This is not where you dump the weight.

🐌 ⑤ Controlled return
Do not dump the load.
Take 2–3 seconds on the way back.
Reverse before the pelvis curls under.

❌ Common mistakes
❌ Knees collapsing inward
Drive knees with the toes. Reduce load immediately if they cave.
❌ Pelvis curling / low back peeling at the bottom
Own pelvis position before depth.
❌ Snapping into a hard knee lockout
If position breaks, cut the load.

💡 MACHINE FIT PRO TIP
🔥 No dedicated Hammer Strength SKU for this slot. Trust the pads/levers/safeties on the unit labeled like ""Belt Squat"", rehearse five light reps, then start working sets.

🎯 MACHINE FIT CHECK
🟢 Seat/pad → pelvis planted
🟢 Feet → centered and aligned
🟢 Knees → track toes
🟢 Return → 2–3 sec control

### 🔥 Remember this

""Whole-foot drive, pelvis stays honest."""
NAUTILUS,레그 익스텐션,Leg Extension,Inspiration Leg Extension,VERIFIED,Nautilus,Inspiration,https://innovativefit.com/catalog_product/nautilus-inspiration-selectorized-line/,Inspiration Leg Extension(IPLE5)입니다.,"시트, 백패드, 발목 롤러, Lock N Load","🏋️ NAUTILUS — Inspiration Leg Extension · Inspiration

🎯 ONE KEY CUE
🔥 ""엉덩이를 시트에 붙인 채 무릎만 펴기""

Inspiration Leg Extension(IPLE5). Inspiration Lock N Load 구조입니다. 처음부터 무게 올리지 말고, 세팅부터 잡으세요.

⚙️ ① 기구 세팅
🪑 좌석 / 패드
시트부터 맞추세요. 밀었을 때 골반이 말리거나 허리가 뜨지 않는 깊이가 시작점입니다.
🦶 발 위치
발판 중앙에 발을 두고, 무릎이 발끝 방향으로 가게 맞추세요. 너무 높거나 낮으면 골반이 먼저 뜹니다.
⚙️ 조절 포인트
시트, 백패드, 발목 롤러, Lock N Load를 확인하세요.

💪 ② 시작 자세
골반을 시트/패드에 붙이고 발 전체로 발판을 느낍니다. 무릎·발끝 방향을 맞춥니다.
이 자세에서 이것만 확인하세요.
👉 골반이 말리지 않는 깊이인지

🔥 ③ 운동 방법
무릎을 신전했다가 천천히 굴곡으로 복귀.
발판을 “발로 차듯” 밀지 말고, 발 전체로 멀리 보낸다는 느낌으로 밀어요. 무릎은 발끝 방향을 따라갑니다.

💥 ④ 최고 수축
무릎을 완전히 잠그기 직전, 허벅지·둔근이 일을 받는 지점에서 멈춥니다.
⏱️ 1초 STOP
튕기지 말고 그 지점에서 1초만 소유하세요. 무게를 놓는 순간이 아닙니다.

🐌 ⑤ 천천히 돌아오기
중량을 그냥 놓지 마세요.
2~3초 동안 통제하면서 복귀합니다.
내려올 때 골반이 말리는 깊이 직전에서 방향을 바꾸세요.

❌ 흔한 실수
❌ 상체를 뒤로 젖혀 반동으로 펴는
템포를 늦추고 같은 궤적만 반복하세요.
❌ 무릎이 안쪽으로 무너지는 것
발끝 방향으로 무릎을 보내세요. 안쪽으로 모이면 바로 중량을 낮춥니다.
❌ 하부 범위에서 요추가 뜨거나 골반이 말리는 것
깊이보다 골반 고정이 먼저입니다. 허리가 뜨면 범위를 줄이세요.
❌ 무릎을 강하게 잠그며 튕기는 것
자세가 무너지면 깊이·무게를 줄이세요.

💡 MACHINE FIT PRO TIP
🔥 Inspiration Leg Extension의 가이드 궤적을 이용하세요. 첫 2세트는 천천히, 대칭이 확인된 뒤에만 무게를 올립니다.

🎯 MACHINE FIT CHECK
🟢 시트/패드 → 골반 고정
🟢 발 → 발판 중앙·방향 정렬
🟢 무릎 → 발끝 방향
🟢 복귀 → 2~3초 통제

### 🔥 이것만 기억하세요

""발 전체로 밀고, 골반은 끝까지 안정적으로.""","🏋️ NAUTILUS — Inspiration Leg Extension · Inspiration

🎯 ONE KEY CUE
🔥 ""Keep the hips glued to the seat and extend only at the knees""

Inspiration Leg Extension(IPLE5)입니다. Lean into the Inspiration Lock N Load design. Do not chase load until the setup feels locked in.

⚙️ ① Setup
🪑 Seat / pads
Set the seat/back pad first. Your start depth is where the pelvis stays planted and the low back does not peel up.
🦶 Feet
Center the feet. If placement is too high or low, the pelvis lifts first.
⚙️ Adjustments
Check 시트, 백패드, 발목 롤러, Lock N Load.

💪 ② Start position
Plant the pelvis and feel the whole foot on the platform. Align knees with toes.
Check only this:
👉 Pelvis not curling under

🔥 ③ Execution
Do not kick the platform. Drive it away through the whole foot and let the knees track the toes.
Bend, press through the mid-foot, and return without bouncing the knees.

💥 ④ Peak contraction
Stop just short of hard lockout where quads/glutes still own the load.
⏱️ 1-second STOP
Own that position for one second. This is not where you dump the weight.

🐌 ⑤ Controlled return
Do not dump the load.
Take 2–3 seconds on the way back.
Reverse before the pelvis curls under.

❌ Common mistakes
❌ Knees collapsing inward
Drive knees with the toes. Reduce load immediately if they cave.
❌ Pelvis curling / low back peeling at the bottom
Own pelvis position before depth.
❌ Snapping into a hard knee lockout
If position breaks, cut the load.

💡 MACHINE FIT PRO TIP
🔥 Use the guided path on Inspiration Leg Extension. Slow the first two sets, confirm symmetry, then add load.

🎯 MACHINE FIT CHECK
🟢 Seat/pad → pelvis planted
🟢 Feet → centered and aligned
🟢 Knees → track toes
🟢 Return → 2–3 sec control

### 🔥 Remember this

""Whole-foot drive, pelvis stays honest."""
NAUTILUS,시티드 레그 컬,Seated Leg Curl,Inspiration Leg Curl,PARTIALLY_VERIFIED,Nautilus,Inspiration,https://innovativefit.com/catalog_product/nautilus-inspiration-selectorized-line/,Inspiration Leg Curl(IPLC5/IPLC3). 시티드/라잉 구분은 시설 유닛에 따라 확인이 필요합니다.,"시트/패드, 발목 롤러, Lock N Load","🏋️ NAUTILUS — Inspiration Leg Curl · Inspiration

🎯 ONE KEY CUE
🔥 ""허벅지/골반을 고정한 채 발뒤꿈치로 당기기""

Inspiration Leg Curl(IPLC5/IPLC3). 시티드/라잉 구분은 시설 유닛에 따라 확인이 필요합니다. Inspiration Lock N Load 구조입니다. 처음부터 무게 올리지 말고, 세팅부터 잡으세요.

⚙️ ① 기구 세팅
🪑 좌석 / 패드
시트부터 맞추세요. 밀었을 때 골반이 말리거나 허리가 뜨지 않는 깊이가 시작점입니다.
🦶 발 위치
발판 중앙에 발을 두고, 무릎이 발끝 방향으로 가게 맞추세요. 너무 높거나 낮으면 골반이 먼저 뜹니다.
⚙️ 조절 포인트
시트/패드, 발목 롤러, Lock N Load를 확인하세요.
이 카테고리는 공식 명칭이 겹칠 수 있으니, 헬스장 기구의 실제 레버·패드 배치를 우선하세요.

💪 ② 시작 자세
골반을 시트/패드에 붙이고 발 전체로 발판을 느낍니다. 무릎·발끝 방향을 맞춥니다.
이 자세에서 이것만 확인하세요.
👉 골반이 말리지 않는 깊이인지

🔥 ③ 운동 방법
무릎을 굽혀 햄스트링을 조인 뒤 천천히 펴기.
발판을 “발로 차듯” 밀지 말고, 발 전체로 멀리 보낸다는 느낌으로 밀어요. 무릎은 발끝 방향을 따라갑니다.

💥 ④ 최고 수축
무릎을 완전히 잠그기 직전, 허벅지·둔근이 일을 받는 지점에서 멈춥니다.
⏱️ 1초 STOP
튕기지 말고 그 지점에서 1초만 소유하세요. 무게를 놓는 순간이 아닙니다.

🐌 ⑤ 천천히 돌아오기
중량을 그냥 놓지 마세요.
2~3초 동안 통제하면서 복귀합니다.
내려올 때 골반이 말리는 깊이 직전에서 방향을 바꾸세요.

❌ 흔한 실수
❌ 엉덩이가 들리며 반동으로 당기는
템포를 늦추고 같은 궤적만 반복하세요.
❌ 무릎이 안쪽으로 무너지는 것
발끝 방향으로 무릎을 보내세요. 안쪽으로 모이면 바로 중량을 낮춥니다.
❌ 하부 범위에서 요추가 뜨거나 골반이 말리는 것
깊이보다 골반 고정이 먼저입니다. 허리가 뜨면 범위를 줄이세요.
❌ 무릎을 강하게 잠그며 튕기는 것
자세가 무너지면 깊이·무게를 줄이세요.

💡 MACHINE FIT PRO TIP
🔥 Inspiration Leg Curl의 가이드 궤적을 이용하세요. 첫 2세트는 천천히, 대칭이 확인된 뒤에만 무게를 올립니다.

🎯 MACHINE FIT CHECK
🟢 시트/패드 → 골반 고정
🟢 발 → 발판 중앙·방향 정렬
🟢 무릎 → 발끝 방향
🟢 복귀 → 2~3초 통제

### 🔥 이것만 기억하세요

""발 전체로 밀고, 골반은 끝까지 안정적으로.""","🏋️ NAUTILUS — Inspiration Leg Curl · Inspiration

🎯 ONE KEY CUE
🔥 ""Brace the thighs/hips and curl through the heels""

Inspiration Leg Curl(IPLC5/IPLC3). 시티드/라잉 구분은 시설 유닛에 따라 확인이 필요합니다. Lean into the Inspiration Lock N Load design. Do not chase load until the setup feels locked in.

⚙️ ① Setup
🪑 Seat / pads
Set the seat/back pad first. Your start depth is where the pelvis stays planted and the low back does not peel up.
🦶 Feet
Center the feet. If placement is too high or low, the pelvis lifts first.
⚙️ Adjustments
Check 시트/패드, 발목 롤러, Lock N Load.
Naming can overlap in this category — trust the levers and pads on the unit in front of you.

💪 ② Start position
Plant the pelvis and feel the whole foot on the platform. Align knees with toes.
Check only this:
👉 Pelvis not curling under

🔥 ③ Execution
Do not kick the platform. Drive it away through the whole foot and let the knees track the toes.
Bend, press through the mid-foot, and return without bouncing the knees.

💥 ④ Peak contraction
Stop just short of hard lockout where quads/glutes still own the load.
⏱️ 1-second STOP
Own that position for one second. This is not where you dump the weight.

🐌 ⑤ Controlled return
Do not dump the load.
Take 2–3 seconds on the way back.
Reverse before the pelvis curls under.

❌ Common mistakes
❌ Knees collapsing inward
Drive knees with the toes. Reduce load immediately if they cave.
❌ Pelvis curling / low back peeling at the bottom
Own pelvis position before depth.
❌ Snapping into a hard knee lockout
If position breaks, cut the load.

💡 MACHINE FIT PRO TIP
🔥 Use the guided path on Inspiration Leg Curl. Slow the first two sets, confirm symmetry, then add load.

🎯 MACHINE FIT CHECK
🟢 Seat/pad → pelvis planted
🟢 Feet → centered and aligned
🟢 Knees → track toes
🟢 Return → 2–3 sec control

### 🔥 Remember this

""Whole-foot drive, pelvis stays honest."""
NAUTILUS,라잉 레그 컬,Lying Leg Curl,Inspiration Leg Curl,PARTIALLY_VERIFIED,Nautilus,Inspiration,https://innovativefit.com/catalog_product/nautilus-inspiration-selectorized-line/,Inspiration Leg Curl(IPLC5). Impact에도 Leg Curl이 있습니다.,"골반 패드, 발목 롤러, Lock N Load","🏋️ NAUTILUS — Inspiration Leg Curl · Inspiration

🎯 ONE KEY CUE
🔥 ""골반을 패드에 붙이고 발뒤꿈치로만 당기기""

Inspiration Leg Curl(IPLC5). Impact에도 Leg Curl이 있습니다. Inspiration Lock N Load 구조입니다. 처음부터 무게 올리지 말고, 세팅부터 잡으세요.

⚙️ ① 기구 세팅
🪑 좌석 / 패드
시트·백패드를 먼저 맞추세요. 밀었을 때 골반이 말리거나 허리가 뜨지 않는 깊이가 시작점입니다.
🦶 발 위치
발판 중앙에 발을 두고, 무릎이 발끝 방향으로 가게 맞추세요. 너무 높거나 낮으면 골반이 먼저 뜹니다.
⚙️ 조절 포인트
골반 패드, 발목 롤러, Lock N Load를 확인하세요.
이 카테고리는 공식 명칭이 겹칠 수 있으니, 헬스장 기구의 실제 레버·패드 배치를 우선하세요.

💪 ② 시작 자세
골반을 시트/패드에 붙이고 발 전체로 발판을 느낍니다. 무릎·발끝 방향을 맞춥니다.
이 자세에서 이것만 확인하세요.
👉 골반이 말리지 않는 깊이인지

🔥 ③ 운동 방법
무릎을 굽혀 햄스트링을 조인 뒤 천천히 신장.
발판을 “발로 차듯” 밀지 말고, 발 전체로 멀리 보낸다는 느낌으로 밀어요. 무릎은 발끝 방향을 따라갑니다.

💥 ④ 최고 수축
무릎을 완전히 잠그기 직전, 허벅지·둔근이 일을 받는 지점에서 멈춥니다.
⏱️ 1초 STOP
튕기지 말고 그 지점에서 1초만 소유하세요. 무게를 놓는 순간이 아닙니다.

🐌 ⑤ 천천히 돌아오기
중량을 그냥 놓지 마세요.
2~3초 동안 통제하면서 복귀합니다.
내려올 때 골반이 말리는 깊이 직전에서 방향을 바꾸세요.

❌ 흔한 실수
❌ 허리를 과신전하며 들어 올리는
자세가 무너지면 깊이·무게를 줄이세요.
❌ 무릎이 안쪽으로 무너지는 것
발끝 방향으로 무릎을 보내세요. 안쪽으로 모이면 바로 중량을 낮춥니다.
❌ 하부 범위에서 요추가 뜨거나 골반이 말리는 것
깊이보다 골반 고정이 먼저입니다. 허리가 뜨면 범위를 줄이세요.
❌ 무릎을 강하게 잠그며 튕기는 것
자세가 무너지면 깊이·무게를 줄이세요.

💡 MACHINE FIT PRO TIP
🔥 Inspiration Leg Curl의 가이드 궤적을 이용하세요. 첫 2세트는 천천히, 대칭이 확인된 뒤에만 무게를 올립니다.

🎯 MACHINE FIT CHECK
🟢 시트/패드 → 골반 고정
🟢 발 → 발판 중앙·방향 정렬
🟢 무릎 → 발끝 방향
🟢 복귀 → 2~3초 통제

### 🔥 이것만 기억하세요

""발 전체로 밀고, 골반은 끝까지 안정적으로.""","🏋️ NAUTILUS — Inspiration Leg Curl · Inspiration

🎯 ONE KEY CUE
🔥 ""Pin the hips to the pad and curl only through the heels""

Inspiration Leg Curl(IPLC5). Impact에도 Leg Curl이 있습니다. Lean into the Inspiration Lock N Load design. Do not chase load until the setup feels locked in.

⚙️ ① Setup
🪑 Seat / pads
Set the seat/back pad first. Your start depth is where the pelvis stays planted and the low back does not peel up.
🦶 Feet
Center the feet. If placement is too high or low, the pelvis lifts first.
⚙️ Adjustments
Check 골반 패드, 발목 롤러, Lock N Load.
Naming can overlap in this category — trust the levers and pads on the unit in front of you.

💪 ② Start position
Plant the pelvis and feel the whole foot on the platform. Align knees with toes.
Check only this:
👉 Pelvis not curling under

🔥 ③ Execution
Do not kick the platform. Drive it away through the whole foot and let the knees track the toes.
Bend, press through the mid-foot, and return without bouncing the knees.

💥 ④ Peak contraction
Stop just short of hard lockout where quads/glutes still own the load.
⏱️ 1-second STOP
Own that position for one second. This is not where you dump the weight.

🐌 ⑤ Controlled return
Do not dump the load.
Take 2–3 seconds on the way back.
Reverse before the pelvis curls under.

❌ Common mistakes
❌ Knees collapsing inward
Drive knees with the toes. Reduce load immediately if they cave.
❌ Pelvis curling / low back peeling at the bottom
Own pelvis position before depth.
❌ Snapping into a hard knee lockout
If position breaks, cut the load.

💡 MACHINE FIT PRO TIP
🔥 Use the guided path on Inspiration Leg Curl. Slow the first two sets, confirm symmetry, then add load.

🎯 MACHINE FIT CHECK
🟢 Seat/pad → pelvis planted
🟢 Feet → centered and aligned
🟢 Knees → track toes
🟢 Return → 2–3 sec control

### 🔥 Remember this

""Whole-foot drive, pelvis stays honest."""
NAUTILUS,스탠딩 레그 컬,Standing Leg Curl,,BRAND_MODEL_NOT_FOUND,Nautilus,,https://planet-fitness.com/catalogues-marques/catalogue-nautilus.pdf,Nautilus Inspiration/Impact에 Standing Leg Curl 전용 SKU가 없습니다.,"지지 패드, 발목 롤러, 중량","🏋️ NAUTILUS — 스탠딩 레그 컬

🎯 ONE KEY CUE
🔥 ""지지하는 골반을 고정한 채 한 다리만 굽히기""

노틸러스 전용 모델이 없는 카테고리입니다. 헬스장에 있는 실제 기구의 패드·레버·안전장치를 먼저 확인한 뒤, 아래 패턴으로 움직이세요.

⚙️ ① 기구 세팅
🪑 좌석 / 패드
시트·백패드를 먼저 맞추세요. 밀었을 때 골반이 말리거나 허리가 뜨지 않는 깊이가 시작점입니다.
🦶 발 위치
발판 중앙에 발을 두고, 무릎이 발끝 방향으로 가게 맞추세요. 너무 높거나 낮으면 골반이 먼저 뜹니다.
⚙️ 조절 포인트
지지 패드, 발목 롤러, 중량을 확인하세요.

💪 ② 시작 자세
골반을 시트/패드에 붙이고 발 전체로 발판을 느낍니다. 무릎·발끝 방향을 맞춥니다.
이 자세에서 이것만 확인하세요.
👉 골반이 말리지 않는 깊이인지

🔥 ③ 운동 방법
한 다리 무릎을 굽혀 조인 뒤 천천히 펴기.
발판을 “발로 차듯” 밀지 말고, 발 전체로 멀리 보낸다는 느낌으로 밀어요. 무릎은 발끝 방향을 따라갑니다.

💥 ④ 최고 수축
무릎을 완전히 잠그기 직전, 허벅지·둔근이 일을 받는 지점에서 멈춥니다.
⏱️ 1초 STOP
튕기지 말고 그 지점에서 1초만 소유하세요. 무게를 놓는 순간이 아닙니다.

🐌 ⑤ 천천히 돌아오기
중량을 그냥 놓지 마세요.
2~3초 동안 통제하면서 복귀합니다.
내려올 때 골반이 말리는 깊이 직전에서 방향을 바꾸세요.

❌ 흔한 실수
❌ 몸통이 흔들리며 반동으로 당기는
템포를 늦추고 같은 궤적만 반복하세요.
❌ 무릎이 안쪽으로 무너지는 것
발끝 방향으로 무릎을 보내세요. 안쪽으로 모이면 바로 중량을 낮춥니다.
❌ 하부 범위에서 요추가 뜨거나 골반이 말리는 것
깊이보다 골반 고정이 먼저입니다. 허리가 뜨면 범위를 줄이세요.
❌ 무릎을 강하게 잠그며 튕기는 것
자세가 무너지면 깊이·무게를 줄이세요.

💡 MACHINE FIT PRO TIP
🔥 이 항목은 해머 스트렝스 전용 SKU가 없습니다. ""스탠딩 레그 컬""로 분류된 실제 기구의 패드·레버·안전장치만 믿고, 가벼운 무게로 5회 리허설 후 본 세트를 시작하세요.

🎯 MACHINE FIT CHECK
🟢 시트/패드 → 골반 고정
🟢 발 → 발판 중앙·방향 정렬
🟢 무릎 → 발끝 방향
🟢 복귀 → 2~3초 통제

### 🔥 이것만 기억하세요

""발 전체로 밀고, 골반은 끝까지 안정적으로.""","🏋️ NAUTILUS — Standing Leg Curl

🎯 ONE KEY CUE
🔥 ""Brace the support hip and curl only the working leg""

There is no dedicated Nautilus SKU for this category. Confirm pads, levers, and safeties on the unit in your gym, then follow the movement pattern below.

⚙️ ① Setup
🪑 Seat / pads
Set the seat/back pad first. Your start depth is where the pelvis stays planted and the low back does not peel up.
🦶 Feet
Center the feet. If placement is too high or low, the pelvis lifts first.
⚙️ Adjustments
Check 지지 패드, 발목 롤러, 중량.

💪 ② Start position
Plant the pelvis and feel the whole foot on the platform. Align knees with toes.
Check only this:
👉 Pelvis not curling under

🔥 ③ Execution
Do not kick the platform. Drive it away through the whole foot and let the knees track the toes.
Bend, press through the mid-foot, and return without bouncing the knees.

💥 ④ Peak contraction
Stop just short of hard lockout where quads/glutes still own the load.
⏱️ 1-second STOP
Own that position for one second. This is not where you dump the weight.

🐌 ⑤ Controlled return
Do not dump the load.
Take 2–3 seconds on the way back.
Reverse before the pelvis curls under.

❌ Common mistakes
❌ Knees collapsing inward
Drive knees with the toes. Reduce load immediately if they cave.
❌ Pelvis curling / low back peeling at the bottom
Own pelvis position before depth.
❌ Snapping into a hard knee lockout
If position breaks, cut the load.

💡 MACHINE FIT PRO TIP
🔥 No dedicated Hammer Strength SKU for this slot. Trust the pads/levers/safeties on the unit labeled like ""Standing Leg Curl"", rehearse five light reps, then start working sets.

🎯 MACHINE FIT CHECK
🟢 Seat/pad → pelvis planted
🟢 Feet → centered and aligned
🟢 Knees → track toes
🟢 Return → 2–3 sec control

### 🔥 Remember this

""Whole-foot drive, pelvis stays honest."""
NAUTILUS,싱글 레그 컬,Single Leg Curl,Inspiration Leg Curl,PARTIALLY_VERIFIED,Nautilus,Inspiration,https://innovativefit.com/catalog_product/nautilus-inspiration-selectorized-line/,별도 Single Leg Curl SKU명은 없고 Inspiration Leg Curl에서 편측으로 수행하는 경우가 많습니다.,"패드, 발목 롤러, Lock N Load","🏋️ NAUTILUS — Inspiration Leg Curl · Inspiration

🎯 ONE KEY CUE
🔥 ""좌우를 같은 가동범위로 맞춰 편측 컬""

별도 Single Leg Curl SKU명은 없고 Inspiration Leg Curl에서 편측으로 수행하는 경우가 많습니다. Inspiration Lock N Load 구조입니다. 처음부터 무게 올리지 말고, 세팅부터 잡으세요.

⚙️ ① 기구 세팅
🪑 좌석 / 패드
시트·백패드를 먼저 맞추세요. 밀었을 때 골반이 말리거나 허리가 뜨지 않는 깊이가 시작점입니다.
🦶 발 위치
발판 중앙에 발을 두고, 무릎이 발끝 방향으로 가게 맞추세요. 너무 높거나 낮으면 골반이 먼저 뜹니다.
⚙️ 조절 포인트
패드, 발목 롤러, Lock N Load를 확인하세요.
이 카테고리는 공식 명칭이 겹칠 수 있으니, 헬스장 기구의 실제 레버·패드 배치를 우선하세요.

💪 ② 시작 자세
골반을 시트/패드에 붙이고 발 전체로 발판을 느낍니다. 무릎·발끝 방향을 맞춥니다.
이 자세에서 이것만 확인하세요.
👉 골반이 말리지 않는 깊이인지

🔥 ③ 운동 방법
한 다리씩 무릎을 굽혀 조인 뒤 복귀.
발판을 “발로 차듯” 밀지 말고, 발 전체로 멀리 보낸다는 느낌으로 밀어요. 무릎은 발끝 방향을 따라갑니다.

💥 ④ 최고 수축
무릎을 완전히 잠그기 직전, 허벅지·둔근이 일을 받는 지점에서 멈춥니다.
⏱️ 1초 STOP
튕기지 말고 그 지점에서 1초만 소유하세요. 무게를 놓는 순간이 아닙니다.

🐌 ⑤ 천천히 돌아오기
중량을 그냥 놓지 마세요.
2~3초 동안 통제하면서 복귀합니다.
내려올 때 골반이 말리는 깊이 직전에서 방향을 바꾸세요.

❌ 흔한 실수
❌ 강한 쪽만 깊게 당기는
자세가 무너지면 깊이·무게를 줄이세요.
❌ 무릎이 안쪽으로 무너지는 것
발끝 방향으로 무릎을 보내세요. 안쪽으로 모이면 바로 중량을 낮춥니다.
❌ 하부 범위에서 요추가 뜨거나 골반이 말리는 것
깊이보다 골반 고정이 먼저입니다. 허리가 뜨면 범위를 줄이세요.
❌ 무릎을 강하게 잠그며 튕기는 것
자세가 무너지면 깊이·무게를 줄이세요.

💡 MACHINE FIT PRO TIP
🔥 Inspiration Leg Curl의 가이드 궤적을 이용하세요. 첫 2세트는 천천히, 대칭이 확인된 뒤에만 무게를 올립니다.

🎯 MACHINE FIT CHECK
🟢 시트/패드 → 골반 고정
🟢 발 → 발판 중앙·방향 정렬
🟢 무릎 → 발끝 방향
🟢 복귀 → 2~3초 통제

### 🔥 이것만 기억하세요

""발 전체로 밀고, 골반은 끝까지 안정적으로.""","🏋️ NAUTILUS — Inspiration Leg Curl · Inspiration

🎯 ONE KEY CUE
🔥 ""Match range of motion left and right on single-leg curls""

별도 Single Leg Curl SKU명은 없고 Inspiration Leg Curl에서 편측으로 수행하는 경우가 많습니다. Lean into the Inspiration Lock N Load design. Do not chase load until the setup feels locked in.

⚙️ ① Setup
🪑 Seat / pads
Set the seat/back pad first. Your start depth is where the pelvis stays planted and the low back does not peel up.
🦶 Feet
Center the feet. If placement is too high or low, the pelvis lifts first.
⚙️ Adjustments
Check 패드, 발목 롤러, Lock N Load.
Naming can overlap in this category — trust the levers and pads on the unit in front of you.

💪 ② Start position
Plant the pelvis and feel the whole foot on the platform. Align knees with toes.
Check only this:
👉 Pelvis not curling under

🔥 ③ Execution
Do not kick the platform. Drive it away through the whole foot and let the knees track the toes.
Bend, press through the mid-foot, and return without bouncing the knees.

💥 ④ Peak contraction
Stop just short of hard lockout where quads/glutes still own the load.
⏱️ 1-second STOP
Own that position for one second. This is not where you dump the weight.

🐌 ⑤ Controlled return
Do not dump the load.
Take 2–3 seconds on the way back.
Reverse before the pelvis curls under.

❌ Common mistakes
❌ Knees collapsing inward
Drive knees with the toes. Reduce load immediately if they cave.
❌ Pelvis curling / low back peeling at the bottom
Own pelvis position before depth.
❌ Snapping into a hard knee lockout
If position breaks, cut the load.

💡 MACHINE FIT PRO TIP
🔥 Use the guided path on Inspiration Leg Curl. Slow the first two sets, confirm symmetry, then add load.

🎯 MACHINE FIT CHECK
🟢 Seat/pad → pelvis planted
🟢 Feet → centered and aligned
🟢 Knees → track toes
🟢 Return → 2–3 sec control

### 🔥 Remember this

""Whole-foot drive, pelvis stays honest."""
NAUTILUS,힙 쓰러스트,Hip Thrust,Inspiration Glute Press,PARTIALLY_VERIFIED,Nautilus,Inspiration,https://innovativefit.com/catalog_product/nautilus-inspiration-selectorized-line/,별도 Hip Thrust SKU 대신 Inspiration Glute Press(IPGM5)가 글루트/힙 신전 패턴에 가깝습니다.,"패드, 발 위치, Lock N Load","🏋️ NAUTILUS — Inspiration Glute Press · Inspiration

🎯 ONE KEY CUE
🔥 ""갈비뼈를 내리고 엉덩이로만 밀어 올리기""

별도 Hip Thrust SKU 대신 Inspiration Glute Press(IPGM5)가 글루트/힙 신전 패턴에 가깝습니다. Inspiration Lock N Load 구조입니다. 처음부터 무게 올리지 말고, 세팅부터 잡으세요.

⚙️ ① 기구 세팅
🪑 좌석 / 패드
시트·백패드를 먼저 맞추세요. 밀었을 때 골반이 말리거나 허리가 뜨지 않는 깊이가 시작점입니다.
🦶 발 위치
지지하는 발을 먼저 고정하세요. 흔들리면 중량을 낮춥니다.
⚙️ 조절 포인트
패드, 발 위치, Lock N Load를 확인하세요.
이 카테고리는 공식 명칭이 겹칠 수 있으니, 헬스장 기구의 실제 레버·패드 배치를 우선하세요.

💪 ② 시작 자세
골반 위치를 먼저 고정합니다. 허리로 높이 만들 준비를 하지 마세요.
이 자세에서 이것만 확인하세요.
👉 허리가 아니라 엉덩이가 일을 받을 준비인지

🔥 ③ 운동 방법
힙을 신전했다가 천천히 내려 복귀.
허리로 높이를 만들지 말고 골반·엉덩이로 밀어 마무리하세요.

💥 ④ 최고 수축
목표 근육이 가장 조여지는 끝 지점에서 멈춥니다.
⏱️ 1초 STOP
튕기지 말고 그 지점에서 1초만 소유하세요. 무게를 놓는 순간이 아닙니다.

🐌 ⑤ 천천히 돌아오기
중량을 그냥 놓지 마세요.
2~3초 동안 통제하면서 복귀합니다.
시작 자세로 돌아갈 때도 같은 궤적을 유지하세요.

❌ 흔한 실수
❌ 허리를 과신전하며 올리는
자세가 무너지면 무게를 낮추세요.
❌ 허리로 높이 만드는 것
자세가 무너지면 무게를 낮추세요.
❌ 골반이 돌아가며 한쪽만 미는 것
약한 쪽 속도에 강한 쪽을 맞추세요.
❌ 반동으로 올리는 것
템포를 늦추고 같은 궤적만 반복하세요.

💡 MACHINE FIT PRO TIP
🔥 Inspiration Glute Press의 가이드 궤적을 이용하세요. 첫 2세트는 천천히, 대칭이 확인된 뒤에만 무게를 올립니다.

🎯 MACHINE FIT CHECK
🟢 발 → 발판 중앙·방향 정렬
🟢 어깨 → 으쓱하지 않기
🟢 복귀 → 2~3초 통제

### 🔥 이것만 기억하세요

""갈비뼈를 내리고 엉덩이로만 밀어 올리기. 끝에서 1초, 복귀는 통제.""","🏋️ NAUTILUS — Inspiration Glute Press · Inspiration

🎯 ONE KEY CUE
🔥 ""Keep the ribs down and drive up with the glutes only""

별도 Hip Thrust SKU 대신 Inspiration Glute Press(IPGM5)가 글루트/힙 신전 패턴에 가깝습니다. Lean into the Inspiration Lock N Load design. Do not chase load until the setup feels locked in.

⚙️ ① Setup
🪑 Seat / pads
Set the seat/back pad first. Your start depth is where the pelvis stays planted and the low back does not peel up.
🦶 Feet
Lock in the support foot before you move. Reduce load if you wobble.
⚙️ Adjustments
Check 패드, 발 위치, Lock N Load.
Naming can overlap in this category — trust the levers and pads on the unit in front of you.

💪 ② Start position
Set the pelvis first. Do not plan to create height with the lower back.
Check only this:
👉 Glutes ready to drive, not the lumbar spine

🔥 ③ Execution
Finish with the hips/glutes — do not manufacture height with the lumbar spine.
Drive the hips, squeeze, then lower without lumbar snap.

💥 ④ Peak contraction
Stop where the target muscle is most shortened.
⏱️ 1-second STOP
Own that position for one second. This is not where you dump the weight.

🐌 ⑤ Controlled return
Do not dump the load.
Take 2–3 seconds on the way back.
Return on the same path you pressed or pulled.

❌ Common mistakes
❌ Creating height with the lumbar spine
If position breaks, cut the load.
❌ Rotating the pelvis and favoring one side
If position breaks, cut the load.
❌ Bouncing the lockout
Slow the tempo and repeat one clean path.

💡 MACHINE FIT PRO TIP
🔥 Use the guided path on Inspiration Glute Press. Slow the first two sets, confirm symmetry, then add load.

🎯 MACHINE FIT CHECK
🟢 Feet → centered and aligned
🟢 Shoulders → not shrugged
🟢 Return → 2–3 sec control

### 🔥 Remember this

""Keep the ribs down and drive up with the glutes only. One-second peak, controlled return."""
NAUTILUS,글루트 드라이브,Glute Drive,Inspiration Glute Press,VERIFIED,Nautilus,Inspiration,https://innovativefit.com/catalog_product/nautilus-inspiration-selectorized-line/,Inspiration Glute Press(IPGM5)입니다.,"패드, 발/무릎 위치, Lock N Load","🏋️ NAUTILUS — Inspiration Glute Press · Inspiration

🎯 ONE KEY CUE
🔥 ""엉덩이 수축으로 밀어내고 허리는 중립 유지""

Inspiration Glute Press(IPGM5). Inspiration Lock N Load 구조입니다. 처음부터 무게 올리지 말고, 세팅부터 잡으세요.

⚙️ ① 기구 세팅
🪑 좌석 / 패드
시트·백패드를 먼저 맞추세요. 밀었을 때 골반이 말리거나 허리가 뜨지 않는 깊이가 시작점입니다.
🦶 발 위치
지지하는 발을 먼저 고정하세요. 흔들리면 중량을 낮춥니다.
⚙️ 조절 포인트
패드, 발/무릎 위치, Lock N Load를 확인하세요.

💪 ② 시작 자세
골반 위치를 먼저 고정합니다. 허리로 높이 만들 준비를 하지 마세요.
이 자세에서 이것만 확인하세요.
👉 허리가 아니라 엉덩이가 일을 받을 준비인지

🔥 ③ 운동 방법
글루트 신전 끝에서 조인 뒤 천천히 복귀.
허리로 높이를 만들지 말고 골반·엉덩이로 밀어 마무리하세요.

💥 ④ 최고 수축
목표 근육이 가장 조여지는 끝 지점에서 멈춥니다.
⏱️ 1초 STOP
튕기지 말고 그 지점에서 1초만 소유하세요. 무게를 놓는 순간이 아닙니다.

🐌 ⑤ 천천히 돌아오기
중량을 그냥 놓지 마세요.
2~3초 동안 통제하면서 복귀합니다.
시작 자세로 돌아갈 때도 같은 궤적을 유지하세요.

❌ 흔한 실수
❌ 요추로 밀어 올리는
깊이보다 골반 고정이 먼저입니다. 허리가 뜨면 범위를 줄이세요.
❌ 허리로 높이 만드는 것
자세가 무너지면 무게를 낮추세요.
❌ 골반이 돌아가며 한쪽만 미는 것
약한 쪽 속도에 강한 쪽을 맞추세요.
❌ 반동으로 올리는 것
템포를 늦추고 같은 궤적만 반복하세요.

💡 MACHINE FIT PRO TIP
🔥 Inspiration Glute Press의 가이드 궤적을 이용하세요. 첫 2세트는 천천히, 대칭이 확인된 뒤에만 무게를 올립니다.

🎯 MACHINE FIT CHECK
🟢 발 → 발판 중앙·방향 정렬
🟢 어깨 → 으쓱하지 않기
🟢 복귀 → 2~3초 통제

### 🔥 이것만 기억하세요

""엉덩이 수축으로 밀어내고 허리는 중립 유지. 끝에서 1초, 복귀는 통제.""","🏋️ NAUTILUS — Inspiration Glute Press · Inspiration

🎯 ONE KEY CUE
🔥 ""Drive with glute squeeze and keep the low back neutral""

Inspiration Glute Press(IPGM5)입니다. Lean into the Inspiration Lock N Load design. Do not chase load until the setup feels locked in.

⚙️ ① Setup
🪑 Seat / pads
Set the seat/back pad first. Your start depth is where the pelvis stays planted and the low back does not peel up.
🦶 Feet
Lock in the support foot before you move. Reduce load if you wobble.
⚙️ Adjustments
Check 패드, 발/무릎 위치, Lock N Load.

💪 ② Start position
Set the pelvis first. Do not plan to create height with the lower back.
Check only this:
👉 Glutes ready to drive, not the lumbar spine

🔥 ③ Execution
Finish with the hips/glutes — do not manufacture height with the lumbar spine.
Drive the hips, squeeze, then lower without lumbar snap.

💥 ④ Peak contraction
Stop where the target muscle is most shortened.
⏱️ 1-second STOP
Own that position for one second. This is not where you dump the weight.

🐌 ⑤ Controlled return
Do not dump the load.
Take 2–3 seconds on the way back.
Return on the same path you pressed or pulled.

❌ Common mistakes
❌ Creating height with the lumbar spine
If position breaks, cut the load.
❌ Rotating the pelvis and favoring one side
If position breaks, cut the load.
❌ Bouncing the lockout
Slow the tempo and repeat one clean path.

💡 MACHINE FIT PRO TIP
🔥 Use the guided path on Inspiration Glute Press. Slow the first two sets, confirm symmetry, then add load.

🎯 MACHINE FIT CHECK
🟢 Feet → centered and aligned
🟢 Shoulders → not shrugged
🟢 Return → 2–3 sec control

### 🔥 Remember this

""Drive with glute squeeze and keep the low back neutral. One-second peak, controlled return."""
NAUTILUS,글루트 킥백,Glute Kickback,Inspiration Glute Press,PARTIALLY_VERIFIED,Nautilus,Inspiration,https://innovativefit.com/catalog_product/nautilus-inspiration-selectorized-line/,Inspiration Glute Press(IPGM5)가 킥백/힙 신전에 가깝습니다. 별도 Kickback SKU명은 없습니다.,"지지 패드, 발목/무릎 패드, Lock N Load","🏋️ NAUTILUS — Inspiration Glute Press · Inspiration

🎯 ONE KEY CUE
🔥 ""골반을 고정한 채 뒤를 향해 밀어내기""

Inspiration Glute Press(IPGM5)가 킥백/힙 신전에 가깝습니다. 별도 Kickback SKU명은 없습니다. Inspiration Lock N Load 구조입니다. 처음부터 무게 올리지 말고, 세팅부터 잡으세요.

⚙️ ① 기구 세팅
🪑 좌석 / 패드
시트·백패드를 먼저 맞추세요. 밀었을 때 골반이 말리거나 허리가 뜨지 않는 깊이가 시작점입니다.
🦶 발 위치
지지하는 발을 먼저 고정하세요. 흔들리면 중량을 낮춥니다.
⚙️ 조절 포인트
지지 패드, 발목/무릎 패드, Lock N Load를 확인하세요.
이 카테고리는 공식 명칭이 겹칠 수 있으니, 헬스장 기구의 실제 레버·패드 배치를 우선하세요.

💪 ② 시작 자세
골반 위치를 먼저 고정합니다. 허리로 높이 만들 준비를 하지 마세요.
이 자세에서 이것만 확인하세요.
👉 허리가 아니라 엉덩이가 일을 받을 준비인지

🔥 ③ 운동 방법
다리를 뒤로 밀어 글루트를 조인 뒤 복귀.
허리로 높이를 만들지 말고 골반·엉덩이로 밀어 마무리하세요.

💥 ④ 최고 수축
목표 근육이 가장 조여지는 끝 지점에서 멈춥니다.
⏱️ 1초 STOP
튕기지 말고 그 지점에서 1초만 소유하세요. 무게를 놓는 순간이 아닙니다.

🐌 ⑤ 천천히 돌아오기
중량을 그냥 놓지 마세요.
2~3초 동안 통제하면서 복귀합니다.
시작 자세로 돌아갈 때도 같은 궤적을 유지하세요.

❌ 흔한 실수
❌ 허리를 젖히며 다리를 너무 높이 드는
자세가 무너지면 무게를 낮추세요.
❌ 허리로 높이 만드는 것
자세가 무너지면 무게를 낮추세요.
❌ 골반이 돌아가며 한쪽만 미는 것
약한 쪽 속도에 강한 쪽을 맞추세요.
❌ 반동으로 올리는 것
템포를 늦추고 같은 궤적만 반복하세요.

💡 MACHINE FIT PRO TIP
🔥 Inspiration Glute Press의 가이드 궤적을 이용하세요. 첫 2세트는 천천히, 대칭이 확인된 뒤에만 무게를 올립니다.

🎯 MACHINE FIT CHECK
🟢 발 → 발판 중앙·방향 정렬
🟢 어깨 → 으쓱하지 않기
🟢 복귀 → 2~3초 통제

### 🔥 이것만 기억하세요

""골반을 고정한 채 뒤를 향해 밀어내기. 끝에서 1초, 복귀는 통제.""","🏋️ NAUTILUS — Inspiration Glute Press · Inspiration

🎯 ONE KEY CUE
🔥 ""Lock the pelvis and drive straight back""

Inspiration Glute Press(IPGM5)가 킥백/힙 신전에 가깝습니다. 별도 Kickback SKU명은 없습니다. Lean into the Inspiration Lock N Load design. Do not chase load until the setup feels locked in.

⚙️ ① Setup
🪑 Seat / pads
Set the seat/back pad first. Your start depth is where the pelvis stays planted and the low back does not peel up.
🦶 Feet
Lock in the support foot before you move. Reduce load if you wobble.
⚙️ Adjustments
Check 지지 패드, 발목/무릎 패드, Lock N Load.
Naming can overlap in this category — trust the levers and pads on the unit in front of you.

💪 ② Start position
Set the pelvis first. Do not plan to create height with the lower back.
Check only this:
👉 Glutes ready to drive, not the lumbar spine

🔥 ③ Execution
Finish with the hips/glutes — do not manufacture height with the lumbar spine.
Drive the hips, squeeze, then lower without lumbar snap.

💥 ④ Peak contraction
Stop where the target muscle is most shortened.
⏱️ 1-second STOP
Own that position for one second. This is not where you dump the weight.

🐌 ⑤ Controlled return
Do not dump the load.
Take 2–3 seconds on the way back.
Return on the same path you pressed or pulled.

❌ Common mistakes
❌ Creating height with the lumbar spine
If position breaks, cut the load.
❌ Rotating the pelvis and favoring one side
If position breaks, cut the load.
❌ Bouncing the lockout
Slow the tempo and repeat one clean path.

💡 MACHINE FIT PRO TIP
🔥 Use the guided path on Inspiration Glute Press. Slow the first two sets, confirm symmetry, then add load.

🎯 MACHINE FIT CHECK
🟢 Feet → centered and aligned
🟢 Shoulders → not shrugged
🟢 Return → 2–3 sec control

### 🔥 Remember this

""Lock the pelvis and drive straight back. One-second peak, controlled return."""
NAUTILUS,힙 어브덕션,Hip Abduction,Inspiration Abduction/Adduction,VERIFIED,Nautilus,Inspiration,https://innovativefit.com/catalog_product/nautilus-inspiration-selectorized-line/,Inspiration Abduction/Adduction(IPAA5)의 어브덕션 모드입니다.,"시트, 무릎/허벅지 패드, Lock N Load, 모드","🏋️ NAUTILUS — Inspiration Abduction/Adduction · Inspiration

🎯 ONE KEY CUE
🔥 ""상체를 고정하고 무릎을 바깥으로만 열기""

Inspiration Abduction/Adduction(IPAA5)의 어브덕션 모드. Inspiration Lock N Load 구조입니다. 처음부터 무게 올리지 말고, 세팅부터 잡으세요.

⚙️ ① 기구 세팅
🪑 좌석 / 패드
시트부터 맞추세요. 밀었을 때 골반이 말리거나 허리가 뜨지 않는 깊이가 시작점입니다.
🦶 발 위치
지지하는 발을 먼저 고정하세요. 흔들리면 중량을 낮춥니다.
⚙️ 조절 포인트
시트, 무릎/허벅지 패드, Lock N Load, 모드를 확인하세요.

💪 ② 시작 자세
골반 위치를 먼저 고정합니다. 허리로 높이 만들 준비를 하지 마세요.
이 자세에서 이것만 확인하세요.
👉 허리가 아니라 엉덩이가 일을 받을 준비인지

🔥 ③ 운동 방법
무릎을 바깥으로 열어 조인 뒤 천천히 모으기.
허리로 높이를 만들지 말고 골반·엉덩이로 밀어 마무리하세요.

💥 ④ 최고 수축
목표 근육이 가장 조여지는 끝 지점에서 멈춥니다.
⏱️ 1초 STOP
튕기지 말고 그 지점에서 1초만 소유하세요. 무게를 놓는 순간이 아닙니다.

🐌 ⑤ 천천히 돌아오기
중량을 그냥 놓지 마세요.
2~3초 동안 통제하면서 복귀합니다.
시작 자세로 돌아갈 때도 같은 궤적을 유지하세요.

❌ 흔한 실수
❌ 상체를 좌우로 흔들며 여는
자세가 무너지면 무게를 낮추세요.
❌ 허리로 높이 만드는 것
자세가 무너지면 무게를 낮추세요.
❌ 골반이 돌아가며 한쪽만 미는 것
약한 쪽 속도에 강한 쪽을 맞추세요.
❌ 반동으로 올리는 것
템포를 늦추고 같은 궤적만 반복하세요.

💡 MACHINE FIT PRO TIP
🔥 Inspiration Abduction/Adduction의 가이드 궤적을 이용하세요. 첫 2세트는 천천히, 대칭이 확인된 뒤에만 무게를 올립니다.

🎯 MACHINE FIT CHECK
🟢 시트/패드 → 몸에 맞춤
🟢 발 → 발판 중앙·방향 정렬
🟢 어깨 → 으쓱하지 않기
🟢 복귀 → 2~3초 통제

### 🔥 이것만 기억하세요

""상체를 고정하고 무릎을 바깥으로만 열기. 끝에서 1초, 복귀는 통제.""","🏋️ NAUTILUS — Inspiration Abduction/Adduction · Inspiration

🎯 ONE KEY CUE
🔥 ""Brace the torso and open the knees outward only""

Inspiration Abduction/Adduction(IPAA5)의 어브덕션 모드입니다. Lean into the Inspiration Lock N Load design. Do not chase load until the setup feels locked in.

⚙️ ① Setup
🪑 Seat / pads
Set the seat/back pad first. Your start depth is where the pelvis stays planted and the low back does not peel up.
🦶 Feet
Lock in the support foot before you move. Reduce load if you wobble.
⚙️ Adjustments
Check 시트, 무릎/허벅지 패드, Lock N Load, 모드.

💪 ② Start position
Set the pelvis first. Do not plan to create height with the lower back.
Check only this:
👉 Glutes ready to drive, not the lumbar spine

🔥 ③ Execution
Finish with the hips/glutes — do not manufacture height with the lumbar spine.
Drive the hips, squeeze, then lower without lumbar snap.

💥 ④ Peak contraction
Stop where the target muscle is most shortened.
⏱️ 1-second STOP
Own that position for one second. This is not where you dump the weight.

🐌 ⑤ Controlled return
Do not dump the load.
Take 2–3 seconds on the way back.
Return on the same path you pressed or pulled.

❌ Common mistakes
❌ Creating height with the lumbar spine
If position breaks, cut the load.
❌ Rotating the pelvis and favoring one side
If position breaks, cut the load.
❌ Bouncing the lockout
Slow the tempo and repeat one clean path.

💡 MACHINE FIT PRO TIP
🔥 Use the guided path on Inspiration Abduction/Adduction. Slow the first two sets, confirm symmetry, then add load.

🎯 MACHINE FIT CHECK
🟢 Seat/pad → fitted
🟢 Feet → centered and aligned
🟢 Shoulders → not shrugged
🟢 Return → 2–3 sec control

### 🔥 Remember this

""Brace the torso and open the knees outward only. One-second peak, controlled return."""
NAUTILUS,힙 어덕션,Hip Adduction,Inspiration Abduction/Adduction,VERIFIED,Nautilus,Inspiration,https://innovativefit.com/catalog_product/nautilus-inspiration-selectorized-line/,Inspiration Abduction/Adduction(IPAA5)의 어덕션 모드입니다.,"시트, 무릎/허벅지 패드, Lock N Load, 모드","🏋️ NAUTILUS — Inspiration Abduction/Adduction · Inspiration

🎯 ONE KEY CUE
🔥 ""무릎을 안쪽으로 모을 때 골반이 뒤로 말리지 않게""

Inspiration Abduction/Adduction(IPAA5)의 어덕션 모드. Inspiration Lock N Load 구조입니다. 처음부터 무게 올리지 말고, 세팅부터 잡으세요.

⚙️ ① 기구 세팅
🪑 좌석 / 패드
시트부터 맞추세요. 밀었을 때 골반이 말리거나 허리가 뜨지 않는 깊이가 시작점입니다.
🦶 발 위치
지지하는 발을 먼저 고정하세요. 흔들리면 중량을 낮춥니다.
⚙️ 조절 포인트
시트, 무릎/허벅지 패드, Lock N Load, 모드를 확인하세요.

💪 ② 시작 자세
골반 위치를 먼저 고정합니다. 허리로 높이 만들 준비를 하지 마세요.
이 자세에서 이것만 확인하세요.
👉 허리가 아니라 엉덩이가 일을 받을 준비인지

🔥 ③ 운동 방법
무릎을 모아 조인 뒤 천천히 벌리기.
허리로 높이를 만들지 말고 골반·엉덩이로 밀어 마무리하세요.

💥 ④ 최고 수축
목표 근육이 가장 조여지는 끝 지점에서 멈춥니다.
⏱️ 1초 STOP
튕기지 말고 그 지점에서 1초만 소유하세요. 무게를 놓는 순간이 아닙니다.

🐌 ⑤ 천천히 돌아오기
중량을 그냥 놓지 마세요.
2~3초 동안 통제하면서 복귀합니다.
시작 자세로 돌아갈 때도 같은 궤적을 유지하세요.

❌ 흔한 실수
❌ 상체를 앞으로 숙이며 반동으로 모으는
템포를 늦추고 같은 궤적만 반복하세요.
❌ 허리로 높이 만드는 것
자세가 무너지면 무게를 낮추세요.
❌ 골반이 돌아가며 한쪽만 미는 것
약한 쪽 속도에 강한 쪽을 맞추세요.
❌ 반동으로 올리는 것
템포를 늦추고 같은 궤적만 반복하세요.

💡 MACHINE FIT PRO TIP
🔥 Inspiration Abduction/Adduction의 가이드 궤적을 이용하세요. 첫 2세트는 천천히, 대칭이 확인된 뒤에만 무게를 올립니다.

🎯 MACHINE FIT CHECK
🟢 시트/패드 → 몸에 맞춤
🟢 발 → 발판 중앙·방향 정렬
🟢 어깨 → 으쓱하지 않기
🟢 복귀 → 2~3초 통제

### 🔥 이것만 기억하세요

""무릎을 안쪽으로 모을 때 골반이 뒤로 말리지 않게. 끝에서 1초, 복귀는 통제.""","🏋️ NAUTILUS — Inspiration Abduction/Adduction · Inspiration

🎯 ONE KEY CUE
🔥 ""Squeeze the knees inward without tucking the pelvis under""

Inspiration Abduction/Adduction(IPAA5)의 어덕션 모드입니다. Lean into the Inspiration Lock N Load design. Do not chase load until the setup feels locked in.

⚙️ ① Setup
🪑 Seat / pads
Set the seat/back pad first. Your start depth is where the pelvis stays planted and the low back does not peel up.
🦶 Feet
Lock in the support foot before you move. Reduce load if you wobble.
⚙️ Adjustments
Check 시트, 무릎/허벅지 패드, Lock N Load, 모드.

💪 ② Start position
Set the pelvis first. Do not plan to create height with the lower back.
Check only this:
👉 Glutes ready to drive, not the lumbar spine

🔥 ③ Execution
Finish with the hips/glutes — do not manufacture height with the lumbar spine.
Drive the hips, squeeze, then lower without lumbar snap.

💥 ④ Peak contraction
Stop where the target muscle is most shortened.
⏱️ 1-second STOP
Own that position for one second. This is not where you dump the weight.

🐌 ⑤ Controlled return
Do not dump the load.
Take 2–3 seconds on the way back.
Return on the same path you pressed or pulled.

❌ Common mistakes
❌ Creating height with the lumbar spine
If position breaks, cut the load.
❌ Rotating the pelvis and favoring one side
If position breaks, cut the load.
❌ Bouncing the lockout
Slow the tempo and repeat one clean path.

💡 MACHINE FIT PRO TIP
🔥 Use the guided path on Inspiration Abduction/Adduction. Slow the first two sets, confirm symmetry, then add load.

🎯 MACHINE FIT CHECK
🟢 Seat/pad → fitted
🟢 Feet → centered and aligned
🟢 Shoulders → not shrugged
🟢 Return → 2–3 sec control

### 🔥 Remember this

""Squeeze the knees inward without tucking the pelvis under. One-second peak, controlled return."""
NAUTILUS,글루트 / 힙 머신,Glute / Hip Machine,Inspiration Abduction/Adduction,PARTIALLY_VERIFIED,Nautilus,Inspiration,https://innovativefit.com/catalog_product/nautilus-inspiration-selectorized-line/,Inspiration IPAA5 + Glute Press(IPGM5)가 글루트/힙 계열입니다.,"시트, 모드, 패드, Lock N Load","🏋️ NAUTILUS — Inspiration Abduction/Adduction · Inspiration

🎯 ONE KEY CUE
🔥 ""선택한 모드 궤적만 끝까지""

Inspiration IPAA5 + Glute Press(IPGM5)가 글루트/힙 계열. Inspiration Lock N Load 구조입니다. 처음부터 무게 올리지 말고, 세팅부터 잡으세요.

⚙️ ① 기구 세팅
🪑 좌석 / 패드
시트부터 맞추세요. 밀었을 때 골반이 말리거나 허리가 뜨지 않는 깊이가 시작점입니다.
🦶 발 위치
지지하는 발을 먼저 고정하세요. 흔들리면 중량을 낮춥니다.
⚙️ 조절 포인트
시트, 모드, 패드, Lock N Load를 확인하세요.
이 카테고리는 공식 명칭이 겹칠 수 있으니, 헬스장 기구의 실제 레버·패드 배치를 우선하세요.

💪 ② 시작 자세
골반 위치를 먼저 고정합니다. 허리로 높이 만들 준비를 하지 마세요.
이 자세에서 이것만 확인하세요.
👉 허리가 아니라 엉덩이가 일을 받을 준비인지

🔥 ③ 운동 방법
해당 모드의 개폐/신전 동작만 반복.
허리로 높이를 만들지 말고 골반·엉덩이로 밀어 마무리하세요.

💥 ④ 최고 수축
목표 근육이 가장 조여지는 끝 지점에서 멈춥니다.
⏱️ 1초 STOP
튕기지 말고 그 지점에서 1초만 소유하세요. 무게를 놓는 순간이 아닙니다.

🐌 ⑤ 천천히 돌아오기
중량을 그냥 놓지 마세요.
2~3초 동안 통제하면서 복귀합니다.
시작 자세로 돌아갈 때도 같은 궤적을 유지하세요.

❌ 흔한 실수
❌ 모드를 섞어 가동범위가 흐려지는
자세가 무너지면 무게를 낮추세요.
❌ 허리로 높이 만드는 것
자세가 무너지면 무게를 낮추세요.
❌ 골반이 돌아가며 한쪽만 미는 것
약한 쪽 속도에 강한 쪽을 맞추세요.
❌ 반동으로 올리는 것
템포를 늦추고 같은 궤적만 반복하세요.

💡 MACHINE FIT PRO TIP
🔥 Inspiration Abduction/Adduction의 가이드 궤적을 이용하세요. 첫 2세트는 천천히, 대칭이 확인된 뒤에만 무게를 올립니다.

🎯 MACHINE FIT CHECK
🟢 시트/패드 → 몸에 맞춤
🟢 발 → 발판 중앙·방향 정렬
🟢 어깨 → 으쓱하지 않기
🟢 복귀 → 2~3초 통제

### 🔥 이것만 기억하세요

""선택한 모드 궤적만 끝까지. 끝에서 1초, 복귀는 통제.""","🏋️ NAUTILUS — Inspiration Abduction/Adduction · Inspiration

🎯 ONE KEY CUE
🔥 ""Finish only the selected movement path""

Inspiration IPAA5 + Glute Press(IPGM5)가 글루트/힙 계열입니다. Lean into the Inspiration Lock N Load design. Do not chase load until the setup feels locked in.

⚙️ ① Setup
🪑 Seat / pads
Set the seat/back pad first. Your start depth is where the pelvis stays planted and the low back does not peel up.
🦶 Feet
Lock in the support foot before you move. Reduce load if you wobble.
⚙️ Adjustments
Check 시트, 모드, 패드, Lock N Load.
Naming can overlap in this category — trust the levers and pads on the unit in front of you.

💪 ② Start position
Set the pelvis first. Do not plan to create height with the lower back.
Check only this:
👉 Glutes ready to drive, not the lumbar spine

🔥 ③ Execution
Finish with the hips/glutes — do not manufacture height with the lumbar spine.
Drive the hips, squeeze, then lower without lumbar snap.

💥 ④ Peak contraction
Stop where the target muscle is most shortened.
⏱️ 1-second STOP
Own that position for one second. This is not where you dump the weight.

🐌 ⑤ Controlled return
Do not dump the load.
Take 2–3 seconds on the way back.
Return on the same path you pressed or pulled.

❌ Common mistakes
❌ Creating height with the lumbar spine
If position breaks, cut the load.
❌ Rotating the pelvis and favoring one side
If position breaks, cut the load.
❌ Bouncing the lockout
Slow the tempo and repeat one clean path.

💡 MACHINE FIT PRO TIP
🔥 Use the guided path on Inspiration Abduction/Adduction. Slow the first two sets, confirm symmetry, then add load.

🎯 MACHINE FIT CHECK
🟢 Seat/pad → fitted
🟢 Feet → centered and aligned
🟢 Shoulders → not shrugged
🟢 Return → 2–3 sec control

### 🔥 Remember this

""Finish only the selected movement path. One-second peak, controlled return."""
NAUTILUS,스탠딩 카프,Standing Calf,Impact Standing Calf,PARTIALLY_VERIFIED,Nautilus,Impact,https://planet-fitness.com/catalogues-marques/catalogue-nautilus.pdf,Impact Standing Calf(9NA-S1309 계열). Leverage Standing Calf Raise도 있습니다.,"어깨 패드, 발판, 스택/플레이트","🏋️ NAUTILUS — Impact Standing Calf · Impact

🎯 ONE KEY CUE
🔥 ""발볼로만 밀어 올리고 무릎 각도는 유지""

Impact Standing Calf(9NA-S1309 계열). Leverage Standing Calf Raise도 있습니다. Impact/Nitro 구조입니다. 처음부터 무게 올리지 말고, 세팅부터 잡으세요.

⚙️ ① 기구 세팅
🪑 좌석 / 패드
시트를 몸에 맞추세요. 시작 위치가 목표 관절 높이에 오는지 확인합니다.
🦶 발 위치
발볼만 발판에 올리고 발뒤꿈치는 아래로 떨어질 여유를 남기세요.
⚙️ 조절 포인트
어깨 패드, 발판, 스택/플레이트를 확인하세요.
이 카테고리는 공식 명칭이 겹칠 수 있으니, 헬스장 기구의 실제 레버·패드 배치를 우선하세요.

💪 ② 시작 자세
무릎 각도를 고정한 채 발볼로만 움직일 준비를 합니다.
이 자세에서 이것만 확인하세요.
👉 무릎이 같이 굽혀지지 않는지

🔥 ③ 운동 방법
발뒤꿈치를 올렸다 끝에서 멈추고 천천히 내리기.
무릎으로 밀지 말고 발목 가동범위로만 위아래를 만듭니다.

💥 ④ 최고 수축
발볼로 최대한 올린 꼭대기에서 멈춥니다.
⏱️ 1초 STOP
튕기지 말고 그 지점에서 1초만 소유하세요. 무게를 놓는 순간이 아닙니다.

🐌 ⑤ 천천히 돌아오기
중량을 그냥 놓지 마세요.
2~3초 동안 통제하면서 복귀합니다.
시작 자세로 돌아갈 때도 같은 궤적을 유지하세요.

❌ 흔한 실수
❌ 반동으로 튀으며 발뒤꿈치를 튕기는
템포를 늦추고 같은 궤적만 반복하세요.
❌ 무릎을 같이 굽혀 카프가 아닌 다리로 미는 것
자세가 무너지면 무게를 낮추세요.
❌ 발뒤꿈치를 튕기는 것
자세가 무너지면 무게를 낮추세요.
❌ 가동범위를 너무 짧게 가져가는 것
자세가 무너지면 무게를 낮추세요.

💡 MACHINE FIT PRO TIP
🔥 Impact Standing Calf의 가이드 궤적을 이용하세요. 첫 2세트는 천천히, 대칭이 확인된 뒤에만 무게를 올립니다.

🎯 MACHINE FIT CHECK
🟢 발 → 발판 중앙·방향 정렬
🟢 어깨 → 으쓱하지 않기
🟢 복귀 → 2~3초 통제

### 🔥 이것만 기억하세요

""발볼로만, 꼭대기 1초, 튕기지 않기.""","🏋️ NAUTILUS — Impact Standing Calf · Impact

🎯 ONE KEY CUE
🔥 ""Rise through the balls of the feet and keep knee angle steady""

Impact Standing Calf(9NA-S1309 계열). Leverage Standing Calf Raise도 있습니다. Lean into the Impact/Nitro design. Do not chase load until the setup feels locked in.

⚙️ ① Setup
🪑 Seat / pads
Fit the seat to your body so the start position sits naturally on the working joint.
🦶 Feet
Balls of the feet on the platform; leave room for the heels to drop.
⚙️ Adjustments
Check 어깨 패드, 발판, 스택/플레이트.
Naming can overlap in this category — trust the levers and pads on the unit in front of you.

💪 ② Start position
Lock the knee angle and prepare to move only through the ankles.
Check only this:
👉 Knees not bending with the calves

🔥 ③ Execution
Do not press with the knees. Use ankle range only.
Lower the heels, rise through the balls of the feet, pause, then lower.

💥 ④ Peak contraction
Stop at the top of the rise through the balls of the feet.
⏱️ 1-second STOP
Own that position for one second. This is not where you dump the weight.

🐌 ⑤ Controlled return
Do not dump the load.
Take 2–3 seconds on the way back.
Return on the same path you pressed or pulled.

❌ Common mistakes
❌ Bending the knees and turning it into a leg press
If position breaks, cut the load.
❌ Bouncing the heels
Slow the tempo and repeat one clean path.
❌ Cutting the range too short
If position breaks, cut the load.

💡 MACHINE FIT PRO TIP
🔥 Use the guided path on Impact Standing Calf. Slow the first two sets, confirm symmetry, then add load.

🎯 MACHINE FIT CHECK
🟢 Feet → centered and aligned
🟢 Shoulders → not shrugged
🟢 Return → 2–3 sec control

### 🔥 Remember this

""Balls of the feet only, pause on top, no bounce."""
NAUTILUS,시티드 카프,Seated Calf,Nautilus Tilt Seat Calf,PARTIALLY_VERIFIED,Nautilus,Leverage Plate Loaded,https://planet-fitness.com/catalogues-marques/catalogue-nautilus.pdf,Leverage Tilt Seat Calf. Inspiration에 시티드 카프 단독 SKU는 없습니다.,"시트, 무릎 패드, 발판, 중량","🏋️ NAUTILUS — Nautilus Tilt Seat Calf · Leverage Plate Loaded

🎯 ONE KEY CUE
🔥 ""무릎 아래만 움직여 발볼로 밀어 올리기""

Leverage Tilt Seat Calf. Inspiration에 시티드 카프 단독 SKU는 없습니다. 플레이트 로딩 구조입니다. 처음부터 무게 올리지 말고, 세팅부터 잡으세요.

⚙️ ① 기구 세팅
🪑 좌석 / 패드
시트를 몸에 맞추세요. 시작 위치가 어깨·관절에 자연스럽게 오는지 확인합니다.
🦶 발 위치
발볼만 발판에 올리고 발뒤꿈치는 아래로 떨어질 여유를 남기세요.
⚙️ 조절 포인트
시트, 무릎 패드, 발판, 중량을 확인하세요. 양쪽 플레이트를 동일하게 맞추고, 한쪽만 먼저 올리지 마세요.
이 카테고리는 공식 명칭이 겹칠 수 있으니, 헬스장 기구의 실제 레버·패드 배치를 우선하세요.

💪 ② 시작 자세
무릎 각도를 고정한 채 발볼로만 움직일 준비를 합니다.
이 자세에서 이것만 확인하세요.
👉 무릎이 같이 굽혀지지 않는지

🔥 ③ 운동 방법
발뒤꿈치를 올렸다 천천히 스트레치 구간으로 복귀.
무릎으로 밀지 말고 발목 가동범위로만 위아래를 만듭니다.

💥 ④ 최고 수축
발볼로 최대한 올린 꼭대기에서 멈춥니다.
⏱️ 1초 STOP
튕기지 말고 그 지점에서 1초만 소유하세요. 무게를 놓는 순간이 아닙니다.

🐌 ⑤ 천천히 돌아오기
중량을 그냥 놓지 마세요.
2~3초 동안 통제하면서 복귀합니다.
시작 자세로 돌아갈 때도 같은 궤적을 유지하세요.

❌ 흔한 실수
❌ 무릎을 펴며 대퇴로 도와주는
자세가 무너지면 무게를 낮추세요.
❌ 무릎을 같이 굽혀 카프가 아닌 다리로 미는 것
자세가 무너지면 무게를 낮추세요.
❌ 발뒤꿈치를 튕기는 것
자세가 무너지면 무게를 낮추세요.
❌ 가동범위를 너무 짧게 가져가는 것
자세가 무너지면 무게를 낮추세요.
❌ 양쪽 플레이트 무게를 다르게 올리는 것
양쪽을 맞춘 뒤 가벼운 세트로 좌우를 확인하세요.

💡 MACHINE FIT PRO TIP
🔥 Nautilus Tilt Seat Calf은 플레이트 로딩입니다. 좌우 원판을 동일하게 맞추고, 첫 세트는 궤적·좌우 대칭만 확인한 다음 무게를 올리세요.

🎯 MACHINE FIT CHECK
🟢 시트/패드 → 몸에 맞춤
🟢 발 → 발판 중앙·방향 정렬
🟢 원판 → 좌우 동일
🟢 복귀 → 2~3초 통제

### 🔥 이것만 기억하세요

""발볼로만, 꼭대기 1초, 튕기지 않기.""","🏋️ NAUTILUS — Nautilus Tilt Seat Calf · Leverage Plate Loaded

🎯 ONE KEY CUE
🔥 ""Move only below the knees and rise through the balls of the feet""

Leverage Tilt Seat Calf. Inspiration에 시티드 카프 단독 SKU는 없습니다. Lean into the plate-loaded design. Do not chase load until the setup feels locked in.

⚙️ ① Setup
🪑 Seat / pads
Fit the seat to your body so the start position sits naturally on the working joint.
🦶 Feet
Balls of the feet on the platform; leave room for the heels to drop.
⚙️ Adjustments
Check 시트, 무릎 패드, 발판, 중량. Match plates on both sides — do not load one arm first.
Naming can overlap in this category — trust the levers and pads on the unit in front of you.

💪 ② Start position
Lock the knee angle and prepare to move only through the ankles.
Check only this:
👉 Knees not bending with the calves

🔥 ③ Execution
Do not press with the knees. Use ankle range only.
Lower the heels, rise through the balls of the feet, pause, then lower.

💥 ④ Peak contraction
Stop at the top of the rise through the balls of the feet.
⏱️ 1-second STOP
Own that position for one second. This is not where you dump the weight.

🐌 ⑤ Controlled return
Do not dump the load.
Take 2–3 seconds on the way back.
Return on the same path you pressed or pulled.

❌ Common mistakes
❌ Bending the knees and turning it into a leg press
If position breaks, cut the load.
❌ Bouncing the heels
Slow the tempo and repeat one clean path.
❌ Cutting the range too short
If position breaks, cut the load.
❌ Loading unequal plates
Match both sides, then confirm with a light set.

💡 MACHINE FIT PRO TIP
🔥 Nautilus Tilt Seat Calf is plate-loaded. Match plates, confirm path and left-right symmetry on set one, then add load.

🎯 MACHINE FIT CHECK
🟢 Seat/pad → fitted
🟢 Feet → centered and aligned
🟢 Plates → matched
🟢 Return → 2–3 sec control

### 🔥 Remember this

""Balls of the feet only, pause on top, no bounce."""
NAUTILUS,레그 프레스 카프,Leg Press Calf,Nitro Plus Dual Leg Press/Calf Raise,PARTIALLY_VERIFIED,Nautilus,Nitro Plus,https://planet-fitness.com/catalogues-marques/catalogue-nautilus.pdf,Nitro Plus Dual Leg Press/Calf Raise(9NL-D1013). Inspiration 단독 카프-온-프레스 SKU는 없습니다.,"발판 위치(발볼만), 무릎 잠금, 스택","🏋️ NAUTILUS — Nitro Plus Dual Leg Press/Calf Raise · Nitro Plus

🎯 ONE KEY CUE
🔥 ""무릎을 고정한 채 발볼로만 밀어 올리기""

Nitro Plus Dual Leg Press/Calf Raise(9NL-D1013). Inspiration 단독 카프-온-프레스 SKU는 없습니다. Impact/Nitro 구조입니다. 처음부터 무게 올리지 말고, 세팅부터 잡으세요.

⚙️ ① 기구 세팅
🦶 발 위치
발볼만 발판에 올리고 발뒤꿈치는 아래로 떨어질 여유를 남기세요.
⚙️ 조절 포인트
발판 위치(발볼만), 무릎 잠금, 스택을 확인하세요.
이 카테고리는 공식 명칭이 겹칠 수 있으니, 헬스장 기구의 실제 레버·패드 배치를 우선하세요.

💪 ② 시작 자세
무릎 각도를 고정한 채 발볼로만 움직일 준비를 합니다.
이 자세에서 이것만 확인하세요.
👉 무릎이 같이 굽혀지지 않는지

🔥 ③ 운동 방법
발판에서 카프 레이즈만 반복.
무릎으로 밀지 말고 발목 가동범위로만 위아래를 만듭니다.

💥 ④ 최고 수축
발볼로 최대한 올린 꼭대기에서 멈춥니다.
⏱️ 1초 STOP
튕기지 말고 그 지점에서 1초만 소유하세요. 무게를 놓는 순간이 아닙니다.

🐌 ⑤ 천천히 돌아오기
중량을 그냥 놓지 마세요.
2~3초 동안 통제하면서 복귀합니다.
시작 자세로 돌아갈 때도 같은 궤적을 유지하세요.

❌ 흔한 실수
❌ 무릎까지 굽혀 레그프레스로 바꾸는
자세가 무너지면 무게를 낮추세요.
❌ 무릎을 같이 굽혀 카프가 아닌 다리로 미는 것
자세가 무너지면 무게를 낮추세요.
❌ 발뒤꿈치를 튕기는 것
자세가 무너지면 무게를 낮추세요.
❌ 가동범위를 너무 짧게 가져가는 것
자세가 무너지면 무게를 낮추세요.

💡 MACHINE FIT PRO TIP
🔥 Nitro Plus Dual Leg Press/Calf Raise의 가이드 궤적을 이용하세요. 첫 2세트는 천천히, 대칭이 확인된 뒤에만 무게를 올립니다.

🎯 MACHINE FIT CHECK
🟢 발 → 발판 중앙·방향 정렬
🟢 어깨 → 으쓱하지 않기
🟢 복귀 → 2~3초 통제

### 🔥 이것만 기억하세요

""발볼로만, 꼭대기 1초, 튕기지 않기.""","🏋️ NAUTILUS — Nitro Plus Dual Leg Press/Calf Raise · Nitro Plus

🎯 ONE KEY CUE
🔥 ""Lock the knees softly and rise only through the balls of the feet""

Nitro Plus Dual Leg Press/Calf Raise(9NL-D1013). Inspiration 단독 카프-온-프레스 SKU는 없습니다. Lean into the Impact/Nitro design. Do not chase load until the setup feels locked in.

⚙️ ① Setup
🦶 Feet
Balls of the feet on the platform; leave room for the heels to drop.
⚙️ Adjustments
Check 발판 위치(발볼만), 무릎 잠금, 스택.
Naming can overlap in this category — trust the levers and pads on the unit in front of you.

💪 ② Start position
Lock the knee angle and prepare to move only through the ankles.
Check only this:
👉 Knees not bending with the calves

🔥 ③ Execution
Do not press with the knees. Use ankle range only.
Lower the heels, rise through the balls of the feet, pause, then lower.

💥 ④ Peak contraction
Stop at the top of the rise through the balls of the feet.
⏱️ 1-second STOP
Own that position for one second. This is not where you dump the weight.

🐌 ⑤ Controlled return
Do not dump the load.
Take 2–3 seconds on the way back.
Return on the same path you pressed or pulled.

❌ Common mistakes
❌ Bending the knees and turning it into a leg press
If position breaks, cut the load.
❌ Bouncing the heels
Slow the tempo and repeat one clean path.
❌ Cutting the range too short
If position breaks, cut the load.

💡 MACHINE FIT PRO TIP
🔥 Use the guided path on Nitro Plus Dual Leg Press/Calf Raise. Slow the first two sets, confirm symmetry, then add load.

🎯 MACHINE FIT CHECK
🟢 Feet → centered and aligned
🟢 Shoulders → not shrugged
🟢 Return → 2–3 sec control

### 🔥 Remember this

""Balls of the feet only, pause on top, no bounce."""
NAUTILUS,바이셉 컬,Biceps Curl,Inspiration Biceps Curl,VERIFIED,Nautilus,Inspiration,https://innovativefit.com/catalog_product/nautilus-inspiration-selectorized-line/,Inspiration Biceps Curl(IPBC5). Bilateral Arm Curl(IPBA5)도 있습니다.,"시트, 팔꿈치 패드, Lock N Load","🏋️ NAUTILUS — Inspiration Biceps Curl · Inspiration

🎯 ONE KEY CUE
🔥 ""팔꿈치를 패드에 고정하고 아래팔만 굽히기""

Inspiration Biceps Curl(IPBC5). Bilateral Arm Curl(IPBA5)도 있습니다. Inspiration Lock N Load 구조입니다. 처음부터 무게 올리지 말고, 세팅부터 잡으세요.

⚙️ ① 기구 세팅
🪑 좌석 / 패드
시트를 몸에 맞추세요. 시작 위치가 어깨·관절에 자연스럽게 오는지 확인합니다.
🤲 그립 / 손 위치
손잡이를 편안한 너비로 잡으세요. 손목이 꺾이지 않게 합니다.
⚙️ 조절 포인트
시트, 팔꿈치 패드, Lock N Load를 확인하세요.

💪 ② 시작 자세
팔꿈치 위치를 패드나 몸 옆에 고정합니다. 몸통 반동은 끕니다.
이 자세에서 이것만 확인하세요.
👉 팔꿈치가 앞으로 흘러가지 않는지

🔥 ③ 운동 방법
손잡이를 올려 이두를 조인 뒤 천천히 펴기.
몸통은 고정, 팔꿈치 아래만 움직입니다.

💥 ④ 최고 수축
목표 근육이 가장 조여지는 끝 지점에서 멈춥니다.
⏱️ 1초 STOP
튕기지 말고 그 지점에서 1초만 소유하세요. 무게를 놓는 순간이 아닙니다.

🐌 ⑤ 천천히 돌아오기
중량을 그냥 놓지 마세요.
2~3초 동안 통제하면서 복귀합니다.
시작 자세로 돌아갈 때도 같은 궤적을 유지하세요.

❌ 흔한 실수
❌ 어깨를 들어 올리며 반동으로 당기는
템포를 늦추고 같은 궤적만 반복하세요.
❌ 팔꿈치가 앞으로 흘러가며 어깨가 개입하는 것
자세가 무너지면 무게를 낮추세요.
❌ 몸통 반동으로 올리는 것
템포를 늦추고 같은 궤적만 반복하세요.
❌ 손목을 과하게 꺾는 것
자세가 무너지면 무게를 낮추세요.

💡 MACHINE FIT PRO TIP
🔥 Inspiration Biceps Curl의 가이드 궤적을 이용하세요. 첫 2세트는 천천히, 대칭이 확인된 뒤에만 무게를 올립니다.

🎯 MACHINE FIT CHECK
🟢 시트/패드 → 몸에 맞춤
🟢 팔꿈치 → 미는/드는 방향
🟢 어깨 → 으쓱하지 않기
🟢 복귀 → 2~3초 통제

### 🔥 이것만 기억하세요

""팔꿈치를 패드에 고정하고 아래팔만 굽히기. 끝에서 1초, 복귀는 통제.""","🏋️ NAUTILUS — Inspiration Biceps Curl · Inspiration

🎯 ONE KEY CUE
🔥 ""Pin the elbows to the pad and curl only the forearms""

Inspiration Biceps Curl(IPBC5). Bilateral Arm Curl(IPBA5)도 있습니다. Lean into the Inspiration Lock N Load design. Do not chase load until the setup feels locked in.

⚙️ ① Setup
🪑 Seat / pads
Fit the seat to your body so the start position sits naturally on the working joint.
🤲 Grip / hands
Take a comfortable grip width and keep the wrists stacked, not bent.
⚙️ Adjustments
Check 시트, 팔꿈치 패드, Lock N Load.

💪 ② Start position
Fix the elbows on the pad or at your sides. Kill torso swing.
Check only this:
👉 Elbows not drifting forward

🔥 ③ Execution
Torso stays quiet. Move only below the elbows.
Curl or extend only at the elbow, then reverse slowly.

💥 ④ Peak contraction
Stop where the target muscle is most shortened.
⏱️ 1-second STOP
Own that position for one second. This is not where you dump the weight.

🐌 ⑤ Controlled return
Do not dump the load.
Take 2–3 seconds on the way back.
Return on the same path you pressed or pulled.

❌ Common mistakes
❌ Letting the elbows drift so the shoulders take over
If position breaks, cut the load.
❌ Swinging the torso
If position breaks, cut the load.
❌ Over-bending the wrists
If position breaks, cut the load.

💡 MACHINE FIT PRO TIP
🔥 Use the guided path on Inspiration Biceps Curl. Slow the first two sets, confirm symmetry, then add load.

🎯 MACHINE FIT CHECK
🟢 Seat/pad → fitted
🟢 Elbows → press/raise direction
🟢 Shoulders → not shrugged
🟢 Return → 2–3 sec control

### 🔥 Remember this

""Pin the elbows to the pad and curl only the forearms. One-second peak, controlled return."""
NAUTILUS,프리처 컬,Preacher Curl,Inspiration Biceps Curl,PARTIALLY_VERIFIED,Nautilus,Inspiration,https://innovativefit.com/catalog_product/nautilus-inspiration-selectorized-line/,별도 Preacher Curl SKU명 대신 Inspiration Biceps Curl(IPBC5) 암 패드 고정형이 가깝습니다.,"시트, 암 패드, Lock N Load","🏋️ NAUTILUS — Inspiration Biceps Curl · Inspiration

🎯 ONE KEY CUE
🔥 ""상완을 패드에 붙인 채 손목이 꺾이지 않게 컬""

별도 Preacher Curl SKU명 대신 Inspiration Biceps Curl(IPBC5) 암 패드 고정형이 가깝습니다. Inspiration Lock N Load 구조입니다. 처음부터 무게 올리지 말고, 세팅부터 잡으세요.

⚙️ ① 기구 세팅
🪑 좌석 / 패드
시트를 몸에 맞추세요. 시작 위치가 어깨·관절에 자연스럽게 오는지 확인합니다.
🤲 그립 / 손 위치
손잡이를 편안한 너비로 잡으세요. 손목이 꺾이지 않게 합니다.
⚙️ 조절 포인트
시트, 암 패드, Lock N Load를 확인하세요.
이 카테고리는 공식 명칭이 겹칠 수 있으니, 헬스장 기구의 실제 레버·패드 배치를 우선하세요.

💪 ② 시작 자세
팔꿈치 위치를 패드나 몸 옆에 고정합니다. 몸통 반동은 끕니다.
이 자세에서 이것만 확인하세요.
👉 팔꿈치가 앞으로 흘러가지 않는지

🔥 ③ 운동 방법
손잡이를 올려 조인 뒤 천천히 신장.
몸통은 고정, 팔꿈치 아래만 움직입니다.

💥 ④ 최고 수축
목표 근육이 가장 조여지는 끝 지점에서 멈춥니다.
⏱️ 1초 STOP
튕기지 말고 그 지점에서 1초만 소유하세요. 무게를 놓는 순간이 아닙니다.

🐌 ⑤ 천천히 돌아오기
중량을 그냥 놓지 마세요.
2~3초 동안 통제하면서 복귀합니다.
시작 자세로 돌아갈 때도 같은 궤적을 유지하세요.

❌ 흔한 실수
❌ 상완이 패드에서 들리며 반동하는
템포를 늦추고 같은 궤적만 반복하세요.
❌ 팔꿈치가 앞으로 흘러가며 어깨가 개입하는 것
자세가 무너지면 무게를 낮추세요.
❌ 몸통 반동으로 올리는 것
템포를 늦추고 같은 궤적만 반복하세요.
❌ 손목을 과하게 꺾는 것
자세가 무너지면 무게를 낮추세요.

💡 MACHINE FIT PRO TIP
🔥 Inspiration Biceps Curl의 가이드 궤적을 이용하세요. 첫 2세트는 천천히, 대칭이 확인된 뒤에만 무게를 올립니다.

🎯 MACHINE FIT CHECK
🟢 시트/패드 → 몸에 맞춤
🟢 팔꿈치 → 미는/드는 방향
🟢 어깨 → 으쓱하지 않기
🟢 복귀 → 2~3초 통제

### 🔥 이것만 기억하세요

""상완을 패드에 붙인 채 손목이 꺾이지 않게 컬. 끝에서 1초, 복귀는 통제.""","🏋️ NAUTILUS — Inspiration Biceps Curl · Inspiration

🎯 ONE KEY CUE
🔥 ""Keep the upper arms on the pad and curl without breaking the wrists""

별도 Preacher Curl SKU명 대신 Inspiration Biceps Curl(IPBC5) 암 패드 고정형이 가깝습니다. Lean into the Inspiration Lock N Load design. Do not chase load until the setup feels locked in.

⚙️ ① Setup
🪑 Seat / pads
Fit the seat to your body so the start position sits naturally on the working joint.
🤲 Grip / hands
Take a comfortable grip width and keep the wrists stacked, not bent.
⚙️ Adjustments
Check 시트, 암 패드, Lock N Load.
Naming can overlap in this category — trust the levers and pads on the unit in front of you.

💪 ② Start position
Fix the elbows on the pad or at your sides. Kill torso swing.
Check only this:
👉 Elbows not drifting forward

🔥 ③ Execution
Torso stays quiet. Move only below the elbows.
Curl or extend only at the elbow, then reverse slowly.

💥 ④ Peak contraction
Stop where the target muscle is most shortened.
⏱️ 1-second STOP
Own that position for one second. This is not where you dump the weight.

🐌 ⑤ Controlled return
Do not dump the load.
Take 2–3 seconds on the way back.
Return on the same path you pressed or pulled.

❌ Common mistakes
❌ Letting the elbows drift so the shoulders take over
If position breaks, cut the load.
❌ Swinging the torso
If position breaks, cut the load.
❌ Over-bending the wrists
If position breaks, cut the load.

💡 MACHINE FIT PRO TIP
🔥 Use the guided path on Inspiration Biceps Curl. Slow the first two sets, confirm symmetry, then add load.

🎯 MACHINE FIT CHECK
🟢 Seat/pad → fitted
🟢 Elbows → press/raise direction
🟢 Shoulders → not shrugged
🟢 Return → 2–3 sec control

### 🔥 Remember this

""Keep the upper arms on the pad and curl without breaking the wrists. One-second peak, controlled return."""
NAUTILUS,아이소래터럴 바이셉 컬,Iso-Lateral Biceps Curl,Inspiration Bilateral Arm Curl,PARTIALLY_VERIFIED,Nautilus,Inspiration,https://innovativefit.com/catalog_product/nautilus-inspiration-selectorized-line/,Inspiration Bilateral Arm Curl(IPBA5). 공식 Iso-Lateral Biceps 명칭 SKU는 없습니다.,"시트, 좌·우 암, Lock N Load","🏋️ NAUTILUS — Inspiration Bilateral Arm Curl · Inspiration

🎯 ONE KEY CUE
🔥 ""좌우를 같은 속도로 컬하며 약한 쪽 확인""

Inspiration Bilateral Arm Curl(IPBA5). 공식 Iso-Lateral Biceps 명칭 SKU는 없습니다. 좌우가 독립으로 움직이는 · Inspiration Lock N Load 구조입니다. 처음부터 무게 올리지 말고, 세팅부터 잡으세요.

⚙️ ① 기구 세팅
🪑 좌석 / 패드
시트를 몸에 맞추세요. 시작 위치가 어깨·관절에 자연스럽게 오는지 확인합니다.
🤲 그립 / 손 위치
양손잡이 높이가 좌우 같은지 먼저 보세요. 독립 암이라 한쪽만 어긋나도 바로 느껴집니다.
⚙️ 조절 포인트
시트, 좌·우 암, Lock N Load을 확인하세요. 좌우 시작 위치가 같은지도 같이 봅니다.
이 카테고리는 공식 명칭이 겹칠 수 있으니, 헬스장 기구의 실제 레버·패드 배치를 우선하세요.

💪 ② 시작 자세
팔꿈치 위치를 패드나 몸 옆에 고정합니다. 몸통 반동은 끕니다.
좌우가 같은 높이에서 시작하는지 한 번 더 보세요.
이 자세에서 이것만 확인하세요.
👉 팔꿈치가 앞으로 흘러가지 않는지

🔥 ③ 운동 방법
각 팔을 독립적으로 컬했다 복귀.
양쪽을 같은 속도로 움직이세요. 한쪽이 먼저 끝나면 무게를 더 올리기 전에 밸런스부터 잡습니다.

💥 ④ 최고 수축
목표 근육이 가장 조여지는 끝 지점에서 멈춥니다.
⏱️ 1초 STOP
튕기지 말고 그 지점에서 1초만 소유하세요. 무게를 놓는 순간이 아닙니다.

🐌 ⑤ 천천히 돌아오기
중량을 그냥 놓지 마세요.
2~3초 동안 통제하면서 복귀합니다.
시작 자세로 돌아갈 때도 같은 궤적을 유지하세요.

❌ 흔한 실수
❌ 강한 쪽만 먼저 올리는
자세가 무너지면 무게를 낮추세요.
❌ 팔꿈치가 앞으로 흘러가며 어깨가 개입하는 것
자세가 무너지면 무게를 낮추세요.
❌ 몸통 반동으로 올리는 것
템포를 늦추고 같은 궤적만 반복하세요.
❌ 손목을 과하게 꺾는 것
자세가 무너지면 무게를 낮추세요.
❌ 한쪽만 먼저 끝내고 반대쪽을 따라가게 하는 것
약한 쪽 속도에 강한 쪽을 맞추세요.

💡 MACHINE FIT PRO TIP
🔥 이 기구는 좌우 암이 독립적으로 움직이는 게 장점입니다. 무게를 올리기 전에 양쪽이 같은 속도로 가는지 확인하세요. 한쪽이 먼저 끝까지 가 버리면 중량보다 밸런스가 먼저입니다.

🎯 MACHINE FIT CHECK
🟢 시트/패드 → 몸에 맞춤
🟢 팔꿈치 → 미는/드는 방향
🟢 좌우 → 같은 속도
🟢 복귀 → 2~3초 통제

### 🔥 이것만 기억하세요

""좌우 같은 속도, 끝에서 1초, 복귀는 통제.""","🏋️ NAUTILUS — Inspiration Bilateral Arm Curl · Inspiration

🎯 ONE KEY CUE
🔥 ""Curl both sides at the same speed and notice the weaker arm""

Inspiration Bilateral Arm Curl(IPBA5). 공식 Iso-Lateral Biceps 명칭 SKU는 없습니다. Lean into the independent arms / Inspiration Lock N Load design. Do not chase load until the setup feels locked in.

⚙️ ① Setup
🪑 Seat / pads
Fit the seat to your body so the start position sits naturally on the working joint.
🤲 Grip / hands
Match left and right handle height first — independent arms expose any mismatch immediately.
⚙️ Adjustments
Check 시트, 좌·우 암, Lock N Load. Confirm both sides start from the same position.
Naming can overlap in this category — trust the levers and pads on the unit in front of you.

💪 ② Start position
Fix the elbows on the pad or at your sides. Kill torso swing.
Double-check both sides start at the same height.
Check only this:
👉 Elbows not drifting forward

🔥 ③ Execution
Match left-right speed. If one side finishes early, fix balance before adding load.
Curl or extend only at the elbow, then reverse slowly. Keep both sides honest.

💥 ④ Peak contraction
Stop where the target muscle is most shortened.
⏱️ 1-second STOP
Own that position for one second. This is not where you dump the weight.

🐌 ⑤ Controlled return
Do not dump the load.
Take 2–3 seconds on the way back.
Return on the same path you pressed or pulled.

❌ Common mistakes
❌ Letting the elbows drift so the shoulders take over
If position breaks, cut the load.
❌ Swinging the torso
If position breaks, cut the load.
❌ Over-bending the wrists
If position breaks, cut the load.
❌ Letting one side finish early
Match the stronger side to the weaker side’s speed.

💡 MACHINE FIT PRO TIP
🔥 Independent arms are the point. Before you load up, confirm both sides move at the same speed. If one side finishes early, fix balance before adding plates or pins.

🎯 MACHINE FIT CHECK
🟢 Seat/pad → fitted
🟢 Elbows → press/raise direction
🟢 Left/right → same speed
🟢 Return → 2–3 sec control

### 🔥 Remember this

""Match sides, one-second peak, controlled return."""
NAUTILUS,암 컬,Arm Curl,Inspiration Biceps Curl,PARTIALLY_VERIFIED,Nautilus,Inspiration,https://innovativefit.com/catalog_product/nautilus-inspiration-selectorized-line/,Inspiration Biceps Curl(IPBC5)가 암 컬 표준입니다.,"시트, 패드, Lock N Load","🏋️ NAUTILUS — Inspiration Biceps Curl · Inspiration

🎯 ONE KEY CUE
🔥 ""팔꿈치 위치를 고정한 채 이두만 수축""

Inspiration Biceps Curl(IPBC5)가 암 컬 표준. Inspiration Lock N Load 구조입니다. 처음부터 무게 올리지 말고, 세팅부터 잡으세요.

⚙️ ① 기구 세팅
🪑 좌석 / 패드
시트를 몸에 맞추세요. 시작 위치가 어깨·관절에 자연스럽게 오는지 확인합니다.
🤲 그립 / 손 위치
손잡이를 편안한 너비로 잡으세요. 손목이 꺾이지 않게 합니다.
⚙️ 조절 포인트
시트, 패드, Lock N Load를 확인하세요.
이 카테고리는 공식 명칭이 겹칠 수 있으니, 헬스장 기구의 실제 레버·패드 배치를 우선하세요.

💪 ② 시작 자세
팔꿈치 위치를 패드나 몸 옆에 고정합니다. 몸통 반동은 끕니다.
이 자세에서 이것만 확인하세요.
👉 팔꿈치가 앞으로 흘러가지 않는지

🔥 ③ 운동 방법
손잡이를 올려 조인 뒤 천천히 펴기.
몸통은 고정, 팔꿈치 아래만 움직입니다.

💥 ④ 최고 수축
목표 근육이 가장 조여지는 끝 지점에서 멈춥니다.
⏱️ 1초 STOP
튕기지 말고 그 지점에서 1초만 소유하세요. 무게를 놓는 순간이 아닙니다.

🐌 ⑤ 천천히 돌아오기
중량을 그냥 놓지 마세요.
2~3초 동안 통제하면서 복귀합니다.
시작 자세로 돌아갈 때도 같은 궤적을 유지하세요.

❌ 흔한 실수
❌ 상체를 흔들어 무게를 던지는
자세가 무너지면 무게를 낮추세요.
❌ 팔꿈치가 앞으로 흘러가며 어깨가 개입하는 것
자세가 무너지면 무게를 낮추세요.
❌ 몸통 반동으로 올리는 것
템포를 늦추고 같은 궤적만 반복하세요.
❌ 손목을 과하게 꺾는 것
자세가 무너지면 무게를 낮추세요.

💡 MACHINE FIT PRO TIP
🔥 Inspiration Biceps Curl의 가이드 궤적을 이용하세요. 첫 2세트는 천천히, 대칭이 확인된 뒤에만 무게를 올립니다.

🎯 MACHINE FIT CHECK
🟢 시트/패드 → 몸에 맞춤
🟢 팔꿈치 → 미는/드는 방향
🟢 어깨 → 으쓱하지 않기
🟢 복귀 → 2~3초 통제

### 🔥 이것만 기억하세요

""팔꿈치 위치를 고정한 채 이두만 수축. 끝에서 1초, 복귀는 통제.""","🏋️ NAUTILUS — Inspiration Biceps Curl · Inspiration

🎯 ONE KEY CUE
🔥 ""Fix the elbow position and contract the biceps only""

Inspiration Biceps Curl(IPBC5)가 암 컬 표준입니다. Lean into the Inspiration Lock N Load design. Do not chase load until the setup feels locked in.

⚙️ ① Setup
🪑 Seat / pads
Fit the seat to your body so the start position sits naturally on the working joint.
🤲 Grip / hands
Take a comfortable grip width and keep the wrists stacked, not bent.
⚙️ Adjustments
Check 시트, 패드, Lock N Load.
Naming can overlap in this category — trust the levers and pads on the unit in front of you.

💪 ② Start position
Fix the elbows on the pad or at your sides. Kill torso swing.
Check only this:
👉 Elbows not drifting forward

🔥 ③ Execution
Torso stays quiet. Move only below the elbows.
Curl or extend only at the elbow, then reverse slowly.

💥 ④ Peak contraction
Stop where the target muscle is most shortened.
⏱️ 1-second STOP
Own that position for one second. This is not where you dump the weight.

🐌 ⑤ Controlled return
Do not dump the load.
Take 2–3 seconds on the way back.
Return on the same path you pressed or pulled.

❌ Common mistakes
❌ Letting the elbows drift so the shoulders take over
If position breaks, cut the load.
❌ Swinging the torso
If position breaks, cut the load.
❌ Over-bending the wrists
If position breaks, cut the load.

💡 MACHINE FIT PRO TIP
🔥 Use the guided path on Inspiration Biceps Curl. Slow the first two sets, confirm symmetry, then add load.

🎯 MACHINE FIT CHECK
🟢 Seat/pad → fitted
🟢 Elbows → press/raise direction
🟢 Shoulders → not shrugged
🟢 Return → 2–3 sec control

### 🔥 Remember this

""Fix the elbow position and contract the biceps only. One-second peak, controlled return."""
NAUTILUS,트라이셉스 익스텐션,Triceps Extension,Inspiration Triceps Extension,VERIFIED,Nautilus,Inspiration,https://innovativefit.com/catalog_product/nautilus-inspiration-selectorized-line/,Inspiration Triceps Extension(IPTE5)입니다.,"시트, 팔꿈치 패드, Lock N Load","🏋️ NAUTILUS — Inspiration Triceps Extension · Inspiration

🎯 ONE KEY CUE
🔥 ""팔꿈치를 고정하고 아래팔만 펴기""

Inspiration Triceps Extension(IPTE5). Inspiration Lock N Load 구조입니다. 처음부터 무게 올리지 말고, 세팅부터 잡으세요.

⚙️ ① 기구 세팅
🪑 좌석 / 패드
시트를 몸에 맞추세요. 시작 위치가 어깨·관절에 자연스럽게 오는지 확인합니다.
🤲 그립 / 손 위치
손잡이를 편안한 너비로 잡으세요. 손목이 꺾이지 않게 합니다.
⚙️ 조절 포인트
시트, 팔꿈치 패드, Lock N Load를 확인하세요.

💪 ② 시작 자세
팔꿈치 위치를 패드나 몸 옆에 고정합니다. 몸통 반동은 끕니다.
이 자세에서 이것만 확인하세요.
👉 팔꿈치가 앞으로 흘러가지 않는지

🔥 ③ 운동 방법
팔꿈치를 신전했다가 천천히 굴곡으로 복귀.
몸통은 고정, 팔꿈치 아래만 움직입니다.

💥 ④ 최고 수축
목표 근육이 가장 조여지는 끝 지점에서 멈춥니다.
⏱️ 1초 STOP
튕기지 말고 그 지점에서 1초만 소유하세요. 무게를 놓는 순간이 아닙니다.

🐌 ⑤ 천천히 돌아오기
중량을 그냥 놓지 마세요.
2~3초 동안 통제하면서 복귀합니다.
시작 자세로 돌아갈 때도 같은 궤적을 유지하세요.

❌ 흔한 실수
❌ 팔꿈치가 벌어지며 어깨로 미는
자세가 무너지면 무게를 낮추세요.
❌ 팔꿈치가 앞으로 흘러가며 어깨가 개입하는 것
자세가 무너지면 무게를 낮추세요.
❌ 몸통 반동으로 올리는 것
템포를 늦추고 같은 궤적만 반복하세요.
❌ 손목을 과하게 꺾는 것
자세가 무너지면 무게를 낮추세요.

💡 MACHINE FIT PRO TIP
🔥 Inspiration Triceps Extension의 가이드 궤적을 이용하세요. 첫 2세트는 천천히, 대칭이 확인된 뒤에만 무게를 올립니다.

🎯 MACHINE FIT CHECK
🟢 시트/패드 → 몸에 맞춤
🟢 팔꿈치 → 미는/드는 방향
🟢 어깨 → 으쓱하지 않기
🟢 복귀 → 2~3초 통제

### 🔥 이것만 기억하세요

""팔꿈치를 고정하고 아래팔만 펴기. 끝에서 1초, 복귀는 통제.""","🏋️ NAUTILUS — Inspiration Triceps Extension · Inspiration

🎯 ONE KEY CUE
🔥 ""Fix the elbows and extend only the forearms""

Inspiration Triceps Extension(IPTE5)입니다. Lean into the Inspiration Lock N Load design. Do not chase load until the setup feels locked in.

⚙️ ① Setup
🪑 Seat / pads
Fit the seat to your body so the start position sits naturally on the working joint.
🤲 Grip / hands
Take a comfortable grip width and keep the wrists stacked, not bent.
⚙️ Adjustments
Check 시트, 팔꿈치 패드, Lock N Load.

💪 ② Start position
Fix the elbows on the pad or at your sides. Kill torso swing.
Check only this:
👉 Elbows not drifting forward

🔥 ③ Execution
Torso stays quiet. Move only below the elbows.
Curl or extend only at the elbow, then reverse slowly.

💥 ④ Peak contraction
Stop where the target muscle is most shortened.
⏱️ 1-second STOP
Own that position for one second. This is not where you dump the weight.

🐌 ⑤ Controlled return
Do not dump the load.
Take 2–3 seconds on the way back.
Return on the same path you pressed or pulled.

❌ Common mistakes
❌ Letting the elbows drift so the shoulders take over
If position breaks, cut the load.
❌ Swinging the torso
If position breaks, cut the load.
❌ Over-bending the wrists
If position breaks, cut the load.

💡 MACHINE FIT PRO TIP
🔥 Use the guided path on Inspiration Triceps Extension. Slow the first two sets, confirm symmetry, then add load.

🎯 MACHINE FIT CHECK
🟢 Seat/pad → fitted
🟢 Elbows → press/raise direction
🟢 Shoulders → not shrugged
🟢 Return → 2–3 sec control

### 🔥 Remember this

""Fix the elbows and extend only the forearms. One-second peak, controlled return."""
NAUTILUS,트라이셉스 프레스,Triceps Press,Inspiration Tricep Dip,PARTIALLY_VERIFIED,Nautilus,Inspiration,https://innovativefit.com/catalog_product/nautilus-inspiration-selectorized-line/,별도 Triceps Press SKU 대신 Inspiration Tricep Dip(IPTD5) / Multi-Station Triceps Press가 해당 패턴입니다.,"시트, 손잡이, Lock N Load","🏋️ NAUTILUS — Inspiration Tricep Dip · Inspiration

🎯 ONE KEY CUE
🔥 ""팔꿈치를 몸통 가까이 두고 아래로 눌러 펴기""

별도 Triceps Press SKU 대신 Inspiration Tricep Dip(IPTD5) / Multi-Station Triceps Press가 해당 패턴. Inspiration Lock N Load 구조입니다. 처음부터 무게 올리지 말고, 세팅부터 잡으세요.

⚙️ ① 기구 세팅
🪑 좌석 / 패드
시트를 몸에 맞추세요. 시작 위치가 어깨·관절에 자연스럽게 오는지 확인합니다.
🤲 그립 / 손 위치
손잡이를 편안한 너비로 잡으세요. 손목이 꺾이지 않게 합니다.
⚙️ 조절 포인트
시트, 손잡이, Lock N Load를 확인하세요.
이 카테고리는 공식 명칭이 겹칠 수 있으니, 헬스장 기구의 실제 레버·패드 배치를 우선하세요.

💪 ② 시작 자세
팔꿈치 위치를 패드나 몸 옆에 고정합니다. 몸통 반동은 끕니다.
이 자세에서 이것만 확인하세요.
👉 팔꿈치가 앞으로 흘러가지 않는지

🔥 ③ 운동 방법
손잡이를 아래로 눌러 삼두를 조인 뒤 복귀.
몸통은 고정, 팔꿈치 아래만 움직입니다.

💥 ④ 최고 수축
목표 근육이 가장 조여지는 끝 지점에서 멈춥니다.
⏱️ 1초 STOP
튕기지 말고 그 지점에서 1초만 소유하세요. 무게를 놓는 순간이 아닙니다.

🐌 ⑤ 천천히 돌아오기
중량을 그냥 놓지 마세요.
2~3초 동안 통제하면서 복귀합니다.
시작 자세로 돌아갈 때도 같은 궤적을 유지하세요.

❌ 흔한 실수
❌ 상체를 숙여 가슴으로 미는
자세가 무너지면 무게를 낮추세요.
❌ 팔꿈치가 앞으로 흘러가며 어깨가 개입하는 것
자세가 무너지면 무게를 낮추세요.
❌ 몸통 반동으로 올리는 것
템포를 늦추고 같은 궤적만 반복하세요.
❌ 손목을 과하게 꺾는 것
자세가 무너지면 무게를 낮추세요.

💡 MACHINE FIT PRO TIP
🔥 Inspiration Tricep Dip의 가이드 궤적을 이용하세요. 첫 2세트는 천천히, 대칭이 확인된 뒤에만 무게를 올립니다.

🎯 MACHINE FIT CHECK
🟢 시트/패드 → 몸에 맞춤
🟢 팔꿈치 → 미는/드는 방향
🟢 어깨 → 으쓱하지 않기
🟢 복귀 → 2~3초 통제

### 🔥 이것만 기억하세요

""팔꿈치를 몸통 가까이 두고 아래로 눌러 펴기. 끝에서 1초, 복귀는 통제.""","🏋️ NAUTILUS — Inspiration Tricep Dip · Inspiration

🎯 ONE KEY CUE
🔥 ""Keep elbows close and press down to extension""

별도 Triceps Press SKU 대신 Inspiration Tricep Dip(IPTD5) / Multi-Station Triceps Press가 해당 패턴입니다. Lean into the Inspiration Lock N Load design. Do not chase load until the setup feels locked in.

⚙️ ① Setup
🪑 Seat / pads
Fit the seat to your body so the start position sits naturally on the working joint.
🤲 Grip / hands
Take a comfortable grip width and keep the wrists stacked, not bent.
⚙️ Adjustments
Check 시트, 손잡이, Lock N Load.
Naming can overlap in this category — trust the levers and pads on the unit in front of you.

💪 ② Start position
Fix the elbows on the pad or at your sides. Kill torso swing.
Check only this:
👉 Elbows not drifting forward

🔥 ③ Execution
Torso stays quiet. Move only below the elbows.
Curl or extend only at the elbow, then reverse slowly.

💥 ④ Peak contraction
Stop where the target muscle is most shortened.
⏱️ 1-second STOP
Own that position for one second. This is not where you dump the weight.

🐌 ⑤ Controlled return
Do not dump the load.
Take 2–3 seconds on the way back.
Return on the same path you pressed or pulled.

❌ Common mistakes
❌ Letting the elbows drift so the shoulders take over
If position breaks, cut the load.
❌ Swinging the torso
If position breaks, cut the load.
❌ Over-bending the wrists
If position breaks, cut the load.

💡 MACHINE FIT PRO TIP
🔥 Use the guided path on Inspiration Tricep Dip. Slow the first two sets, confirm symmetry, then add load.

🎯 MACHINE FIT CHECK
🟢 Seat/pad → fitted
🟢 Elbows → press/raise direction
🟢 Shoulders → not shrugged
🟢 Return → 2–3 sec control

### 🔥 Remember this

""Keep elbows close and press down to extension. One-second peak, controlled return."""
NAUTILUS,딥 / 트라이셉스 머신,Dip / Triceps Machine,Inspiration Tricep Dip,VERIFIED,Nautilus,Inspiration,https://innovativefit.com/catalog_product/nautilus-inspiration-selectorized-line/,Inspiration Tricep Dip(IPTD5)입니다.,"시트, 손잡이, Lock N Load","🏋️ NAUTILUS — Inspiration Tricep Dip · Inspiration

🎯 ONE KEY CUE
🔥 ""어깨를 내리지 말고 팔꿈치로 눌러 내리기""

Inspiration Tricep Dip(IPTD5). Inspiration Lock N Load 구조입니다. 처음부터 무게 올리지 말고, 세팅부터 잡으세요.

⚙️ ① 기구 세팅
🪑 좌석 / 패드
시트를 몸에 맞추세요. 시작 위치가 어깨·관절에 자연스럽게 오는지 확인합니다.
🤲 그립 / 손 위치
손잡이를 편안한 너비로 잡으세요. 손목이 꺾이지 않게 합니다.
⚙️ 조절 포인트
시트, 손잡이, Lock N Load를 확인하세요.

💪 ② 시작 자세
팔꿈치 위치를 패드나 몸 옆에 고정합니다. 몸통 반동은 끕니다.
이 자세에서 이것만 확인하세요.
👉 팔꿈치가 앞으로 흘러가지 않는지

🔥 ③ 운동 방법
손잡이를 눌러 신전했다 천천히 굴곡.
몸통은 고정, 팔꿈치 아래만 움직입니다.

💥 ④ 최고 수축
목표 근육이 가장 조여지는 끝 지점에서 멈춥니다.
⏱️ 1초 STOP
튕기지 말고 그 지점에서 1초만 소유하세요. 무게를 놓는 순간이 아닙니다.

🐌 ⑤ 천천히 돌아오기
중량을 그냥 놓지 마세요.
2~3초 동안 통제하면서 복귀합니다.
시작 자세로 돌아갈 때도 같은 궤적을 유지하세요.

❌ 흔한 실수
❌ 어깨가 올라가며 가동범위가 짧아지는
자세가 무너지면 무게를 낮추세요.
❌ 팔꿈치가 앞으로 흘러가며 어깨가 개입하는 것
자세가 무너지면 무게를 낮추세요.
❌ 몸통 반동으로 올리는 것
템포를 늦추고 같은 궤적만 반복하세요.
❌ 손목을 과하게 꺾는 것
자세가 무너지면 무게를 낮추세요.

💡 MACHINE FIT PRO TIP
🔥 Inspiration Tricep Dip의 가이드 궤적을 이용하세요. 첫 2세트는 천천히, 대칭이 확인된 뒤에만 무게를 올립니다.

🎯 MACHINE FIT CHECK
🟢 시트/패드 → 몸에 맞춤
🟢 팔꿈치 → 미는/드는 방향
🟢 어깨 → 으쓱하지 않기
🟢 복귀 → 2~3초 통제

### 🔥 이것만 기억하세요

""어깨를 내리지 말고 팔꿈치로 눌러 내리기. 끝에서 1초, 복귀는 통제.""","🏋️ NAUTILUS — Inspiration Tricep Dip · Inspiration

🎯 ONE KEY CUE
🔥 ""Do not shrug — press down through the elbows""

Inspiration Tricep Dip(IPTD5)입니다. Lean into the Inspiration Lock N Load design. Do not chase load until the setup feels locked in.

⚙️ ① Setup
🪑 Seat / pads
Fit the seat to your body so the start position sits naturally on the working joint.
🤲 Grip / hands
Take a comfortable grip width and keep the wrists stacked, not bent.
⚙️ Adjustments
Check 시트, 손잡이, Lock N Load.

💪 ② Start position
Fix the elbows on the pad or at your sides. Kill torso swing.
Check only this:
👉 Elbows not drifting forward

🔥 ③ Execution
Torso stays quiet. Move only below the elbows.
Curl or extend only at the elbow, then reverse slowly.

💥 ④ Peak contraction
Stop where the target muscle is most shortened.
⏱️ 1-second STOP
Own that position for one second. This is not where you dump the weight.

🐌 ⑤ Controlled return
Do not dump the load.
Take 2–3 seconds on the way back.
Return on the same path you pressed or pulled.

❌ Common mistakes
❌ Letting the elbows drift so the shoulders take over
If position breaks, cut the load.
❌ Swinging the torso
If position breaks, cut the load.
❌ Over-bending the wrists
If position breaks, cut the load.

💡 MACHINE FIT PRO TIP
🔥 Use the guided path on Inspiration Tricep Dip. Slow the first two sets, confirm symmetry, then add load.

🎯 MACHINE FIT CHECK
🟢 Seat/pad → fitted
🟢 Elbows → press/raise direction
🟢 Shoulders → not shrugged
🟢 Return → 2–3 sec control

### 🔥 Remember this

""Do not shrug — press down through the elbows. One-second peak, controlled return."""
NAUTILUS,바이셉스 / 트라이셉스 복합 머신,Biceps / Triceps Combo,Nitro Plus Dual Arm Curl / Extension units,PARTIALLY_VERIFIED,Nautilus,Nitro Plus,https://planet-fitness.com/catalogues-marques/catalogue-nautilus.pdf,Inspiration은 IPBC5·IPTE5 단품. Nitro Plus에 듀얼 암 유닛(9NL-D5120 등)이 있습니다.,"시트, 모드 전환, 스택","🏋️ NAUTILUS — Nitro Plus Dual Arm Curl / Extension units · Nitro Plus

🎯 ONE KEY CUE
🔥 ""컬과 익스텐션을 한 세트에 섞지 말고 모드별로""

Inspiration은 IPBC5·IPTE5 단품. Nitro Plus에 듀얼 암 유닛(9NL-D5120 등)이 있습니다. Impact/Nitro 구조입니다. 처음부터 무게 올리지 말고, 세팅부터 잡으세요.

⚙️ ① 기구 세팅
🪑 좌석 / 패드
시트를 몸에 맞추세요. 시작 위치가 어깨·관절에 자연스럽게 오는지 확인합니다.
🤲 그립 / 손 위치
손잡이를 편안한 너비로 잡으세요. 손목이 꺾이지 않게 합니다.
⚙️ 조절 포인트
시트, 모드 전환, 스택을 확인하세요.
이 카테고리는 공식 명칭이 겹칠 수 있으니, 헬스장 기구의 실제 레버·패드 배치를 우선하세요.

💪 ② 시작 자세
팔꿈치 위치를 패드나 몸 옆에 고정합니다. 몸통 반동은 끕니다.
이 자세에서 이것만 확인하세요.
👉 팔꿈치가 앞으로 흘러가지 않는지

🔥 ③ 운동 방법
선택한 모드의 굴곡/신전만 반복.
몸통은 고정, 팔꿈치 아래만 움직입니다.

💥 ④ 최고 수축
목표 근육이 가장 조여지는 끝 지점에서 멈춥니다.
⏱️ 1초 STOP
튕기지 말고 그 지점에서 1초만 소유하세요. 무게를 놓는 순간이 아닙니다.

🐌 ⑤ 천천히 돌아오기
중량을 그냥 놓지 마세요.
2~3초 동안 통제하면서 복귀합니다.
시작 자세로 돌아갈 때도 같은 궤적을 유지하세요.

❌ 흔한 실수
❌ 모드를 급히 바꿔 팔꿈치 세팅이 틀어지는
자세가 무너지면 무게를 낮추세요.
❌ 팔꿈치가 앞으로 흘러가며 어깨가 개입하는 것
자세가 무너지면 무게를 낮추세요.
❌ 몸통 반동으로 올리는 것
템포를 늦추고 같은 궤적만 반복하세요.
❌ 손목을 과하게 꺾는 것
자세가 무너지면 무게를 낮추세요.

💡 MACHINE FIT PRO TIP
🔥 Nitro Plus Dual Arm Curl / Extension units의 가이드 궤적을 이용하세요. 첫 2세트는 천천히, 대칭이 확인된 뒤에만 무게를 올립니다.

🎯 MACHINE FIT CHECK
🟢 시트/패드 → 몸에 맞춤
🟢 팔꿈치 → 미는/드는 방향
🟢 어깨 → 으쓱하지 않기
🟢 복귀 → 2~3초 통제

### 🔥 이것만 기억하세요

""컬과 익스텐션을 한 세트에 섞지 말고 모드별로. 끝에서 1초, 복귀는 통제.""","🏋️ NAUTILUS — Nitro Plus Dual Arm Curl / Extension units · Nitro Plus

🎯 ONE KEY CUE
🔥 ""Do not mix curl and extension in one set — finish each mode""

Inspiration은 IPBC5·IPTE5 단품. Nitro Plus에 듀얼 암 유닛(9NL-D5120 등)이 있습니다. Lean into the Impact/Nitro design. Do not chase load until the setup feels locked in.

⚙️ ① Setup
🪑 Seat / pads
Fit the seat to your body so the start position sits naturally on the working joint.
🤲 Grip / hands
Take a comfortable grip width and keep the wrists stacked, not bent.
⚙️ Adjustments
Check 시트, 모드 전환, 스택.
Naming can overlap in this category — trust the levers and pads on the unit in front of you.

💪 ② Start position
Fix the elbows on the pad or at your sides. Kill torso swing.
Check only this:
👉 Elbows not drifting forward

🔥 ③ Execution
Torso stays quiet. Move only below the elbows.
Curl or extend only at the elbow, then reverse slowly.

💥 ④ Peak contraction
Stop where the target muscle is most shortened.
⏱️ 1-second STOP
Own that position for one second. This is not where you dump the weight.

🐌 ⑤ Controlled return
Do not dump the load.
Take 2–3 seconds on the way back.
Return on the same path you pressed or pulled.

❌ Common mistakes
❌ Letting the elbows drift so the shoulders take over
If position breaks, cut the load.
❌ Swinging the torso
If position breaks, cut the load.
❌ Over-bending the wrists
If position breaks, cut the load.

💡 MACHINE FIT PRO TIP
🔥 Use the guided path on Nitro Plus Dual Arm Curl / Extension units. Slow the first two sets, confirm symmetry, then add load.

🎯 MACHINE FIT CHECK
🟢 Seat/pad → fitted
🟢 Elbows → press/raise direction
🟢 Shoulders → not shrugged
🟢 Return → 2–3 sec control

### 🔥 Remember this

""Do not mix curl and extension in one set — finish each mode. One-second peak, controlled return."""
NAUTILUS,앱 크런치,Ab Crunch,Inspiration Abdominal Crunch,VERIFIED,Nautilus,Inspiration,https://innovativefit.com/catalog_product/nautilus-inspiration-selectorized-line/,Inspiration Abdominal Crunch(IPAC5)입니다.,"시트, 가슴/어깨 패드, Lock N Load","🏋️ NAUTILUS — Inspiration Abdominal Crunch · Inspiration

🎯 ONE KEY CUE
🔥 ""목 말고 갈비뼈를 골반 쪽으로 말아 내리기""

Inspiration Abdominal Crunch(IPAC5). Inspiration Lock N Load 구조입니다. 처음부터 무게 올리지 말고, 세팅부터 잡으세요.

⚙️ ① 기구 세팅
🪑 좌석 / 패드
시트를 몸에 맞추세요. 시작 위치가 어깨·관절에 자연스럽게 오는지 확인합니다.
⚙️ 조절 포인트
시트, 가슴/어깨 패드, Lock N Load를 확인하세요.

💪 ② 시작 자세
골반을 안정시키고 목으로 당길 생각을 지웁니다.
이 자세에서 이것만 확인하세요.
👉 골반이 고정돼 있는지

🔥 ③ 운동 방법
상체를 말아 복부를 조인 뒤 천천히 펴기.
갈비뼈를 골반 쪽으로 말아 올리는 느낌으로 수축하세요.

💥 ④ 최고 수축
목표 근육이 가장 조여지는 끝 지점에서 멈춥니다.
⏱️ 1초 STOP
튕기지 말고 그 지점에서 1초만 소유하세요. 무게를 놓는 순간이 아닙니다.

🐌 ⑤ 천천히 돌아오기
중량을 그냥 놓지 마세요.
2~3초 동안 통제하면서 복귀합니다.
시작 자세로 돌아갈 때도 같은 궤적을 유지하세요.

❌ 흔한 실수
❌ 손으로 패드를 잡아채며 목만 굽히는
자세가 무너지면 무게를 낮추세요.
❌ 목으로 당겨 몸통을 접는 것
갈비뼈를 골반 쪽으로 만다는 느낌으로 바꾸세요.
❌ 골반이 뜨며 반동을 쓰는 것
템포를 늦추고 같은 궤적만 반복하세요.
❌ 너무 큰 범위로 과하게 꺾는 것
자세가 무너지면 무게를 낮추세요.

💡 MACHINE FIT PRO TIP
🔥 Inspiration Abdominal Crunch의 가이드 궤적을 이용하세요. 첫 2세트는 천천히, 대칭이 확인된 뒤에만 무게를 올립니다.

🎯 MACHINE FIT CHECK
🟢 시트/패드 → 몸에 맞춤
🟢 몸통 → 브레스·고정
🟢 어깨 → 으쓱하지 않기
🟢 복귀 → 2~3초 통제

### 🔥 이것만 기억하세요

""목 말고 몸통으로, 끝에서 조이고 천천히.""","🏋️ NAUTILUS — Inspiration Abdominal Crunch · Inspiration

🎯 ONE KEY CUE
🔥 ""Curl the ribs toward the pelvis — do not pull with the neck""

Inspiration Abdominal Crunch(IPAC5)입니다. Lean into the Inspiration Lock N Load design. Do not chase load until the setup feels locked in.

⚙️ ① Setup
🪑 Seat / pads
Fit the seat to your body so the start position sits naturally on the working joint.
⚙️ Adjustments
Check 시트, 가슴/어깨 패드, Lock N Load.

💪 ② Start position
Stabilize the pelvis and stop thinking about pulling with the neck.
Check only this:
👉 Pelvis locked

🔥 ③ Execution
Curl the ribcage toward the pelvis.
Curl or rotate through the torso, then return without momentum.

💥 ④ Peak contraction
Stop where the target muscle is most shortened.
⏱️ 1-second STOP
Own that position for one second. This is not where you dump the weight.

🐌 ⑤ Controlled return
Do not dump the load.
Take 2–3 seconds on the way back.
Return on the same path you pressed or pulled.

❌ Common mistakes
❌ Pulling with the neck
Curl ribs toward the pelvis instead.
❌ Lifting the pelvis and using momentum
Slow the tempo and repeat one clean path.
❌ Forcing an excessive range
If position breaks, cut the load.

💡 MACHINE FIT PRO TIP
🔥 Use the guided path on Inspiration Abdominal Crunch. Slow the first two sets, confirm symmetry, then add load.

🎯 MACHINE FIT CHECK
🟢 Seat/pad → fitted
🟢 Torso → braced
🟢 Shoulders → not shrugged
🟢 Return → 2–3 sec control

### 🔥 Remember this

""Torso curl, squeeze, slow return — not the neck."""
NAUTILUS,어브도미널,Abdominal,Inspiration Abdominal Crunch,PARTIALLY_VERIFIED,Nautilus,Inspiration,https://innovativefit.com/catalog_product/nautilus-inspiration-selectorized-line/,Inspiration Abdominal Crunch(IPAC5)가 어브도미널 표준입니다.,"시트, 패드, Lock N Load","🏋️ NAUTILUS — Inspiration Abdominal Crunch · Inspiration

🎯 ONE KEY CUE
🔥 ""골반을 고정하고 몸통만 말아 수축""

Inspiration Abdominal Crunch(IPAC5)가 어브도미널 표준. Inspiration Lock N Load 구조입니다. 처음부터 무게 올리지 말고, 세팅부터 잡으세요.

⚙️ ① 기구 세팅
🪑 좌석 / 패드
시트를 몸에 맞추세요. 시작 위치가 어깨·관절에 자연스럽게 오는지 확인합니다.
⚙️ 조절 포인트
시트, 패드, Lock N Load를 확인하세요.
이 카테고리는 공식 명칭이 겹칠 수 있으니, 헬스장 기구의 실제 레버·패드 배치를 우선하세요.

💪 ② 시작 자세
골반을 안정시키고 목으로 당길 생각을 지웁니다.
이 자세에서 이것만 확인하세요.
👉 골반이 고정돼 있는지

🔥 ③ 운동 방법
복부 크런치 궤적으로 조인 뒤 복귀.
갈비뼈를 골반 쪽으로 말아 올리는 느낌으로 수축하세요.

💥 ④ 최고 수축
목표 근육이 가장 조여지는 끝 지점에서 멈춥니다.
⏱️ 1초 STOP
튕기지 말고 그 지점에서 1초만 소유하세요. 무게를 놓는 순간이 아닙니다.

🐌 ⑤ 천천히 돌아오기
중량을 그냥 놓지 마세요.
2~3초 동안 통제하면서 복귀합니다.
시작 자세로 돌아갈 때도 같은 궤적을 유지하세요.

❌ 흔한 실수
❌ 힙을 들어 올리며 힙플렉서로 바꾸는
자세가 무너지면 무게를 낮추세요.
❌ 목으로 당겨 몸통을 접는 것
갈비뼈를 골반 쪽으로 만다는 느낌으로 바꾸세요.
❌ 골반이 뜨며 반동을 쓰는 것
템포를 늦추고 같은 궤적만 반복하세요.
❌ 너무 큰 범위로 과하게 꺾는 것
자세가 무너지면 무게를 낮추세요.

💡 MACHINE FIT PRO TIP
🔥 Inspiration Abdominal Crunch의 가이드 궤적을 이용하세요. 첫 2세트는 천천히, 대칭이 확인된 뒤에만 무게를 올립니다.

🎯 MACHINE FIT CHECK
🟢 시트/패드 → 몸에 맞춤
🟢 몸통 → 브레스·고정
🟢 어깨 → 으쓱하지 않기
🟢 복귀 → 2~3초 통제

### 🔥 이것만 기억하세요

""목 말고 몸통으로, 끝에서 조이고 천천히.""","🏋️ NAUTILUS — Inspiration Abdominal Crunch · Inspiration

🎯 ONE KEY CUE
🔥 ""Lock the pelvis and curl only the torso""

Inspiration Abdominal Crunch(IPAC5)가 어브도미널 표준입니다. Lean into the Inspiration Lock N Load design. Do not chase load until the setup feels locked in.

⚙️ ① Setup
🪑 Seat / pads
Fit the seat to your body so the start position sits naturally on the working joint.
⚙️ Adjustments
Check 시트, 패드, Lock N Load.
Naming can overlap in this category — trust the levers and pads on the unit in front of you.

💪 ② Start position
Stabilize the pelvis and stop thinking about pulling with the neck.
Check only this:
👉 Pelvis locked

🔥 ③ Execution
Curl the ribcage toward the pelvis.
Curl or rotate through the torso, then return without momentum.

💥 ④ Peak contraction
Stop where the target muscle is most shortened.
⏱️ 1-second STOP
Own that position for one second. This is not where you dump the weight.

🐌 ⑤ Controlled return
Do not dump the load.
Take 2–3 seconds on the way back.
Return on the same path you pressed or pulled.

❌ Common mistakes
❌ Pulling with the neck
Curl ribs toward the pelvis instead.
❌ Lifting the pelvis and using momentum
Slow the tempo and repeat one clean path.
❌ Forcing an excessive range
If position breaks, cut the load.

💡 MACHINE FIT PRO TIP
🔥 Use the guided path on Inspiration Abdominal Crunch. Slow the first two sets, confirm symmetry, then add load.

🎯 MACHINE FIT CHECK
🟢 Seat/pad → fitted
🟢 Torso → braced
🟢 Shoulders → not shrugged
🟢 Return → 2–3 sec control

### 🔥 Remember this

""Torso curl, squeeze, slow return — not the neck."""
NAUTILUS,로터리 토르소,Rotary Torso,Inspiration Rotary Torso,VERIFIED,Nautilus,Inspiration,https://innovativefit.com/catalog_product/nautilus-inspiration-selectorized-line/,Inspiration Rotary Torso(IPRT5)입니다.,"시트, 무릎/골반 고정, Lock N Load, ROM","🏋️ NAUTILUS — Inspiration Rotary Torso · Inspiration

🎯 ONE KEY CUE
🔥 ""골반을 고정한 채 갈비뼈만 회전""

Inspiration Rotary Torso(IPRT5). Inspiration Lock N Load 구조입니다. 처음부터 무게 올리지 말고, 세팅부터 잡으세요.

⚙️ ① 기구 세팅
🪑 좌석 / 패드
시트를 몸에 맞추세요. 시작 위치가 어깨·관절에 자연스럽게 오는지 확인합니다.
⚙️ 조절 포인트
시트, 무릎/골반 고정, Lock N Load, ROM을 확인하세요.

💪 ② 시작 자세
골반을 안정시키고 목으로 당길 생각을 지웁니다.
이 자세에서 이것만 확인하세요.
👉 골반이 고정돼 있는지

🔥 ③ 운동 방법
좌우로 회전해 사근을 조인 뒤 중앙 복귀.
갈비뼈를 골반 쪽으로 말아 올리는 느낌으로 수축하세요.

💥 ④ 최고 수축
목표 근육이 가장 조여지는 끝 지점에서 멈춥니다.
⏱️ 1초 STOP
튕기지 말고 그 지점에서 1초만 소유하세요. 무게를 놓는 순간이 아닙니다.

🐌 ⑤ 천천히 돌아오기
중량을 그냥 놓지 마세요.
2~3초 동안 통제하면서 복귀합니다.
시작 자세로 돌아갈 때도 같은 궤적을 유지하세요.

❌ 흔한 실수
❌ 무릎까지 따라 돌리며 반동을 쓰는
템포를 늦추고 같은 궤적만 반복하세요.
❌ 목으로 당겨 몸통을 접는 것
갈비뼈를 골반 쪽으로 만다는 느낌으로 바꾸세요.
❌ 골반이 뜨며 반동을 쓰는 것
템포를 늦추고 같은 궤적만 반복하세요.
❌ 너무 큰 범위로 과하게 꺾는 것
자세가 무너지면 무게를 낮추세요.

💡 MACHINE FIT PRO TIP
🔥 Inspiration Rotary Torso의 가이드 궤적을 이용하세요. 첫 2세트는 천천히, 대칭이 확인된 뒤에만 무게를 올립니다.

🎯 MACHINE FIT CHECK
🟢 시트/패드 → 몸에 맞춤
🟢 몸통 → 브레스·고정
🟢 어깨 → 으쓱하지 않기
🟢 복귀 → 2~3초 통제

### 🔥 이것만 기억하세요

""목 말고 몸통으로, 끝에서 조이고 천천히.""","🏋️ NAUTILUS — Inspiration Rotary Torso · Inspiration

🎯 ONE KEY CUE
🔥 ""Lock the pelvis and rotate only through the ribcage""

Inspiration Rotary Torso(IPRT5)입니다. Lean into the Inspiration Lock N Load design. Do not chase load until the setup feels locked in.

⚙️ ① Setup
🪑 Seat / pads
Fit the seat to your body so the start position sits naturally on the working joint.
⚙️ Adjustments
Check 시트, 무릎/골반 고정, Lock N Load, ROM.

💪 ② Start position
Stabilize the pelvis and stop thinking about pulling with the neck.
Check only this:
👉 Pelvis locked

🔥 ③ Execution
Curl the ribcage toward the pelvis.
Curl or rotate through the torso, then return without momentum.

💥 ④ Peak contraction
Stop where the target muscle is most shortened.
⏱️ 1-second STOP
Own that position for one second. This is not where you dump the weight.

🐌 ⑤ Controlled return
Do not dump the load.
Take 2–3 seconds on the way back.
Return on the same path you pressed or pulled.

❌ Common mistakes
❌ Pulling with the neck
Curl ribs toward the pelvis instead.
❌ Lifting the pelvis and using momentum
Slow the tempo and repeat one clean path.
❌ Forcing an excessive range
If position breaks, cut the load.

💡 MACHINE FIT PRO TIP
🔥 Use the guided path on Inspiration Rotary Torso. Slow the first two sets, confirm symmetry, then add load.

🎯 MACHINE FIT CHECK
🟢 Seat/pad → fitted
🟢 Torso → braced
🟢 Shoulders → not shrugged
🟢 Return → 2–3 sec control

### 🔥 Remember this

""Torso curl, squeeze, slow return — not the neck."""
NAUTILUS,사이드 밴드,Side Bend,,BRAND_MODEL_NOT_FOUND,Nautilus,,https://planet-fitness.com/catalogues-marques/catalogue-nautilus.pdf,Nautilus에 Side Bend 전용 머신이 없습니다. DAP/케이블로 대체하는 경우가 많습니다.,"손잡이 높이, 스탠스, 중량","🏋️ NAUTILUS — 사이드 밴드

🎯 ONE KEY CUE
🔥 ""골반을 고정하고 옆구리를 짧게 접기""

노틸러스 전용 모델이 없는 카테고리입니다. 헬스장에 있는 실제 기구의 패드·레버·안전장치를 먼저 확인한 뒤, 아래 패턴으로 움직이세요.

⚙️ ① 기구 세팅
🤲 그립 / 손 위치
손잡이 높이를 편안한 너비로 잡으세요. 손목이 꺾이지 않게 합니다.
⚙️ 조절 포인트
손잡이 높이, 스탠스, 중량을 확인하세요.

💪 ② 시작 자세
골반을 안정시키고 목으로 당길 생각을 지웁니다.
이 자세에서 이것만 확인하세요.
👉 골반이 고정돼 있는지

🔥 ③ 운동 방법
측굴 후 천천히 세워 복귀.
갈비뼈를 골반 쪽으로 말아 올리는 느낌으로 수축하세요.

💥 ④ 최고 수축
목표 근육이 가장 조여지는 끝 지점에서 멈춥니다.
⏱️ 1초 STOP
튕기지 말고 그 지점에서 1초만 소유하세요. 무게를 놓는 순간이 아닙니다.

🐌 ⑤ 천천히 돌아오기
중량을 그냥 놓지 마세요.
2~3초 동안 통제하면서 복귀합니다.
시작 자세로 돌아갈 때도 같은 궤적을 유지하세요.

❌ 흔한 실수
❌ 앞으로 숙이며 회전이 섞이는
자세가 무너지면 무게를 낮추세요.
❌ 목으로 당겨 몸통을 접는 것
갈비뼈를 골반 쪽으로 만다는 느낌으로 바꾸세요.
❌ 골반이 뜨며 반동을 쓰는 것
템포를 늦추고 같은 궤적만 반복하세요.
❌ 너무 큰 범위로 과하게 꺾는 것
자세가 무너지면 무게를 낮추세요.

💡 MACHINE FIT PRO TIP
🔥 이 항목은 해머 스트렝스 전용 SKU가 없습니다. ""사이드 밴드""로 분류된 실제 기구의 패드·레버·안전장치만 믿고, 가벼운 무게로 5회 리허설 후 본 세트를 시작하세요.

🎯 MACHINE FIT CHECK
🟢 시트/패드 → 몸에 맞춤
🟢 몸통 → 브레스·고정
🟢 어깨 → 으쓱하지 않기
🟢 복귀 → 2~3초 통제

### 🔥 이것만 기억하세요

""목 말고 몸통으로, 끝에서 조이고 천천히.""","🏋️ NAUTILUS — Side Bend

🎯 ONE KEY CUE
🔥 ""Lock the pelvis and shorten the side body""

There is no dedicated Nautilus SKU for this category. Confirm pads, levers, and safeties on the unit in your gym, then follow the movement pattern below.

⚙️ ① Setup
🤲 Grip / hands
Take a comfortable grip width and keep the wrists stacked, not bent.
⚙️ Adjustments
Check 손잡이 높이, 스탠스, 중량.

💪 ② Start position
Stabilize the pelvis and stop thinking about pulling with the neck.
Check only this:
👉 Pelvis locked

🔥 ③ Execution
Curl the ribcage toward the pelvis.
Curl or rotate through the torso, then return without momentum.

💥 ④ Peak contraction
Stop where the target muscle is most shortened.
⏱️ 1-second STOP
Own that position for one second. This is not where you dump the weight.

🐌 ⑤ Controlled return
Do not dump the load.
Take 2–3 seconds on the way back.
Return on the same path you pressed or pulled.

❌ Common mistakes
❌ Pulling with the neck
Curl ribs toward the pelvis instead.
❌ Lifting the pelvis and using momentum
Slow the tempo and repeat one clean path.
❌ Forcing an excessive range
If position breaks, cut the load.

💡 MACHINE FIT PRO TIP
🔥 No dedicated Hammer Strength SKU for this slot. Trust the pads/levers/safeties on the unit labeled like ""Side Bend"", rehearse five light reps, then start working sets.

🎯 MACHINE FIT CHECK
🟢 Seat/pad → fitted
🟢 Torso → braced
🟢 Shoulders → not shrugged
🟢 Return → 2–3 sec control

### 🔥 Remember this

""Torso curl, squeeze, slow return — not the neck."""
NAUTILUS,백 익스텐션,Back Extension,Inspiration Back Extension,VERIFIED,Nautilus,Inspiration,https://innovativefit.com/catalog_product/nautilus-inspiration-selectorized-line/,Inspiration Back Extension(IPBE5/IPBE3)입니다.,"엉덩이/허벅지 패드, 발판, Lock N Load","🏋️ NAUTILUS — Inspiration Back Extension · Inspiration

🎯 ONE KEY CUE
🔥 ""엉덩이부터 펴고 허리는 과신전하지 않기""

Inspiration Back Extension(IPBE5/IPBE3). Inspiration Lock N Load 구조입니다. 처음부터 무게 올리지 말고, 세팅부터 잡으세요.

⚙️ ① 기구 세팅
🪑 좌석 / 패드
시트를 몸에 맞추세요. 시작 위치가 목표 관절 높이에 오는지 확인합니다.
🦶 발 위치
지지하는 발을 먼저 고정하세요. 흔들리면 중량을 낮춥니다.
⚙️ 조절 포인트
엉덩이/허벅지 패드, 발판, Lock N Load을 확인하세요.

💪 ② 시작 자세
골반을 안정시키고 목으로 당길 생각을 지웁니다.
이 자세에서 이것만 확인하세요.
👉 골반이 고정돼 있는지

🔥 ③ 운동 방법
상체를 펴 올린 뒤 통제하며 숙이기.
갈비뼈를 골반 쪽으로 말아 올리는 느낌으로 수축하세요.

💥 ④ 최고 수축
목표 근육이 가장 조여지는 끝 지점에서 멈춥니다.
⏱️ 1초 STOP
튕기지 말고 그 지점에서 1초만 소유하세요. 무게를 놓는 순간이 아닙니다.

🐌 ⑤ 천천히 돌아오기
중량을 그냥 놓지 마세요.
2~3초 동안 통제하면서 복귀합니다.
시작 자세로 돌아갈 때도 같은 궤적을 유지하세요.

❌ 흔한 실수
❌ 끝에서 허리를 꺾어 올리는
자세가 무너지면 무게를 낮추세요.
❌ 목으로 당겨 몸통을 접는 것
갈비뼈를 골반 쪽으로 만다는 느낌으로 바꾸세요.
❌ 골반이 뜨며 반동을 쓰는 것
템포를 늦추고 같은 궤적만 반복하세요.
❌ 너무 큰 범위로 과하게 꺾는 것
자세가 무너지면 무게를 낮추세요.

💡 MACHINE FIT PRO TIP
🔥 Inspiration Back Extension의 가이드 궤적을 이용하세요. 첫 2세트는 천천히, 대칭이 확인된 뒤에만 무게를 올립니다.

🎯 MACHINE FIT CHECK
🟢 시트/패드 → 몸에 맞춤
🟢 몸통 → 브레스·고정
🟢 어깨 → 으쓱하지 않기
🟢 복귀 → 2~3초 통제

### 🔥 이것만 기억하세요

""목 말고 몸통으로, 끝에서 조이고 천천히.""","🏋️ NAUTILUS — Inspiration Back Extension · Inspiration

🎯 ONE KEY CUE
🔥 ""Extend from the hips and avoid over-arching the low back""

Inspiration Back Extension(IPBE5/IPBE3)입니다. Lean into the Inspiration Lock N Load design. Do not chase load until the setup feels locked in.

⚙️ ① Setup
🪑 Seat / pads
Fit the seat to your body so the start position sits naturally on the working joint.
🦶 Feet
Lock in the support foot before you move. Reduce load if you wobble.
⚙️ Adjustments
Check 엉덩이/허벅지 패드, 발판, Lock N Load.

💪 ② Start position
Stabilize the pelvis and stop thinking about pulling with the neck.
Check only this:
👉 Pelvis locked

🔥 ③ Execution
Curl the ribcage toward the pelvis.
Curl or rotate through the torso, then return without momentum.

💥 ④ Peak contraction
Stop where the target muscle is most shortened.
⏱️ 1-second STOP
Own that position for one second. This is not where you dump the weight.

🐌 ⑤ Controlled return
Do not dump the load.
Take 2–3 seconds on the way back.
Return on the same path you pressed or pulled.

❌ Common mistakes
❌ Pulling with the neck
Curl ribs toward the pelvis instead.
❌ Lifting the pelvis and using momentum
Slow the tempo and repeat one clean path.
❌ Forcing an excessive range
If position breaks, cut the load.

💡 MACHINE FIT PRO TIP
🔥 Use the guided path on Inspiration Back Extension. Slow the first two sets, confirm symmetry, then add load.

🎯 MACHINE FIT CHECK
🟢 Seat/pad → fitted
🟢 Torso → braced
🟢 Shoulders → not shrugged
🟢 Return → 2–3 sec control

### 🔥 Remember this

""Torso curl, squeeze, slow return — not the neck."""
NAUTILUS,힙 익스텐션,Hip Extension,Inspiration Glute Press,PARTIALLY_VERIFIED,Nautilus,Inspiration,https://innovativefit.com/catalog_product/nautilus-inspiration-selectorized-line/,별도 Hip Extension SKU 대신 Inspiration Glute Press(IPGM5)가 힙 신전 패턴입니다.,"패드, 발 위치, Lock N Load","🏋️ NAUTILUS — Inspiration Glute Press · Inspiration

🎯 ONE KEY CUE
🔥 ""허리 대신 엉덩이로 신전하기""

별도 Hip Extension SKU 대신 Inspiration Glute Press(IPGM5)가 힙 신전 패턴. Inspiration Lock N Load 구조입니다. 처음부터 무게 올리지 말고, 세팅부터 잡으세요.

⚙️ ① 기구 세팅
🪑 좌석 / 패드
시트·백패드를 먼저 맞추세요. 밀었을 때 골반이 말리거나 허리가 뜨지 않는 깊이가 시작점입니다.
🦶 발 위치
지지하는 발을 먼저 고정하세요. 흔들리면 중량을 낮춥니다.
⚙️ 조절 포인트
패드, 발 위치, Lock N Load를 확인하세요.
이 카테고리는 공식 명칭이 겹칠 수 있으니, 헬스장 기구의 실제 레버·패드 배치를 우선하세요.

💪 ② 시작 자세
골반 위치를 먼저 고정합니다. 허리로 높이 만들 준비를 하지 마세요.
이 자세에서 이것만 확인하세요.
👉 허리가 아니라 엉덩이가 일을 받을 준비인지

🔥 ③ 운동 방법
힙을 펴 글루트를 조인 뒤 천천히 복귀.
허리로 높이를 만들지 말고 골반·엉덩이로 밀어 마무리하세요.

💥 ④ 최고 수축
목표 근육이 가장 조여지는 끝 지점에서 멈춥니다.
⏱️ 1초 STOP
튕기지 말고 그 지점에서 1초만 소유하세요. 무게를 놓는 순간이 아닙니다.

🐌 ⑤ 천천히 돌아오기
중량을 그냥 놓지 마세요.
2~3초 동안 통제하면서 복귀합니다.
시작 자세로 돌아갈 때도 같은 궤적을 유지하세요.

❌ 흔한 실수
❌ 요추 과신전으로 끝 자세를 만드는
깊이보다 골반 고정이 먼저입니다. 허리가 뜨면 범위를 줄이세요.
❌ 허리로 높이 만드는 것
자세가 무너지면 무게를 낮추세요.
❌ 골반이 돌아가며 한쪽만 미는 것
약한 쪽 속도에 강한 쪽을 맞추세요.
❌ 반동으로 올리는 것
템포를 늦추고 같은 궤적만 반복하세요.

💡 MACHINE FIT PRO TIP
🔥 Inspiration Glute Press의 가이드 궤적을 이용하세요. 첫 2세트는 천천히, 대칭이 확인된 뒤에만 무게를 올립니다.

🎯 MACHINE FIT CHECK
🟢 발 → 발판 중앙·방향 정렬
🟢 어깨 → 으쓱하지 않기
🟢 복귀 → 2~3초 통제

### 🔥 이것만 기억하세요

""허리 대신 엉덩이로 신전하기. 끝에서 1초, 복귀는 통제.""","🏋️ NAUTILUS — Inspiration Glute Press · Inspiration

🎯 ONE KEY CUE
🔥 ""Extend through the glutes, not the low back""

별도 Hip Extension SKU 대신 Inspiration Glute Press(IPGM5)가 힙 신전 패턴입니다. Lean into the Inspiration Lock N Load design. Do not chase load until the setup feels locked in.

⚙️ ① Setup
🪑 Seat / pads
Set the seat/back pad first. Your start depth is where the pelvis stays planted and the low back does not peel up.
🦶 Feet
Lock in the support foot before you move. Reduce load if you wobble.
⚙️ Adjustments
Check 패드, 발 위치, Lock N Load.
Naming can overlap in this category — trust the levers and pads on the unit in front of you.

💪 ② Start position
Set the pelvis first. Do not plan to create height with the lower back.
Check only this:
👉 Glutes ready to drive, not the lumbar spine

🔥 ③ Execution
Finish with the hips/glutes — do not manufacture height with the lumbar spine.
Drive the hips, squeeze, then lower without lumbar snap.

💥 ④ Peak contraction
Stop where the target muscle is most shortened.
⏱️ 1-second STOP
Own that position for one second. This is not where you dump the weight.

🐌 ⑤ Controlled return
Do not dump the load.
Take 2–3 seconds on the way back.
Return on the same path you pressed or pulled.

❌ Common mistakes
❌ Creating height with the lumbar spine
If position breaks, cut the load.
❌ Rotating the pelvis and favoring one side
If position breaks, cut the load.
❌ Bouncing the lockout
Slow the tempo and repeat one clean path.

💡 MACHINE FIT PRO TIP
🔥 Use the guided path on Inspiration Glute Press. Slow the first two sets, confirm symmetry, then add load.

🎯 MACHINE FIT CHECK
🟢 Feet → centered and aligned
🟢 Shoulders → not shrugged
🟢 Return → 2–3 sec control

### 🔥 Remember this

""Extend through the glutes, not the low back. One-second peak, controlled return."""
NAUTILUS,복근 / 허리 복합 머신,Abs / Back Combo,Inspiration Abdominal Crunch + Back Extension,PARTIALLY_VERIFIED,Nautilus,Inspiration,https://innovativefit.com/catalog_product/nautilus-inspiration-selectorized-line/,Inspiration은 IPAC5·IPBE5 단품. 일체형 복합 SKU는 카탈로그에 없습니다.,"시트, 모드/유닛 선택, 패드, Lock N Load","🏋️ NAUTILUS — Inspiration Abdominal Crunch + Back Extension · Inspiration

🎯 ONE KEY CUE
🔥 ""복근 모드와 신전 모드를 섞지 말고 각각 끝까지""

Inspiration은 IPAC5·IPBE5 단품. 일체형 복합 SKU는 카탈로그에 없습니다. Inspiration Lock N Load 구조입니다. 처음부터 무게 올리지 말고, 세팅부터 잡으세요.

⚙️ ① 기구 세팅
🪑 좌석 / 패드
시트를 몸에 맞추세요. 시작 위치가 어깨·관절에 자연스럽게 오는지 확인합니다.
⚙️ 조절 포인트
시트, 모드/유닛 선택, 패드, Lock N Load를 확인하세요.
이 카테고리는 공식 명칭이 겹칠 수 있으니, 헬스장 기구의 실제 레버·패드 배치를 우선하세요.

💪 ② 시작 자세
골반을 안정시키고 목으로 당길 생각을 지웁니다.
이 자세에서 이것만 확인하세요.
👉 골반이 고정돼 있는지

🔥 ③ 운동 방법
선택한 모드의 굴곡 또는 신전만 반복.
갈비뼈를 골반 쪽으로 말아 올리는 느낌으로 수축하세요.

💥 ④ 최고 수축
목표 근육이 가장 조여지는 끝 지점에서 멈춥니다.
⏱️ 1초 STOP
튕기지 말고 그 지점에서 1초만 소유하세요. 무게를 놓는 순간이 아닙니다.

🐌 ⑤ 천천히 돌아오기
중량을 그냥 놓지 마세요.
2~3초 동안 통제하면서 복귀합니다.
시작 자세로 돌아갈 때도 같은 궤적을 유지하세요.

❌ 흔한 실수
❌ 모드 전환 없이 어중간한 궤적으로 움직이는
자세가 무너지면 무게를 낮추세요.
❌ 목으로 당겨 몸통을 접는 것
갈비뼈를 골반 쪽으로 만다는 느낌으로 바꾸세요.
❌ 골반이 뜨며 반동을 쓰는 것
템포를 늦추고 같은 궤적만 반복하세요.
❌ 너무 큰 범위로 과하게 꺾는 것
자세가 무너지면 무게를 낮추세요.

💡 MACHINE FIT PRO TIP
🔥 Inspiration Abdominal Crunch + Back Extension의 가이드 궤적을 이용하세요. 첫 2세트는 천천히, 대칭이 확인된 뒤에만 무게를 올립니다.

🎯 MACHINE FIT CHECK
🟢 시트/패드 → 몸에 맞춤
🟢 몸통 → 브레스·고정
🟢 어깨 → 으쓱하지 않기
🟢 복귀 → 2~3초 통제

### 🔥 이것만 기억하세요

""목 말고 몸통으로, 끝에서 조이고 천천히.""","🏋️ NAUTILUS — Inspiration Abdominal Crunch + Back Extension · Inspiration

🎯 ONE KEY CUE
🔥 ""Do not mix crunch and extension modes — finish each cleanly""

Inspiration은 IPAC5·IPBE5 단품. 일체형 복합 SKU는 카탈로그에 없습니다. Lean into the Inspiration Lock N Load design. Do not chase load until the setup feels locked in.

⚙️ ① Setup
🪑 Seat / pads
Fit the seat to your body so the start position sits naturally on the working joint.
⚙️ Adjustments
Check 시트, 모드/유닛 선택, 패드, Lock N Load.
Naming can overlap in this category — trust the levers and pads on the unit in front of you.

💪 ② Start position
Stabilize the pelvis and stop thinking about pulling with the neck.
Check only this:
👉 Pelvis locked

🔥 ③ Execution
Curl the ribcage toward the pelvis.
Curl or rotate through the torso, then return without momentum.

💥 ④ Peak contraction
Stop where the target muscle is most shortened.
⏱️ 1-second STOP
Own that position for one second. This is not where you dump the weight.

🐌 ⑤ Controlled return
Do not dump the load.
Take 2–3 seconds on the way back.
Return on the same path you pressed or pulled.

❌ Common mistakes
❌ Pulling with the neck
Curl ribs toward the pelvis instead.
❌ Lifting the pelvis and using momentum
Slow the tempo and repeat one clean path.
❌ Forcing an excessive range
If position breaks, cut the load.

💡 MACHINE FIT PRO TIP
🔥 Use the guided path on Inspiration Abdominal Crunch + Back Extension. Slow the first two sets, confirm symmetry, then add load.

🎯 MACHINE FIT CHECK
🟢 Seat/pad → fitted
🟢 Torso → braced
🟢 Shoulders → not shrugged
🟢 Return → 2–3 sec control

### 🔥 Remember this

""Torso curl, squeeze, slow return — not the neck."""
NAUTILUS,케이블 크로스오버,Cable Crossover,Nautilus Cable Cross Over,VERIFIED,Nautilus,Multi-Station,https://planet-fitness.com/catalogues-marques/catalogue-nautilus.pdf,Nautilus Cable Cross Over(9NP-M9201)입니다.,"도르래 높이, 손잡이, 스택, 스탠스","🏋️ NAUTILUS — Nautilus Cable Cross Over · Multi-Station

🎯 ONE KEY CUE
🔥 ""어깨를 내린 채 가슴 중앙으로 아치를 그리며 모으기""

Nautilus Cable Cross Over(9NP-M9201). 노틸러스(Inspiration·Impact·Leverage) 궤적을 그대로 타는 게 핵심입니다. 처음부터 무게 올리지 말고, 세팅부터 잡으세요.

⚙️ ① 기구 세팅
🤲 그립 / 손 위치
손잡이를 편안한 너비로 잡으세요. 손목이 꺾이지 않게 합니다.
⚙️ 조절 포인트
도르래 높이, 손잡이, 스택, 스탠스를 확인하세요.

💪 ② 시작 자세
발 위치를 잡고 몸통을 브레스한 뒤, 케이블 높이부터 확인합니다.
이 자세에서 이것만 확인하세요.
👉 몸이 케이블에 끌려가지 않는지

🔥 ③ 운동 방법
양손 케이블을 가슴 앞으로 모아 조인 뒤 천천히 벌리기.
반동 없이 같은 궤적을 반복하세요. 흔들리면 중량을 낮춥니다.

💥 ④ 최고 수축
목표 근육이 가장 조여지는 끝 지점에서 멈춥니다.
⏱️ 1초 STOP
튕기지 말고 그 지점에서 1초만 소유하세요. 무게를 놓는 순간이 아닙니다.

🐌 ⑤ 천천히 돌아오기
중량을 그냥 놓지 마세요.
2~3초 동안 통제하면서 복귀합니다.
시작 자세로 돌아갈 때도 같은 궤적을 유지하세요.

❌ 흔한 실수
❌ 팔을 완전히 펴고 어깨로만 끌어당기는
자세가 무너지면 무게를 낮추세요.
❌ 케이블에 몸이 끌려가는 것
자세가 무너지면 무게를 낮추세요.
❌ 높이 설정을 대충 하고 시작하는 것
자세가 무너지면 무게를 낮추세요.
❌ 스택을 놓듯 되돌리는 것
자세가 무너지면 무게를 낮추세요.

💡 MACHINE FIT PRO TIP
🔥 Nautilus Cable Cross Over의 가이드 궤적을 이용하세요. 첫 2세트는 천천히, 대칭이 확인된 뒤에만 무게를 올립니다.

🎯 MACHINE FIT CHECK
🟢 몸통 → 브레스·고정
🟢 어깨 → 으쓱하지 않기
🟢 복귀 → 2~3초 통제

### 🔥 이것만 기억하세요

""어깨를 내린 채 가슴 중앙으로 아치를 그리며 모으기. 끝에서 1초, 복귀는 통제.""","🏋️ NAUTILUS — Nautilus Cable Cross Over · Multi-Station

🎯 ONE KEY CUE
🔥 ""Keep the shoulders down and arc both cables to center chest""

Nautilus Cable Cross Over(9NP-M9201)입니다. Ride the Nautilus (Inspiration / Impact / Leverage) path instead of fighting it. Do not chase load until the setup feels locked in.

⚙️ ① Setup
🤲 Grip / hands
Take a comfortable grip width and keep the wrists stacked, not bent.
⚙️ Adjustments
Check 도르래 높이, 손잡이, 스택, 스탠스.

💪 ② Start position
Set the stance, brace, then confirm cable height.
Check only this:
👉 Cable is not towing your torso

🔥 ③ Execution
Repeat the same path without momentum. Reduce load if you wobble.
Set the line of pull, move through the elbows, return without letting the stack yank you.

💥 ④ Peak contraction
Stop where the target muscle is most shortened.
⏱️ 1-second STOP
Own that position for one second. This is not where you dump the weight.

🐌 ⑤ Controlled return
Do not dump the load.
Take 2–3 seconds on the way back.
Return on the same path you pressed or pulled.

❌ Common mistakes
❌ Letting the cable tow the torso
If position breaks, cut the load.
❌ Skipping height setup
If position breaks, cut the load.
❌ Dumping the stack on the return
If position breaks, cut the load.

💡 MACHINE FIT PRO TIP
🔥 Use the guided path on Nautilus Cable Cross Over. Slow the first two sets, confirm symmetry, then add load.

🎯 MACHINE FIT CHECK
🟢 Torso → braced
🟢 Shoulders → not shrugged
🟢 Return → 2–3 sec control

### 🔥 Remember this

""Keep the shoulders down and arc both cables to center chest. One-second peak, controlled return."""
NAUTILUS,듀얼 어저스터블 풀리,Dual Adjustable Pulley,Inspiration Dual Adjustable Pulley,VERIFIED,Nautilus,Inspiration,https://ardentfitness.com/nautilus-inspiration-series/,Inspiration Dual Adjustable Pulley(NP-D9302)입니다.,"좌·우 도르래 높이, 손잡이, 스택","🏋️ NAUTILUS — Inspiration Dual Adjustable Pulley · Inspiration

🎯 ONE KEY CUE
🔥 ""먼저 브레이싱한 뒤 팔꿈치 방향을 정해 당기거나 밀기""

Inspiration Dual Adjustable Pulley(NP-D9302). Cable Motion · Inspiration Lock N Load 구조입니다. 처음부터 무게 올리지 말고, 세팅부터 잡으세요.

⚙️ ① 기구 세팅
🤲 그립 / 손 위치
손잡이를 편안한 너비로 잡으세요. 손목이 꺾이지 않게 합니다.
⚙️ 조절 포인트
좌·우 도르래 높이, 손잡이, 스택을 확인하세요.

💪 ② 시작 자세
발 위치를 잡고 몸통을 브레스한 뒤, 케이블 높이부터 확인합니다.
이 자세에서 이것만 확인하세요.
👉 몸이 케이블에 끌려가지 않는지

🔥 ③ 운동 방법
설정한 높이에서 목표 패턴만 반복.
반동 없이 같은 궤적을 반복하세요. 흔들리면 중량을 낮춥니다.

💥 ④ 최고 수축
목표 근육이 가장 조여지는 끝 지점에서 멈춥니다.
⏱️ 1초 STOP
튕기지 말고 그 지점에서 1초만 소유하세요. 무게를 놓는 순간이 아닙니다.

🐌 ⑤ 천천히 돌아오기
중량을 그냥 놓지 마세요.
2~3초 동안 통제하면서 복귀합니다.
시작 자세로 돌아갈 때도 같은 궤적을 유지하세요.

❌ 흔한 실수
❌ 도르래 높이 맞추기 전에 무게부터 올리는
자세가 무너지면 무게를 낮추세요.
❌ 케이블에 몸이 끌려가는 것
자세가 무너지면 무게를 낮추세요.
❌ 높이 설정을 대충 하고 시작하는 것
자세가 무너지면 무게를 낮추세요.
❌ 스택을 놓듯 되돌리는 것
자세가 무너지면 무게를 낮추세요.

💡 MACHINE FIT PRO TIP
🔥 Inspiration Dual Adjustable Pulley의 가이드 궤적을 이용하세요. 첫 2세트는 천천히, 대칭이 확인된 뒤에만 무게를 올립니다.

🎯 MACHINE FIT CHECK
🟢 몸통 → 브레스·고정
🟢 어깨 → 으쓱하지 않기
🟢 복귀 → 2~3초 통제

### 🔥 이것만 기억하세요

""먼저 브레이싱한 뒤 팔꿈치 방향을 정해 당기거나 밀기. 끝에서 1초, 복귀는 통제.""","🏋️ NAUTILUS — Inspiration Dual Adjustable Pulley · Inspiration

🎯 ONE KEY CUE
🔥 ""Brace first, then set elbow direction before you pull or press""

Inspiration Dual Adjustable Pulley(NP-D9302)입니다. Lean into the Cable Motion / Inspiration Lock N Load design. Do not chase load until the setup feels locked in.

⚙️ ① Setup
🤲 Grip / hands
Take a comfortable grip width and keep the wrists stacked, not bent.
⚙️ Adjustments
Check 좌·우 도르래 높이, 손잡이, 스택.

💪 ② Start position
Set the stance, brace, then confirm cable height.
Check only this:
👉 Cable is not towing your torso

🔥 ③ Execution
Repeat the same path without momentum. Reduce load if you wobble.
Set the line of pull, move through the elbows, return without letting the stack yank you.

💥 ④ Peak contraction
Stop where the target muscle is most shortened.
⏱️ 1-second STOP
Own that position for one second. This is not where you dump the weight.

🐌 ⑤ Controlled return
Do not dump the load.
Take 2–3 seconds on the way back.
Return on the same path you pressed or pulled.

❌ Common mistakes
❌ Letting the cable tow the torso
If position breaks, cut the load.
❌ Skipping height setup
If position breaks, cut the load.
❌ Dumping the stack on the return
If position breaks, cut the load.

💡 MACHINE FIT PRO TIP
🔥 Use the guided path on Inspiration Dual Adjustable Pulley. Slow the first two sets, confirm symmetry, then add load.

🎯 MACHINE FIT CHECK
🟢 Torso → braced
🟢 Shoulders → not shrugged
🟢 Return → 2–3 sec control

### 🔥 Remember this

""Brace first, then set elbow direction before you pull or press. One-second peak, controlled return."""
NAUTILUS,멀티 정글짐,Multi Jungle Gym,Nautilus Multi-Station (4/5 Station),VERIFIED,Nautilus,Multi-Station,https://planet-fitness.com/catalogues-marques/catalogue-nautilus.pdf,Nautilus Multi-Station(9NP-M9601/9605 등) — Lat/Low Row/Triceps/Crossover 모듈형입니다.,"스테이션 선택, 도르래/시트, 스택","🏋️ NAUTILUS — Nautilus Multi-Station (4/5 Station) · Multi-Station

🎯 ONE KEY CUE
🔥 ""한 스테이션의 궤적만 끝까지 유지하기""

Nautilus Multi-Station(9NP-M9601/9605 등) — Lat/Low Row/Triceps/Crossover 모듈형. Cable Motion 구조입니다. 처음부터 무게 올리지 말고, 세팅부터 잡으세요.

⚙️ ① 기구 세팅
🪑 좌석 / 패드
시트를 몸에 맞추세요. 시작 위치가 어깨·관절에 자연스럽게 오는지 확인합니다.
⚙️ 조절 포인트
스테이션 선택, 도르래/시트, 스택을 확인하세요.

💪 ② 시작 자세
발 위치를 잡고 몸통을 브레스한 뒤, 케이블 높이부터 확인합니다.
이 자세에서 이것만 확인하세요.
👉 몸이 케이블에 끌려가지 않는지

🔥 ③ 운동 방법
선택한 스테이션 동작만 반복.
반동 없이 같은 궤적을 반복하세요. 흔들리면 중량을 낮춥니다.

💥 ④ 최고 수축
목표 근육이 가장 조여지는 끝 지점에서 멈춥니다.
⏱️ 1초 STOP
튕기지 말고 그 지점에서 1초만 소유하세요. 무게를 놓는 순간이 아닙니다.

🐌 ⑤ 천천히 돌아오기
중량을 그냥 놓지 마세요.
2~3초 동안 통제하면서 복귀합니다.
시작 자세로 돌아갈 때도 같은 궤적을 유지하세요.

❌ 흔한 실수
❌ 스테이션을 자주 바꿔 세팅이 흐려지는
자세가 무너지면 무게를 낮추세요.
❌ 케이블에 몸이 끌려가는 것
자세가 무너지면 무게를 낮추세요.
❌ 높이 설정을 대충 하고 시작하는 것
자세가 무너지면 무게를 낮추세요.
❌ 스택을 놓듯 되돌리는 것
자세가 무너지면 무게를 낮추세요.

💡 MACHINE FIT PRO TIP
🔥 Nautilus Multi-Station (4/5 Station)의 가이드 궤적을 이용하세요. 첫 2세트는 천천히, 대칭이 확인된 뒤에만 무게를 올립니다.

🎯 MACHINE FIT CHECK
🟢 시트/패드 → 몸에 맞춤
🟢 몸통 → 브레스·고정
🟢 어깨 → 으쓱하지 않기
🟢 복귀 → 2~3초 통제

### 🔥 이것만 기억하세요

""한 스테이션의 궤적만 끝까지 유지하기. 끝에서 1초, 복귀는 통제.""","🏋️ NAUTILUS — Nautilus Multi-Station (4/5 Station) · Multi-Station

🎯 ONE KEY CUE
🔥 ""Stay on one station path until the set is finished""

Nautilus Multi-Station(9NP-M9601/9605 등) — Lat/Low Row/Triceps/Crossover 모듈형입니다. Lean into the Cable Motion design. Do not chase load until the setup feels locked in.

⚙️ ① Setup
🪑 Seat / pads
Fit the seat to your body so the start position sits naturally on the working joint.
⚙️ Adjustments
Check 스테이션 선택, 도르래/시트, 스택.

💪 ② Start position
Set the stance, brace, then confirm cable height.
Check only this:
👉 Cable is not towing your torso

🔥 ③ Execution
Repeat the same path without momentum. Reduce load if you wobble.
Set the line of pull, move through the elbows, return without letting the stack yank you.

💥 ④ Peak contraction
Stop where the target muscle is most shortened.
⏱️ 1-second STOP
Own that position for one second. This is not where you dump the weight.

🐌 ⑤ Controlled return
Do not dump the load.
Take 2–3 seconds on the way back.
Return on the same path you pressed or pulled.

❌ Common mistakes
❌ Letting the cable tow the torso
If position breaks, cut the load.
❌ Skipping height setup
If position breaks, cut the load.
❌ Dumping the stack on the return
If position breaks, cut the load.

💡 MACHINE FIT PRO TIP
🔥 Use the guided path on Nautilus Multi-Station (4/5 Station). Slow the first two sets, confirm symmetry, then add load.

🎯 MACHINE FIT CHECK
🟢 Seat/pad → fitted
🟢 Torso → braced
🟢 Shoulders → not shrugged
🟢 Return → 2–3 sec control

### 🔥 Remember this

""Stay on one station path until the set is finished. One-second peak, controlled return."""
NAUTILUS,어시스트 풀업 / 딥,Assisted Pull-up / Dip,,BRAND_MODEL_NOT_FOUND,Nautilus,,https://planet-fitness.com/catalogues-marques/catalogue-nautilus.pdf,Inspiration에 Assist Pull-up/Dip 복합 전용 SKU가 뚜렷하지 않습니다.,"무릎 패드, 어시스트량, 손잡이","🏋️ NAUTILUS — 어시스트 풀업 / 딥

🎯 ONE KEY CUE
🔥 ""딥과 풀업을 한 세트에 섞지 말고 한 패턴만""

노틸러스 전용 모델이 없는 카테고리입니다. 헬스장에 있는 실제 기구의 패드·레버·안전장치를 먼저 확인한 뒤, 아래 패턴으로 움직이세요.

⚙️ ① 기구 세팅
🪑 좌석 / 패드
시트를 몸에 맞추세요. 시작 위치가 목표 관절 높이에 오는지 확인합니다.
🤲 그립 / 손 위치
손잡이를 편안한 너비로 잡으세요. 손목이 꺾이지 않게 합니다.
⚙️ 조절 포인트
무릎 패드, 어시스트량, 손잡이를 확인하세요.

💪 ② 시작 자세
발 위치를 잡고 몸통을 브레스한 뒤, 케이블 높이부터 확인합니다.
이 자세에서 이것만 확인하세요.
👉 몸이 케이블에 끌려가지 않는지

🔥 ③ 운동 방법
선택한 패턴으로 내려갔다 올라오기.
반동 없이 같은 궤적을 반복하세요. 흔들리면 중량을 낮춥니다.

💥 ④ 최고 수축
목표 근육이 가장 조여지는 끝 지점에서 멈춥니다.
⏱️ 1초 STOP
튕기지 말고 그 지점에서 1초만 소유하세요. 무게를 놓는 순간이 아닙니다.

🐌 ⑤ 천천히 돌아오기
중량을 그냥 놓지 마세요.
2~3초 동안 통제하면서 복귀합니다.
시작 자세로 돌아갈 때도 같은 궤적을 유지하세요.

❌ 흔한 실수
❌ 어시스트를 과하게 잡아 반동만 쓰는
템포를 늦추고 같은 궤적만 반복하세요.
❌ 케이블에 몸이 끌려가는 것
자세가 무너지면 무게를 낮추세요.
❌ 높이 설정을 대충 하고 시작하는 것
자세가 무너지면 무게를 낮추세요.
❌ 스택을 놓듯 되돌리는 것
자세가 무너지면 무게를 낮추세요.

💡 MACHINE FIT PRO TIP
🔥 이 항목은 해머 스트렝스 전용 SKU가 없습니다. ""어시스트 풀업 / 딥""로 분류된 실제 기구의 패드·레버·안전장치만 믿고, 가벼운 무게로 5회 리허설 후 본 세트를 시작하세요.

🎯 MACHINE FIT CHECK
🟢 몸통 → 브레스·고정
🟢 어깨 → 으쓱하지 않기
🟢 복귀 → 2~3초 통제

### 🔥 이것만 기억하세요

""딥과 풀업을 한 세트에 섞지 말고 한 패턴만. 끝에서 1초, 복귀는 통제.""","🏋️ NAUTILUS — Assisted Pull-up / Dip

🎯 ONE KEY CUE
🔥 ""Do not mix dips and pull-ups in one set — pick one pattern""

There is no dedicated Nautilus SKU for this category. Confirm pads, levers, and safeties on the unit in your gym, then follow the movement pattern below.

⚙️ ① Setup
🪑 Seat / pads
Fit the seat to your body so the start position sits naturally on the working joint.
🤲 Grip / hands
Take a comfortable grip width and keep the wrists stacked, not bent.
⚙️ Adjustments
Check 무릎 패드, 어시스트량, 손잡이.

💪 ② Start position
Set the stance, brace, then confirm cable height.
Check only this:
👉 Cable is not towing your torso

🔥 ③ Execution
Repeat the same path without momentum. Reduce load if you wobble.
Set the line of pull, move through the elbows, return without letting the stack yank you.

💥 ④ Peak contraction
Stop where the target muscle is most shortened.
⏱️ 1-second STOP
Own that position for one second. This is not where you dump the weight.

🐌 ⑤ Controlled return
Do not dump the load.
Take 2–3 seconds on the way back.
Return on the same path you pressed or pulled.

❌ Common mistakes
❌ Letting the cable tow the torso
If position breaks, cut the load.
❌ Skipping height setup
If position breaks, cut the load.
❌ Dumping the stack on the return
If position breaks, cut the load.

💡 MACHINE FIT PRO TIP
🔥 No dedicated Hammer Strength SKU for this slot. Trust the pads/levers/safeties on the unit labeled like ""Assisted Pull-up / Dip"", rehearse five light reps, then start working sets.

🎯 MACHINE FIT CHECK
🟢 Torso → braced
🟢 Shoulders → not shrugged
🟢 Return → 2–3 sec control

### 🔥 Remember this

""Do not mix dips and pull-ups in one set — pick one pattern. One-second peak, controlled return."""
NAUTILUS,스미스 머신,Smith Machine,Nautilus Smith Machine,VERIFIED,Nautilus,Benches & Racks,https://planet-fitness.com/catalogues-marques/catalogue-nautilus.pdf,Nautilus Smith Machine(9NN-L8506-60AAS 계열)입니다.,"바 높이, 안전 훅, 스탠스","🏋️ NAUTILUS — Nautilus Smith Machine · Benches & Racks

🎯 ONE KEY CUE
🔥 ""바 경로에 맞춰 골반·무릎·어깨 정렬을 먼저 잡기""

Nautilus Smith Machine(9NN-L8506-60AAS 계열). 노틸러스(Inspiration·Impact·Leverage) 궤적을 그대로 타는 게 핵심입니다. 처음부터 무게 올리지 말고, 세팅부터 잡으세요.

⚙️ ① 기구 세팅
⚙️ 조절 포인트
바 높이, 안전 훅, 스탠스를 확인하세요.

💪 ② 시작 자세
바·안전 높이를 맞춘 뒤 랙 중앙에 몸을 정렬합니다.
이 자세에서 이것만 확인하세요.
👉 안전바가 내 가동범위에 맞는지

🔥 ③ 운동 방법
고정 레일 경로를 따라 목표 리프트만 수행.
반동 없이 같은 궤적을 반복하세요. 흔들리면 중량을 낮춥니다.

💥 ④ 최고 수축
목표 근육이 가장 조여지는 끝 지점에서 멈춥니다.
⏱️ 1초 STOP
튕기지 말고 그 지점에서 1초만 소유하세요. 무게를 놓는 순간이 아닙니다.

🐌 ⑤ 천천히 돌아오기
중량을 그냥 놓지 마세요.
2~3초 동안 통제하면서 복귀합니다.
시작 자세로 돌아갈 때도 같은 궤적을 유지하세요.

❌ 흔한 실수
❌ 프리웨이트처럼 억지로 궤적을 비틀는
자세가 무너지면 무게를 낮추세요.
❌ 안전바 높이를 안 맞추고 올리는 것
세트 전에 안전 위치부터 다시 맞추세요.
❌ 좌우 원판 불균형
자세가 무너지면 무게를 낮추세요.
❌ 바 경로와 발 위치가 어긋나는 것
자세가 무너지면 무게를 낮추세요.

💡 MACHINE FIT PRO TIP
🔥 해머 스트렝스 랙/스미스는 “바 경로에 몸을 맞추는” 장비입니다. 중량보다 안전바·시작 높이·발 위치를 먼저 고정하세요.

🎯 MACHINE FIT CHECK
🟢 안전바 → 가동범위에 맞춤
🟢 어깨 → 으쓱하지 않기
🟢 복귀 → 2~3초 통제

### 🔥 이것만 기억하세요

""바 경로에 맞춰 골반·무릎·어깨 정렬을 먼저 잡기. 끝에서 1초, 복귀는 통제.""","🏋️ NAUTILUS — Nautilus Smith Machine · Benches & Racks

🎯 ONE KEY CUE
🔥 ""Align hips, knees, and shoulders to the fixed bar path first""

Nautilus Smith Machine(9NN-L8506-60AAS 계열)입니다. Ride the Nautilus (Inspiration / Impact / Leverage) path instead of fighting it. Do not chase load until the setup feels locked in.

⚙️ ① Setup
⚙️ Adjustments
Check 바 높이, 안전 훅, 스탠스.

💪 ② Start position
Set bar and safety height, then center yourself in the rack.
Check only this:
👉 Safeties match your range

🔥 ③ Execution
Repeat the same path without momentum. Reduce load if you wobble.
Stay centered on the bar path and control every rep into the safeties.

💥 ④ Peak contraction
Stop where the target muscle is most shortened.
⏱️ 1-second STOP
Own that position for one second. This is not where you dump the weight.

🐌 ⑤ Controlled return
Do not dump the load.
Take 2–3 seconds on the way back.
Return on the same path you pressed or pulled.

❌ Common mistakes
❌ Loading before setting safeties
Reset safety height before the set.
❌ Uneven plates
Match both sides, then confirm with a light set.
❌ Feet fighting the bar path
If position breaks, cut the load.

💡 MACHINE FIT PRO TIP
🔥 Hammer Strength racks/Smith units reward lining your body up to the bar path. Safeties and foot placement beat ego loading.

🎯 MACHINE FIT CHECK
🟢 Safeties → match your range
🟢 Shoulders → not shrugged
🟢 Return → 2–3 sec control

### 🔥 Remember this

""Align hips, knees, and shoulders to the fixed bar path first. One-second peak, controlled return."""
NAUTILUS,파워 랙,Power Rack,Nautilus Freedom Rack,PARTIALLY_VERIFIED,Nautilus,Benches & Racks,https://planet-fitness.com/catalogues-marques/catalogue-nautilus.pdf,Nautilus Freedom Rack® / Racks 패밀리. 단일 Power Rack SKU명은 구성에 따라 다릅니다.,"J컵, 안전바, 바 높이","🏋️ NAUTILUS — Nautilus Freedom Rack · Benches & Racks

🎯 ONE KEY CUE
🔥 ""안전바와 시작 높이를 무게보다 먼저 맞추기""

Nautilus Freedom Rack® / Racks 패밀리. 단일 Power Rack SKU명은 구성에 따라 다릅니다. 노틸러스(Inspiration·Impact·Leverage) 궤적을 그대로 타는 게 핵심입니다. 처음부터 무게 올리지 말고, 세팅부터 잡으세요.

⚙️ ① 기구 세팅
⚙️ 조절 포인트
J컵, 안전바, 바 높이를 확인하세요.
이 카테고리는 공식 명칭이 겹칠 수 있으니, 헬스장 기구의 실제 레버·패드 배치를 우선하세요.

💪 ② 시작 자세
바·안전 높이를 맞춘 뒤 랙 중앙에 몸을 정렬합니다.
이 자세에서 이것만 확인하세요.
👉 안전바가 내 가동범위에 맞는지

🔥 ③ 운동 방법
설정한 높이에서 스쿼트/프레스 등 목표 리프트 수행.
반동 없이 같은 궤적을 반복하세요. 흔들리면 중량을 낮춥니다.

💥 ④ 최고 수축
목표 근육이 가장 조여지는 끝 지점에서 멈춥니다.
⏱️ 1초 STOP
튕기지 말고 그 지점에서 1초만 소유하세요. 무게를 놓는 순간이 아닙니다.

🐌 ⑤ 천천히 돌아오기
중량을 그냥 놓지 마세요.
2~3초 동안 통제하면서 복귀합니다.
시작 자세로 돌아갈 때도 같은 궤적을 유지하세요.

❌ 흔한 실수
❌ 안전장치 없이 고중량부터 넣는
자세가 무너지면 무게를 낮추세요.
❌ 안전바 높이를 안 맞추고 올리는 것
세트 전에 안전 위치부터 다시 맞추세요.
❌ 좌우 원판 불균형
자세가 무너지면 무게를 낮추세요.
❌ 바 경로와 발 위치가 어긋나는 것
자세가 무너지면 무게를 낮추세요.

💡 MACHINE FIT PRO TIP
🔥 해머 스트렝스 랙/스미스는 “바 경로에 몸을 맞추는” 장비입니다. 중량보다 안전바·시작 높이·발 위치를 먼저 고정하세요.

🎯 MACHINE FIT CHECK
🟢 안전바 → 가동범위에 맞춤
🟢 어깨 → 으쓱하지 않기
🟢 복귀 → 2~3초 통제

### 🔥 이것만 기억하세요

""안전바와 시작 높이를 무게보다 먼저 맞추기. 끝에서 1초, 복귀는 통제.""","🏋️ NAUTILUS — Nautilus Freedom Rack · Benches & Racks

🎯 ONE KEY CUE
🔥 ""Set safeties and start height before you load up""

Nautilus Freedom Rack® / Racks 패밀리. 단일 Power Rack SKU명은 구성에 따라 다릅니다. Ride the Nautilus (Inspiration / Impact / Leverage) path instead of fighting it. Do not chase load until the setup feels locked in.

⚙️ ① Setup
⚙️ Adjustments
Check J컵, 안전바, 바 높이.
Naming can overlap in this category — trust the levers and pads on the unit in front of you.

💪 ② Start position
Set bar and safety height, then center yourself in the rack.
Check only this:
👉 Safeties match your range

🔥 ③ Execution
Repeat the same path without momentum. Reduce load if you wobble.
Stay centered on the bar path and control every rep into the safeties.

💥 ④ Peak contraction
Stop where the target muscle is most shortened.
⏱️ 1-second STOP
Own that position for one second. This is not where you dump the weight.

🐌 ⑤ Controlled return
Do not dump the load.
Take 2–3 seconds on the way back.
Return on the same path you pressed or pulled.

❌ Common mistakes
❌ Loading before setting safeties
Reset safety height before the set.
❌ Uneven plates
Match both sides, then confirm with a light set.
❌ Feet fighting the bar path
If position breaks, cut the load.

💡 MACHINE FIT PRO TIP
🔥 Hammer Strength racks/Smith units reward lining your body up to the bar path. Safeties and foot placement beat ego loading.

🎯 MACHINE FIT CHECK
🟢 Safeties → match your range
🟢 Shoulders → not shrugged
🟢 Return → 2–3 sec control

### 🔥 Remember this

""Set safeties and start height before you load up. One-second peak, controlled return."""
NAUTILUS,하프 랙,Half Rack,Nautilus Half Rack HDHR2,PARTIALLY_VERIFIED,Nautilus,Benches & Racks,https://planet-fitness.com/catalogues-marques/catalogue-nautilus.pdf,Nautilus Half Rack(HDHR2) 및 SVA 플랫폼 조합입니다.,"J컵, 안전바, 바 높이","🏋️ NAUTILUS — Nautilus Half Rack HDHR2 · Benches & Racks

🎯 ONE KEY CUE
🔥 ""하프 랙 깊이 안에서 바 경로와 스탠스를 고정""

Nautilus Half Rack(HDHR2) 및 SVA 플랫폼 조합. 노틸러스(Inspiration·Impact·Leverage) 궤적을 그대로 타는 게 핵심입니다. 처음부터 무게 올리지 말고, 세팅부터 잡으세요.

⚙️ ① 기구 세팅
⚙️ 조절 포인트
J컵, 안전바, 바 높이를 확인하세요.
이 카테고리는 공식 명칭이 겹칠 수 있으니, 헬스장 기구의 실제 레버·패드 배치를 우선하세요.

💪 ② 시작 자세
바·안전 높이를 맞춘 뒤 랙 중앙에 몸을 정렬합니다.
이 자세에서 이것만 확인하세요.
👉 안전바가 내 가동범위에 맞는지

🔥 ③ 운동 방법
안전 설정 후 목표 리프트만 수행.
반동 없이 같은 궤적을 반복하세요. 흔들리면 중량을 낮춥니다.

💥 ④ 최고 수축
목표 근육이 가장 조여지는 끝 지점에서 멈춥니다.
⏱️ 1초 STOP
튕기지 말고 그 지점에서 1초만 소유하세요. 무게를 놓는 순간이 아닙니다.

🐌 ⑤ 천천히 돌아오기
중량을 그냥 놓지 마세요.
2~3초 동안 통제하면서 복귀합니다.
시작 자세로 돌아갈 때도 같은 궤적을 유지하세요.

❌ 흔한 실수
❌ 바가 랙 앞으로 과도하게 나가게 세팅하는
자세가 무너지면 무게를 낮추세요.
❌ 안전바 높이를 안 맞추고 올리는 것
세트 전에 안전 위치부터 다시 맞추세요.
❌ 좌우 원판 불균형
자세가 무너지면 무게를 낮추세요.
❌ 바 경로와 발 위치가 어긋나는 것
자세가 무너지면 무게를 낮추세요.

💡 MACHINE FIT PRO TIP
🔥 해머 스트렝스 랙/스미스는 “바 경로에 몸을 맞추는” 장비입니다. 중량보다 안전바·시작 높이·발 위치를 먼저 고정하세요.

🎯 MACHINE FIT CHECK
🟢 안전바 → 가동범위에 맞춤
🟢 어깨 → 으쓱하지 않기
🟢 복귀 → 2~3초 통제

### 🔥 이것만 기억하세요

""하프 랙 깊이 안에서 바 경로와 스탠스를 고정. 끝에서 1초, 복귀는 통제.""","🏋️ NAUTILUS — Nautilus Half Rack HDHR2 · Benches & Racks

🎯 ONE KEY CUE
🔥 ""Fix stance and bar path within the half-rack depth""

Nautilus Half Rack(HDHR2) 및 SVA 플랫폼 조합입니다. Ride the Nautilus (Inspiration / Impact / Leverage) path instead of fighting it. Do not chase load until the setup feels locked in.

⚙️ ① Setup
⚙️ Adjustments
Check J컵, 안전바, 바 높이.
Naming can overlap in this category — trust the levers and pads on the unit in front of you.

💪 ② Start position
Set bar and safety height, then center yourself in the rack.
Check only this:
👉 Safeties match your range

🔥 ③ Execution
Repeat the same path without momentum. Reduce load if you wobble.
Stay centered on the bar path and control every rep into the safeties.

💥 ④ Peak contraction
Stop where the target muscle is most shortened.
⏱️ 1-second STOP
Own that position for one second. This is not where you dump the weight.

🐌 ⑤ Controlled return
Do not dump the load.
Take 2–3 seconds on the way back.
Return on the same path you pressed or pulled.

❌ Common mistakes
❌ Loading before setting safeties
Reset safety height before the set.
❌ Uneven plates
Match both sides, then confirm with a light set.
❌ Feet fighting the bar path
If position breaks, cut the load.

💡 MACHINE FIT PRO TIP
🔥 Hammer Strength racks/Smith units reward lining your body up to the bar path. Safeties and foot placement beat ego loading.

🎯 MACHINE FIT CHECK
🟢 Safeties → match your range
🟢 Shoulders → not shrugged
🟢 Return → 2–3 sec control

### 🔥 Remember this

""Fix stance and bar path within the half-rack depth. One-second peak, controlled return."""
