brand_code,machine_name_ko,machine_name_en,verified_model,verification_status,manufacturer,product_series,source_url,verified_structure,verified_adjustments,exercise_tip,exercise_tip_en
PARAMOUNT,체스트 프레스,Chest Press,FW-8700 Total Chest / FS-64 Chest Press,VERIFIED,Paramount Fitness,Paramount Total,https://www.well-mir.ru/uploads/catalog_fw_xfw3.pdf,Paramount FW-8700 Total Chest(flat) 및 Fitness Line FS-64 Chest Press입니다,"시트, 손잡이, 시작 위치, 중량","🏋️ PARAMOUNT — FW-8700 Total Chest / FS-64 Chest Press · Paramount Total

🎯 ONE KEY CUE
🔥 ""Rotary 궤적에서 견갑을 붙인 채 손잡이를 가슴 중앙으로 밀기""

Paramount FW-8700 Total Chest(flat) 및 Fitness Line FS-64 Chest Press. Paramount Total 구조입니다. 처음부터 무게 올리지 말고, 세팅부터 잡으세요.

---

⚙️ ① 기구 세팅
🪑 좌석 / 패드
시트를 몸에 맞추세요. 시작 위치가 어깨·관절에 자연스럽게 오는지 확인합니다.
🤲 그립 / 손 위치
손잡이를 편안한 너비로 잡으세요. 손목이 꺾이지 않게 합니다.
⚙️ 조절 포인트
시트, 손잡이, 시작 위치, 중량을 확인하세요.

---

💪 ② 시작 자세
등과 골반을 패드에 붙이고, 손잡이가 가슴 높이에 오게 잡습니다.
이 자세에서 이것만 확인하세요.
👉 등이 패드에서 뜨지 않는지

---

🔥 ③ 운동 방법
손잡이를 앞·안쪽으로 밀었다 천천히 복귀.
손보다 팔꿈치를 앞(또는 위)으로 보내는 느낌으로 미세요. 끝에서 어깨를 앞으로 밀어 넣지 마세요.

---

💥 ④ 최고 수축
팔꿈치가 앞으로 나가 가슴이 수축되는 지점에서 멈춥니다. 어깨를 더 밀지 마세요.
⏱️ 1초 STOP
튕기지 말고 그 지점에서 1초만 소유하세요. 무게를 놓는 순간이 아닙니다.

---

🐌 ⑤ 천천히 돌아오기
중량을 그냥 놓지 마세요.
2~3초 동안 통제하면서 복귀합니다.
시작 자세로 돌아갈 때도 같은 궤적을 유지하세요.

---

❌ 흔한 실수
❌ 어깨를 앞으로 말며 반동으로 미는 것
템포를 늦추고 같은 궤적만 반복하세요.
❌ 허리를 과하게 아치해 가슴 대신 요추로 미는 것
깊이보다 골반 고정이 먼저입니다. 허리가 뜨면 범위를 줄이세요.
❌ 끝에서 어깨를 더 밀어 넣는 것
자세가 무너지면 무게를 낮추세요.

---

💡 MACHINE FIT PRO TIP
🔥 FW-8700 Total Chest / FS-64 Chest Press의 가이드 궤적을 이용하세요. 첫 2세트는 천천히, 대칭이 확인된 뒤에만 무게를 올립니다.

---

🎯 MACHINE FIT CHECK
🟢 시트/패드 → 몸에 맞춤
🟢 팔꿈치 → 미는/드는 방향
🟢 어깨 → 으쓱하지 않기
🟢 복귀 → 2~3초 통제

### 🔥 이것만 기억하세요

""Rotary 궤적에서 견갑을 붙인 채 손잡이를 가슴 중앙으로 밀기. 끝에서 1초, 복귀는 통제.""","🏋️ PARAMOUNT — FW-8700 Total Chest / FS-64 Chest Press · Paramount Total

🎯 ONE KEY CUE
🔥 ""On the Rotary path, brace scapulae and press handles through center chest""

Paramount FW-8700 Total Chest(flat) 및 Fitness Line FS-64 Chest Press입니다 Lean into the Paramount Total design. Do not chase load until the setup feels locked in.

---

⚙️ ① Setup
🪑 Seat / pads
Fit the seat to your body so the start position sits naturally on the working joint.
🤲 Grip / hands
Take a comfortable grip width and keep the wrists stacked, not bent.
⚙️ Adjustments
Check 시트, 손잡이, 시작 위치, 중량.

---

💪 ② Start position
Pin back and pelvis to the pad with the handles at chest height.
Check only this:
👉 Back still on the pad

---

🔥 ③ Execution
Press by driving the elbows forward/up. Do not dump the shoulders forward at lockout.
Press out on the machine path, then return under control.

---

💥 ④ Peak contraction
Stop where the chest is contracted — do not dump the shoulders farther forward.
⏱️ 1-second STOP
Own that position for one second. This is not where you dump the weight.

---

🐌 ⑤ Controlled return
Do not dump the load.
Take 2–3 seconds on the way back.
Return on the same path you pressed or pulled.

---

❌ Common mistakes
❌ Dumping the shoulders forward and bouncing the press
Slow the tempo and repeat one clean path.
❌ Over-arching so the low back takes over
If position breaks, cut the load.
❌ Shoving the shoulders farther at lockout
If position breaks, cut the load.

---

💡 MACHINE FIT PRO TIP
🔥 Use the guided path on FW-8700 Total Chest / FS-64 Chest Press. Slow the first two sets, confirm symmetry, then add load.

---

🎯 MACHINE FIT CHECK
🟢 Seat/pad → fitted
🟢 Elbows → press/raise direction
🟢 Shoulders → not shrugged
🟢 Return → 2–3 sec control

### 🔥 Remember this

""On the Rotary path, brace scapulae and press handles through center chest. One-second peak, controlled return."""
PARAMOUNT,인클라인 체스트 프레스,Incline Chest Press,FW-8700 Total Chest (30° incline),VERIFIED,Paramount Fitness,Paramount Total,https://www.well-mir.ru/uploads/catalog_fw_xfw3.pdf,FW-8700 Total Chest의 30° 인클라인 설정입니다,"시트, 시작 위치, 손잡이, 중량","🏋️ PARAMOUNT — FW-8700 Total Chest (30° incline) · Paramount Total

🎯 ONE KEY CUE
🔥 ""Rotary 인클라인에서 견갑을 고정하고 대각선 위로 밀기""

FW-8700 Total Chest의 30° 인클라인 설정. Paramount Total 구조입니다. 처음부터 무게 올리지 말고, 세팅부터 잡으세요.

---

⚙️ ① 기구 세팅
🪑 좌석 / 패드
시트를 몸에 맞추세요. 시작 위치가 어깨·관절에 자연스럽게 오는지 확인합니다.
🤲 그립 / 손 위치
손잡이를 편안한 너비로 잡으세요. 손목이 꺾이지 않게 합니다.
⚙️ 조절 포인트
시트, 시작 위치, 손잡이, 중량을 확인하세요.

---

💪 ② 시작 자세
등과 골반을 패드에 붙이고, 손잡이가 가슴 높이에 오게 잡습니다.
이 자세에서 이것만 확인하세요.
👉 등이 패드에서 뜨지 않는지

---

🔥 ③ 운동 방법
인클라인 각도에서 손잡이를 위·앞으로 밀었다 복귀.
손보다 팔꿈치를 앞(또는 위)으로 보내는 느낌으로 미세요. 끝에서 어깨를 앞으로 밀어 넣지 마세요.

---

💥 ④ 최고 수축
팔꿈치가 앞으로 나가 가슴이 수축되는 지점에서 멈춥니다. 어깨를 더 밀지 마세요.
⏱️ 1초 STOP
튕기지 말고 그 지점에서 1초만 소유하세요. 무게를 놓는 순간이 아닙니다.

---

🐌 ⑤ 천천히 돌아오기
중량을 그냥 놓지 마세요.
2~3초 동안 통제하면서 복귀합니다.
시작 자세로 돌아갈 때도 같은 궤적을 유지하세요.

---

❌ 흔한 실수
❌ 어깨를 앞으로 말며 반동으로 미는 것
템포를 늦추고 같은 궤적만 반복하세요.
❌ 허리를 과하게 아치해 가슴 대신 요추로 미는 것
깊이보다 골반 고정이 먼저입니다. 허리가 뜨면 범위를 줄이세요.
❌ 끝에서 어깨를 더 밀어 넣는 것
자세가 무너지면 무게를 낮추세요.

---

💡 MACHINE FIT PRO TIP
🔥 FW-8700 Total Chest (30° incline)의 가이드 궤적을 이용하세요. 첫 2세트는 천천히, 대칭이 확인된 뒤에만 무게를 올립니다.

---

🎯 MACHINE FIT CHECK
🟢 시트/패드 → 몸에 맞춤
🟢 팔꿈치 → 미는/드는 방향
🟢 어깨 → 으쓱하지 않기
🟢 복귀 → 2~3초 통제

### 🔥 이것만 기억하세요

""Rotary 인클라인에서 견갑을 고정하고 대각선 위로 밀기. 끝에서 1초, 복귀는 통제.""","🏋️ PARAMOUNT — FW-8700 Total Chest (30° incline) · Paramount Total

🎯 ONE KEY CUE
🔥 ""On the Rotary incline, set the scapula and press upward on a diagonal""

FW-8700 Total Chest의 30° 인클라인 설정입니다 Lean into the Paramount Total design. Do not chase load until the setup feels locked in.

---

⚙️ ① Setup
🪑 Seat / pads
Fit the seat to your body so the start position sits naturally on the working joint.
🤲 Grip / hands
Take a comfortable grip width and keep the wrists stacked, not bent.
⚙️ Adjustments
Check 시트, 시작 위치, 손잡이, 중량.

---

💪 ② Start position
Pin back and pelvis to the pad with the handles at chest height.
Check only this:
👉 Back still on the pad

---

🔥 ③ Execution
Press by driving the elbows forward/up. Do not dump the shoulders forward at lockout.
Press out on the machine path, then return under control.

---

💥 ④ Peak contraction
Stop where the chest is contracted — do not dump the shoulders farther forward.
⏱️ 1-second STOP
Own that position for one second. This is not where you dump the weight.

---

🐌 ⑤ Controlled return
Do not dump the load.
Take 2–3 seconds on the way back.
Return on the same path you pressed or pulled.

---

❌ Common mistakes
❌ Dumping the shoulders forward and bouncing the press
Slow the tempo and repeat one clean path.
❌ Over-arching so the low back takes over
If position breaks, cut the load.
❌ Shoving the shoulders farther at lockout
If position breaks, cut the load.

---

💡 MACHINE FIT PRO TIP
🔥 Use the guided path on FW-8700 Total Chest (30° incline). Slow the first two sets, confirm symmetry, then add load.

---

🎯 MACHINE FIT CHECK
🟢 Seat/pad → fitted
🟢 Elbows → press/raise direction
🟢 Shoulders → not shrugged
🟢 Return → 2–3 sec control

### 🔥 Remember this

""On the Rotary incline, set the scapula and press upward on a diagonal. One-second peak, controlled return."""
PARAMOUNT,디클라인 체스트 프레스,Decline Chest Press,FW-8700 Total Chest (20° decline),VERIFIED,Paramount Fitness,Paramount Total,https://www.well-mir.ru/uploads/catalog_fw_xfw3.pdf,FW-8700 Total Chest의 20° 디클라인 설정입니다,"시트, 손잡이, 중량","🏋️ PARAMOUNT — FW-8700 Total Chest (20° decline) · Paramount Total

🎯 ONE KEY CUE
🔥 ""Rotary 디클라인에서 하부 가슴을 향해 아래·앞으로 밀기""

FW-8700 Total Chest의 20° 디클라인 설정. Paramount Total 구조입니다. 처음부터 무게 올리지 말고, 세팅부터 잡으세요.

---

⚙️ ① 기구 세팅
🪑 좌석 / 패드
시트를 몸에 맞추세요. 시작 위치가 어깨·관절에 자연스럽게 오는지 확인합니다.
🤲 그립 / 손 위치
손잡이를 편안한 너비로 잡으세요. 손목이 꺾이지 않게 합니다.
⚙️ 조절 포인트
시트, 손잡이, 중량을 확인하세요.

---

💪 ② 시작 자세
등과 골반을 패드에 붙이고, 손잡이가 가슴 높이에 오게 잡습니다.
이 자세에서 이것만 확인하세요.
👉 등이 패드에서 뜨지 않는지

---

🔥 ③ 운동 방법
디클라인 각도에서 손잡이를 아래·앞으로 밀었다 복귀.
손보다 팔꿈치를 앞(또는 위)으로 보내는 느낌으로 미세요. 끝에서 어깨를 앞으로 밀어 넣지 마세요.

---

💥 ④ 최고 수축
팔꿈치가 앞으로 나가 가슴이 수축되는 지점에서 멈춥니다. 어깨를 더 밀지 마세요.
⏱️ 1초 STOP
튕기지 말고 그 지점에서 1초만 소유하세요. 무게를 놓는 순간이 아닙니다.

---

🐌 ⑤ 천천히 돌아오기
중량을 그냥 놓지 마세요.
2~3초 동안 통제하면서 복귀합니다.
시작 자세로 돌아갈 때도 같은 궤적을 유지하세요.

---

❌ 흔한 실수
❌ 팔꿈치를 과하게 벌리며 어깨에 부하를 주는
자세가 무너지면 무게를 낮추세요.
❌ 어깨를 앞으로 말며 반동으로 미는 것
템포를 늦추고 같은 궤적만 반복하세요.
❌ 허리를 과하게 아치해 가슴 대신 요추로 미는 것
깊이보다 골반 고정이 먼저입니다. 허리가 뜨면 범위를 줄이세요.
❌ 끝에서 어깨를 더 밀어 넣는 것
자세가 무너지면 무게를 낮추세요.

---

💡 MACHINE FIT PRO TIP
🔥 FW-8700 Total Chest (20° decline)의 가이드 궤적을 이용하세요. 첫 2세트는 천천히, 대칭이 확인된 뒤에만 무게를 올립니다.

---

🎯 MACHINE FIT CHECK
🟢 시트/패드 → 몸에 맞춤
🟢 팔꿈치 → 미는/드는 방향
🟢 어깨 → 으쓱하지 않기
🟢 복귀 → 2~3초 통제

### 🔥 이것만 기억하세요

""Rotary 디클라인에서 하부 가슴을 향해 아래·앞으로 밀기. 끝에서 1초, 복귀는 통제.""","🏋️ PARAMOUNT — FW-8700 Total Chest (20° decline) · Paramount Total

🎯 ONE KEY CUE
🔥 ""On the Rotary decline, press down and forward toward the lower chest""

FW-8700 Total Chest의 20° 디클라인 설정입니다 Lean into the Paramount Total design. Do not chase load until the setup feels locked in.

---

⚙️ ① Setup
🪑 Seat / pads
Fit the seat to your body so the start position sits naturally on the working joint.
🤲 Grip / hands
Take a comfortable grip width and keep the wrists stacked, not bent.
⚙️ Adjustments
Check 시트, 손잡이, 중량.

---

💪 ② Start position
Pin back and pelvis to the pad with the handles at chest height.
Check only this:
👉 Back still on the pad

---

🔥 ③ Execution
Press by driving the elbows forward/up. Do not dump the shoulders forward at lockout.
Press out on the machine path, then return under control.

---

💥 ④ Peak contraction
Stop where the chest is contracted — do not dump the shoulders farther forward.
⏱️ 1-second STOP
Own that position for one second. This is not where you dump the weight.

---

🐌 ⑤ Controlled return
Do not dump the load.
Take 2–3 seconds on the way back.
Return on the same path you pressed or pulled.

---

❌ Common mistakes
❌ Dumping the shoulders forward and bouncing the press
Slow the tempo and repeat one clean path.
❌ Over-arching so the low back takes over
If position breaks, cut the load.
❌ Shoving the shoulders farther at lockout
If position breaks, cut the load.

---

💡 MACHINE FIT PRO TIP
🔥 Use the guided path on FW-8700 Total Chest (20° decline). Slow the first two sets, confirm symmetry, then add load.

---

🎯 MACHINE FIT CHECK
🟢 Seat/pad → fitted
🟢 Elbows → press/raise direction
🟢 Shoulders → not shrugged
🟢 Return → 2–3 sec control

### 🔥 Remember this

""On the Rotary decline, press down and forward toward the lower chest. One-second peak, controlled return."""
PARAMOUNT,컨버징 체스트 프레스,Converging Chest Press,FW-800 Rotary Chest Press,VERIFIED,Paramount Fitness,Paramount Rotary,https://www.well-mir.ru/uploads/catalog_fw_xfw3.pdf,Paramount FW-800 Rotary Chest Press(로터리 수렴 프레스)입니다,"시트, 시작 폭, 손잡이, 중량","🏋️ PARAMOUNT — FW-800 Rotary Chest Press · Paramount Rotary

🎯 ONE KEY CUE
🔥 ""Rotary 수렴 암으로 넓은 시작에서 중앙으로 모으며 밀기""

Paramount FW-800 Rotary Chest Press(로터리 수렴 프레스). 안쪽으로 모이는 · Paramount Rotary FW 구조입니다. 처음부터 무게 올리지 말고, 세팅부터 잡으세요.

---

⚙️ ① 기구 세팅
🪑 좌석 / 패드
시트를 몸에 맞추세요. 시작 위치가 어깨·관절에 자연스럽게 오는지 확인합니다.
🤲 그립 / 손 위치
손잡이를 편안한 너비로 잡으세요. 손목이 꺾이지 않게 합니다.
⚙️ 조절 포인트
시트, 시작 폭, 손잡이, 중량을 확인하세요.

---

💪 ② 시작 자세
등과 골반을 패드에 붙이고, 손잡이가 가슴 높이에 오게 잡습니다.
이 자세에서 이것만 확인하세요.
👉 등이 패드에서 뜨지 않는지

---

🔥 ③ 운동 방법
양팔이 바깥에서 안쪽으로 모이며 프레스.
손잡이가 직선으로만 가는 게 아닙니다. 기구가 만들어 주는 안쪽 궤적을 그대로 타세요. 억지로 모으지 마세요.

---

💥 ④ 최고 수축
팔꿈치가 앞으로 나가 가슴이 수축되는 지점에서 멈춥니다. 어깨를 더 밀지 마세요.
⏱️ 1초 STOP
튕기지 말고 그 지점에서 1초만 소유하세요. 무게를 놓는 순간이 아닙니다.

---

🐌 ⑤ 천천히 돌아오기
중량을 그냥 놓지 마세요.
2~3초 동안 통제하면서 복귀합니다.
시작 자세로 돌아갈 때도 같은 궤적을 유지하세요.

---

❌ 흔한 실수
❌ 평행으로만 밀어 수렴 궤적을 무시하는
자세가 무너지면 무게를 낮추세요.
❌ 어깨를 앞으로 말며 반동으로 미는 것
템포를 늦추고 같은 궤적만 반복하세요.
❌ 허리를 과하게 아치해 가슴 대신 요추로 미는 것
깊이보다 골반 고정이 먼저입니다. 허리가 뜨면 범위를 줄이세요.
❌ 끝에서 어깨를 더 밀어 넣는 것
자세가 무너지면 무게를 낮추세요.

---

💡 MACHINE FIT PRO TIP
🔥 손잡이가 가운데로 모이는 궤적이 설계입니다. 평행으로만 밀려고 버티지 말고, 기구가 안내하는 수렴 경로를 그대로 타세요.

---

🎯 MACHINE FIT CHECK
🟢 시트/패드 → 몸에 맞춤
🟢 팔꿈치 → 미는/드는 방향
🟢 어깨 → 으쓱하지 않기
🟢 복귀 → 2~3초 통제

### 🔥 이것만 기억하세요

""Rotary 수렴 암으로 넓은 시작에서 중앙으로 모으며 밀기. 끝에서 1초, 복귀는 통제.""","🏋️ PARAMOUNT — FW-800 Rotary Chest Press · Paramount Rotary

🎯 ONE KEY CUE
🔥 ""Use the Rotary converging arms: start wide and press toward center""

Paramount FW-800 Rotary Chest Press(로터리 수렴 프레스)입니다 Lean into the converging path / Paramount Rotary FW design. Do not chase load until the setup feels locked in.

---

⚙️ ① Setup
🪑 Seat / pads
Fit the seat to your body so the start position sits naturally on the working joint.
🤲 Grip / hands
Take a comfortable grip width and keep the wrists stacked, not bent.
⚙️ Adjustments
Check 시트, 시작 폭, 손잡이, 중량.

---

💪 ② Start position
Pin back and pelvis to the pad with the handles at chest height.
Check only this:
👉 Back still on the pad

---

🔥 ③ Execution
The handles are not a straight line — ride the converging path. Do not force them together.
Press out on the machine path, then return under control.

---

💥 ④ Peak contraction
Stop where the chest is contracted — do not dump the shoulders farther forward.
⏱️ 1-second STOP
Own that position for one second. This is not where you dump the weight.

---

🐌 ⑤ Controlled return
Do not dump the load.
Take 2–3 seconds on the way back.
Return on the same path you pressed or pulled.

---

❌ Common mistakes
❌ Dumping the shoulders forward and bouncing the press
Slow the tempo and repeat one clean path.
❌ Over-arching so the low back takes over
If position breaks, cut the load.
❌ Shoving the shoulders farther at lockout
If position breaks, cut the load.

---

💡 MACHINE FIT PRO TIP
🔥 The machine is built to converge. Stop forcing a parallel press — ride the path it gives you.

---

🎯 MACHINE FIT CHECK
🟢 Seat/pad → fitted
🟢 Elbows → press/raise direction
🟢 Shoulders → not shrugged
🟢 Return → 2–3 sec control

### 🔥 Remember this

""Use the Rotary converging arms: start wide and press toward center. One-second peak, controlled return."""
PARAMOUNT,아이소래터럴 체스트 프레스,Iso-Lateral Chest Press,FW-800 Rotary Chest Press,PARTIALLY_VERIFIED,Paramount Fitness,Paramount Rotary,https://www.well-mir.ru/uploads/catalog_fw_xfw3.pdf,공식 Iso-Lateral SKU명 없이 FW-800 Rotary 독립 궤적이 가깝습니다,"시트, 좌·우 시작, 손잡이, 중량","🏋️ PARAMOUNT — FW-800 Rotary Chest Press · Paramount Rotary

🎯 ONE KEY CUE
🔥 ""Rotary 독립 암으로 좌우를 같은 속도로 밀며 불균형 확인""

공식 Iso-Lateral SKU명 없이 FW-800 Rotary 독립 궤적이 가깝습니다. 좌우가 독립으로 움직이는 · Paramount Rotary FW 구조입니다. 처음부터 무게 올리지 말고, 세팅부터 잡으세요.

---

⚙️ ① 기구 세팅
🪑 좌석 / 패드
시트를 몸에 맞추세요. 시작 위치가 어깨·관절에 자연스럽게 오는지 확인합니다.
🤲 그립 / 손 위치
양손잡이 높이가 좌우 같은지 먼저 보세요. 독립 암이라 한쪽만 어긋나도 바로 느껴집니다.
⚙️ 조절 포인트
시트, 좌·우 시작, 손잡이, 중량을 확인하세요. 좌우 시작 위치가 같은지도 같이 봅니다.
이 카테고리는 공식 명칭이 겹칠 수 있으니, 헬스장 기구의 실제 레버·패드 배치를 우선하세요.

---

💪 ② 시작 자세
등과 골반을 패드에 붙이고, 손잡이가 가슴 높이에 오게 잡습니다.
좌우가 같은 높이에서 시작하는지 한 번 더 보세요.
이 자세에서 이것만 확인하세요.
👉 등이 패드에서 뜨지 않는지

---

🔥 ③ 운동 방법
각 팔을 독립적으로 밀었다 천천히 복귀.
양쪽을 같은 속도로 움직이세요. 한쪽이 먼저 끝나면 무게를 더 올리기 전에 밸런스부터 잡습니다.

---

💥 ④ 최고 수축
팔꿈치가 앞으로 나가 가슴이 수축되는 지점에서 멈춥니다. 어깨를 더 밀지 마세요.
⏱️ 1초 STOP
튕기지 말고 그 지점에서 1초만 소유하세요. 무게를 놓는 순간이 아닙니다.

---

🐌 ⑤ 천천히 돌아오기
중량을 그냥 놓지 마세요.
2~3초 동안 통제하면서 복귀합니다.
시작 자세로 돌아갈 때도 같은 궤적을 유지하세요.

---

❌ 흔한 실수
❌ 한쪽만 먼저 밀어 비대칭을 키우는
약한 쪽 속도에 강한 쪽을 맞추세요.
❌ 어깨를 앞으로 말며 반동으로 미는 것
템포를 늦추고 같은 궤적만 반복하세요.
❌ 허리를 과하게 아치해 가슴 대신 요추로 미는 것
깊이보다 골반 고정이 먼저입니다. 허리가 뜨면 범위를 줄이세요.
❌ 끝에서 어깨를 더 밀어 넣는 것
자세가 무너지면 무게를 낮추세요.
❌ 한쪽만 먼저 끝내고 반대쪽을 따라가게 하는 것
약한 쪽 속도에 강한 쪽을 맞추세요.

---

💡 MACHINE FIT PRO TIP
🔥 이 기구는 좌우 암이 독립적으로 움직이는 게 장점입니다. 무게를 올리기 전에 양쪽이 같은 속도로 가는지 확인하세요. 한쪽이 먼저 끝까지 가 버리면 중량보다 밸런스가 먼저입니다.

---

🎯 MACHINE FIT CHECK
🟢 시트/패드 → 몸에 맞춤
🟢 팔꿈치 → 미는/드는 방향
🟢 좌우 → 같은 속도
🟢 복귀 → 2~3초 통제

### 🔥 이것만 기억하세요

""좌우 같은 속도, 끝에서 1초, 복귀는 통제.""","🏋️ PARAMOUNT — FW-800 Rotary Chest Press · Paramount Rotary

🎯 ONE KEY CUE
🔥 ""With Rotary independent arms, press both sides at the same speed""

공식 Iso-Lateral SKU명 없이 FW-800 Rotary 독립 궤적이 가깝습니다 Lean into the independent arms / Paramount Rotary FW design. Do not chase load until the setup feels locked in.

---

⚙️ ① Setup
🪑 Seat / pads
Fit the seat to your body so the start position sits naturally on the working joint.
🤲 Grip / hands
Match left and right handle height first — independent arms expose any mismatch immediately.
⚙️ Adjustments
Check 시트, 좌·우 시작, 손잡이, 중량. Confirm both sides start from the same position.
Naming can overlap in this category — trust the levers and pads on the unit in front of you.

---

💪 ② Start position
Pin back and pelvis to the pad with the handles at chest height.
Double-check both sides start at the same height.
Check only this:
👉 Back still on the pad

---

🔥 ③ Execution
Match left-right speed. If one side finishes early, fix balance before adding load.
Press out on the machine path, then return under control. Keep both sides honest.

---

💥 ④ Peak contraction
Stop where the chest is contracted — do not dump the shoulders farther forward.
⏱️ 1-second STOP
Own that position for one second. This is not where you dump the weight.

---

🐌 ⑤ Controlled return
Do not dump the load.
Take 2–3 seconds on the way back.
Return on the same path you pressed or pulled.

---

❌ Common mistakes
❌ Dumping the shoulders forward and bouncing the press
Slow the tempo and repeat one clean path.
❌ Over-arching so the low back takes over
If position breaks, cut the load.
❌ Shoving the shoulders farther at lockout
If position breaks, cut the load.
❌ Letting one side finish early
Match the stronger side to the weaker side’s speed.

---

💡 MACHINE FIT PRO TIP
🔥 Independent arms are the point. Before you load up, confirm both sides move at the same speed. If one side finishes early, fix balance before adding plates or pins.

---

🎯 MACHINE FIT CHECK
🟢 Seat/pad → fitted
🟢 Elbows → press/raise direction
🟢 Left/right → same speed
🟢 Return → 2–3 sec control

### 🔥 Remember this

""Match sides, one-second peak, controlled return."""
PARAMOUNT,플레이트로드 체스트 프레스,Plate-Loaded Chest Press,FW-8700 Total Chest,PARTIALLY_VERIFIED,Paramount Fitness,Paramount Total,https://www.well-mir.ru/uploads/catalog_fw_xfw3.pdf,플레이트로드 전용 Chest SKU명보다 FW-8700 Total Chest가 대표 체스트입니다,"시트, 시작 위치, 양쪽 플레이트","🏋️ PARAMOUNT — FW-8700 Total Chest · Paramount Total

🎯 ONE KEY CUE
🔥 ""Rotary 플레이트로드에서 양쪽 중량을 맞추고 가슴 중앙으로 밀기""

플레이트로드 전용 Chest SKU명보다 FW-8700 Total Chest가 대표 체스트. 플레이트 로딩 · Paramount Total 구조입니다. 처음부터 무게 올리지 말고, 세팅부터 잡으세요.

---

⚙️ ① 기구 세팅
🪑 좌석 / 패드
시트를 몸에 맞추세요. 시작 위치가 어깨·관절에 자연스럽게 오는지 확인합니다.
🤲 그립 / 손 위치
손잡이를 편안한 너비로 잡으세요. 손목이 꺾이지 않게 합니다.
⚙️ 조절 포인트
시트, 시작 위치, 양쪽 플레이트를 확인하세요. 양쪽 플레이트를 동일하게 맞추고, 한쪽만 먼저 올리지 마세요.
이 카테고리는 공식 명칭이 겹칠 수 있으니, 헬스장 기구의 실제 레버·패드 배치를 우선하세요.

---

💪 ② 시작 자세
등과 골반을 패드에 붙이고, 손잡이가 가슴 높이에 오게 잡습니다.
이 자세에서 이것만 확인하세요.
👉 등이 패드에서 뜨지 않는지

---

🔥 ③ 운동 방법
손잡이를 앞으로 밀었다 통제하며 복귀.
손보다 팔꿈치를 앞(또는 위)으로 보내는 느낌으로 미세요. 끝에서 어깨를 앞으로 밀어 넣지 마세요.

---

💥 ④ 최고 수축
팔꿈치가 앞으로 나가 가슴이 수축되는 지점에서 멈춥니다. 어깨를 더 밀지 마세요.
⏱️ 1초 STOP
튕기지 말고 그 지점에서 1초만 소유하세요. 무게를 놓는 순간이 아닙니다.

---

🐌 ⑤ 천천히 돌아오기
중량을 그냥 놓지 마세요.
2~3초 동안 통제하면서 복귀합니다.
시작 자세로 돌아갈 때도 같은 궤적을 유지하세요.

---

❌ 흔한 실수
❌ 한쪽만 먼저 올려 궤적이 틀어지는
약한 쪽 속도에 강한 쪽을 맞추세요.
❌ 어깨를 앞으로 말며 반동으로 미는 것
템포를 늦추고 같은 궤적만 반복하세요.
❌ 허리를 과하게 아치해 가슴 대신 요추로 미는 것
깊이보다 골반 고정이 먼저입니다. 허리가 뜨면 범위를 줄이세요.
❌ 끝에서 어깨를 더 밀어 넣는 것
자세가 무너지면 무게를 낮추세요.
❌ 양쪽 플레이트 무게를 다르게 올리는 것
양쪽을 맞춘 뒤 가벼운 세트로 좌우를 확인하세요.

---

💡 MACHINE FIT PRO TIP
🔥 FW-8700 Total Chest은 플레이트 로딩입니다. 좌우 원판을 동일하게 맞추고, 첫 세트는 궤적·좌우 대칭만 확인한 다음 무게를 올리세요.

---

🎯 MACHINE FIT CHECK
🟢 시트/패드 → 몸에 맞춤
🟢 팔꿈치 → 미는/드는 방향
🟢 원판 → 좌우 동일
🟢 복귀 → 2~3초 통제

### 🔥 이것만 기억하세요

""Rotary 플레이트로드에서 양쪽 중량을 맞추고 가슴 중앙으로 밀기. 끝에서 1초, 복귀는 통제.""","🏋️ PARAMOUNT — FW-8700 Total Chest · Paramount Total

🎯 ONE KEY CUE
🔥 ""On the Rotary plate-loaded press, match plates and press through center chest""

플레이트로드 전용 Chest SKU명보다 FW-8700 Total Chest가 대표 체스트입니다 Lean into the plate-loaded / Paramount Total design. Do not chase load until the setup feels locked in.

---

⚙️ ① Setup
🪑 Seat / pads
Fit the seat to your body so the start position sits naturally on the working joint.
🤲 Grip / hands
Take a comfortable grip width and keep the wrists stacked, not bent.
⚙️ Adjustments
Check 시트, 시작 위치, 양쪽 플레이트. Match plates on both sides — do not load one arm first.
Naming can overlap in this category — trust the levers and pads on the unit in front of you.

---

💪 ② Start position
Pin back and pelvis to the pad with the handles at chest height.
Check only this:
👉 Back still on the pad

---

🔥 ③ Execution
Press by driving the elbows forward/up. Do not dump the shoulders forward at lockout.
Press out on the machine path, then return under control.

---

💥 ④ Peak contraction
Stop where the chest is contracted — do not dump the shoulders farther forward.
⏱️ 1-second STOP
Own that position for one second. This is not where you dump the weight.

---

🐌 ⑤ Controlled return
Do not dump the load.
Take 2–3 seconds on the way back.
Return on the same path you pressed or pulled.

---

❌ Common mistakes
❌ Dumping the shoulders forward and bouncing the press
Slow the tempo and repeat one clean path.
❌ Over-arching so the low back takes over
If position breaks, cut the load.
❌ Shoving the shoulders farther at lockout
If position breaks, cut the load.
❌ Loading unequal plates
Match both sides, then confirm with a light set.

---

💡 MACHINE FIT PRO TIP
🔥 FW-8700 Total Chest is plate-loaded. Match plates, confirm path and left-right symmetry on set one, then add load.

---

🎯 MACHINE FIT CHECK
🟢 Seat/pad → fitted
🟢 Elbows → press/raise direction
🟢 Plates → matched
🟢 Return → 2–3 sec control

### 🔥 Remember this

""On the Rotary plate-loaded press, match plates and press through center chest. One-second peak, controlled return."""
PARAMOUNT,펙덱,Pec Deck,,BRAND_MODEL_NOT_FOUND,Paramount Fitness,,https://www.well-mir.ru/uploads/catalog_fw_xfw3.pdf,Paramount FW/XFW 카탈로그에 Pec Deck 전용 SKU가 확인되지 않습니다,"시트, 암 시작, 스택/중량","🏋️ PARAMOUNT — 펙덱

🎯 ONE KEY CUE
🔥 ""Rotary 펙덱에서 팔꿈치 각도를 유지한 채 가슴으로 모으기""

파라마운트 전용 모델이 없는 카테고리입니다. 헬스장에 있는 실제 기구의 패드·레버·안전장치를 먼저 확인한 뒤, 아래 패턴으로 움직이세요.

---

⚙️ ① 기구 세팅
🪑 좌석 / 패드
시트를 몸에 맞추세요. 시작 위치가 어깨·관절에 자연스럽게 오는지 확인합니다.
🤲 그립 / 손 위치
손잡이를 편안한 너비로 잡으세요. 손목이 꺾이지 않게 합니다.
⚙️ 조절 포인트
시트, 암 시작, 스택/중량을 확인하세요.

---

💪 ② 시작 자세
등과 골반을 패드에 붙이고, 손잡이가 가슴 높이에 오게 잡습니다.
이 자세에서 이것만 확인하세요.
👉 등이 패드에서 뜨지 않는지

---

🔥 ③ 운동 방법
양팔을 모아 조인 뒤 천천히 벌리기.
손보다 팔꿈치를 앞(또는 위)으로 보내는 느낌으로 미세요. 끝에서 어깨를 앞으로 밀어 넣지 마세요.

---

💥 ④ 최고 수축
팔꿈치가 앞으로 나가 가슴이 수축되는 지점에서 멈춥니다. 어깨를 더 밀지 마세요.
⏱️ 1초 STOP
튕기지 말고 그 지점에서 1초만 소유하세요. 무게를 놓는 순간이 아닙니다.

---

🐌 ⑤ 천천히 돌아오기
중량을 그냥 놓지 마세요.
2~3초 동안 통제하면서 복귀합니다.
시작 자세로 돌아갈 때도 같은 궤적을 유지하세요.

---

❌ 흔한 실수
❌ 팔꿈치를 펴며 어깨로 끌어당기는
자세가 무너지면 무게를 낮추세요.
❌ 어깨를 앞으로 말며 반동으로 미는 것
템포를 늦추고 같은 궤적만 반복하세요.
❌ 허리를 과하게 아치해 가슴 대신 요추로 미는 것
깊이보다 골반 고정이 먼저입니다. 허리가 뜨면 범위를 줄이세요.
❌ 끝에서 어깨를 더 밀어 넣는 것
자세가 무너지면 무게를 낮추세요.

---

💡 MACHINE FIT PRO TIP
🔥 이 항목은 해머 스트렝스 전용 SKU가 없습니다. ""펙덱""로 분류된 실제 기구의 패드·레버·안전장치만 믿고, 가벼운 무게로 5회 리허설 후 본 세트를 시작하세요.

---

🎯 MACHINE FIT CHECK
🟢 시트/패드 → 몸에 맞춤
🟢 팔꿈치 → 미는/드는 방향
🟢 어깨 → 으쓱하지 않기
🟢 복귀 → 2~3초 통제

### 🔥 이것만 기억하세요

""Rotary 펙덱에서 팔꿈치 각도를 유지한 채 가슴으로 모으기. 끝에서 1초, 복귀는 통제.""","🏋️ PARAMOUNT — Pec Deck

🎯 ONE KEY CUE
🔥 ""On the Rotary pec deck, keep elbow angle steady and close through the chest""

There is no dedicated Paramount SKU for this category. Confirm pads, levers, and safeties on the unit in your gym, then follow the movement pattern below.

---

⚙️ ① Setup
🪑 Seat / pads
Fit the seat to your body so the start position sits naturally on the working joint.
🤲 Grip / hands
Take a comfortable grip width and keep the wrists stacked, not bent.
⚙️ Adjustments
Check 시트, 암 시작, 스택/중량.

---

💪 ② Start position
Pin back and pelvis to the pad with the handles at chest height.
Check only this:
👉 Back still on the pad

---

🔥 ③ Execution
Press by driving the elbows forward/up. Do not dump the shoulders forward at lockout.
Press out on the machine path, then return under control.

---

💥 ④ Peak contraction
Stop where the chest is contracted — do not dump the shoulders farther forward.
⏱️ 1-second STOP
Own that position for one second. This is not where you dump the weight.

---

🐌 ⑤ Controlled return
Do not dump the load.
Take 2–3 seconds on the way back.
Return on the same path you pressed or pulled.

---

❌ Common mistakes
❌ Dumping the shoulders forward and bouncing the press
Slow the tempo and repeat one clean path.
❌ Over-arching so the low back takes over
If position breaks, cut the load.
❌ Shoving the shoulders farther at lockout
If position breaks, cut the load.

---

💡 MACHINE FIT PRO TIP
🔥 No dedicated Hammer Strength SKU for this slot. Trust the pads/levers/safeties on the unit labeled like ""Pec Deck"", rehearse five light reps, then start working sets.

---

🎯 MACHINE FIT CHECK
🟢 Seat/pad → fitted
🟢 Elbows → press/raise direction
🟢 Shoulders → not shrugged
🟢 Return → 2–3 sec control

### 🔥 Remember this

""On the Rotary pec deck, keep elbow angle steady and close through the chest. One-second peak, controlled return."""
PARAMOUNT,리어 델트 / 리버스 펙덱,Rear Delt / Reverse Pec Deck,FW-9200 Total Shoulder,PARTIALLY_VERIFIED,Paramount Fitness,Paramount Total,https://www.well-mir.ru/uploads/catalog_fw_xfw3.pdf,리버스 펙덱 전용 SKU 없이 FW-9200 Total Shoulder 리어 패턴으로 부분 대응합니다,"시트, 모드, 암 시작, 스택/중량","🏋️ PARAMOUNT — FW-9200 Total Shoulder · Paramount Total

🎯 ONE KEY CUE
🔥 ""Rotary 리버스 모드에서 가슴을 고정하고 팔을 뒤로 벌리며 수축""

리버스 펙덱 전용 SKU 없이 FW-9200 Total Shoulder 리어 패턴으로 부분 대응합니다. Paramount Total 구조입니다. 처음부터 무게 올리지 말고, 세팅부터 잡으세요.

---

⚙️ ① 기구 세팅
🪑 좌석 / 패드
시트를 몸에 맞추세요. 시작 위치가 어깨·관절에 자연스럽게 오는지 확인합니다.
🤲 그립 / 손 위치
손잡이를 편안한 너비로 잡으세요. 손목이 꺾이지 않게 합니다.
⚙️ 조절 포인트
시트, 모드, 암 시작, 스택/중량을 확인하세요.
이 카테고리는 공식 명칭이 겹칠 수 있으니, 헬스장 기구의 실제 레버·패드 배치를 우선하세요.

---

💪 ② 시작 자세
갈비뼈를 내리고 허리를 과하게 아치하지 않습니다. 팔꿈치를 시작 궤적에 올립니다.
이 자세에서 이것만 확인하세요.
👉 허리가 과하게 꺾이지 않는지

---

🔥 ③ 운동 방법
팔을 뒤로 벌렸다 천천히 앞으로 복귀.
반동으로 올리지 마세요. 팔꿈치가 궤적을 주도하게 둡니다.

---

💥 ④ 최고 수축
목표 근육이 가장 조여지는 끝 지점에서 멈춥니다.
⏱️ 1초 STOP
튕기지 말고 그 지점에서 1초만 소유하세요. 무게를 놓는 순간이 아닙니다.

---

🐌 ⑤ 천천히 돌아오기
중량을 그냥 놓지 마세요.
2~3초 동안 통제하면서 복귀합니다.
시작 자세로 돌아갈 때도 같은 궤적을 유지하세요.

---

❌ 흔한 실수
❌ 승모로만 잡아채며 팔꿈치를 과도하게 구부리는
어깨를 귀에서 멀리 두고 다시 시작하세요.
❌ 허리를 꺾어 프레스하는 것
자세가 무너지면 무게를 낮추세요.
❌ 어깨를 귀 쪽으로 으쓱하는 것
어깨를 귀에서 멀리 두고 다시 시작하세요.
❌ 반동으로 들어 올리는 것
템포를 늦추고 같은 궤적만 반복하세요.

---

💡 MACHINE FIT PRO TIP
🔥 FW-9200 Total Shoulder의 가이드 궤적을 이용하세요. 첫 2세트는 천천히, 대칭이 확인된 뒤에만 무게를 올립니다.

---

🎯 MACHINE FIT CHECK
🟢 시트/패드 → 몸에 맞춤
🟢 팔꿈치 → 미는/드는 방향
🟢 어깨 → 으쓱하지 않기
🟢 복귀 → 2~3초 통제

### 🔥 이것만 기억하세요

""Rotary 리버스 모드에서 가슴을 고정하고 팔을 뒤로 벌리며 수축. 끝에서 1초, 복귀는 통제.""","🏋️ PARAMOUNT — FW-9200 Total Shoulder · Paramount Total

🎯 ONE KEY CUE
🔥 ""In Rotary reverse mode, brace the chest and open the arms for rear-delt squeeze""

리버스 펙덱 전용 SKU 없이 FW-9200 Total Shoulder 리어 패턴으로 부분 대응합니다 Lean into the Paramount Total design. Do not chase load until the setup feels locked in.

---

⚙️ ① Setup
🪑 Seat / pads
Fit the seat to your body so the start position sits naturally on the working joint.
🤲 Grip / hands
Take a comfortable grip width and keep the wrists stacked, not bent.
⚙️ Adjustments
Check 시트, 모드, 암 시작, 스택/중량.
Naming can overlap in this category — trust the levers and pads on the unit in front of you.

---

💪 ② Start position
Drop the ribs — do not over-arch. Set the elbows on the press path.
Check only this:
👉 Low back not over-arched

---

🔥 ③ Execution
No bounce. Let the elbows own the path.
Press or raise on the guided path, then lower without dumping the shoulders.

---

💥 ④ Peak contraction
Stop where the target muscle is most shortened.
⏱️ 1-second STOP
Own that position for one second. This is not where you dump the weight.

---

🐌 ⑤ Controlled return
Do not dump the load.
Take 2–3 seconds on the way back.
Return on the same path you pressed or pulled.

---

❌ Common mistakes
❌ Pressing with an over-arched low back
If position breaks, cut the load.
❌ Shrugging the shoulders into the ears
Keep the shoulders away from the ears and restart.
❌ Bouncing the weight up
Slow the tempo and repeat one clean path.

---

💡 MACHINE FIT PRO TIP
🔥 Use the guided path on FW-9200 Total Shoulder. Slow the first two sets, confirm symmetry, then add load.

---

🎯 MACHINE FIT CHECK
🟢 Seat/pad → fitted
🟢 Elbows → press/raise direction
🟢 Shoulders → not shrugged
🟢 Return → 2–3 sec control

### 🔥 Remember this

""In Rotary reverse mode, brace the chest and open the arms for rear-delt squeeze. One-second peak, controlled return."""
PARAMOUNT,플라이 머신,Fly Machine,,BRAND_MODEL_NOT_FOUND,Paramount Fitness,,https://www.well-mir.ru/uploads/catalog_fw_xfw3.pdf,Paramount FW/XFW 카탈로그에 Fly Machine 전용 SKU가 확인되지 않습니다,"시트, 암 시작, 스택/중량","🏋️ PARAMOUNT — 플라이 머신

🎯 ONE KEY CUE
🔥 ""Rotary 플라이 호를 크게 그리며 가슴 앞에서 모으기""

파라마운트 전용 모델이 없는 카테고리입니다. 헬스장에 있는 실제 기구의 패드·레버·안전장치를 먼저 확인한 뒤, 아래 패턴으로 움직이세요.

---

⚙️ ① 기구 세팅
🪑 좌석 / 패드
시트를 몸에 맞추세요. 시작 위치가 어깨·관절에 자연스럽게 오는지 확인합니다.
🤲 그립 / 손 위치
손잡이를 편안한 너비로 잡으세요. 손목이 꺾이지 않게 합니다.
⚙️ 조절 포인트
시트, 암 시작, 스택/중량을 확인하세요.

---

💪 ② 시작 자세
등과 골반을 패드에 붙이고, 손잡이가 가슴 높이에 오게 잡습니다.
이 자세에서 이것만 확인하세요.
👉 등이 패드에서 뜨지 않는지

---

🔥 ③ 운동 방법
팔을 호를 그리며 모아 조인 뒤 벌리기.
손보다 팔꿈치를 앞(또는 위)으로 보내는 느낌으로 미세요. 끝에서 어깨를 앞으로 밀어 넣지 마세요.

---

💥 ④ 최고 수축
팔꿈치가 앞으로 나가 가슴이 수축되는 지점에서 멈춥니다. 어깨를 더 밀지 마세요.
⏱️ 1초 STOP
튕기지 말고 그 지점에서 1초만 소유하세요. 무게를 놓는 순간이 아닙니다.

---

🐌 ⑤ 천천히 돌아오기
중량을 그냥 놓지 마세요.
2~3초 동안 통제하면서 복귀합니다.
시작 자세로 돌아갈 때도 같은 궤적을 유지하세요.

---

❌ 흔한 실수
❌ 팔꿈치를 펴고 어깨로만 당기는
자세가 무너지면 무게를 낮추세요.
❌ 어깨를 앞으로 말며 반동으로 미는 것
템포를 늦추고 같은 궤적만 반복하세요.
❌ 허리를 과하게 아치해 가슴 대신 요추로 미는 것
깊이보다 골반 고정이 먼저입니다. 허리가 뜨면 범위를 줄이세요.
❌ 끝에서 어깨를 더 밀어 넣는 것
자세가 무너지면 무게를 낮추세요.

---

💡 MACHINE FIT PRO TIP
🔥 이 항목은 해머 스트렝스 전용 SKU가 없습니다. ""플라이 머신""로 분류된 실제 기구의 패드·레버·안전장치만 믿고, 가벼운 무게로 5회 리허설 후 본 세트를 시작하세요.

---

🎯 MACHINE FIT CHECK
🟢 시트/패드 → 몸에 맞춤
🟢 팔꿈치 → 미는/드는 방향
🟢 어깨 → 으쓱하지 않기
🟢 복귀 → 2~3초 통제

### 🔥 이것만 기억하세요

""Rotary 플라이 호를 크게 그리며 가슴 앞에서 모으기. 끝에서 1초, 복귀는 통제.""","🏋️ PARAMOUNT — Fly Machine

🎯 ONE KEY CUE
🔥 ""Trace a wide Rotary fly arc and close in front of the chest""

There is no dedicated Paramount SKU for this category. Confirm pads, levers, and safeties on the unit in your gym, then follow the movement pattern below.

---

⚙️ ① Setup
🪑 Seat / pads
Fit the seat to your body so the start position sits naturally on the working joint.
🤲 Grip / hands
Take a comfortable grip width and keep the wrists stacked, not bent.
⚙️ Adjustments
Check 시트, 암 시작, 스택/중량.

---

💪 ② Start position
Pin back and pelvis to the pad with the handles at chest height.
Check only this:
👉 Back still on the pad

---

🔥 ③ Execution
Press by driving the elbows forward/up. Do not dump the shoulders forward at lockout.
Press out on the machine path, then return under control.

---

💥 ④ Peak contraction
Stop where the chest is contracted — do not dump the shoulders farther forward.
⏱️ 1-second STOP
Own that position for one second. This is not where you dump the weight.

---

🐌 ⑤ Controlled return
Do not dump the load.
Take 2–3 seconds on the way back.
Return on the same path you pressed or pulled.

---

❌ Common mistakes
❌ Dumping the shoulders forward and bouncing the press
Slow the tempo and repeat one clean path.
❌ Over-arching so the low back takes over
If position breaks, cut the load.
❌ Shoving the shoulders farther at lockout
If position breaks, cut the load.

---

💡 MACHINE FIT PRO TIP
🔥 No dedicated Hammer Strength SKU for this slot. Trust the pads/levers/safeties on the unit labeled like ""Fly Machine"", rehearse five light reps, then start working sets.

---

🎯 MACHINE FIT CHECK
🟢 Seat/pad → fitted
🟢 Elbows → press/raise direction
🟢 Shoulders → not shrugged
🟢 Return → 2–3 sec control

### 🔥 Remember this

""Trace a wide Rotary fly arc and close in front of the chest. One-second peak, controlled return."""
PARAMOUNT,딥 머신,Dip Machine,,BRAND_MODEL_NOT_FOUND,Paramount Fitness,,https://www.well-mir.ru/uploads/catalog_fw_xfw3.pdf,Paramount FW/XFW 카탈로그에 Dip Machine 전용 SKU가 확인되지 않습니다,"시트, 손잡이, 중량","🏋️ PARAMOUNT — 딥 머신

🎯 ONE KEY CUE
🔥 ""Rotary 딥에서 팔꿈치를 몸통 옆으로 붙인 채 아래로 누르기""

파라마운트 전용 모델이 없는 카테고리입니다. 헬스장에 있는 실제 기구의 패드·레버·안전장치를 먼저 확인한 뒤, 아래 패턴으로 움직이세요.

---

⚙️ ① 기구 세팅
🪑 좌석 / 패드
시트를 몸에 맞추세요. 시작 위치가 어깨·관절에 자연스럽게 오는지 확인합니다.
🤲 그립 / 손 위치
손잡이를 편안한 너비로 잡으세요. 손목이 꺾이지 않게 합니다.
⚙️ 조절 포인트
시트, 손잡이, 중량을 확인하세요.

---

💪 ② 시작 자세
등과 골반을 패드에 붙이고, 손잡이가 가슴 높이에 오게 잡습니다.
이 자세에서 이것만 확인하세요.
👉 등이 패드에서 뜨지 않는지

---

🔥 ③ 운동 방법
손잡이를 아래로 눌러 펴고 천천히 굴곡.
손보다 팔꿈치를 앞(또는 위)으로 보내는 느낌으로 미세요. 끝에서 어깨를 앞으로 밀어 넣지 마세요.

---

💥 ④ 최고 수축
팔꿈치가 앞으로 나가 가슴이 수축되는 지점에서 멈춥니다. 어깨를 더 밀지 마세요.
⏱️ 1초 STOP
튕기지 말고 그 지점에서 1초만 소유하세요. 무게를 놓는 순간이 아닙니다.

---

🐌 ⑤ 천천히 돌아오기
중량을 그냥 놓지 마세요.
2~3초 동안 통제하면서 복귀합니다.
시작 자세로 돌아갈 때도 같은 궤적을 유지하세요.

---

❌ 흔한 실수
❌ 어깨를 으쓱하며 깊게만 내려가는
어깨를 귀에서 멀리 두고 다시 시작하세요.
❌ 어깨를 앞으로 말며 반동으로 미는 것
템포를 늦추고 같은 궤적만 반복하세요.
❌ 허리를 과하게 아치해 가슴 대신 요추로 미는 것
깊이보다 골반 고정이 먼저입니다. 허리가 뜨면 범위를 줄이세요.
❌ 끝에서 어깨를 더 밀어 넣는 것
자세가 무너지면 무게를 낮추세요.

---

💡 MACHINE FIT PRO TIP
🔥 이 항목은 해머 스트렝스 전용 SKU가 없습니다. ""딥 머신""로 분류된 실제 기구의 패드·레버·안전장치만 믿고, 가벼운 무게로 5회 리허설 후 본 세트를 시작하세요.

---

🎯 MACHINE FIT CHECK
🟢 시트/패드 → 몸에 맞춤
🟢 팔꿈치 → 미는/드는 방향
🟢 어깨 → 으쓱하지 않기
🟢 복귀 → 2~3초 통제

### 🔥 이것만 기억하세요

""Rotary 딥에서 팔꿈치를 몸통 옆으로 붙인 채 아래로 누르기. 끝에서 1초, 복귀는 통제.""","🏋️ PARAMOUNT — Dip Machine

🎯 ONE KEY CUE
🔥 ""On the Rotary dip, keep elbows close to the torso and press down""

There is no dedicated Paramount SKU for this category. Confirm pads, levers, and safeties on the unit in your gym, then follow the movement pattern below.

---

⚙️ ① Setup
🪑 Seat / pads
Fit the seat to your body so the start position sits naturally on the working joint.
🤲 Grip / hands
Take a comfortable grip width and keep the wrists stacked, not bent.
⚙️ Adjustments
Check 시트, 손잡이, 중량.

---

💪 ② Start position
Pin back and pelvis to the pad with the handles at chest height.
Check only this:
👉 Back still on the pad

---

🔥 ③ Execution
Press by driving the elbows forward/up. Do not dump the shoulders forward at lockout.
Press out on the machine path, then return under control.

---

💥 ④ Peak contraction
Stop where the chest is contracted — do not dump the shoulders farther forward.
⏱️ 1-second STOP
Own that position for one second. This is not where you dump the weight.

---

🐌 ⑤ Controlled return
Do not dump the load.
Take 2–3 seconds on the way back.
Return on the same path you pressed or pulled.

---

❌ Common mistakes
❌ Dumping the shoulders forward and bouncing the press
Slow the tempo and repeat one clean path.
❌ Over-arching so the low back takes over
If position breaks, cut the load.
❌ Shoving the shoulders farther at lockout
If position breaks, cut the load.

---

💡 MACHINE FIT PRO TIP
🔥 No dedicated Hammer Strength SKU for this slot. Trust the pads/levers/safeties on the unit labeled like ""Dip Machine"", rehearse five light reps, then start working sets.

---

🎯 MACHINE FIT CHECK
🟢 Seat/pad → fitted
🟢 Elbows → press/raise direction
🟢 Shoulders → not shrugged
🟢 Return → 2–3 sec control

### 🔥 Remember this

""On the Rotary dip, keep elbows close to the torso and press down. One-second peak, controlled return."""
PARAMOUNT,어시스트 딥,Assisted Dip,,BRAND_MODEL_NOT_FOUND,Paramount Fitness,,https://www.well-mir.ru/uploads/catalog_fw_xfw3.pdf,Paramount FW/XFW 카탈로그에 Assist Dip 전용 SKU가 없습니다,"어시스트 중량, 무릎/발 패드, 손잡이","🏋️ PARAMOUNT — 어시스트 딥

🎯 ONE KEY CUE
🔥 ""Rotary 어시스트를 고정한 뒤 팔꿈치로 깊게 내려가기""

파라마운트 전용 모델이 없는 카테고리입니다. 헬스장에 있는 실제 기구의 패드·레버·안전장치를 먼저 확인한 뒤, 아래 패턴으로 움직이세요.

---

⚙️ ① 기구 세팅
🪑 좌석 / 패드
시트를 몸에 맞추세요. 시작 위치가 목표 관절 높이에 오는지 확인합니다.
🤲 그립 / 손 위치
손잡이를 편안한 너비로 잡으세요. 손목이 꺾이지 않게 합니다.
🦶 발 위치
지지하는 발을 먼저 고정하세요. 흔들리면 중량을 낮춥니다.
⚙️ 조절 포인트
어시스트 중량, 무릎/발 패드, 손잡이를 확인하세요.

---

💪 ② 시작 자세
등과 골반을 패드에 붙이고, 손잡이가 가슴 높이에 오게 잡습니다.
이 자세에서 이것만 확인하세요.
👉 등이 패드에서 뜨지 않는지

---

🔥 ③ 운동 방법
팔꿈치를 굽혀 내려갔다 펴며 올라오기.
손보다 팔꿈치를 앞(또는 위)으로 보내는 느낌으로 미세요. 끝에서 어깨를 앞으로 밀어 넣지 마세요.

---

💥 ④ 최고 수축
팔꿈치가 앞으로 나가 가슴이 수축되는 지점에서 멈춥니다. 어깨를 더 밀지 마세요.
⏱️ 1초 STOP
튕기지 말고 그 지점에서 1초만 소유하세요. 무게를 놓는 순간이 아닙니다.

---

🐌 ⑤ 천천히 돌아오기
중량을 그냥 놓지 마세요.
2~3초 동안 통제하면서 복귀합니다.
시작 자세로 돌아갈 때도 같은 궤적을 유지하세요.

---

❌ 흔한 실수
❌ 무릎으로만 튕기며 반동하는
템포를 늦추고 같은 궤적만 반복하세요.
❌ 어깨를 앞으로 말며 반동으로 미는 것
템포를 늦추고 같은 궤적만 반복하세요.
❌ 허리를 과하게 아치해 가슴 대신 요추로 미는 것
깊이보다 골반 고정이 먼저입니다. 허리가 뜨면 범위를 줄이세요.
❌ 끝에서 어깨를 더 밀어 넣는 것
자세가 무너지면 무게를 낮추세요.

---

💡 MACHINE FIT PRO TIP
🔥 이 항목은 해머 스트렝스 전용 SKU가 없습니다. ""어시스트 딥""로 분류된 실제 기구의 패드·레버·안전장치만 믿고, 가벼운 무게로 5회 리허설 후 본 세트를 시작하세요.

---

🎯 MACHINE FIT CHECK
🟢 시트/패드 → 몸에 맞춤
🟢 팔꿈치 → 미는/드는 방향
🟢 어깨 → 으쓱하지 않기
🟢 복귀 → 2~3초 통제

### 🔥 이것만 기억하세요

""Rotary 어시스트를 고정한 뒤 팔꿈치로 깊게 내려가기. 끝에서 1초, 복귀는 통제.""","🏋️ PARAMOUNT — Assisted Dip

🎯 ONE KEY CUE
🔥 ""Lock the Rotary assist, then descend with the elbows""

There is no dedicated Paramount SKU for this category. Confirm pads, levers, and safeties on the unit in your gym, then follow the movement pattern below.

---

⚙️ ① Setup
🪑 Seat / pads
Fit the seat to your body so the start position sits naturally on the working joint.
🤲 Grip / hands
Take a comfortable grip width and keep the wrists stacked, not bent.
🦶 Feet
Lock in the support foot before you move. Reduce load if you wobble.
⚙️ Adjustments
Check 어시스트 중량, 무릎/발 패드, 손잡이.

---

💪 ② Start position
Pin back and pelvis to the pad with the handles at chest height.
Check only this:
👉 Back still on the pad

---

🔥 ③ Execution
Press by driving the elbows forward/up. Do not dump the shoulders forward at lockout.
Press out on the machine path, then return under control.

---

💥 ④ Peak contraction
Stop where the chest is contracted — do not dump the shoulders farther forward.
⏱️ 1-second STOP
Own that position for one second. This is not where you dump the weight.

---

🐌 ⑤ Controlled return
Do not dump the load.
Take 2–3 seconds on the way back.
Return on the same path you pressed or pulled.

---

❌ Common mistakes
❌ Dumping the shoulders forward and bouncing the press
Slow the tempo and repeat one clean path.
❌ Over-arching so the low back takes over
If position breaks, cut the load.
❌ Shoving the shoulders farther at lockout
If position breaks, cut the load.

---

💡 MACHINE FIT PRO TIP
🔥 No dedicated Hammer Strength SKU for this slot. Trust the pads/levers/safeties on the unit labeled like ""Assisted Dip"", rehearse five light reps, then start working sets.

---

🎯 MACHINE FIT CHECK
🟢 Seat/pad → fitted
🟢 Elbows → press/raise direction
🟢 Shoulders → not shrugged
🟢 Return → 2–3 sec control

### 🔥 Remember this

""Lock the Rotary assist, then descend with the elbows. One-second peak, controlled return."""
PARAMOUNT,슈퍼 인클라인 프레스,Super Incline Press,FW-8700 Total Chest (30° incline),PARTIALLY_VERIFIED,Paramount Fitness,Paramount Total,https://www.well-mir.ru/uploads/catalog_fw_xfw3.pdf,슈퍼 인클라인 전용 SKU 없이 FW-8700 30° 인클라인이 가장 가깝습니다,"시트, 손잡이, 시작 각도, 중량","🏋️ PARAMOUNT — FW-8700 Total Chest (30° incline) · Paramount Total

🎯 ONE KEY CUE
🔥 ""Rotary 높은 인클라인에서도 견갑을 고정하고 위·앞으로 밀기""

슈퍼 인클라인 전용 SKU 없이 FW-8700 30° 인클라인이 가장 가깝습니다. Paramount Total 구조입니다. 처음부터 무게 올리지 말고, 세팅부터 잡으세요.

---

⚙️ ① 기구 세팅
🪑 좌석 / 패드
시트를 몸에 맞추세요. 시작 위치가 어깨·관절에 자연스럽게 오는지 확인합니다.
🤲 그립 / 손 위치
손잡이를 편안한 너비로 잡으세요. 손목이 꺾이지 않게 합니다.
⚙️ 조절 포인트
시트, 손잡이, 시작 각도, 중량을 확인하세요.
이 카테고리는 공식 명칭이 겹칠 수 있으니, 헬스장 기구의 실제 레버·패드 배치를 우선하세요.

---

💪 ② 시작 자세
등과 골반을 패드에 붙이고, 손잡이가 가슴 높이에 오게 잡습니다.
이 자세에서 이것만 확인하세요.
👉 등이 패드에서 뜨지 않는지

---

🔥 ③ 운동 방법
높은 각도에서 손잡이를 위·앞으로 밀었다 복귀.
손보다 팔꿈치를 앞(또는 위)으로 보내는 느낌으로 미세요. 끝에서 어깨를 앞으로 밀어 넣지 마세요.

---

💥 ④ 최고 수축
팔꿈치가 앞으로 나가 가슴이 수축되는 지점에서 멈춥니다. 어깨를 더 밀지 마세요.
⏱️ 1초 STOP
튕기지 말고 그 지점에서 1초만 소유하세요. 무게를 놓는 순간이 아닙니다.

---

🐌 ⑤ 천천히 돌아오기
중량을 그냥 놓지 마세요.
2~3초 동안 통제하면서 복귀합니다.
시작 자세로 돌아갈 때도 같은 궤적을 유지하세요.

---

❌ 흔한 실수
❌ 허리를 들어 올리며 벤치프레스처럼 미는
자세가 무너지면 무게를 낮추세요.
❌ 어깨를 앞으로 말며 반동으로 미는 것
템포를 늦추고 같은 궤적만 반복하세요.
❌ 허리를 과하게 아치해 가슴 대신 요추로 미는 것
깊이보다 골반 고정이 먼저입니다. 허리가 뜨면 범위를 줄이세요.
❌ 끝에서 어깨를 더 밀어 넣는 것
자세가 무너지면 무게를 낮추세요.

---

💡 MACHINE FIT PRO TIP
🔥 FW-8700 Total Chest (30° incline)의 가이드 궤적을 이용하세요. 첫 2세트는 천천히, 대칭이 확인된 뒤에만 무게를 올립니다.

---

🎯 MACHINE FIT CHECK
🟢 시트/패드 → 몸에 맞춤
🟢 팔꿈치 → 미는/드는 방향
🟢 어깨 → 으쓱하지 않기
🟢 복귀 → 2~3초 통제

### 🔥 이것만 기억하세요

""Rotary 높은 인클라인에서도 견갑을 고정하고 위·앞으로 밀기. 끝에서 1초, 복귀는 통제.""","🏋️ PARAMOUNT — FW-8700 Total Chest (30° incline) · Paramount Total

🎯 ONE KEY CUE
🔥 ""Even on a steep Rotary incline, keep scapulae set and press up and forward""

슈퍼 인클라인 전용 SKU 없이 FW-8700 30° 인클라인이 가장 가깝습니다 Lean into the Paramount Total design. Do not chase load until the setup feels locked in.

---

⚙️ ① Setup
🪑 Seat / pads
Fit the seat to your body so the start position sits naturally on the working joint.
🤲 Grip / hands
Take a comfortable grip width and keep the wrists stacked, not bent.
⚙️ Adjustments
Check 시트, 손잡이, 시작 각도, 중량.
Naming can overlap in this category — trust the levers and pads on the unit in front of you.

---

💪 ② Start position
Pin back and pelvis to the pad with the handles at chest height.
Check only this:
👉 Back still on the pad

---

🔥 ③ Execution
Press by driving the elbows forward/up. Do not dump the shoulders forward at lockout.
Press out on the machine path, then return under control.

---

💥 ④ Peak contraction
Stop where the chest is contracted — do not dump the shoulders farther forward.
⏱️ 1-second STOP
Own that position for one second. This is not where you dump the weight.

---

🐌 ⑤ Controlled return
Do not dump the load.
Take 2–3 seconds on the way back.
Return on the same path you pressed or pulled.

---

❌ Common mistakes
❌ Dumping the shoulders forward and bouncing the press
Slow the tempo and repeat one clean path.
❌ Over-arching so the low back takes over
If position breaks, cut the load.
❌ Shoving the shoulders farther at lockout
If position breaks, cut the load.

---

💡 MACHINE FIT PRO TIP
🔥 Use the guided path on FW-8700 Total Chest (30° incline). Slow the first two sets, confirm symmetry, then add load.

---

🎯 MACHINE FIT CHECK
🟢 Seat/pad → fitted
🟢 Elbows → press/raise direction
🟢 Shoulders → not shrugged
🟢 Return → 2–3 sec control

### 🔥 Remember this

""Even on a steep Rotary incline, keep scapulae set and press up and forward. One-second peak, controlled return."""
PARAMOUNT,랫풀다운,Lat Pulldown,FW-1400 Rotary Lat Pulldown,VERIFIED,Paramount Fitness,Paramount Rotary,https://www.well-mir.ru/uploads/catalog_fw_xfw3.pdf,Paramount FW-1400 Rotary Lat Pulldown입니다,"시트, 허벅지 패드, 그립, 스택/중량","🏋️ PARAMOUNT — FW-1400 Rotary Lat Pulldown · Paramount Rotary

🎯 ONE KEY CUE
🔥 ""Rotary 랫풀에서 흉곽을 세운 채 바를 쇄골 쪽으로 당기기""

Paramount FW-1400 Rotary Lat Pulldown. Paramount Rotary FW 구조입니다. 처음부터 무게 올리지 말고, 세팅부터 잡으세요.

---

⚙️ ① 기구 세팅
🪑 좌석 / 패드
가슴/등 패드에 몸을 안정적으로 붙이세요. 패드에서 몸이 들리면 반동이 들어갑니다.
🤲 그립 / 손 위치
그립를 편안한 너비로 잡으세요. 손목이 꺾이지 않게 합니다.
⚙️ 조절 포인트
시트, 허벅지 패드, 그립, 스택/중량을 확인하세요.

---

💪 ② 시작 자세
가슴을 세우고 어깨를 귀에서 멀리 둡니다. 팔보다 등부터 준비합니다.
이 자세에서 이것만 확인하세요.
👉 어깨가 귀 쪽으로 올라가지 않는지

---

🔥 ③ 운동 방법
바를 아래로 당겼다 팔을 펴며 복귀.
손잡이를 당긴다고 생각하지 말고, 팔꿈치를 목표 지점으로 보내세요.

---

💥 ④ 최고 수축
팔꿈치가 목표에 도착해 등이 조여지는 지점에서 멈춥니다.
⏱️ 1초 STOP
튕기지 말고 그 지점에서 1초만 소유하세요. 무게를 놓는 순간이 아닙니다.

---

🐌 ⑤ 천천히 돌아오기
중량을 그냥 놓지 마세요.
2~3초 동안 통제하면서 복귀합니다.
팔이 펴질 때까지 등을 놓지 말고, 어깨가 앞으로 말리지 않게 버팁니다.

---

❌ 흔한 실수
❌ 허리를 과하게 젖히며 반동으로 당기는
템포를 늦추고 같은 궤적만 반복하세요.
❌ 몸을 뒤로 젖혀 반동으로 당기는 것
템포를 늦추고 같은 궤적만 반복하세요.
❌ 어깨를 으쓱하며 승모근만 쓰는 것
어깨를 귀에서 멀리 두고 다시 시작하세요.
❌ 손잡이만 당기고 팔꿈치는 안 움직이는 것
자세가 무너지면 무게를 낮추세요.

---

💡 MACHINE FIT PRO TIP
🔥 FW-1400 Rotary Lat Pulldown의 가이드 궤적을 이용하세요. 첫 2세트는 천천히, 대칭이 확인된 뒤에만 무게를 올립니다.

---

🎯 MACHINE FIT CHECK
🟢 시트/패드 → 몸에 맞춤
🟢 팔꿈치 → 당김 방향
🟢 어깨 → 으쓱하지 않기
🟢 복귀 → 2~3초 통제

### 🔥 이것만 기억하세요

""Rotary 랫풀에서 흉곽을 세운 채 바를 쇄골 쪽으로 당기기. 끝에서 1초, 복귀는 통제.""","🏋️ PARAMOUNT — FW-1400 Rotary Lat Pulldown · Paramount Rotary

🎯 ONE KEY CUE
🔥 ""On the Rotary lat pulldown, lift the ribcage and pull the bar to the collarbone""

Paramount FW-1400 Rotary Lat Pulldown입니다 Lean into the Paramount Rotary FW design. Do not chase load until the setup feels locked in.

---

⚙️ ① Setup
🪑 Seat / pads
Pin yourself to the chest/back pad. If you lift off the pad, you are cheating with momentum.
🤲 Grip / hands
Take a comfortable grip width and keep the wrists stacked, not bent.
⚙️ Adjustments
Check 시트, 허벅지 패드, 그립, 스택/중량.

---

💪 ② Start position
Lift the chest and keep the shoulders away from the ears. Prepare the back before the arms.
Check only this:
👉 Shoulders not shrugged

---

🔥 ③ Execution
Do not think “pull the handle.” Drive the elbows to the target.
Drive the elbows back/down on the row or pulldown path, then lengthen slowly.

---

💥 ④ Peak contraction
Stop where the elbows arrive and the back is squeezed.
⏱️ 1-second STOP
Own that position for one second. This is not where you dump the weight.

---

🐌 ⑤ Controlled return
Do not dump the load.
Take 2–3 seconds on the way back.
Keep the back set as the arms lengthen — do not let the shoulders dump forward.

---

❌ Common mistakes
❌ Leaning back for momentum
Slow the tempo and repeat one clean path.
❌ Shrugging and turning it into an upper-trap pull
Keep the shoulders away from the ears and restart.
❌ Yank the handles without moving the elbows
If position breaks, cut the load.

---

💡 MACHINE FIT PRO TIP
🔥 Use the guided path on FW-1400 Rotary Lat Pulldown. Slow the first two sets, confirm symmetry, then add load.

---

🎯 MACHINE FIT CHECK
🟢 Seat/pad → fitted
🟢 Elbows → pull direction
🟢 Shoulders → not shrugged
🟢 Return → 2–3 sec control

### 🔥 Remember this

""On the Rotary lat pulldown, lift the ribcage and pull the bar to the collarbone. One-second peak, controlled return."""
PARAMOUNT,와이드 랫풀다운,Wide Lat Pulldown,FW-1400 Rotary Lat Pulldown,PARTIALLY_VERIFIED,Paramount Fitness,Paramount Rotary,https://www.well-mir.ru/uploads/catalog_fw_xfw3.pdf,와이드 전용 SKU 없이 FW-1400 와이드 그립 패턴입니다,"시트, 허벅지 패드, 와이드 그립, 스택/중량","🏋️ PARAMOUNT — FW-1400 Rotary Lat Pulldown · Paramount Rotary

🎯 ONE KEY CUE
🔥 ""Rotary 와이드 그립에서 팔꿈치를 옆구리로 끌어내리기""

와이드 전용 SKU 없이 FW-1400 와이드 그립 패턴. Paramount Rotary FW 구조입니다. 처음부터 무게 올리지 말고, 세팅부터 잡으세요.

---

⚙️ ① 기구 세팅
🪑 좌석 / 패드
가슴/등 패드에 몸을 안정적으로 붙이세요. 패드에서 몸이 들리면 반동이 들어갑니다.
🤲 그립 / 손 위치
와이드 그립를 편안한 너비로 잡으세요. 손목이 꺾이지 않게 합니다.
⚙️ 조절 포인트
시트, 허벅지 패드, 와이드 그립, 스택/중량을 확인하세요.
이 카테고리는 공식 명칭이 겹칠 수 있으니, 헬스장 기구의 실제 레버·패드 배치를 우선하세요.

---

💪 ② 시작 자세
가슴을 세우고 어깨를 귀에서 멀리 둡니다. 팔보다 등부터 준비합니다.
이 자세에서 이것만 확인하세요.
👉 어깨가 귀 쪽으로 올라가지 않는지

---

🔥 ③ 운동 방법
넓은 그립으로 바를 쇄골 앞으로 당겼다 복귀.
손잡이를 당긴다고 생각하지 말고, 팔꿈치를 목표 지점으로 보내세요.

---

💥 ④ 최고 수축
팔꿈치가 목표에 도착해 등이 조여지는 지점에서 멈춥니다.
⏱️ 1초 STOP
튕기지 말고 그 지점에서 1초만 소유하세요. 무게를 놓는 순간이 아닙니다.

---

🐌 ⑤ 천천히 돌아오기
중량을 그냥 놓지 마세요.
2~3초 동안 통제하면서 복귀합니다.
팔이 펴질 때까지 등을 놓지 말고, 어깨가 앞으로 말리지 않게 버팁니다.

---

❌ 흔한 실수
❌ 바를 목 뒤로 무리하게 당기는
자세가 무너지면 무게를 낮추세요.
❌ 몸을 뒤로 젖혀 반동으로 당기는 것
템포를 늦추고 같은 궤적만 반복하세요.
❌ 어깨를 으쓱하며 승모근만 쓰는 것
어깨를 귀에서 멀리 두고 다시 시작하세요.
❌ 손잡이만 당기고 팔꿈치는 안 움직이는 것
자세가 무너지면 무게를 낮추세요.

---

💡 MACHINE FIT PRO TIP
🔥 FW-1400 Rotary Lat Pulldown의 가이드 궤적을 이용하세요. 첫 2세트는 천천히, 대칭이 확인된 뒤에만 무게를 올립니다.

---

🎯 MACHINE FIT CHECK
🟢 시트/패드 → 몸에 맞춤
🟢 팔꿈치 → 당김 방향
🟢 어깨 → 으쓱하지 않기
🟢 복귀 → 2~3초 통제

### 🔥 이것만 기억하세요

""Rotary 와이드 그립에서 팔꿈치를 옆구리로 끌어내리기. 끝에서 1초, 복귀는 통제.""","🏋️ PARAMOUNT — FW-1400 Rotary Lat Pulldown · Paramount Rotary

🎯 ONE KEY CUE
🔥 ""On the Rotary wide lat path, drive the elbows down to the sides""

와이드 전용 SKU 없이 FW-1400 와이드 그립 패턴입니다 Lean into the Paramount Rotary FW design. Do not chase load until the setup feels locked in.

---

⚙️ ① Setup
🪑 Seat / pads
Pin yourself to the chest/back pad. If you lift off the pad, you are cheating with momentum.
🤲 Grip / hands
Take a comfortable grip width and keep the wrists stacked, not bent.
⚙️ Adjustments
Check 시트, 허벅지 패드, 와이드 그립, 스택/중량.
Naming can overlap in this category — trust the levers and pads on the unit in front of you.

---

💪 ② Start position
Lift the chest and keep the shoulders away from the ears. Prepare the back before the arms.
Check only this:
👉 Shoulders not shrugged

---

🔥 ③ Execution
Do not think “pull the handle.” Drive the elbows to the target.
Drive the elbows back/down on the row or pulldown path, then lengthen slowly.

---

💥 ④ Peak contraction
Stop where the elbows arrive and the back is squeezed.
⏱️ 1-second STOP
Own that position for one second. This is not where you dump the weight.

---

🐌 ⑤ Controlled return
Do not dump the load.
Take 2–3 seconds on the way back.
Keep the back set as the arms lengthen — do not let the shoulders dump forward.

---

❌ Common mistakes
❌ Leaning back for momentum
Slow the tempo and repeat one clean path.
❌ Shrugging and turning it into an upper-trap pull
Keep the shoulders away from the ears and restart.
❌ Yank the handles without moving the elbows
If position breaks, cut the load.

---

💡 MACHINE FIT PRO TIP
🔥 Use the guided path on FW-1400 Rotary Lat Pulldown. Slow the first two sets, confirm symmetry, then add load.

---

🎯 MACHINE FIT CHECK
🟢 Seat/pad → fitted
🟢 Elbows → pull direction
🟢 Shoulders → not shrugged
🟢 Return → 2–3 sec control

### 🔥 Remember this

""On the Rotary wide lat path, drive the elbows down to the sides. One-second peak, controlled return."""
PARAMOUNT,프론트 풀다운,Front Pulldown,FW-1400 Rotary Lat Pulldown,PARTIALLY_VERIFIED,Paramount Fitness,Paramount Rotary,https://www.well-mir.ru/uploads/catalog_fw_xfw3.pdf,프론트 풀다운 전용명 없이 FW-1400 전면 랫풀 궤적입니다,"시트, 허벅지 패드, 그립, 스택/중량","🏋️ PARAMOUNT — FW-1400 Rotary Lat Pulldown · Paramount Rotary

🎯 ONE KEY CUE
🔥 ""Rotary 프론트 풀다운에서 바가 얼굴 앞을 지나가게 수직으로 당기기""

프론트 풀다운 전용명 없이 FW-1400 전면 랫풀 궤적. Paramount Rotary FW 구조입니다. 처음부터 무게 올리지 말고, 세팅부터 잡으세요.

---

⚙️ ① 기구 세팅
🪑 좌석 / 패드
가슴/등 패드에 몸을 안정적으로 붙이세요. 패드에서 몸이 들리면 반동이 들어갑니다.
🤲 그립 / 손 위치
그립를 편안한 너비로 잡으세요. 손목이 꺾이지 않게 합니다.
⚙️ 조절 포인트
시트, 허벅지 패드, 그립, 스택/중량을 확인하세요.
이 카테고리는 공식 명칭이 겹칠 수 있으니, 헬스장 기구의 실제 레버·패드 배치를 우선하세요.

---

💪 ② 시작 자세
가슴을 세우고 어깨를 귀에서 멀리 둡니다. 팔보다 등부터 준비합니다.
이 자세에서 이것만 확인하세요.
👉 어깨가 귀 쪽으로 올라가지 않는지

---

🔥 ③ 운동 방법
바를 쇄골 앞으로 당겼다 천천히 복귀.
손잡이를 당긴다고 생각하지 말고, 팔꿈치를 목표 지점으로 보내세요.

---

💥 ④ 최고 수축
팔꿈치가 목표에 도착해 등이 조여지는 지점에서 멈춥니다.
⏱️ 1초 STOP
튕기지 말고 그 지점에서 1초만 소유하세요. 무게를 놓는 순간이 아닙니다.

---

🐌 ⑤ 천천히 돌아오기
중량을 그냥 놓지 마세요.
2~3초 동안 통제하면서 복귀합니다.
팔이 펴질 때까지 등을 놓지 말고, 어깨가 앞으로 말리지 않게 버팁니다.

---

❌ 흔한 실수
❌ 상체를 뒤로 과도하게 눕히는
자세가 무너지면 무게를 낮추세요.
❌ 몸을 뒤로 젖혀 반동으로 당기는 것
템포를 늦추고 같은 궤적만 반복하세요.
❌ 어깨를 으쓱하며 승모근만 쓰는 것
어깨를 귀에서 멀리 두고 다시 시작하세요.
❌ 손잡이만 당기고 팔꿈치는 안 움직이는 것
자세가 무너지면 무게를 낮추세요.

---

💡 MACHINE FIT PRO TIP
🔥 FW-1400 Rotary Lat Pulldown의 가이드 궤적을 이용하세요. 첫 2세트는 천천히, 대칭이 확인된 뒤에만 무게를 올립니다.

---

🎯 MACHINE FIT CHECK
🟢 시트/패드 → 몸에 맞춤
🟢 팔꿈치 → 당김 방향
🟢 어깨 → 으쓱하지 않기
🟢 복귀 → 2~3초 통제

### 🔥 이것만 기억하세요

""Rotary 프론트 풀다운에서 바가 얼굴 앞을 지나가게 수직으로 당기기. 끝에서 1초, 복귀는 통제.""","🏋️ PARAMOUNT — FW-1400 Rotary Lat Pulldown · Paramount Rotary

🎯 ONE KEY CUE
🔥 ""On the Rotary front pulldown, pull vertically so the bar passes in front of the face""

프론트 풀다운 전용명 없이 FW-1400 전면 랫풀 궤적입니다 Lean into the Paramount Rotary FW design. Do not chase load until the setup feels locked in.

---

⚙️ ① Setup
🪑 Seat / pads
Pin yourself to the chest/back pad. If you lift off the pad, you are cheating with momentum.
🤲 Grip / hands
Take a comfortable grip width and keep the wrists stacked, not bent.
⚙️ Adjustments
Check 시트, 허벅지 패드, 그립, 스택/중량.
Naming can overlap in this category — trust the levers and pads on the unit in front of you.

---

💪 ② Start position
Lift the chest and keep the shoulders away from the ears. Prepare the back before the arms.
Check only this:
👉 Shoulders not shrugged

---

🔥 ③ Execution
Do not think “pull the handle.” Drive the elbows to the target.
Drive the elbows back/down on the row or pulldown path, then lengthen slowly.

---

💥 ④ Peak contraction
Stop where the elbows arrive and the back is squeezed.
⏱️ 1-second STOP
Own that position for one second. This is not where you dump the weight.

---

🐌 ⑤ Controlled return
Do not dump the load.
Take 2–3 seconds on the way back.
Keep the back set as the arms lengthen — do not let the shoulders dump forward.

---

❌ Common mistakes
❌ Leaning back for momentum
Slow the tempo and repeat one clean path.
❌ Shrugging and turning it into an upper-trap pull
Keep the shoulders away from the ears and restart.
❌ Yank the handles without moving the elbows
If position breaks, cut the load.

---

💡 MACHINE FIT PRO TIP
🔥 Use the guided path on FW-1400 Rotary Lat Pulldown. Slow the first two sets, confirm symmetry, then add load.

---

🎯 MACHINE FIT CHECK
🟢 Seat/pad → fitted
🟢 Elbows → pull direction
🟢 Shoulders → not shrugged
🟢 Return → 2–3 sec control

### 🔥 Remember this

""On the Rotary front pulldown, pull vertically so the bar passes in front of the face. One-second peak, controlled return."""
PARAMOUNT,아이소래터럴 랫풀다운,Iso-Lateral Lat Pulldown,FW-1400 Rotary Lat Pulldown,PARTIALLY_VERIFIED,Paramount Fitness,Paramount Rotary,https://www.well-mir.ru/uploads/catalog_fw_xfw3.pdf,Iso Lat 전용 SKU 없이 FW-1400 Rotary 독립 궤적으로 둡니다,"시트, 좌·우 시작, 스택/중량","🏋️ PARAMOUNT — FW-1400 Rotary Lat Pulldown · Paramount Rotary

🎯 ONE KEY CUE
🔥 ""Rotary 독립 랫풀로 좌우를 같은 깊이로 당기며 불균형 확인""

Iso Lat 전용 SKU 없이 FW-1400 Rotary 독립 궤적으로 둡니다. 좌우가 독립으로 움직이는 · Paramount Rotary FW 구조입니다. 처음부터 무게 올리지 말고, 세팅부터 잡으세요.

---

⚙️ ① 기구 세팅
🪑 좌석 / 패드
가슴/등 패드에 몸을 안정적으로 붙이세요. 패드에서 몸이 들리면 반동이 들어갑니다.
🤲 그립 / 손 위치
양손잡이 높이가 좌우 같은지 먼저 보세요. 독립 암이라 한쪽만 어긋나도 바로 느껴집니다.
⚙️ 조절 포인트
시트, 좌·우 시작, 스택/중량을 확인하세요. 좌우 시작 위치가 같은지도 같이 봅니다.
이 카테고리는 공식 명칭이 겹칠 수 있으니, 헬스장 기구의 실제 레버·패드 배치를 우선하세요.

---

💪 ② 시작 자세
가슴을 세우고 어깨를 귀에서 멀리 둡니다. 팔보다 등부터 준비합니다.
좌우가 같은 높이에서 시작하는지 한 번 더 보세요.
이 자세에서 이것만 확인하세요.
👉 어깨가 귀 쪽으로 올라가지 않는지

---

🔥 ③ 운동 방법
각 팔을 독립적으로 아래로 당겼다 복귀.
양쪽을 같은 속도로 움직이세요. 한쪽이 먼저 끝나면 무게를 더 올리기 전에 밸런스부터 잡습니다.

---

💥 ④ 최고 수축
팔꿈치가 목표에 도착해 등이 조여지는 지점에서 멈춥니다.
⏱️ 1초 STOP
튕기지 말고 그 지점에서 1초만 소유하세요. 무게를 놓는 순간이 아닙니다.

---

🐌 ⑤ 천천히 돌아오기
중량을 그냥 놓지 마세요.
2~3초 동안 통제하면서 복귀합니다.
팔이 펴질 때까지 등을 놓지 말고, 어깨가 앞으로 말리지 않게 버팁니다.

---

❌ 흔한 실수
❌ 한쪽만 깊게 당겨 비대칭을 키우는
약한 쪽 속도에 강한 쪽을 맞추세요.
❌ 몸을 뒤로 젖혀 반동으로 당기는 것
템포를 늦추고 같은 궤적만 반복하세요.
❌ 어깨를 으쓱하며 승모근만 쓰는 것
어깨를 귀에서 멀리 두고 다시 시작하세요.
❌ 손잡이만 당기고 팔꿈치는 안 움직이는 것
자세가 무너지면 무게를 낮추세요.
❌ 한쪽만 먼저 끝내고 반대쪽을 따라가게 하는 것
약한 쪽 속도에 강한 쪽을 맞추세요.

---

💡 MACHINE FIT PRO TIP
🔥 이 기구는 좌우 암이 독립적으로 움직이는 게 장점입니다. 무게를 올리기 전에 양쪽이 같은 속도로 가는지 확인하세요. 한쪽이 먼저 끝까지 가 버리면 중량보다 밸런스가 먼저입니다.

---

🎯 MACHINE FIT CHECK
🟢 시트/패드 → 몸에 맞춤
🟢 팔꿈치 → 당김 방향
🟢 좌우 → 같은 속도
🟢 복귀 → 2~3초 통제

### 🔥 이것만 기억하세요

""좌우 같은 속도, 끝에서 1초, 복귀는 통제.""","🏋️ PARAMOUNT — FW-1400 Rotary Lat Pulldown · Paramount Rotary

🎯 ONE KEY CUE
🔥 ""With Rotary independent lat arms, pull both sides to the same depth""

Iso Lat 전용 SKU 없이 FW-1400 Rotary 독립 궤적으로 둡니다 Lean into the independent arms / Paramount Rotary FW design. Do not chase load until the setup feels locked in.

---

⚙️ ① Setup
🪑 Seat / pads
Pin yourself to the chest/back pad. If you lift off the pad, you are cheating with momentum.
🤲 Grip / hands
Match left and right handle height first — independent arms expose any mismatch immediately.
⚙️ Adjustments
Check 시트, 좌·우 시작, 스택/중량. Confirm both sides start from the same position.
Naming can overlap in this category — trust the levers and pads on the unit in front of you.

---

💪 ② Start position
Lift the chest and keep the shoulders away from the ears. Prepare the back before the arms.
Double-check both sides start at the same height.
Check only this:
👉 Shoulders not shrugged

---

🔥 ③ Execution
Match left-right speed. If one side finishes early, fix balance before adding load.
Drive the elbows back/down on the row or pulldown path, then lengthen slowly. Keep both sides honest.

---

💥 ④ Peak contraction
Stop where the elbows arrive and the back is squeezed.
⏱️ 1-second STOP
Own that position for one second. This is not where you dump the weight.

---

🐌 ⑤ Controlled return
Do not dump the load.
Take 2–3 seconds on the way back.
Keep the back set as the arms lengthen — do not let the shoulders dump forward.

---

❌ Common mistakes
❌ Leaning back for momentum
Slow the tempo and repeat one clean path.
❌ Shrugging and turning it into an upper-trap pull
Keep the shoulders away from the ears and restart.
❌ Yank the handles without moving the elbows
If position breaks, cut the load.
❌ Letting one side finish early
Match the stronger side to the weaker side’s speed.

---

💡 MACHINE FIT PRO TIP
🔥 Independent arms are the point. Before you load up, confirm both sides move at the same speed. If one side finishes early, fix balance before adding plates or pins.

---

🎯 MACHINE FIT CHECK
🟢 Seat/pad → fitted
🟢 Elbows → pull direction
🟢 Left/right → same speed
🟢 Return → 2–3 sec control

### 🔥 Remember this

""Match sides, one-second peak, controlled return."""
PARAMOUNT,하이로우,High Row,FW-1300 Rotary Row,PARTIALLY_VERIFIED,Paramount Fitness,Paramount Rotary,https://www.well-mir.ru/uploads/catalog_fw_xfw3.pdf,하이로우 전용 SKU 없이 FW-1300 Rotary Row 높은 궤적이 가깝습니다,"시트, 손잡이 높이, 풋 지지, 스택/중량","🏋️ PARAMOUNT — FW-1300 Rotary Row · Paramount Rotary

🎯 ONE KEY CUE
🔥 ""Rotary 하이로우에서 팔꿈치를 높게 유지한 채 견갑을 모으며 당기기""

하이로우 전용 SKU 없이 FW-1300 Rotary Row 높은 궤적이 가깝습니다. Paramount Rotary FW 구조입니다. 처음부터 무게 올리지 말고, 세팅부터 잡으세요.

---

⚙️ ① 기구 세팅
🪑 좌석 / 패드
가슴/등 패드에 몸을 안정적으로 붙이세요. 패드에서 몸이 들리면 반동이 들어갑니다.
🤲 그립 / 손 위치
손잡이 높이를 편안한 너비로 잡으세요. 손목이 꺾이지 않게 합니다.
⚙️ 조절 포인트
시트, 손잡이 높이, 풋 지지, 스택/중량을 확인하세요.
이 카테고리는 공식 명칭이 겹칠 수 있으니, 헬스장 기구의 실제 레버·패드 배치를 우선하세요.

---

💪 ② 시작 자세
가슴을 세우고 어깨를 귀에서 멀리 둡니다. 팔보다 등부터 준비합니다.
이 자세에서 이것만 확인하세요.
👉 어깨가 귀 쪽으로 올라가지 않는지

---

🔥 ③ 운동 방법
손잡이를 높은 궤적으로 몸통으로 당겼다 복귀.
손잡이를 당긴다고 생각하지 말고, 팔꿈치를 목표 지점으로 보내세요.

---

💥 ④ 최고 수축
팔꿈치가 목표에 도착해 등이 조여지는 지점에서 멈춥니다.
⏱️ 1초 STOP
튕기지 말고 그 지점에서 1초만 소유하세요. 무게를 놓는 순간이 아닙니다.

---

🐌 ⑤ 천천히 돌아오기
중량을 그냥 놓지 마세요.
2~3초 동안 통제하면서 복귀합니다.
팔이 펴질 때까지 등을 놓지 말고, 어깨가 앞으로 말리지 않게 버팁니다.

---

❌ 흔한 실수
❌ 이두로만 잡아채며 팔꿈치가 떨어지는
자세가 무너지면 무게를 낮추세요.
❌ 몸을 뒤로 젖혀 반동으로 당기는 것
템포를 늦추고 같은 궤적만 반복하세요.
❌ 어깨를 으쓱하며 승모근만 쓰는 것
어깨를 귀에서 멀리 두고 다시 시작하세요.
❌ 손잡이만 당기고 팔꿈치는 안 움직이는 것
자세가 무너지면 무게를 낮추세요.

---

💡 MACHINE FIT PRO TIP
🔥 FW-1300 Rotary Row의 가이드 궤적을 이용하세요. 첫 2세트는 천천히, 대칭이 확인된 뒤에만 무게를 올립니다.

---

🎯 MACHINE FIT CHECK
🟢 시트/패드 → 몸에 맞춤
🟢 팔꿈치 → 당김 방향
🟢 어깨 → 으쓱하지 않기
🟢 복귀 → 2~3초 통제

### 🔥 이것만 기억하세요

""Rotary 하이로우에서 팔꿈치를 높게 유지한 채 견갑을 모으며 당기기. 끝에서 1초, 복귀는 통제.""","🏋️ PARAMOUNT — FW-1300 Rotary Row · Paramount Rotary

🎯 ONE KEY CUE
🔥 ""On the Rotary high row, keep elbows high and retract the scapulae""

하이로우 전용 SKU 없이 FW-1300 Rotary Row 높은 궤적이 가깝습니다 Lean into the Paramount Rotary FW design. Do not chase load until the setup feels locked in.

---

⚙️ ① Setup
🪑 Seat / pads
Pin yourself to the chest/back pad. If you lift off the pad, you are cheating with momentum.
🤲 Grip / hands
Take a comfortable grip width and keep the wrists stacked, not bent.
⚙️ Adjustments
Check 시트, 손잡이 높이, 풋 지지, 스택/중량.
Naming can overlap in this category — trust the levers and pads on the unit in front of you.

---

💪 ② Start position
Lift the chest and keep the shoulders away from the ears. Prepare the back before the arms.
Check only this:
👉 Shoulders not shrugged

---

🔥 ③ Execution
Do not think “pull the handle.” Drive the elbows to the target.
Drive the elbows back/down on the row or pulldown path, then lengthen slowly.

---

💥 ④ Peak contraction
Stop where the elbows arrive and the back is squeezed.
⏱️ 1-second STOP
Own that position for one second. This is not where you dump the weight.

---

🐌 ⑤ Controlled return
Do not dump the load.
Take 2–3 seconds on the way back.
Keep the back set as the arms lengthen — do not let the shoulders dump forward.

---

❌ Common mistakes
❌ Leaning back for momentum
Slow the tempo and repeat one clean path.
❌ Shrugging and turning it into an upper-trap pull
Keep the shoulders away from the ears and restart.
❌ Yank the handles without moving the elbows
If position breaks, cut the load.

---

💡 MACHINE FIT PRO TIP
🔥 Use the guided path on FW-1300 Rotary Row. Slow the first two sets, confirm symmetry, then add load.

---

🎯 MACHINE FIT CHECK
🟢 Seat/pad → fitted
🟢 Elbows → pull direction
🟢 Shoulders → not shrugged
🟢 Return → 2–3 sec control

### 🔥 Remember this

""On the Rotary high row, keep elbows high and retract the scapulae. One-second peak, controlled return."""
PARAMOUNT,아이소래터럴 하이로우,Iso-Lateral High Row,FW-1300 Rotary Row,PARTIALLY_VERIFIED,Paramount Fitness,Paramount Rotary,https://www.well-mir.ru/uploads/catalog_fw_xfw3.pdf,아이소 하이로우 전용 SKU 없이 FW-1300 Rotary Row로 부분 대응합니다,"시트, 좌·우 시작, 풋 지지, 스택/중량","🏋️ PARAMOUNT — FW-1300 Rotary Row · Paramount Rotary

🎯 ONE KEY CUE
🔥 ""Rotary 독립 하이로우로 좌우를 같은 각도로 당기며 등 중앙 수축""

아이소 하이로우 전용 SKU 없이 FW-1300 Rotary Row로 부분 대응합니다. 좌우가 독립으로 움직이는 · Paramount Rotary FW 구조입니다. 처음부터 무게 올리지 말고, 세팅부터 잡으세요.

---

⚙️ ① 기구 세팅
🪑 좌석 / 패드
가슴/등 패드에 몸을 안정적으로 붙이세요. 패드에서 몸이 들리면 반동이 들어갑니다.
🤲 그립 / 손 위치
양손잡이 높이가 좌우 같은지 먼저 보세요. 독립 암이라 한쪽만 어긋나도 바로 느껴집니다.
⚙️ 조절 포인트
시트, 좌·우 시작, 풋 지지, 스택/중량을 확인하세요. 좌우 시작 위치가 같은지도 같이 봅니다.
이 카테고리는 공식 명칭이 겹칠 수 있으니, 헬스장 기구의 실제 레버·패드 배치를 우선하세요.

---

💪 ② 시작 자세
가슴을 세우고 어깨를 귀에서 멀리 둡니다. 팔보다 등부터 준비합니다.
좌우가 같은 높이에서 시작하는지 한 번 더 보세요.
이 자세에서 이것만 확인하세요.
👉 어깨가 귀 쪽으로 올라가지 않는지

---

🔥 ③ 운동 방법
각 팔을 높은 궤적으로 당겼다 복귀.
양쪽을 같은 속도로 움직이세요. 한쪽이 먼저 끝나면 무게를 더 올리기 전에 밸런스부터 잡습니다.

---

💥 ④ 최고 수축
팔꿈치가 목표에 도착해 등이 조여지는 지점에서 멈춥니다.
⏱️ 1초 STOP
튕기지 말고 그 지점에서 1초만 소유하세요. 무게를 놓는 순간이 아닙니다.

---

🐌 ⑤ 천천히 돌아오기
중량을 그냥 놓지 마세요.
2~3초 동안 통제하면서 복귀합니다.
팔이 펴질 때까지 등을 놓지 말고, 어깨가 앞으로 말리지 않게 버팁니다.

---

❌ 흔한 실수
❌ 한쪽만 먼저 당겨 몸통이 돌아가는
약한 쪽 속도에 강한 쪽을 맞추세요.
❌ 몸을 뒤로 젖혀 반동으로 당기는 것
템포를 늦추고 같은 궤적만 반복하세요.
❌ 어깨를 으쓱하며 승모근만 쓰는 것
어깨를 귀에서 멀리 두고 다시 시작하세요.
❌ 손잡이만 당기고 팔꿈치는 안 움직이는 것
자세가 무너지면 무게를 낮추세요.
❌ 한쪽만 먼저 끝내고 반대쪽을 따라가게 하는 것
약한 쪽 속도에 강한 쪽을 맞추세요.

---

💡 MACHINE FIT PRO TIP
🔥 이 기구는 좌우 암이 독립적으로 움직이는 게 장점입니다. 무게를 올리기 전에 양쪽이 같은 속도로 가는지 확인하세요. 한쪽이 먼저 끝까지 가 버리면 중량보다 밸런스가 먼저입니다.

---

🎯 MACHINE FIT CHECK
🟢 시트/패드 → 몸에 맞춤
🟢 팔꿈치 → 당김 방향
🟢 좌우 → 같은 속도
🟢 복귀 → 2~3초 통제

### 🔥 이것만 기억하세요

""좌우 같은 속도, 끝에서 1초, 복귀는 통제.""","🏋️ PARAMOUNT — FW-1300 Rotary Row · Paramount Rotary

🎯 ONE KEY CUE
🔥 ""With Rotary independent high-row arms, match angles and squeeze mid-back""

아이소 하이로우 전용 SKU 없이 FW-1300 Rotary Row로 부분 대응합니다 Lean into the independent arms / Paramount Rotary FW design. Do not chase load until the setup feels locked in.

---

⚙️ ① Setup
🪑 Seat / pads
Pin yourself to the chest/back pad. If you lift off the pad, you are cheating with momentum.
🤲 Grip / hands
Match left and right handle height first — independent arms expose any mismatch immediately.
⚙️ Adjustments
Check 시트, 좌·우 시작, 풋 지지, 스택/중량. Confirm both sides start from the same position.
Naming can overlap in this category — trust the levers and pads on the unit in front of you.

---

💪 ② Start position
Lift the chest and keep the shoulders away from the ears. Prepare the back before the arms.
Double-check both sides start at the same height.
Check only this:
👉 Shoulders not shrugged

---

🔥 ③ Execution
Match left-right speed. If one side finishes early, fix balance before adding load.
Drive the elbows back/down on the row or pulldown path, then lengthen slowly. Keep both sides honest.

---

💥 ④ Peak contraction
Stop where the elbows arrive and the back is squeezed.
⏱️ 1-second STOP
Own that position for one second. This is not where you dump the weight.

---

🐌 ⑤ Controlled return
Do not dump the load.
Take 2–3 seconds on the way back.
Keep the back set as the arms lengthen — do not let the shoulders dump forward.

---

❌ Common mistakes
❌ Leaning back for momentum
Slow the tempo and repeat one clean path.
❌ Shrugging and turning it into an upper-trap pull
Keep the shoulders away from the ears and restart.
❌ Yank the handles without moving the elbows
If position breaks, cut the load.
❌ Letting one side finish early
Match the stronger side to the weaker side’s speed.

---

💡 MACHINE FIT PRO TIP
🔥 Independent arms are the point. Before you load up, confirm both sides move at the same speed. If one side finishes early, fix balance before adding plates or pins.

---

🎯 MACHINE FIT CHECK
🟢 Seat/pad → fitted
🟢 Elbows → pull direction
🟢 Left/right → same speed
🟢 Return → 2–3 sec control

### 🔥 Remember this

""Match sides, one-second peak, controlled return."""
PARAMOUNT,시티드 로우,Seated Row,FW-1300 Rotary Row,VERIFIED,Paramount Fitness,Paramount Rotary,https://www.well-mir.ru/uploads/catalog_fw_xfw3.pdf,Paramount FW-1300 Rotary Row(시티드 로우)입니다,"시트, 풋 지지, 가슴 패드(해당 시), 스택/중량","🏋️ PARAMOUNT — FW-1300 Rotary Row · Paramount Rotary

🎯 ONE KEY CUE
🔥 ""Rotary 시티드 로우에서 풋 지지로 고정한 뒤 팔꿈치를 옆구리로 당기기""

Paramount FW-1300 Rotary Row(시티드 로우). Paramount Rotary FW 구조입니다. 처음부터 무게 올리지 말고, 세팅부터 잡으세요.

---

⚙️ ① 기구 세팅
🪑 좌석 / 패드
가슴/등 패드에 몸을 안정적으로 붙이세요. 패드에서 몸이 들리면 반동이 들어갑니다.
🤲 그립 / 손 위치
손잡이를 편안한 너비로 잡으세요. 손목이 꺾이지 않게 합니다.
⚙️ 조절 포인트
시트, 풋 지지, 가슴 패드(해당 시), 스택/중량을 확인하세요.

---

💪 ② 시작 자세
가슴을 세우고 어깨를 귀에서 멀리 둡니다. 팔보다 등부터 준비합니다.
이 자세에서 이것만 확인하세요.
👉 어깨가 귀 쪽으로 올라가지 않는지

---

🔥 ③ 운동 방법
손잡이를 몸통으로 당겼다 팔을 펴며 복귀.
손잡이를 당긴다고 생각하지 말고, 팔꿈치를 목표 지점으로 보내세요.

---

💥 ④ 최고 수축
팔꿈치가 목표에 도착해 등이 조여지는 지점에서 멈춥니다.
⏱️ 1초 STOP
튕기지 말고 그 지점에서 1초만 소유하세요. 무게를 놓는 순간이 아닙니다.

---

🐌 ⑤ 천천히 돌아오기
중량을 그냥 놓지 마세요.
2~3초 동안 통제하면서 복귀합니다.
팔이 펴질 때까지 등을 놓지 말고, 어깨가 앞으로 말리지 않게 버팁니다.

---

❌ 흔한 실수
❌ 허리를 둥글게 말고 반동으로 당기는
템포를 늦추고 같은 궤적만 반복하세요.
❌ 몸을 뒤로 젖혀 반동으로 당기는 것
템포를 늦추고 같은 궤적만 반복하세요.
❌ 어깨를 으쓱하며 승모근만 쓰는 것
어깨를 귀에서 멀리 두고 다시 시작하세요.
❌ 손잡이만 당기고 팔꿈치는 안 움직이는 것
자세가 무너지면 무게를 낮추세요.

---

💡 MACHINE FIT PRO TIP
🔥 FW-1300 Rotary Row의 가이드 궤적을 이용하세요. 첫 2세트는 천천히, 대칭이 확인된 뒤에만 무게를 올립니다.

---

🎯 MACHINE FIT CHECK
🟢 시트/패드 → 몸에 맞춤
🟢 팔꿈치 → 당김 방향
🟢 어깨 → 으쓱하지 않기
🟢 복귀 → 2~3초 통제

### 🔥 이것만 기억하세요

""Rotary 시티드 로우에서 풋 지지로 고정한 뒤 팔꿈치를 옆구리로 당기기. 끝에서 1초, 복귀는 통제.""","🏋️ PARAMOUNT — FW-1300 Rotary Row · Paramount Rotary

🎯 ONE KEY CUE
🔥 ""On the Rotary seated row, brace on the foot supports then pull elbows to the sides""

Paramount FW-1300 Rotary Row(시티드 로우)입니다 Lean into the Paramount Rotary FW design. Do not chase load until the setup feels locked in.

---

⚙️ ① Setup
🪑 Seat / pads
Pin yourself to the chest/back pad. If you lift off the pad, you are cheating with momentum.
🤲 Grip / hands
Take a comfortable grip width and keep the wrists stacked, not bent.
⚙️ Adjustments
Check 시트, 풋 지지, 가슴 패드(해당 시), 스택/중량.

---

💪 ② Start position
Lift the chest and keep the shoulders away from the ears. Prepare the back before the arms.
Check only this:
👉 Shoulders not shrugged

---

🔥 ③ Execution
Do not think “pull the handle.” Drive the elbows to the target.
Drive the elbows back/down on the row or pulldown path, then lengthen slowly.

---

💥 ④ Peak contraction
Stop where the elbows arrive and the back is squeezed.
⏱️ 1-second STOP
Own that position for one second. This is not where you dump the weight.

---

🐌 ⑤ Controlled return
Do not dump the load.
Take 2–3 seconds on the way back.
Keep the back set as the arms lengthen — do not let the shoulders dump forward.

---

❌ Common mistakes
❌ Leaning back for momentum
Slow the tempo and repeat one clean path.
❌ Shrugging and turning it into an upper-trap pull
Keep the shoulders away from the ears and restart.
❌ Yank the handles without moving the elbows
If position breaks, cut the load.

---

💡 MACHINE FIT PRO TIP
🔥 Use the guided path on FW-1300 Rotary Row. Slow the first two sets, confirm symmetry, then add load.

---

🎯 MACHINE FIT CHECK
🟢 Seat/pad → fitted
🟢 Elbows → pull direction
🟢 Shoulders → not shrugged
🟢 Return → 2–3 sec control

### 🔥 Remember this

""On the Rotary seated row, brace on the foot supports then pull elbows to the sides. One-second peak, controlled return."""
PARAMOUNT,로우 머신,Row Machine,FW-1300 Rotary Row,PARTIALLY_VERIFIED,Paramount Fitness,Paramount Rotary,https://www.well-mir.ru/uploads/catalog_fw_xfw3.pdf,로우 머신 범주명은 FW-1300 Rotary Row로 대응합니다,"시트, 풋 지지, 손잡이, 스택/중량","🏋️ PARAMOUNT — FW-1300 Rotary Row · Paramount Rotary

🎯 ONE KEY CUE
🔥 ""Rotary 로우에서 가슴을 세운 채 손잡이를 몸통으로 당기기""

로우 머신 범주명은 FW-1300 Rotary Row로 대응합니다. Paramount Rotary FW 구조입니다. 처음부터 무게 올리지 말고, 세팅부터 잡으세요.

---

⚙️ ① 기구 세팅
🪑 좌석 / 패드
가슴/등 패드에 몸을 안정적으로 붙이세요. 패드에서 몸이 들리면 반동이 들어갑니다.
🤲 그립 / 손 위치
손잡이를 편안한 너비로 잡으세요. 손목이 꺾이지 않게 합니다.
⚙️ 조절 포인트
시트, 풋 지지, 손잡이, 스택/중량을 확인하세요.
이 카테고리는 공식 명칭이 겹칠 수 있으니, 헬스장 기구의 실제 레버·패드 배치를 우선하세요.

---

💪 ② 시작 자세
가슴을 세우고 어깨를 귀에서 멀리 둡니다. 팔보다 등부터 준비합니다.
이 자세에서 이것만 확인하세요.
👉 어깨가 귀 쪽으로 올라가지 않는지

---

🔥 ③ 운동 방법
손잡이를 당겼다 천천히 펴며 복귀.
손잡이를 당긴다고 생각하지 말고, 팔꿈치를 목표 지점으로 보내세요.

---

💥 ④ 최고 수축
팔꿈치가 목표에 도착해 등이 조여지는 지점에서 멈춥니다.
⏱️ 1초 STOP
튕기지 말고 그 지점에서 1초만 소유하세요. 무게를 놓는 순간이 아닙니다.

---

🐌 ⑤ 천천히 돌아오기
중량을 그냥 놓지 마세요.
2~3초 동안 통제하면서 복귀합니다.
팔이 펴질 때까지 등을 놓지 말고, 어깨가 앞으로 말리지 않게 버팁니다.

---

❌ 흔한 실수
❌ 몸을 뒤로 젖혀 반동으로 당기는 것
템포를 늦추고 같은 궤적만 반복하세요.
❌ 어깨를 으쓱하며 승모근만 쓰는 것
어깨를 귀에서 멀리 두고 다시 시작하세요.
❌ 손잡이만 당기고 팔꿈치는 안 움직이는 것
자세가 무너지면 무게를 낮추세요.

---

💡 MACHINE FIT PRO TIP
🔥 FW-1300 Rotary Row의 가이드 궤적을 이용하세요. 첫 2세트는 천천히, 대칭이 확인된 뒤에만 무게를 올립니다.

---

🎯 MACHINE FIT CHECK
🟢 시트/패드 → 몸에 맞춤
🟢 팔꿈치 → 당김 방향
🟢 어깨 → 으쓱하지 않기
🟢 복귀 → 2~3초 통제

### 🔥 이것만 기억하세요

""Rotary 로우에서 가슴을 세운 채 손잡이를 몸통으로 당기기. 끝에서 1초, 복귀는 통제.""","🏋️ PARAMOUNT — FW-1300 Rotary Row · Paramount Rotary

🎯 ONE KEY CUE
🔥 ""On the Rotary row, keep the chest tall and pull handles to the torso""

로우 머신 범주명은 FW-1300 Rotary Row로 대응합니다 Lean into the Paramount Rotary FW design. Do not chase load until the setup feels locked in.

---

⚙️ ① Setup
🪑 Seat / pads
Pin yourself to the chest/back pad. If you lift off the pad, you are cheating with momentum.
🤲 Grip / hands
Take a comfortable grip width and keep the wrists stacked, not bent.
⚙️ Adjustments
Check 시트, 풋 지지, 손잡이, 스택/중량.
Naming can overlap in this category — trust the levers and pads on the unit in front of you.

---

💪 ② Start position
Lift the chest and keep the shoulders away from the ears. Prepare the back before the arms.
Check only this:
👉 Shoulders not shrugged

---

🔥 ③ Execution
Do not think “pull the handle.” Drive the elbows to the target.
Drive the elbows back/down on the row or pulldown path, then lengthen slowly.

---

💥 ④ Peak contraction
Stop where the elbows arrive and the back is squeezed.
⏱️ 1-second STOP
Own that position for one second. This is not where you dump the weight.

---

🐌 ⑤ Controlled return
Do not dump the load.
Take 2–3 seconds on the way back.
Keep the back set as the arms lengthen — do not let the shoulders dump forward.

---

❌ Common mistakes
❌ Leaning back for momentum
Slow the tempo and repeat one clean path.
❌ Shrugging and turning it into an upper-trap pull
Keep the shoulders away from the ears and restart.
❌ Yank the handles without moving the elbows
If position breaks, cut the load.

---

💡 MACHINE FIT PRO TIP
🔥 Use the guided path on FW-1300 Rotary Row. Slow the first two sets, confirm symmetry, then add load.

---

🎯 MACHINE FIT CHECK
🟢 Seat/pad → fitted
🟢 Elbows → pull direction
🟢 Shoulders → not shrugged
🟢 Return → 2–3 sec control

### 🔥 Remember this

""On the Rotary row, keep the chest tall and pull handles to the torso. One-second peak, controlled return."""
PARAMOUNT,로우 로우,Low Row,FW-1300 Rotary Row,PARTIALLY_VERIFIED,Paramount Fitness,Paramount Rotary,https://www.well-mir.ru/uploads/catalog_fw_xfw3.pdf,로우 로우 전용 SKU 없이 FW-1300 낮은 로우 설정입니다,"시트, 풋 지지, 손잡이, 스택/중량","🏋️ PARAMOUNT — FW-1300 Rotary Row · Paramount Rotary

🎯 ONE KEY CUE
🔥 ""Rotary 로우 로우에서 낮은 궤적으로 팔꿈치를 뒤로 보내며 당기기""

로우 로우 전용 SKU 없이 FW-1300 낮은 로우 설정. Paramount Rotary FW 구조입니다. 처음부터 무게 올리지 말고, 세팅부터 잡으세요.

---

⚙️ ① 기구 세팅
🪑 좌석 / 패드
가슴/등 패드에 몸을 안정적으로 붙이세요. 패드에서 몸이 들리면 반동이 들어갑니다.
🤲 그립 / 손 위치
손잡이를 편안한 너비로 잡으세요. 손목이 꺾이지 않게 합니다.
⚙️ 조절 포인트
시트, 풋 지지, 손잡이, 스택/중량을 확인하세요.
이 카테고리는 공식 명칭이 겹칠 수 있으니, 헬스장 기구의 실제 레버·패드 배치를 우선하세요.

---

💪 ② 시작 자세
가슴을 세우고 어깨를 귀에서 멀리 둡니다. 팔보다 등부터 준비합니다.
이 자세에서 이것만 확인하세요.
👉 어깨가 귀 쪽으로 올라가지 않는지

---

🔥 ③ 운동 방법
낮은 손잡이를 몸통으로 당겼다 복귀.
손잡이를 당긴다고 생각하지 말고, 팔꿈치를 목표 지점으로 보내세요.

---

💥 ④ 최고 수축
팔꿈치가 목표에 도착해 등이 조여지는 지점에서 멈춥니다.
⏱️ 1초 STOP
튕기지 말고 그 지점에서 1초만 소유하세요. 무게를 놓는 순간이 아닙니다.

---

🐌 ⑤ 천천히 돌아오기
중량을 그냥 놓지 마세요.
2~3초 동안 통제하면서 복귀합니다.
팔이 펴질 때까지 등을 놓지 말고, 어깨가 앞으로 말리지 않게 버팁니다.

---

❌ 흔한 실수
❌ 상체를 뒤로 과도하게 눕히는
자세가 무너지면 무게를 낮추세요.
❌ 몸을 뒤로 젖혀 반동으로 당기는 것
템포를 늦추고 같은 궤적만 반복하세요.
❌ 어깨를 으쓱하며 승모근만 쓰는 것
어깨를 귀에서 멀리 두고 다시 시작하세요.
❌ 손잡이만 당기고 팔꿈치는 안 움직이는 것
자세가 무너지면 무게를 낮추세요.

---

💡 MACHINE FIT PRO TIP
🔥 FW-1300 Rotary Row의 가이드 궤적을 이용하세요. 첫 2세트는 천천히, 대칭이 확인된 뒤에만 무게를 올립니다.

---

🎯 MACHINE FIT CHECK
🟢 시트/패드 → 몸에 맞춤
🟢 팔꿈치 → 당김 방향
🟢 어깨 → 으쓱하지 않기
🟢 복귀 → 2~3초 통제

### 🔥 이것만 기억하세요

""Rotary 로우 로우에서 낮은 궤적으로 팔꿈치를 뒤로 보내며 당기기. 끝에서 1초, 복귀는 통제.""","🏋️ PARAMOUNT — FW-1300 Rotary Row · Paramount Rotary

🎯 ONE KEY CUE
🔥 ""On the Rotary low row, pull on a low path and drive elbows back""

로우 로우 전용 SKU 없이 FW-1300 낮은 로우 설정입니다 Lean into the Paramount Rotary FW design. Do not chase load until the setup feels locked in.

---

⚙️ ① Setup
🪑 Seat / pads
Pin yourself to the chest/back pad. If you lift off the pad, you are cheating with momentum.
🤲 Grip / hands
Take a comfortable grip width and keep the wrists stacked, not bent.
⚙️ Adjustments
Check 시트, 풋 지지, 손잡이, 스택/중량.
Naming can overlap in this category — trust the levers and pads on the unit in front of you.

---

💪 ② Start position
Lift the chest and keep the shoulders away from the ears. Prepare the back before the arms.
Check only this:
👉 Shoulders not shrugged

---

🔥 ③ Execution
Do not think “pull the handle.” Drive the elbows to the target.
Drive the elbows back/down on the row or pulldown path, then lengthen slowly.

---

💥 ④ Peak contraction
Stop where the elbows arrive and the back is squeezed.
⏱️ 1-second STOP
Own that position for one second. This is not where you dump the weight.

---

🐌 ⑤ Controlled return
Do not dump the load.
Take 2–3 seconds on the way back.
Keep the back set as the arms lengthen — do not let the shoulders dump forward.

---

❌ Common mistakes
❌ Leaning back for momentum
Slow the tempo and repeat one clean path.
❌ Shrugging and turning it into an upper-trap pull
Keep the shoulders away from the ears and restart.
❌ Yank the handles without moving the elbows
If position breaks, cut the load.

---

💡 MACHINE FIT PRO TIP
🔥 Use the guided path on FW-1300 Rotary Row. Slow the first two sets, confirm symmetry, then add load.

---

🎯 MACHINE FIT CHECK
🟢 Seat/pad → fitted
🟢 Elbows → pull direction
🟢 Shoulders → not shrugged
🟢 Return → 2–3 sec control

### 🔥 Remember this

""On the Rotary low row, pull on a low path and drive elbows back. One-second peak, controlled return."""
PARAMOUNT,미드 로우,Mid Row,FW-1300 Rotary Row,PARTIALLY_VERIFIED,Paramount Fitness,Paramount Rotary,https://www.well-mir.ru/uploads/catalog_fw_xfw3.pdf,미드 로우 전용 SKU 없이 FW-1300 중간 높이 로우입니다,"시트, 풋 지지, 손잡이 높이, 스택/중량","🏋️ PARAMOUNT — FW-1300 Rotary Row · Paramount Rotary

🎯 ONE KEY CUE
🔥 ""Rotary 미드 로우에서 팔꿈치를 몸통 높이로 유지하며 견갑 모으기""

미드 로우 전용 SKU 없이 FW-1300 중간 높이 로우. Paramount Rotary FW 구조입니다. 처음부터 무게 올리지 말고, 세팅부터 잡으세요.

---

⚙️ ① 기구 세팅
🪑 좌석 / 패드
가슴/등 패드에 몸을 안정적으로 붙이세요. 패드에서 몸이 들리면 반동이 들어갑니다.
🤲 그립 / 손 위치
손잡이 높이를 편안한 너비로 잡으세요. 손목이 꺾이지 않게 합니다.
⚙️ 조절 포인트
시트, 풋 지지, 손잡이 높이, 스택/중량을 확인하세요.
이 카테고리는 공식 명칭이 겹칠 수 있으니, 헬스장 기구의 실제 레버·패드 배치를 우선하세요.

---

💪 ② 시작 자세
가슴을 세우고 어깨를 귀에서 멀리 둡니다. 팔보다 등부터 준비합니다.
이 자세에서 이것만 확인하세요.
👉 어깨가 귀 쪽으로 올라가지 않는지

---

🔥 ③ 운동 방법
손잡이를 몸통 중간 높이로 당겼다 복귀.
손잡이를 당긴다고 생각하지 말고, 팔꿈치를 목표 지점으로 보내세요.

---

💥 ④ 최고 수축
팔꿈치가 목표에 도착해 등이 조여지는 지점에서 멈춥니다.
⏱️ 1초 STOP
튕기지 말고 그 지점에서 1초만 소유하세요. 무게를 놓는 순간이 아닙니다.

---

🐌 ⑤ 천천히 돌아오기
중량을 그냥 놓지 마세요.
2~3초 동안 통제하면서 복귀합니다.
팔이 펴질 때까지 등을 놓지 말고, 어깨가 앞으로 말리지 않게 버팁니다.

---

❌ 흔한 실수
❌ 팔꿈치를 너무 내려 광배만 쓰는
자세가 무너지면 무게를 낮추세요.
❌ 몸을 뒤로 젖혀 반동으로 당기는 것
템포를 늦추고 같은 궤적만 반복하세요.
❌ 어깨를 으쓱하며 승모근만 쓰는 것
어깨를 귀에서 멀리 두고 다시 시작하세요.
❌ 손잡이만 당기고 팔꿈치는 안 움직이는 것
자세가 무너지면 무게를 낮추세요.

---

💡 MACHINE FIT PRO TIP
🔥 FW-1300 Rotary Row의 가이드 궤적을 이용하세요. 첫 2세트는 천천히, 대칭이 확인된 뒤에만 무게를 올립니다.

---

🎯 MACHINE FIT CHECK
🟢 시트/패드 → 몸에 맞춤
🟢 팔꿈치 → 당김 방향
🟢 어깨 → 으쓱하지 않기
🟢 복귀 → 2~3초 통제

### 🔥 이것만 기억하세요

""Rotary 미드 로우에서 팔꿈치를 몸통 높이로 유지하며 견갑 모으기. 끝에서 1초, 복귀는 통제.""","🏋️ PARAMOUNT — FW-1300 Rotary Row · Paramount Rotary

🎯 ONE KEY CUE
🔥 ""On the Rotary mid row, keep elbows at torso height and retract the scapulae""

미드 로우 전용 SKU 없이 FW-1300 중간 높이 로우입니다 Lean into the Paramount Rotary FW design. Do not chase load until the setup feels locked in.

---

⚙️ ① Setup
🪑 Seat / pads
Pin yourself to the chest/back pad. If you lift off the pad, you are cheating with momentum.
🤲 Grip / hands
Take a comfortable grip width and keep the wrists stacked, not bent.
⚙️ Adjustments
Check 시트, 풋 지지, 손잡이 높이, 스택/중량.
Naming can overlap in this category — trust the levers and pads on the unit in front of you.

---

💪 ② Start position
Lift the chest and keep the shoulders away from the ears. Prepare the back before the arms.
Check only this:
👉 Shoulders not shrugged

---

🔥 ③ Execution
Do not think “pull the handle.” Drive the elbows to the target.
Drive the elbows back/down on the row or pulldown path, then lengthen slowly.

---

💥 ④ Peak contraction
Stop where the elbows arrive and the back is squeezed.
⏱️ 1-second STOP
Own that position for one second. This is not where you dump the weight.

---

🐌 ⑤ Controlled return
Do not dump the load.
Take 2–3 seconds on the way back.
Keep the back set as the arms lengthen — do not let the shoulders dump forward.

---

❌ Common mistakes
❌ Leaning back for momentum
Slow the tempo and repeat one clean path.
❌ Shrugging and turning it into an upper-trap pull
Keep the shoulders away from the ears and restart.
❌ Yank the handles without moving the elbows
If position breaks, cut the load.

---

💡 MACHINE FIT PRO TIP
🔥 Use the guided path on FW-1300 Rotary Row. Slow the first two sets, confirm symmetry, then add load.

---

🎯 MACHINE FIT CHECK
🟢 Seat/pad → fitted
🟢 Elbows → pull direction
🟢 Shoulders → not shrugged
🟢 Return → 2–3 sec control

### 🔥 Remember this

""On the Rotary mid row, keep elbows at torso height and retract the scapulae. One-second peak, controlled return."""
PARAMOUNT,아이소래터럴 로우,Iso-Lateral Row,FW-1300 Rotary Row,PARTIALLY_VERIFIED,Paramount Fitness,Paramount Rotary,https://www.well-mir.ru/uploads/catalog_fw_xfw3.pdf,Iso Row 전용 SKU 없이 FW-1300 Rotary 독립 궤적입니다,"시트, 좌·우 시작, 풋 지지, 스택/중량","🏋️ PARAMOUNT — FW-1300 Rotary Row · Paramount Rotary

🎯 ONE KEY CUE
🔥 ""Rotary 독립 로우로 좌우를 같은 속도로 당기며 불균형 확인""

Iso Row 전용 SKU 없이 FW-1300 Rotary 독립 궤적. 좌우가 독립으로 움직이는 · Paramount Rotary FW 구조입니다. 처음부터 무게 올리지 말고, 세팅부터 잡으세요.

---

⚙️ ① 기구 세팅
🪑 좌석 / 패드
가슴/등 패드에 몸을 안정적으로 붙이세요. 패드에서 몸이 들리면 반동이 들어갑니다.
🤲 그립 / 손 위치
양손잡이 높이가 좌우 같은지 먼저 보세요. 독립 암이라 한쪽만 어긋나도 바로 느껴집니다.
⚙️ 조절 포인트
시트, 좌·우 시작, 풋 지지, 스택/중량을 확인하세요. 좌우 시작 위치가 같은지도 같이 봅니다.
이 카테고리는 공식 명칭이 겹칠 수 있으니, 헬스장 기구의 실제 레버·패드 배치를 우선하세요.

---

💪 ② 시작 자세
가슴을 세우고 어깨를 귀에서 멀리 둡니다. 팔보다 등부터 준비합니다.
좌우가 같은 높이에서 시작하는지 한 번 더 보세요.
이 자세에서 이것만 확인하세요.
👉 어깨가 귀 쪽으로 올라가지 않는지

---

🔥 ③ 운동 방법
각 팔을 독립적으로 당겼다 복귀.
양쪽을 같은 속도로 움직이세요. 한쪽이 먼저 끝나면 무게를 더 올리기 전에 밸런스부터 잡습니다.

---

💥 ④ 최고 수축
팔꿈치가 목표에 도착해 등이 조여지는 지점에서 멈춥니다.
⏱️ 1초 STOP
튕기지 말고 그 지점에서 1초만 소유하세요. 무게를 놓는 순간이 아닙니다.

---

🐌 ⑤ 천천히 돌아오기
중량을 그냥 놓지 마세요.
2~3초 동안 통제하면서 복귀합니다.
팔이 펴질 때까지 등을 놓지 말고, 어깨가 앞으로 말리지 않게 버팁니다.

---

❌ 흔한 실수
❌ 강한 쪽만 먼저 당겨 몸통이 틀어지는
자세가 무너지면 무게를 낮추세요.
❌ 몸을 뒤로 젖혀 반동으로 당기는 것
템포를 늦추고 같은 궤적만 반복하세요.
❌ 어깨를 으쓱하며 승모근만 쓰는 것
어깨를 귀에서 멀리 두고 다시 시작하세요.
❌ 손잡이만 당기고 팔꿈치는 안 움직이는 것
자세가 무너지면 무게를 낮추세요.
❌ 한쪽만 먼저 끝내고 반대쪽을 따라가게 하는 것
약한 쪽 속도에 강한 쪽을 맞추세요.

---

💡 MACHINE FIT PRO TIP
🔥 이 기구는 좌우 암이 독립적으로 움직이는 게 장점입니다. 무게를 올리기 전에 양쪽이 같은 속도로 가는지 확인하세요. 한쪽이 먼저 끝까지 가 버리면 중량보다 밸런스가 먼저입니다.

---

🎯 MACHINE FIT CHECK
🟢 시트/패드 → 몸에 맞춤
🟢 팔꿈치 → 당김 방향
🟢 좌우 → 같은 속도
🟢 복귀 → 2~3초 통제

### 🔥 이것만 기억하세요

""좌우 같은 속도, 끝에서 1초, 복귀는 통제.""","🏋️ PARAMOUNT — FW-1300 Rotary Row · Paramount Rotary

🎯 ONE KEY CUE
🔥 ""With Rotary independent row arms, pull both sides at the same speed""

Iso Row 전용 SKU 없이 FW-1300 Rotary 독립 궤적입니다 Lean into the independent arms / Paramount Rotary FW design. Do not chase load until the setup feels locked in.

---

⚙️ ① Setup
🪑 Seat / pads
Pin yourself to the chest/back pad. If you lift off the pad, you are cheating with momentum.
🤲 Grip / hands
Match left and right handle height first — independent arms expose any mismatch immediately.
⚙️ Adjustments
Check 시트, 좌·우 시작, 풋 지지, 스택/중량. Confirm both sides start from the same position.
Naming can overlap in this category — trust the levers and pads on the unit in front of you.

---

💪 ② Start position
Lift the chest and keep the shoulders away from the ears. Prepare the back before the arms.
Double-check both sides start at the same height.
Check only this:
👉 Shoulders not shrugged

---

🔥 ③ Execution
Match left-right speed. If one side finishes early, fix balance before adding load.
Drive the elbows back/down on the row or pulldown path, then lengthen slowly. Keep both sides honest.

---

💥 ④ Peak contraction
Stop where the elbows arrive and the back is squeezed.
⏱️ 1-second STOP
Own that position for one second. This is not where you dump the weight.

---

🐌 ⑤ Controlled return
Do not dump the load.
Take 2–3 seconds on the way back.
Keep the back set as the arms lengthen — do not let the shoulders dump forward.

---

❌ Common mistakes
❌ Leaning back for momentum
Slow the tempo and repeat one clean path.
❌ Shrugging and turning it into an upper-trap pull
Keep the shoulders away from the ears and restart.
❌ Yank the handles without moving the elbows
If position breaks, cut the load.
❌ Letting one side finish early
Match the stronger side to the weaker side’s speed.

---

💡 MACHINE FIT PRO TIP
🔥 Independent arms are the point. Before you load up, confirm both sides move at the same speed. If one side finishes early, fix balance before adding plates or pins.

---

🎯 MACHINE FIT CHECK
🟢 Seat/pad → fitted
🟢 Elbows → pull direction
🟢 Left/right → same speed
🟢 Return → 2–3 sec control

### 🔥 Remember this

""Match sides, one-second peak, controlled return."""
PARAMOUNT,아이소래터럴 로우 로우,Iso-Lateral Low Row,FW-1300 Rotary Row,PARTIALLY_VERIFIED,Paramount Fitness,Paramount Rotary,https://www.well-mir.ru/uploads/catalog_fw_xfw3.pdf,아이소 로우 로우 전용 SKU 없이 FW-1300 기반 부분 대응입니다,"시트, 좌·우 시작, 풋 지지, 스택/중량","🏋️ PARAMOUNT — FW-1300 Rotary Row · Paramount Rotary

🎯 ONE KEY CUE
🔥 ""Rotary 독립 로우 로우에서 낮은 궤적으로 좌우를 대칭으로 당기기""

아이소 로우 로우 전용 SKU 없이 FW-1300 기반 부분 대응. 좌우가 독립으로 움직이는 · Paramount Rotary FW 구조입니다. 처음부터 무게 올리지 말고, 세팅부터 잡으세요.

---

⚙️ ① 기구 세팅
🪑 좌석 / 패드
가슴/등 패드에 몸을 안정적으로 붙이세요. 패드에서 몸이 들리면 반동이 들어갑니다.
🤲 그립 / 손 위치
양손잡이 높이가 좌우 같은지 먼저 보세요. 독립 암이라 한쪽만 어긋나도 바로 느껴집니다.
⚙️ 조절 포인트
시트, 좌·우 시작, 풋 지지, 스택/중량을 확인하세요. 좌우 시작 위치가 같은지도 같이 봅니다.
이 카테고리는 공식 명칭이 겹칠 수 있으니, 헬스장 기구의 실제 레버·패드 배치를 우선하세요.

---

💪 ② 시작 자세
가슴을 세우고 어깨를 귀에서 멀리 둡니다. 팔보다 등부터 준비합니다.
좌우가 같은 높이에서 시작하는지 한 번 더 보세요.
이 자세에서 이것만 확인하세요.
👉 어깨가 귀 쪽으로 올라가지 않는지

---

🔥 ③ 운동 방법
낮은 궤적으로 각 팔을 당겼다 복귀.
양쪽을 같은 속도로 움직이세요. 한쪽이 먼저 끝나면 무게를 더 올리기 전에 밸런스부터 잡습니다.

---

💥 ④ 최고 수축
팔꿈치가 목표에 도착해 등이 조여지는 지점에서 멈춥니다.
⏱️ 1초 STOP
튕기지 말고 그 지점에서 1초만 소유하세요. 무게를 놓는 순간이 아닙니다.

---

🐌 ⑤ 천천히 돌아오기
중량을 그냥 놓지 마세요.
2~3초 동안 통제하면서 복귀합니다.
팔이 펴질 때까지 등을 놓지 말고, 어깨가 앞으로 말리지 않게 버팁니다.

---

❌ 흔한 실수
❌ 한쪽만 깊게 당겨 골반이 돌아가는
약한 쪽 속도에 강한 쪽을 맞추세요.
❌ 몸을 뒤로 젖혀 반동으로 당기는 것
템포를 늦추고 같은 궤적만 반복하세요.
❌ 어깨를 으쓱하며 승모근만 쓰는 것
어깨를 귀에서 멀리 두고 다시 시작하세요.
❌ 손잡이만 당기고 팔꿈치는 안 움직이는 것
자세가 무너지면 무게를 낮추세요.
❌ 한쪽만 먼저 끝내고 반대쪽을 따라가게 하는 것
약한 쪽 속도에 강한 쪽을 맞추세요.

---

💡 MACHINE FIT PRO TIP
🔥 이 기구는 좌우 암이 독립적으로 움직이는 게 장점입니다. 무게를 올리기 전에 양쪽이 같은 속도로 가는지 확인하세요. 한쪽이 먼저 끝까지 가 버리면 중량보다 밸런스가 먼저입니다.

---

🎯 MACHINE FIT CHECK
🟢 시트/패드 → 몸에 맞춤
🟢 팔꿈치 → 당김 방향
🟢 좌우 → 같은 속도
🟢 복귀 → 2~3초 통제

### 🔥 이것만 기억하세요

""좌우 같은 속도, 끝에서 1초, 복귀는 통제.""","🏋️ PARAMOUNT — FW-1300 Rotary Row · Paramount Rotary

🎯 ONE KEY CUE
🔥 ""On the Rotary independent low row, pull both sides symmetrically on a low path""

아이소 로우 로우 전용 SKU 없이 FW-1300 기반 부분 대응입니다 Lean into the independent arms / Paramount Rotary FW design. Do not chase load until the setup feels locked in.

---

⚙️ ① Setup
🪑 Seat / pads
Pin yourself to the chest/back pad. If you lift off the pad, you are cheating with momentum.
🤲 Grip / hands
Match left and right handle height first — independent arms expose any mismatch immediately.
⚙️ Adjustments
Check 시트, 좌·우 시작, 풋 지지, 스택/중량. Confirm both sides start from the same position.
Naming can overlap in this category — trust the levers and pads on the unit in front of you.

---

💪 ② Start position
Lift the chest and keep the shoulders away from the ears. Prepare the back before the arms.
Double-check both sides start at the same height.
Check only this:
👉 Shoulders not shrugged

---

🔥 ③ Execution
Match left-right speed. If one side finishes early, fix balance before adding load.
Drive the elbows back/down on the row or pulldown path, then lengthen slowly. Keep both sides honest.

---

💥 ④ Peak contraction
Stop where the elbows arrive and the back is squeezed.
⏱️ 1-second STOP
Own that position for one second. This is not where you dump the weight.

---

🐌 ⑤ Controlled return
Do not dump the load.
Take 2–3 seconds on the way back.
Keep the back set as the arms lengthen — do not let the shoulders dump forward.

---

❌ Common mistakes
❌ Leaning back for momentum
Slow the tempo and repeat one clean path.
❌ Shrugging and turning it into an upper-trap pull
Keep the shoulders away from the ears and restart.
❌ Yank the handles without moving the elbows
If position breaks, cut the load.
❌ Letting one side finish early
Match the stronger side to the weaker side’s speed.

---

💡 MACHINE FIT PRO TIP
🔥 Independent arms are the point. Before you load up, confirm both sides move at the same speed. If one side finishes early, fix balance before adding plates or pins.

---

🎯 MACHINE FIT CHECK
🟢 Seat/pad → fitted
🟢 Elbows → pull direction
🟢 Left/right → same speed
🟢 Return → 2–3 sec control

### 🔥 Remember this

""Match sides, one-second peak, controlled return."""
PARAMOUNT,체스트 서포티드 로우,Chest Supported Row,FW-1300 Rotary Row,PARTIALLY_VERIFIED,Paramount Fitness,Paramount Rotary,https://www.well-mir.ru/uploads/catalog_fw_xfw3.pdf,체스트 서포트 전용 SKU 없이 FW-1300이 가장 가깝습니다,"시트/흉부 패드, 풋 지지, 손잡이, 스택/중량","🏋️ PARAMOUNT — FW-1300 Rotary Row · Paramount Rotary

🎯 ONE KEY CUE
🔥 ""Rotary 체스트 서포트에서 가슴 패드를 밀착하고 팔꿈치만으로 당기기""

체스트 서포트 전용 SKU 없이 FW-1300이 가장 가깝습니다. 가슴 지지 · Paramount Rotary FW 구조입니다. 처음부터 무게 올리지 말고, 세팅부터 잡으세요.

---

⚙️ ① 기구 세팅
🪑 좌석 / 패드
가슴/등 패드에 몸을 안정적으로 붙이세요. 패드에서 몸이 들리면 반동이 들어갑니다.
🤲 그립 / 손 위치
손잡이를 편안한 너비로 잡으세요. 손목이 꺾이지 않게 합니다.
⚙️ 조절 포인트
시트/흉부 패드, 풋 지지, 손잡이, 스택/중량을 확인하세요.
이 카테고리는 공식 명칭이 겹칠 수 있으니, 헬스장 기구의 실제 레버·패드 배치를 우선하세요.

---

💪 ② 시작 자세
가슴을 세우고 어깨를 귀에서 멀리 둡니다. 팔보다 등부터 준비합니다.
이 자세에서 이것만 확인하세요.
👉 어깨가 귀 쪽으로 올라가지 않는지

---

🔥 ③ 운동 방법
손잡이를 몸통으로 당겼다 천천히 복귀.
손잡이를 당긴다고 생각하지 말고, 팔꿈치를 목표 지점으로 보내세요.

---

💥 ④ 최고 수축
팔꿈치가 목표에 도착해 등이 조여지는 지점에서 멈춥니다.
⏱️ 1초 STOP
튕기지 말고 그 지점에서 1초만 소유하세요. 무게를 놓는 순간이 아닙니다.

---

🐌 ⑤ 천천히 돌아오기
중량을 그냥 놓지 마세요.
2~3초 동안 통제하면서 복귀합니다.
팔이 펴질 때까지 등을 놓지 말고, 어깨가 앞으로 말리지 않게 버팁니다.

---

❌ 흔한 실수
❌ 패드를 뜨고 상체로 반동하는
템포를 늦추고 같은 궤적만 반복하세요.
❌ 몸을 뒤로 젖혀 반동으로 당기는 것
템포를 늦추고 같은 궤적만 반복하세요.
❌ 어깨를 으쓱하며 승모근만 쓰는 것
어깨를 귀에서 멀리 두고 다시 시작하세요.
❌ 손잡이만 당기고 팔꿈치는 안 움직이는 것
자세가 무너지면 무게를 낮추세요.

---

💡 MACHINE FIT PRO TIP
🔥 가슴 패드가 있는 이유가 반동을 끊기 위해서입니다. 패드를 밀고 일어서지 말고, 가슴을 붙인 채 팔꿈치만 움직이세요.

---

🎯 MACHINE FIT CHECK
🟢 시트/패드 → 몸에 맞춤
🟢 가슴 → 패드에 고정
🟢 어깨 → 으쓱하지 않기
🟢 복귀 → 2~3초 통제

### 🔥 이것만 기억하세요

""가슴은 패드에, 팔꿈치는 뒤로, 끝에서 1초.""","🏋️ PARAMOUNT — FW-1300 Rotary Row · Paramount Rotary

🎯 ONE KEY CUE
🔥 ""On the Rotary chest-supported row, pin the chest pad and pull with the elbows""

체스트 서포트 전용 SKU 없이 FW-1300이 가장 가깝습니다 Lean into the chest-supported / Paramount Rotary FW design. Do not chase load until the setup feels locked in.

---

⚙️ ① Setup
🪑 Seat / pads
Pin yourself to the chest/back pad. If you lift off the pad, you are cheating with momentum.
🤲 Grip / hands
Take a comfortable grip width and keep the wrists stacked, not bent.
⚙️ Adjustments
Check 시트/흉부 패드, 풋 지지, 손잡이, 스택/중량.
Naming can overlap in this category — trust the levers and pads on the unit in front of you.

---

💪 ② Start position
Lift the chest and keep the shoulders away from the ears. Prepare the back before the arms.
Check only this:
👉 Shoulders not shrugged

---

🔥 ③ Execution
Do not think “pull the handle.” Drive the elbows to the target.
Drive the elbows back/down on the row or pulldown path, then lengthen slowly.

---

💥 ④ Peak contraction
Stop where the elbows arrive and the back is squeezed.
⏱️ 1-second STOP
Own that position for one second. This is not where you dump the weight.

---

🐌 ⑤ Controlled return
Do not dump the load.
Take 2–3 seconds on the way back.
Keep the back set as the arms lengthen — do not let the shoulders dump forward.

---

❌ Common mistakes
❌ Leaning back for momentum
Slow the tempo and repeat one clean path.
❌ Shrugging and turning it into an upper-trap pull
Keep the shoulders away from the ears and restart.
❌ Yank the handles without moving the elbows
If position breaks, cut the load.

---

💡 MACHINE FIT PRO TIP
🔥 The chest pad exists to kill momentum. Stay glued to it and move only through the elbows.

---

🎯 MACHINE FIT CHECK
🟢 Seat/pad → fitted
🟢 Chest → glued to pad
🟢 Shoulders → not shrugged
🟢 Return → 2–3 sec control

### 🔥 Remember this

""Chest on the pad, elbows back, one-second squeeze."""
PARAMOUNT,T바 로우 머신,T-Bar Row,,BRAND_MODEL_NOT_FOUND,Paramount Fitness,,https://www.well-mir.ru/uploads/catalog_fw_xfw3.pdf,Paramount FW/XFW 카탈로그에 T-Bar Row 전용 SKU가 없습니다,"흉부 패드, 풋 지지, 그립, 중량","🏋️ PARAMOUNT — T바 로우 머신

🎯 ONE KEY CUE
🔥 ""Rotary T바 패턴에서 가슴을 붙인 채 바를 배꼽 쪽으로 당기기""

파라마운트 전용 모델이 없는 카테고리입니다. 헬스장에 있는 실제 기구의 패드·레버·안전장치를 먼저 확인한 뒤, 아래 패턴으로 움직이세요.

---

⚙️ ① 기구 세팅
🪑 좌석 / 패드
가슴/등 패드에 몸을 안정적으로 붙이세요. 패드에서 몸이 들리면 반동이 들어갑니다.
🤲 그립 / 손 위치
그립를 편안한 너비로 잡으세요. 손목이 꺾이지 않게 합니다.
⚙️ 조절 포인트
흉부 패드, 풋 지지, 그립, 중량을 확인하세요.

---

💪 ② 시작 자세
가슴을 세우고 어깨를 귀에서 멀리 둡니다. 팔보다 등부터 준비합니다.
이 자세에서 이것만 확인하세요.
👉 어깨가 귀 쪽으로 올라가지 않는지

---

🔥 ③ 운동 방법
바를 몸통으로 당겼다 통제하며 복귀.
손잡이를 당긴다고 생각하지 말고, 팔꿈치를 목표 지점으로 보내세요.

---

💥 ④ 최고 수축
팔꿈치가 목표에 도착해 등이 조여지는 지점에서 멈춥니다.
⏱️ 1초 STOP
튕기지 말고 그 지점에서 1초만 소유하세요. 무게를 놓는 순간이 아닙니다.

---

🐌 ⑤ 천천히 돌아오기
중량을 그냥 놓지 마세요.
2~3초 동안 통제하면서 복귀합니다.
팔이 펴질 때까지 등을 놓지 말고, 어깨가 앞으로 말리지 않게 버팁니다.

---

❌ 흔한 실수
❌ 허리를 둥글게 말고 들어 올리는
자세가 무너지면 무게를 낮추세요.
❌ 몸을 뒤로 젖혀 반동으로 당기는 것
템포를 늦추고 같은 궤적만 반복하세요.
❌ 어깨를 으쓱하며 승모근만 쓰는 것
어깨를 귀에서 멀리 두고 다시 시작하세요.
❌ 손잡이만 당기고 팔꿈치는 안 움직이는 것
자세가 무너지면 무게를 낮추세요.

---

💡 MACHINE FIT PRO TIP
🔥 이 항목은 해머 스트렝스 전용 SKU가 없습니다. ""T바 로우 머신""로 분류된 실제 기구의 패드·레버·안전장치만 믿고, 가벼운 무게로 5회 리허설 후 본 세트를 시작하세요.

---

🎯 MACHINE FIT CHECK
🟢 시트/패드 → 몸에 맞춤
🟢 팔꿈치 → 당김 방향
🟢 어깨 → 으쓱하지 않기
🟢 복귀 → 2~3초 통제

### 🔥 이것만 기억하세요

""Rotary T바 패턴에서 가슴을 붙인 채 바를 배꼽 쪽으로 당기기. 끝에서 1초, 복귀는 통제.""","🏋️ PARAMOUNT — T-Bar Row

🎯 ONE KEY CUE
🔥 ""On a Rotary T-bar pattern, keep the chest set and pull the bar toward the navel""

There is no dedicated Paramount SKU for this category. Confirm pads, levers, and safeties on the unit in your gym, then follow the movement pattern below.

---

⚙️ ① Setup
🪑 Seat / pads
Pin yourself to the chest/back pad. If you lift off the pad, you are cheating with momentum.
🤲 Grip / hands
Take a comfortable grip width and keep the wrists stacked, not bent.
⚙️ Adjustments
Check 흉부 패드, 풋 지지, 그립, 중량.

---

💪 ② Start position
Lift the chest and keep the shoulders away from the ears. Prepare the back before the arms.
Check only this:
👉 Shoulders not shrugged

---

🔥 ③ Execution
Do not think “pull the handle.” Drive the elbows to the target.
Drive the elbows back/down on the row or pulldown path, then lengthen slowly.

---

💥 ④ Peak contraction
Stop where the elbows arrive and the back is squeezed.
⏱️ 1-second STOP
Own that position for one second. This is not where you dump the weight.

---

🐌 ⑤ Controlled return
Do not dump the load.
Take 2–3 seconds on the way back.
Keep the back set as the arms lengthen — do not let the shoulders dump forward.

---

❌ Common mistakes
❌ Leaning back for momentum
Slow the tempo and repeat one clean path.
❌ Shrugging and turning it into an upper-trap pull
Keep the shoulders away from the ears and restart.
❌ Yank the handles without moving the elbows
If position breaks, cut the load.

---

💡 MACHINE FIT PRO TIP
🔥 No dedicated Hammer Strength SKU for this slot. Trust the pads/levers/safeties on the unit labeled like ""T-Bar Row"", rehearse five light reps, then start working sets.

---

🎯 MACHINE FIT CHECK
🟢 Seat/pad → fitted
🟢 Elbows → pull direction
🟢 Shoulders → not shrugged
🟢 Return → 2–3 sec control

### 🔥 Remember this

""On a Rotary T-bar pattern, keep the chest set and pull the bar toward the navel. One-second peak, controlled return."""
PARAMOUNT,풀오버,Pullover,,BRAND_MODEL_NOT_FOUND,Paramount Fitness,,https://www.well-mir.ru/uploads/catalog_fw_xfw3.pdf,Paramount FW/XFW 카탈로그에 Pullover 전용 SKU가 없습니다,"시트, 팔 패드/손잡이, 스택/중량","🏋️ PARAMOUNT — 풀오버

🎯 ONE KEY CUE
🔥 ""Rotary 풀오버에서 갈비뼈를 내린 채 팔을 호를 그리며 내리기""

파라마운트 전용 모델이 없는 카테고리입니다. 헬스장에 있는 실제 기구의 패드·레버·안전장치를 먼저 확인한 뒤, 아래 패턴으로 움직이세요.

---

⚙️ ① 기구 세팅
🪑 좌석 / 패드
가슴/등 패드에 몸을 안정적으로 붙이세요. 패드에서 몸이 들리면 반동이 들어갑니다.
🤲 그립 / 손 위치
팔 패드를 편안한 너비로 잡으세요. 손목이 꺾이지 않게 합니다.
⚙️ 조절 포인트
시트, 팔 패드/손잡이, 스택/중량을 확인하세요.

---

💪 ② 시작 자세
가슴을 세우고 어깨를 귀에서 멀리 둡니다. 팔보다 등부터 준비합니다.
이 자세에서 이것만 확인하세요.
👉 어깨가 귀 쪽으로 올라가지 않는지

---

🔥 ③ 운동 방법
손잡이를 호를 그리며 내렸다 천천히 복귀.
손잡이를 당긴다고 생각하지 말고, 팔꿈치를 목표 지점으로 보내세요.

---

💥 ④ 최고 수축
팔꿈치가 목표에 도착해 등이 조여지는 지점에서 멈춥니다.
⏱️ 1초 STOP
튕기지 말고 그 지점에서 1초만 소유하세요. 무게를 놓는 순간이 아닙니다.

---

🐌 ⑤ 천천히 돌아오기
중량을 그냥 놓지 마세요.
2~3초 동안 통제하면서 복귀합니다.
팔이 펴질 때까지 등을 놓지 말고, 어깨가 앞으로 말리지 않게 버팁니다.

---

❌ 흔한 실수
❌ 허리를 과하게 아치하며 어깨만 쓰는
자세가 무너지면 무게를 낮추세요.
❌ 몸을 뒤로 젖혀 반동으로 당기는 것
템포를 늦추고 같은 궤적만 반복하세요.
❌ 어깨를 으쓱하며 승모근만 쓰는 것
어깨를 귀에서 멀리 두고 다시 시작하세요.
❌ 손잡이만 당기고 팔꿈치는 안 움직이는 것
자세가 무너지면 무게를 낮추세요.

---

💡 MACHINE FIT PRO TIP
🔥 이 항목은 해머 스트렝스 전용 SKU가 없습니다. ""풀오버""로 분류된 실제 기구의 패드·레버·안전장치만 믿고, 가벼운 무게로 5회 리허설 후 본 세트를 시작하세요.

---

🎯 MACHINE FIT CHECK
🟢 시트/패드 → 몸에 맞춤
🟢 팔꿈치 → 당김 방향
🟢 어깨 → 으쓱하지 않기
🟢 복귀 → 2~3초 통제

### 🔥 이것만 기억하세요

""Rotary 풀오버에서 갈비뼈를 내린 채 팔을 호를 그리며 내리기. 끝에서 1초, 복귀는 통제.""","🏋️ PARAMOUNT — Pullover

🎯 ONE KEY CUE
🔥 ""On the Rotary pullover, keep the ribs down and arc the arms down""

There is no dedicated Paramount SKU for this category. Confirm pads, levers, and safeties on the unit in your gym, then follow the movement pattern below.

---

⚙️ ① Setup
🪑 Seat / pads
Pin yourself to the chest/back pad. If you lift off the pad, you are cheating with momentum.
🤲 Grip / hands
Take a comfortable grip width and keep the wrists stacked, not bent.
⚙️ Adjustments
Check 시트, 팔 패드/손잡이, 스택/중량.

---

💪 ② Start position
Lift the chest and keep the shoulders away from the ears. Prepare the back before the arms.
Check only this:
👉 Shoulders not shrugged

---

🔥 ③ Execution
Do not think “pull the handle.” Drive the elbows to the target.
Drive the elbows back/down on the row or pulldown path, then lengthen slowly.

---

💥 ④ Peak contraction
Stop where the elbows arrive and the back is squeezed.
⏱️ 1-second STOP
Own that position for one second. This is not where you dump the weight.

---

🐌 ⑤ Controlled return
Do not dump the load.
Take 2–3 seconds on the way back.
Keep the back set as the arms lengthen — do not let the shoulders dump forward.

---

❌ Common mistakes
❌ Leaning back for momentum
Slow the tempo and repeat one clean path.
❌ Shrugging and turning it into an upper-trap pull
Keep the shoulders away from the ears and restart.
❌ Yank the handles without moving the elbows
If position breaks, cut the load.

---

💡 MACHINE FIT PRO TIP
🔥 No dedicated Hammer Strength SKU for this slot. Trust the pads/levers/safeties on the unit labeled like ""Pullover"", rehearse five light reps, then start working sets.

---

🎯 MACHINE FIT CHECK
🟢 Seat/pad → fitted
🟢 Elbows → pull direction
🟢 Shoulders → not shrugged
🟢 Return → 2–3 sec control

### 🔥 Remember this

""On the Rotary pullover, keep the ribs down and arc the arms down. One-second peak, controlled return."""
PARAMOUNT,어시스트 풀업 / 친업,Assisted Pull-up / Chin-up,,BRAND_MODEL_NOT_FOUND,Paramount Fitness,,https://www.well-mir.ru/uploads/catalog_fw_xfw3.pdf,Paramount FW/XFW 카탈로그에 Assist Pull-up/Chin-up 전용 SKU가 없습니다,"어시스트 중량, 무릎/발 패드, 그립","🏋️ PARAMOUNT — 어시스트 풀업 / 친업

🎯 ONE KEY CUE
🔥 ""Rotary 어시스트를 고정한 뒤 가슴을 바 쪽으로 당기기""

파라마운트 전용 모델이 없는 카테고리입니다. 헬스장에 있는 실제 기구의 패드·레버·안전장치를 먼저 확인한 뒤, 아래 패턴으로 움직이세요.

---

⚙️ ① 기구 세팅
🪑 좌석 / 패드
가슴/등 패드에 몸을 안정적으로 붙이세요. 패드에서 몸이 들리면 반동이 들어갑니다.
🤲 그립 / 손 위치
그립를 편안한 너비로 잡으세요. 손목이 꺾이지 않게 합니다.
🦶 발 위치
지지하는 발을 먼저 고정하세요. 흔들리면 중량을 낮춥니다.
⚙️ 조절 포인트
어시스트 중량, 무릎/발 패드, 그립을 확인하세요.

---

💪 ② 시작 자세
가슴을 세우고 어깨를 귀에서 멀리 둡니다. 팔보다 등부터 준비합니다.
이 자세에서 이것만 확인하세요.
👉 어깨가 귀 쪽으로 올라가지 않는지

---

🔥 ③ 운동 방법
몸을 위로 당겼다 천천히 내려오기.
손잡이를 당긴다고 생각하지 말고, 팔꿈치를 목표 지점으로 보내세요.

---

💥 ④ 최고 수축
팔꿈치가 목표에 도착해 등이 조여지는 지점에서 멈춥니다.
⏱️ 1초 STOP
튕기지 말고 그 지점에서 1초만 소유하세요. 무게를 놓는 순간이 아닙니다.

---

🐌 ⑤ 천천히 돌아오기
중량을 그냥 놓지 마세요.
2~3초 동안 통제하면서 복귀합니다.
팔이 펴질 때까지 등을 놓지 말고, 어깨가 앞으로 말리지 않게 버팁니다.

---

❌ 흔한 실수
❌ 반동으로 몸을 흔들며 턱만 올리는
템포를 늦추고 같은 궤적만 반복하세요.
❌ 몸을 뒤로 젖혀 반동으로 당기는 것
템포를 늦추고 같은 궤적만 반복하세요.
❌ 어깨를 으쓱하며 승모근만 쓰는 것
어깨를 귀에서 멀리 두고 다시 시작하세요.
❌ 손잡이만 당기고 팔꿈치는 안 움직이는 것
자세가 무너지면 무게를 낮추세요.

---

💡 MACHINE FIT PRO TIP
🔥 이 항목은 해머 스트렝스 전용 SKU가 없습니다. ""어시스트 풀업 / 친업""로 분류된 실제 기구의 패드·레버·안전장치만 믿고, 가벼운 무게로 5회 리허설 후 본 세트를 시작하세요.

---

🎯 MACHINE FIT CHECK
🟢 시트/패드 → 몸에 맞춤
🟢 팔꿈치 → 당김 방향
🟢 어깨 → 으쓱하지 않기
🟢 복귀 → 2~3초 통제

### 🔥 이것만 기억하세요

""Rotary 어시스트를 고정한 뒤 가슴을 바 쪽으로 당기기. 끝에서 1초, 복귀는 통제.""","🏋️ PARAMOUNT — Assisted Pull-up / Chin-up

🎯 ONE KEY CUE
🔥 ""Set the Rotary assist, then pull the chest toward the bar""

There is no dedicated Paramount SKU for this category. Confirm pads, levers, and safeties on the unit in your gym, then follow the movement pattern below.

---

⚙️ ① Setup
🪑 Seat / pads
Pin yourself to the chest/back pad. If you lift off the pad, you are cheating with momentum.
🤲 Grip / hands
Take a comfortable grip width and keep the wrists stacked, not bent.
🦶 Feet
Lock in the support foot before you move. Reduce load if you wobble.
⚙️ Adjustments
Check 어시스트 중량, 무릎/발 패드, 그립.

---

💪 ② Start position
Lift the chest and keep the shoulders away from the ears. Prepare the back before the arms.
Check only this:
👉 Shoulders not shrugged

---

🔥 ③ Execution
Do not think “pull the handle.” Drive the elbows to the target.
Drive the elbows back/down on the row or pulldown path, then lengthen slowly.

---

💥 ④ Peak contraction
Stop where the elbows arrive and the back is squeezed.
⏱️ 1-second STOP
Own that position for one second. This is not where you dump the weight.

---

🐌 ⑤ Controlled return
Do not dump the load.
Take 2–3 seconds on the way back.
Keep the back set as the arms lengthen — do not let the shoulders dump forward.

---

❌ Common mistakes
❌ Leaning back for momentum
Slow the tempo and repeat one clean path.
❌ Shrugging and turning it into an upper-trap pull
Keep the shoulders away from the ears and restart.
❌ Yank the handles without moving the elbows
If position breaks, cut the load.

---

💡 MACHINE FIT PRO TIP
🔥 No dedicated Hammer Strength SKU for this slot. Trust the pads/levers/safeties on the unit labeled like ""Assisted Pull-up / Chin-up"", rehearse five light reps, then start working sets.

---

🎯 MACHINE FIT CHECK
🟢 Seat/pad → fitted
🟢 Elbows → pull direction
🟢 Shoulders → not shrugged
🟢 Return → 2–3 sec control

### 🔥 Remember this

""Set the Rotary assist, then pull the chest toward the bar. One-second peak, controlled return."""
PARAMOUNT,숄더 프레스,Shoulder Press,FW-1100 Rotary Shoulder Press / FS-65 Shoulder Press,VERIFIED,Paramount Fitness,Paramount Rotary,https://www.well-mir.ru/uploads/catalog_fw_xfw3.pdf,Paramount FW-1100 Rotary Shoulder Press 및 Fitness Line FS-65입니다,"시트, 손잡이, 시작 위치, 스택/중량","🏋️ PARAMOUNT — FW-1100 Rotary Shoulder Press / FS-65 Shoulder Press · Paramount Rotary

🎯 ONE KEY CUE
🔥 ""Rotary 숄더 프레스에서 갈비뼈를 내린 채 손잡이를 머리 위로 밀기""

Paramount FW-1100 Rotary Shoulder Press 및 Fitness Line FS-65. Paramount Rotary FW 구조입니다. 처음부터 무게 올리지 말고, 세팅부터 잡으세요.

---

⚙️ ① 기구 세팅
🪑 좌석 / 패드
시트를 몸에 맞추세요. 시작 위치가 어깨·관절에 자연스럽게 오는지 확인합니다.
🤲 그립 / 손 위치
손잡이를 편안한 너비로 잡으세요. 손목이 꺾이지 않게 합니다.
⚙️ 조절 포인트
시트, 손잡이, 시작 위치, 스택/중량을 확인하세요.

---

💪 ② 시작 자세
갈비뼈를 내리고 허리를 과하게 아치하지 않습니다. 팔꿈치를 시작 궤적에 올립니다.
이 자세에서 이것만 확인하세요.
👉 허리가 과하게 꺾이지 않는지

---

🔥 ③ 운동 방법
손잡이를 위로 밀었다 천천히 복귀.
반동으로 올리지 마세요. 팔꿈치가 궤적을 주도하게 둡니다.

---

💥 ④ 최고 수축
목표 근육이 가장 조여지는 끝 지점에서 멈춥니다.
⏱️ 1초 STOP
튕기지 말고 그 지점에서 1초만 소유하세요. 무게를 놓는 순간이 아닙니다.

---

🐌 ⑤ 천천히 돌아오기
중량을 그냥 놓지 마세요.
2~3초 동안 통제하면서 복귀합니다.
시작 자세로 돌아갈 때도 같은 궤적을 유지하세요.

---

❌ 흔한 실수
❌ 허리를 과하게 젖히며 미는
자세가 무너지면 무게를 낮추세요.
❌ 허리를 꺾어 프레스하는 것
자세가 무너지면 무게를 낮추세요.
❌ 어깨를 귀 쪽으로 으쓱하는 것
어깨를 귀에서 멀리 두고 다시 시작하세요.
❌ 반동으로 들어 올리는 것
템포를 늦추고 같은 궤적만 반복하세요.

---

💡 MACHINE FIT PRO TIP
🔥 FW-1100 Rotary Shoulder Press / FS-65 Shoulder Press의 가이드 궤적을 이용하세요. 첫 2세트는 천천히, 대칭이 확인된 뒤에만 무게를 올립니다.

---

🎯 MACHINE FIT CHECK
🟢 시트/패드 → 몸에 맞춤
🟢 팔꿈치 → 미는/드는 방향
🟢 어깨 → 으쓱하지 않기
🟢 복귀 → 2~3초 통제

### 🔥 이것만 기억하세요

""Rotary 숄더 프레스에서 갈비뼈를 내린 채 손잡이를 머리 위로 밀기. 끝에서 1초, 복귀는 통제.""","🏋️ PARAMOUNT — FW-1100 Rotary Shoulder Press / FS-65 Shoulder Press · Paramount Rotary

🎯 ONE KEY CUE
🔥 ""On the Rotary shoulder press, keep ribs down and press handles overhead""

Paramount FW-1100 Rotary Shoulder Press 및 Fitness Line FS-65입니다 Lean into the Paramount Rotary FW design. Do not chase load until the setup feels locked in.

---

⚙️ ① Setup
🪑 Seat / pads
Fit the seat to your body so the start position sits naturally on the working joint.
🤲 Grip / hands
Take a comfortable grip width and keep the wrists stacked, not bent.
⚙️ Adjustments
Check 시트, 손잡이, 시작 위치, 스택/중량.

---

💪 ② Start position
Drop the ribs — do not over-arch. Set the elbows on the press path.
Check only this:
👉 Low back not over-arched

---

🔥 ③ Execution
No bounce. Let the elbows own the path.
Press or raise on the guided path, then lower without dumping the shoulders.

---

💥 ④ Peak contraction
Stop where the target muscle is most shortened.
⏱️ 1-second STOP
Own that position for one second. This is not where you dump the weight.

---

🐌 ⑤ Controlled return
Do not dump the load.
Take 2–3 seconds on the way back.
Return on the same path you pressed or pulled.

---

❌ Common mistakes
❌ Pressing with an over-arched low back
If position breaks, cut the load.
❌ Shrugging the shoulders into the ears
Keep the shoulders away from the ears and restart.
❌ Bouncing the weight up
Slow the tempo and repeat one clean path.

---

💡 MACHINE FIT PRO TIP
🔥 Use the guided path on FW-1100 Rotary Shoulder Press / FS-65 Shoulder Press. Slow the first two sets, confirm symmetry, then add load.

---

🎯 MACHINE FIT CHECK
🟢 Seat/pad → fitted
🟢 Elbows → press/raise direction
🟢 Shoulders → not shrugged
🟢 Return → 2–3 sec control

### 🔥 Remember this

""On the Rotary shoulder press, keep ribs down and press handles overhead. One-second peak, controlled return."""
PARAMOUNT,아이소래터럴 숄더 프레스,Iso-Lateral Shoulder Press,FW-1100 Rotary Shoulder Press,PARTIALLY_VERIFIED,Paramount Fitness,Paramount Rotary,https://www.well-mir.ru/uploads/catalog_fw_xfw3.pdf,Iso Shoulder 전용 SKU 없이 FW-1100 Rotary 독립 궤적입니다,"시트, 좌·우 시작, 스택/중량","🏋️ PARAMOUNT — FW-1100 Rotary Shoulder Press · Paramount Rotary

🎯 ONE KEY CUE
🔥 ""Rotary 독립 숄더로 좌우를 같은 높이로 밀며 불균형 확인""

Iso Shoulder 전용 SKU 없이 FW-1100 Rotary 독립 궤적. 좌우가 독립으로 움직이는 · Paramount Rotary FW 구조입니다. 처음부터 무게 올리지 말고, 세팅부터 잡으세요.

---

⚙️ ① 기구 세팅
🪑 좌석 / 패드
시트를 몸에 맞추세요. 시작 위치가 어깨·관절에 자연스럽게 오는지 확인합니다.
🤲 그립 / 손 위치
양손잡이 높이가 좌우 같은지 먼저 보세요. 독립 암이라 한쪽만 어긋나도 바로 느껴집니다.
⚙️ 조절 포인트
시트, 좌·우 시작, 스택/중량을 확인하세요. 좌우 시작 위치가 같은지도 같이 봅니다.
이 카테고리는 공식 명칭이 겹칠 수 있으니, 헬스장 기구의 실제 레버·패드 배치를 우선하세요.

---

💪 ② 시작 자세
갈비뼈를 내리고 허리를 과하게 아치하지 않습니다. 팔꿈치를 시작 궤적에 올립니다.
좌우가 같은 높이에서 시작하는지 한 번 더 보세요.
이 자세에서 이것만 확인하세요.
👉 허리가 과하게 꺾이지 않는지

---

🔥 ③ 운동 방법
각 팔을 독립적으로 위로 밀었다 복귀.
양쪽을 같은 속도로 움직이세요. 한쪽이 먼저 끝나면 무게를 더 올리기 전에 밸런스부터 잡습니다.

---

💥 ④ 최고 수축
목표 근육이 가장 조여지는 끝 지점에서 멈춥니다.
⏱️ 1초 STOP
튕기지 말고 그 지점에서 1초만 소유하세요. 무게를 놓는 순간이 아닙니다.

---

🐌 ⑤ 천천히 돌아오기
중량을 그냥 놓지 마세요.
2~3초 동안 통제하면서 복귀합니다.
시작 자세로 돌아갈 때도 같은 궤적을 유지하세요.

---

❌ 흔한 실수
❌ 한쪽만 높게 밀어 몸통이 기울어지는
약한 쪽 속도에 강한 쪽을 맞추세요.
❌ 허리를 꺾어 프레스하는 것
자세가 무너지면 무게를 낮추세요.
❌ 어깨를 귀 쪽으로 으쓱하는 것
어깨를 귀에서 멀리 두고 다시 시작하세요.
❌ 반동으로 들어 올리는 것
템포를 늦추고 같은 궤적만 반복하세요.
❌ 한쪽만 먼저 끝내고 반대쪽을 따라가게 하는 것
약한 쪽 속도에 강한 쪽을 맞추세요.

---

💡 MACHINE FIT PRO TIP
🔥 이 기구는 좌우 암이 독립적으로 움직이는 게 장점입니다. 무게를 올리기 전에 양쪽이 같은 속도로 가는지 확인하세요. 한쪽이 먼저 끝까지 가 버리면 중량보다 밸런스가 먼저입니다.

---

🎯 MACHINE FIT CHECK
🟢 시트/패드 → 몸에 맞춤
🟢 팔꿈치 → 미는/드는 방향
🟢 좌우 → 같은 속도
🟢 복귀 → 2~3초 통제

### 🔥 이것만 기억하세요

""좌우 같은 속도, 끝에서 1초, 복귀는 통제.""","🏋️ PARAMOUNT — FW-1100 Rotary Shoulder Press · Paramount Rotary

🎯 ONE KEY CUE
🔥 ""With Rotary independent shoulder arms, press both sides to the same height""

Iso Shoulder 전용 SKU 없이 FW-1100 Rotary 독립 궤적입니다 Lean into the independent arms / Paramount Rotary FW design. Do not chase load until the setup feels locked in.

---

⚙️ ① Setup
🪑 Seat / pads
Fit the seat to your body so the start position sits naturally on the working joint.
🤲 Grip / hands
Match left and right handle height first — independent arms expose any mismatch immediately.
⚙️ Adjustments
Check 시트, 좌·우 시작, 스택/중량. Confirm both sides start from the same position.
Naming can overlap in this category — trust the levers and pads on the unit in front of you.

---

💪 ② Start position
Drop the ribs — do not over-arch. Set the elbows on the press path.
Double-check both sides start at the same height.
Check only this:
👉 Low back not over-arched

---

🔥 ③ Execution
Match left-right speed. If one side finishes early, fix balance before adding load.
Press or raise on the guided path, then lower without dumping the shoulders. Keep both sides honest.

---

💥 ④ Peak contraction
Stop where the target muscle is most shortened.
⏱️ 1-second STOP
Own that position for one second. This is not where you dump the weight.

---

🐌 ⑤ Controlled return
Do not dump the load.
Take 2–3 seconds on the way back.
Return on the same path you pressed or pulled.

---

❌ Common mistakes
❌ Pressing with an over-arched low back
If position breaks, cut the load.
❌ Shrugging the shoulders into the ears
Keep the shoulders away from the ears and restart.
❌ Bouncing the weight up
Slow the tempo and repeat one clean path.
❌ Letting one side finish early
Match the stronger side to the weaker side’s speed.

---

💡 MACHINE FIT PRO TIP
🔥 Independent arms are the point. Before you load up, confirm both sides move at the same speed. If one side finishes early, fix balance before adding plates or pins.

---

🎯 MACHINE FIT CHECK
🟢 Seat/pad → fitted
🟢 Elbows → press/raise direction
🟢 Left/right → same speed
🟢 Return → 2–3 sec control

### 🔥 Remember this

""Match sides, one-second peak, controlled return."""
PARAMOUNT,플레이트로드 숄더 프레스,Plate-Loaded Shoulder Press,FW-9200 Total Shoulder,PARTIALLY_VERIFIED,Paramount Fitness,Paramount Total,https://www.well-mir.ru/uploads/catalog_fw_xfw3.pdf,플레이트로드 숄더 전용명보다 FW-9200 Total Shoulder가 대표입니다,"시트, 시작 위치, 양쪽 플레이트","🏋️ PARAMOUNT — FW-9200 Total Shoulder · Paramount Total

🎯 ONE KEY CUE
🔥 ""Rotary 플레이트로드 숄더에서 양쪽 플레이트를 맞추고 머리 위로 밀기""

플레이트로드 숄더 전용명보다 FW-9200 Total Shoulder가 대표. 플레이트 로딩 · Paramount Total 구조입니다. 처음부터 무게 올리지 말고, 세팅부터 잡으세요.

---

⚙️ ① 기구 세팅
🪑 좌석 / 패드
시트를 몸에 맞추세요. 시작 위치가 어깨·관절에 자연스럽게 오는지 확인합니다.
🤲 그립 / 손 위치
손잡이를 편안한 너비로 잡으세요. 손목이 꺾이지 않게 합니다.
⚙️ 조절 포인트
시트, 시작 위치, 양쪽 플레이트를 확인하세요. 양쪽 플레이트를 동일하게 맞추고, 한쪽만 먼저 올리지 마세요.
이 카테고리는 공식 명칭이 겹칠 수 있으니, 헬스장 기구의 실제 레버·패드 배치를 우선하세요.

---

💪 ② 시작 자세
갈비뼈를 내리고 허리를 과하게 아치하지 않습니다. 팔꿈치를 시작 궤적에 올립니다.
이 자세에서 이것만 확인하세요.
👉 허리가 과하게 꺾이지 않는지

---

🔥 ③ 운동 방법
손잡이를 위로 밀었다 통제하며 복귀.
반동으로 올리지 마세요. 팔꿈치가 궤적을 주도하게 둡니다.

---

💥 ④ 최고 수축
목표 근육이 가장 조여지는 끝 지점에서 멈춥니다.
⏱️ 1초 STOP
튕기지 말고 그 지점에서 1초만 소유하세요. 무게를 놓는 순간이 아닙니다.

---

🐌 ⑤ 천천히 돌아오기
중량을 그냥 놓지 마세요.
2~3초 동안 통제하면서 복귀합니다.
시작 자세로 돌아갈 때도 같은 궤적을 유지하세요.

---

❌ 흔한 실수
❌ 한쪽만 먼저 올려 궤적이 틀어지는
약한 쪽 속도에 강한 쪽을 맞추세요.
❌ 허리를 꺾어 프레스하는 것
자세가 무너지면 무게를 낮추세요.
❌ 어깨를 귀 쪽으로 으쓱하는 것
어깨를 귀에서 멀리 두고 다시 시작하세요.
❌ 반동으로 들어 올리는 것
템포를 늦추고 같은 궤적만 반복하세요.
❌ 양쪽 플레이트 무게를 다르게 올리는 것
양쪽을 맞춘 뒤 가벼운 세트로 좌우를 확인하세요.

---

💡 MACHINE FIT PRO TIP
🔥 FW-9200 Total Shoulder은 플레이트 로딩입니다. 좌우 원판을 동일하게 맞추고, 첫 세트는 궤적·좌우 대칭만 확인한 다음 무게를 올리세요.

---

🎯 MACHINE FIT CHECK
🟢 시트/패드 → 몸에 맞춤
🟢 팔꿈치 → 미는/드는 방향
🟢 원판 → 좌우 동일
🟢 복귀 → 2~3초 통제

### 🔥 이것만 기억하세요

""Rotary 플레이트로드 숄더에서 양쪽 플레이트를 맞추고 머리 위로 밀기. 끝에서 1초, 복귀는 통제.""","🏋️ PARAMOUNT — FW-9200 Total Shoulder · Paramount Total

🎯 ONE KEY CUE
🔥 ""On the Rotary plate-loaded shoulder press, match plates and press overhead""

플레이트로드 숄더 전용명보다 FW-9200 Total Shoulder가 대표입니다 Lean into the plate-loaded / Paramount Total design. Do not chase load until the setup feels locked in.

---

⚙️ ① Setup
🪑 Seat / pads
Fit the seat to your body so the start position sits naturally on the working joint.
🤲 Grip / hands
Take a comfortable grip width and keep the wrists stacked, not bent.
⚙️ Adjustments
Check 시트, 시작 위치, 양쪽 플레이트. Match plates on both sides — do not load one arm first.
Naming can overlap in this category — trust the levers and pads on the unit in front of you.

---

💪 ② Start position
Drop the ribs — do not over-arch. Set the elbows on the press path.
Check only this:
👉 Low back not over-arched

---

🔥 ③ Execution
No bounce. Let the elbows own the path.
Press or raise on the guided path, then lower without dumping the shoulders.

---

💥 ④ Peak contraction
Stop where the target muscle is most shortened.
⏱️ 1-second STOP
Own that position for one second. This is not where you dump the weight.

---

🐌 ⑤ Controlled return
Do not dump the load.
Take 2–3 seconds on the way back.
Return on the same path you pressed or pulled.

---

❌ Common mistakes
❌ Pressing with an over-arched low back
If position breaks, cut the load.
❌ Shrugging the shoulders into the ears
Keep the shoulders away from the ears and restart.
❌ Bouncing the weight up
Slow the tempo and repeat one clean path.
❌ Loading unequal plates
Match both sides, then confirm with a light set.

---

💡 MACHINE FIT PRO TIP
🔥 FW-9200 Total Shoulder is plate-loaded. Match plates, confirm path and left-right symmetry on set one, then add load.

---

🎯 MACHINE FIT CHECK
🟢 Seat/pad → fitted
🟢 Elbows → press/raise direction
🟢 Plates → matched
🟢 Return → 2–3 sec control

### 🔥 Remember this

""On the Rotary plate-loaded shoulder press, match plates and press overhead. One-second peak, controlled return."""
PARAMOUNT,레터럴 레이즈,Lateral Raise,FW-9200 Total Shoulder,PARTIALLY_VERIFIED,Paramount Fitness,Paramount Total,https://www.well-mir.ru/uploads/catalog_fw_xfw3.pdf,레터럴 전용 SKU 없이 FW-9200 Total Shoulder 레터럴 패턴으로 둡니다,"시트, 암 패드, 스택/중량","🏋️ PARAMOUNT — FW-9200 Total Shoulder · Paramount Total

🎯 ONE KEY CUE
🔥 ""Rotary 레터럴에서 팔꿈치를 살짝 굽힌 채 옆·위로 들기""

레터럴 전용 SKU 없이 FW-9200 Total Shoulder 레터럴 패턴으로 둡니다. Paramount Total 구조입니다. 처음부터 무게 올리지 말고, 세팅부터 잡으세요.

---

⚙️ ① 기구 세팅
🪑 좌석 / 패드
시트를 몸에 맞추세요. 시작 위치가 어깨·관절에 자연스럽게 오는지 확인합니다.
🤲 그립 / 손 위치
손잡이를 편안한 너비로 잡으세요. 손목이 꺾이지 않게 합니다.
⚙️ 조절 포인트
시트, 암 패드, 스택/중량을 확인하세요.
이 카테고리는 공식 명칭이 겹칠 수 있으니, 헬스장 기구의 실제 레버·패드 배치를 우선하세요.

---

💪 ② 시작 자세
갈비뼈를 내리고 허리를 과하게 아치하지 않습니다. 팔꿈치를 시작 궤적에 올립니다.
이 자세에서 이것만 확인하세요.
👉 허리가 과하게 꺾이지 않는지

---

🔥 ③ 운동 방법
팔을 옆으로 들었다 천천히 내리기.
반동으로 올리지 마세요. 팔꿈치가 궤적을 주도하게 둡니다.

---

💥 ④ 최고 수축
목표 근육이 가장 조여지는 끝 지점에서 멈춥니다.
⏱️ 1초 STOP
튕기지 말고 그 지점에서 1초만 소유하세요. 무게를 놓는 순간이 아닙니다.

---

🐌 ⑤ 천천히 돌아오기
중량을 그냥 놓지 마세요.
2~3초 동안 통제하면서 복귀합니다.
시작 자세로 돌아갈 때도 같은 궤적을 유지하세요.

---

❌ 흔한 실수
❌ 승모로 으쓱하며 너무 높이 올리는
어깨를 귀에서 멀리 두고 다시 시작하세요.
❌ 허리를 꺾어 프레스하는 것
자세가 무너지면 무게를 낮추세요.
❌ 어깨를 귀 쪽으로 으쓱하는 것
어깨를 귀에서 멀리 두고 다시 시작하세요.
❌ 반동으로 들어 올리는 것
템포를 늦추고 같은 궤적만 반복하세요.

---

💡 MACHINE FIT PRO TIP
🔥 FW-9200 Total Shoulder의 가이드 궤적을 이용하세요. 첫 2세트는 천천히, 대칭이 확인된 뒤에만 무게를 올립니다.

---

🎯 MACHINE FIT CHECK
🟢 시트/패드 → 몸에 맞춤
🟢 팔꿈치 → 미는/드는 방향
🟢 어깨 → 으쓱하지 않기
🟢 복귀 → 2~3초 통제

### 🔥 이것만 기억하세요

""Rotary 레터럴에서 팔꿈치를 살짝 굽힌 채 옆·위로 들기. 끝에서 1초, 복귀는 통제.""","🏋️ PARAMOUNT — FW-9200 Total Shoulder · Paramount Total

🎯 ONE KEY CUE
🔥 ""On the Rotary lateral raise, keep a soft elbow and lift out and up""

레터럴 전용 SKU 없이 FW-9200 Total Shoulder 레터럴 패턴으로 둡니다 Lean into the Paramount Total design. Do not chase load until the setup feels locked in.

---

⚙️ ① Setup
🪑 Seat / pads
Fit the seat to your body so the start position sits naturally on the working joint.
🤲 Grip / hands
Take a comfortable grip width and keep the wrists stacked, not bent.
⚙️ Adjustments
Check 시트, 암 패드, 스택/중량.
Naming can overlap in this category — trust the levers and pads on the unit in front of you.

---

💪 ② Start position
Drop the ribs — do not over-arch. Set the elbows on the press path.
Check only this:
👉 Low back not over-arched

---

🔥 ③ Execution
No bounce. Let the elbows own the path.
Press or raise on the guided path, then lower without dumping the shoulders.

---

💥 ④ Peak contraction
Stop where the target muscle is most shortened.
⏱️ 1-second STOP
Own that position for one second. This is not where you dump the weight.

---

🐌 ⑤ Controlled return
Do not dump the load.
Take 2–3 seconds on the way back.
Return on the same path you pressed or pulled.

---

❌ Common mistakes
❌ Pressing with an over-arched low back
If position breaks, cut the load.
❌ Shrugging the shoulders into the ears
Keep the shoulders away from the ears and restart.
❌ Bouncing the weight up
Slow the tempo and repeat one clean path.

---

💡 MACHINE FIT PRO TIP
🔥 Use the guided path on FW-9200 Total Shoulder. Slow the first two sets, confirm symmetry, then add load.

---

🎯 MACHINE FIT CHECK
🟢 Seat/pad → fitted
🟢 Elbows → press/raise direction
🟢 Shoulders → not shrugged
🟢 Return → 2–3 sec control

### 🔥 Remember this

""On the Rotary lateral raise, keep a soft elbow and lift out and up. One-second peak, controlled return."""
PARAMOUNT,머신 레터럴 레이즈,Machine Lateral Raise,FW-9200 Total Shoulder,PARTIALLY_VERIFIED,Paramount Fitness,Paramount Total,https://www.well-mir.ru/uploads/catalog_fw_xfw3.pdf,머신 레터럴 전용 SKU 없이 FW-9200으로 부분 대응합니다,"시트, 암 패드, 스택/중량","🏋️ PARAMOUNT — FW-9200 Total Shoulder · Paramount Total

🎯 ONE KEY CUE
🔥 ""Rotary 머신 레터럴에서 어깨 높이까지만 올리고 정지 후 내리기""

머신 레터럴 전용 SKU 없이 FW-9200으로 부분 대응합니다. Paramount Total 구조입니다. 처음부터 무게 올리지 말고, 세팅부터 잡으세요.

---

⚙️ ① 기구 세팅
🪑 좌석 / 패드
시트를 몸에 맞추세요. 시작 위치가 어깨·관절에 자연스럽게 오는지 확인합니다.
🤲 그립 / 손 위치
손잡이를 편안한 너비로 잡으세요. 손목이 꺾이지 않게 합니다.
⚙️ 조절 포인트
시트, 암 패드, 스택/중량을 확인하세요.
이 카테고리는 공식 명칭이 겹칠 수 있으니, 헬스장 기구의 실제 레버·패드 배치를 우선하세요.

---

💪 ② 시작 자세
갈비뼈를 내리고 허리를 과하게 아치하지 않습니다. 팔꿈치를 시작 궤적에 올립니다.
이 자세에서 이것만 확인하세요.
👉 허리가 과하게 꺾이지 않는지

---

🔥 ③ 운동 방법
패드가 옆·위로 올라갔다 천천히 복귀.
반동으로 올리지 마세요. 팔꿈치가 궤적을 주도하게 둡니다.

---

💥 ④ 최고 수축
목표 근육이 가장 조여지는 끝 지점에서 멈춥니다.
⏱️ 1초 STOP
튕기지 말고 그 지점에서 1초만 소유하세요. 무게를 놓는 순간이 아닙니다.

---

🐌 ⑤ 천천히 돌아오기
중량을 그냥 놓지 마세요.
2~3초 동안 통제하면서 복귀합니다.
시작 자세로 돌아갈 때도 같은 궤적을 유지하세요.

---

❌ 흔한 실수
❌ 반동으로 팔을 튕겨 올리는
템포를 늦추고 같은 궤적만 반복하세요.
❌ 허리를 꺾어 프레스하는 것
자세가 무너지면 무게를 낮추세요.
❌ 어깨를 귀 쪽으로 으쓱하는 것
어깨를 귀에서 멀리 두고 다시 시작하세요.
❌ 반동으로 들어 올리는 것
템포를 늦추고 같은 궤적만 반복하세요.

---

💡 MACHINE FIT PRO TIP
🔥 FW-9200 Total Shoulder의 가이드 궤적을 이용하세요. 첫 2세트는 천천히, 대칭이 확인된 뒤에만 무게를 올립니다.

---

🎯 MACHINE FIT CHECK
🟢 시트/패드 → 몸에 맞춤
🟢 팔꿈치 → 미는/드는 방향
🟢 어깨 → 으쓱하지 않기
🟢 복귀 → 2~3초 통제

### 🔥 이것만 기억하세요

""Rotary 머신 레터럴에서 어깨 높이까지만 올리고 정지 후 내리기. 끝에서 1초, 복귀는 통제.""","🏋️ PARAMOUNT — FW-9200 Total Shoulder · Paramount Total

🎯 ONE KEY CUE
🔥 ""On the Rotary machine lateral, lift only to shoulder height, pause, then lower""

머신 레터럴 전용 SKU 없이 FW-9200으로 부분 대응합니다 Lean into the Paramount Total design. Do not chase load until the setup feels locked in.

---

⚙️ ① Setup
🪑 Seat / pads
Fit the seat to your body so the start position sits naturally on the working joint.
🤲 Grip / hands
Take a comfortable grip width and keep the wrists stacked, not bent.
⚙️ Adjustments
Check 시트, 암 패드, 스택/중량.
Naming can overlap in this category — trust the levers and pads on the unit in front of you.

---

💪 ② Start position
Drop the ribs — do not over-arch. Set the elbows on the press path.
Check only this:
👉 Low back not over-arched

---

🔥 ③ Execution
No bounce. Let the elbows own the path.
Press or raise on the guided path, then lower without dumping the shoulders.

---

💥 ④ Peak contraction
Stop where the target muscle is most shortened.
⏱️ 1-second STOP
Own that position for one second. This is not where you dump the weight.

---

🐌 ⑤ Controlled return
Do not dump the load.
Take 2–3 seconds on the way back.
Return on the same path you pressed or pulled.

---

❌ Common mistakes
❌ Pressing with an over-arched low back
If position breaks, cut the load.
❌ Shrugging the shoulders into the ears
Keep the shoulders away from the ears and restart.
❌ Bouncing the weight up
Slow the tempo and repeat one clean path.

---

💡 MACHINE FIT PRO TIP
🔥 Use the guided path on FW-9200 Total Shoulder. Slow the first two sets, confirm symmetry, then add load.

---

🎯 MACHINE FIT CHECK
🟢 Seat/pad → fitted
🟢 Elbows → press/raise direction
🟢 Shoulders → not shrugged
🟢 Return → 2–3 sec control

### 🔥 Remember this

""On the Rotary machine lateral, lift only to shoulder height, pause, then lower. One-second peak, controlled return."""
PARAMOUNT,리어 델트,Rear Delt,FW-9200 Total Shoulder,PARTIALLY_VERIFIED,Paramount Fitness,Paramount Total,https://www.well-mir.ru/uploads/catalog_fw_xfw3.pdf,리어 델트 단독 SKU 없이 FW-9200 Total Shoulder 리어 패턴입니다,"시트, 암 시작, 스택/중량","🏋️ PARAMOUNT — FW-9200 Total Shoulder · Paramount Total

🎯 ONE KEY CUE
🔥 ""Rotary 리어 델트에서 상체를 고정하고 팔을 뒤로 벌리며 수축""

리어 델트 단독 SKU 없이 FW-9200 Total Shoulder 리어 패턴. Paramount Total 구조입니다. 처음부터 무게 올리지 말고, 세팅부터 잡으세요.

---

⚙️ ① 기구 세팅
🪑 좌석 / 패드
시트를 몸에 맞추세요. 시작 위치가 어깨·관절에 자연스럽게 오는지 확인합니다.
🤲 그립 / 손 위치
손잡이를 편안한 너비로 잡으세요. 손목이 꺾이지 않게 합니다.
⚙️ 조절 포인트
시트, 암 시작, 스택/중량을 확인하세요.
이 카테고리는 공식 명칭이 겹칠 수 있으니, 헬스장 기구의 실제 레버·패드 배치를 우선하세요.

---

💪 ② 시작 자세
갈비뼈를 내리고 허리를 과하게 아치하지 않습니다. 팔꿈치를 시작 궤적에 올립니다.
이 자세에서 이것만 확인하세요.
👉 허리가 과하게 꺾이지 않는지

---

🔥 ③ 운동 방법
팔을 뒤로 벌렸다 천천히 복귀.
반동으로 올리지 마세요. 팔꿈치가 궤적을 주도하게 둡니다.

---

💥 ④ 최고 수축
목표 근육이 가장 조여지는 끝 지점에서 멈춥니다.
⏱️ 1초 STOP
튕기지 말고 그 지점에서 1초만 소유하세요. 무게를 놓는 순간이 아닙니다.

---

🐌 ⑤ 천천히 돌아오기
중량을 그냥 놓지 마세요.
2~3초 동안 통제하면서 복귀합니다.
시작 자세로 돌아갈 때도 같은 궤적을 유지하세요.

---

❌ 흔한 실수
❌ 승모로만 잡아채는
어깨를 귀에서 멀리 두고 다시 시작하세요.
❌ 허리를 꺾어 프레스하는 것
자세가 무너지면 무게를 낮추세요.
❌ 어깨를 귀 쪽으로 으쓱하는 것
어깨를 귀에서 멀리 두고 다시 시작하세요.
❌ 반동으로 들어 올리는 것
템포를 늦추고 같은 궤적만 반복하세요.

---

💡 MACHINE FIT PRO TIP
🔥 FW-9200 Total Shoulder의 가이드 궤적을 이용하세요. 첫 2세트는 천천히, 대칭이 확인된 뒤에만 무게를 올립니다.

---

🎯 MACHINE FIT CHECK
🟢 시트/패드 → 몸에 맞춤
🟢 팔꿈치 → 미는/드는 방향
🟢 어깨 → 으쓱하지 않기
🟢 복귀 → 2~3초 통제

### 🔥 이것만 기억하세요

""Rotary 리어 델트에서 상체를 고정하고 팔을 뒤로 벌리며 수축. 끝에서 1초, 복귀는 통제.""","🏋️ PARAMOUNT — FW-9200 Total Shoulder · Paramount Total

🎯 ONE KEY CUE
🔥 ""On the Rotary rear delt, brace the torso and open the arms back into a squeeze""

리어 델트 단독 SKU 없이 FW-9200 Total Shoulder 리어 패턴입니다 Lean into the Paramount Total design. Do not chase load until the setup feels locked in.

---

⚙️ ① Setup
🪑 Seat / pads
Fit the seat to your body so the start position sits naturally on the working joint.
🤲 Grip / hands
Take a comfortable grip width and keep the wrists stacked, not bent.
⚙️ Adjustments
Check 시트, 암 시작, 스택/중량.
Naming can overlap in this category — trust the levers and pads on the unit in front of you.

---

💪 ② Start position
Drop the ribs — do not over-arch. Set the elbows on the press path.
Check only this:
👉 Low back not over-arched

---

🔥 ③ Execution
No bounce. Let the elbows own the path.
Press or raise on the guided path, then lower without dumping the shoulders.

---

💥 ④ Peak contraction
Stop where the target muscle is most shortened.
⏱️ 1-second STOP
Own that position for one second. This is not where you dump the weight.

---

🐌 ⑤ Controlled return
Do not dump the load.
Take 2–3 seconds on the way back.
Return on the same path you pressed or pulled.

---

❌ Common mistakes
❌ Pressing with an over-arched low back
If position breaks, cut the load.
❌ Shrugging the shoulders into the ears
Keep the shoulders away from the ears and restart.
❌ Bouncing the weight up
Slow the tempo and repeat one clean path.

---

💡 MACHINE FIT PRO TIP
🔥 Use the guided path on FW-9200 Total Shoulder. Slow the first two sets, confirm symmetry, then add load.

---

🎯 MACHINE FIT CHECK
🟢 Seat/pad → fitted
🟢 Elbows → press/raise direction
🟢 Shoulders → not shrugged
🟢 Return → 2–3 sec control

### 🔥 Remember this

""On the Rotary rear delt, brace the torso and open the arms back into a squeeze. One-second peak, controlled return."""
PARAMOUNT,프론트 레이즈,Front Raise,,BRAND_MODEL_NOT_FOUND,Paramount Fitness,,https://www.well-mir.ru/uploads/catalog_fw_xfw3.pdf,Paramount FW/XFW 카탈로그에 Front Raise 전용 SKU가 없습니다,"시트/스탠스, 손잡이, 중량","🏋️ PARAMOUNT — 프론트 레이즈

🎯 ONE KEY CUE
🔥 ""Rotary 패턴에서 갈비뼈를 내린 채 팔을 앞·위로 들기""

파라마운트 전용 모델이 없는 카테고리입니다. 헬스장에 있는 실제 기구의 패드·레버·안전장치를 먼저 확인한 뒤, 아래 패턴으로 움직이세요.

---

⚙️ ① 기구 세팅
🪑 좌석 / 패드
시트를 몸에 맞추세요. 시작 위치가 어깨·관절에 자연스럽게 오는지 확인합니다.
🤲 그립 / 손 위치
손잡이를 편안한 너비로 잡으세요. 손목이 꺾이지 않게 합니다.
⚙️ 조절 포인트
시트/스탠스, 손잡이, 중량을 확인하세요.

---

💪 ② 시작 자세
갈비뼈를 내리고 허리를 과하게 아치하지 않습니다. 팔꿈치를 시작 궤적에 올립니다.
이 자세에서 이것만 확인하세요.
👉 허리가 과하게 꺾이지 않는지

---

🔥 ③ 운동 방법
팔을 앞으로 들었다 천천히 내리기.
반동으로 올리지 마세요. 팔꿈치가 궤적을 주도하게 둡니다.

---

💥 ④ 최고 수축
목표 근육이 가장 조여지는 끝 지점에서 멈춥니다.
⏱️ 1초 STOP
튕기지 말고 그 지점에서 1초만 소유하세요. 무게를 놓는 순간이 아닙니다.

---

🐌 ⑤ 천천히 돌아오기
중량을 그냥 놓지 마세요.
2~3초 동안 통제하면서 복귀합니다.
시작 자세로 돌아갈 때도 같은 궤적을 유지하세요.

---

❌ 흔한 실수
❌ 허리를 젖히며 반동으로 올리는
템포를 늦추고 같은 궤적만 반복하세요.
❌ 허리를 꺾어 프레스하는 것
자세가 무너지면 무게를 낮추세요.
❌ 어깨를 귀 쪽으로 으쓱하는 것
어깨를 귀에서 멀리 두고 다시 시작하세요.
❌ 반동으로 들어 올리는 것
템포를 늦추고 같은 궤적만 반복하세요.

---

💡 MACHINE FIT PRO TIP
🔥 이 항목은 해머 스트렝스 전용 SKU가 없습니다. ""프론트 레이즈""로 분류된 실제 기구의 패드·레버·안전장치만 믿고, 가벼운 무게로 5회 리허설 후 본 세트를 시작하세요.

---

🎯 MACHINE FIT CHECK
🟢 시트/패드 → 몸에 맞춤
🟢 팔꿈치 → 미는/드는 방향
🟢 어깨 → 으쓱하지 않기
🟢 복귀 → 2~3초 통제

### 🔥 이것만 기억하세요

""Rotary 패턴에서 갈비뼈를 내린 채 팔을 앞·위로 들기. 끝에서 1초, 복귀는 통제.""","🏋️ PARAMOUNT — Front Raise

🎯 ONE KEY CUE
🔥 ""In a Rotary pattern, keep ribs down and raise the arms forward and up""

There is no dedicated Paramount SKU for this category. Confirm pads, levers, and safeties on the unit in your gym, then follow the movement pattern below.

---

⚙️ ① Setup
🪑 Seat / pads
Fit the seat to your body so the start position sits naturally on the working joint.
🤲 Grip / hands
Take a comfortable grip width and keep the wrists stacked, not bent.
⚙️ Adjustments
Check 시트/스탠스, 손잡이, 중량.

---

💪 ② Start position
Drop the ribs — do not over-arch. Set the elbows on the press path.
Check only this:
👉 Low back not over-arched

---

🔥 ③ Execution
No bounce. Let the elbows own the path.
Press or raise on the guided path, then lower without dumping the shoulders.

---

💥 ④ Peak contraction
Stop where the target muscle is most shortened.
⏱️ 1-second STOP
Own that position for one second. This is not where you dump the weight.

---

🐌 ⑤ Controlled return
Do not dump the load.
Take 2–3 seconds on the way back.
Return on the same path you pressed or pulled.

---

❌ Common mistakes
❌ Pressing with an over-arched low back
If position breaks, cut the load.
❌ Shrugging the shoulders into the ears
Keep the shoulders away from the ears and restart.
❌ Bouncing the weight up
Slow the tempo and repeat one clean path.

---

💡 MACHINE FIT PRO TIP
🔥 No dedicated Hammer Strength SKU for this slot. Trust the pads/levers/safeties on the unit labeled like ""Front Raise"", rehearse five light reps, then start working sets.

---

🎯 MACHINE FIT CHECK
🟢 Seat/pad → fitted
🟢 Elbows → press/raise direction
🟢 Shoulders → not shrugged
🟢 Return → 2–3 sec control

### 🔥 Remember this

""In a Rotary pattern, keep ribs down and raise the arms forward and up. One-second peak, controlled return."""
PARAMOUNT,업라이트 로우,Upright Row,,BRAND_MODEL_NOT_FOUND,Paramount Fitness,,https://www.well-mir.ru/uploads/catalog_fw_xfw3.pdf,Paramount FW/XFW 카탈로그에 Upright Row 전용 SKU가 없습니다,"스탠스, 그립 폭, 중량","🏋️ PARAMOUNT — 업라이트 로우

🎯 ONE KEY CUE
🔥 ""Rotary 패턴에서 팔꿈치를 손보다 높게 유지하며 당기기""

파라마운트 전용 모델이 없는 카테고리입니다. 헬스장에 있는 실제 기구의 패드·레버·안전장치를 먼저 확인한 뒤, 아래 패턴으로 움직이세요.

---

⚙️ ① 기구 세팅
🤲 그립 / 손 위치
그립 폭를 편안한 너비로 잡으세요. 손목이 꺾이지 않게 합니다.
⚙️ 조절 포인트
스탠스, 그립 폭, 중량을 확인하세요.

---

💪 ② 시작 자세
갈비뼈를 내리고 허리를 과하게 아치하지 않습니다. 팔꿈치를 시작 궤적에 올립니다.
이 자세에서 이것만 확인하세요.
👉 허리가 과하게 꺾이지 않는지

---

🔥 ③ 운동 방법
손잡이를 쇄골 쪽으로 당겼다 복귀.
반동으로 올리지 마세요. 팔꿈치가 궤적을 주도하게 둡니다.

---

💥 ④ 최고 수축
목표 근육이 가장 조여지는 끝 지점에서 멈춥니다.
⏱️ 1초 STOP
튕기지 말고 그 지점에서 1초만 소유하세요. 무게를 놓는 순간이 아닙니다.

---

🐌 ⑤ 천천히 돌아오기
중량을 그냥 놓지 마세요.
2~3초 동안 통제하면서 복귀합니다.
시작 자세로 돌아갈 때도 같은 궤적을 유지하세요.

---

❌ 흔한 실수
❌ 손목만 끌어올려 어깨를 으쓱하는
어깨를 귀에서 멀리 두고 다시 시작하세요.
❌ 허리를 꺾어 프레스하는 것
자세가 무너지면 무게를 낮추세요.
❌ 어깨를 귀 쪽으로 으쓱하는 것
어깨를 귀에서 멀리 두고 다시 시작하세요.
❌ 반동으로 들어 올리는 것
템포를 늦추고 같은 궤적만 반복하세요.

---

💡 MACHINE FIT PRO TIP
🔥 이 항목은 해머 스트렝스 전용 SKU가 없습니다. ""업라이트 로우""로 분류된 실제 기구의 패드·레버·안전장치만 믿고, 가벼운 무게로 5회 리허설 후 본 세트를 시작하세요.

---

🎯 MACHINE FIT CHECK
🟢 시트/패드 → 몸에 맞춤
🟢 팔꿈치 → 미는/드는 방향
🟢 어깨 → 으쓱하지 않기
🟢 복귀 → 2~3초 통제

### 🔥 이것만 기억하세요

""Rotary 패턴에서 팔꿈치를 손보다 높게 유지하며 당기기. 끝에서 1초, 복귀는 통제.""","🏋️ PARAMOUNT — Upright Row

🎯 ONE KEY CUE
🔥 ""In a Rotary upright-row pattern, keep elbows higher than the hands""

There is no dedicated Paramount SKU for this category. Confirm pads, levers, and safeties on the unit in your gym, then follow the movement pattern below.

---

⚙️ ① Setup
🤲 Grip / hands
Take a comfortable grip width and keep the wrists stacked, not bent.
⚙️ Adjustments
Check 스탠스, 그립 폭, 중량.

---

💪 ② Start position
Drop the ribs — do not over-arch. Set the elbows on the press path.
Check only this:
👉 Low back not over-arched

---

🔥 ③ Execution
No bounce. Let the elbows own the path.
Press or raise on the guided path, then lower without dumping the shoulders.

---

💥 ④ Peak contraction
Stop where the target muscle is most shortened.
⏱️ 1-second STOP
Own that position for one second. This is not where you dump the weight.

---

🐌 ⑤ Controlled return
Do not dump the load.
Take 2–3 seconds on the way back.
Return on the same path you pressed or pulled.

---

❌ Common mistakes
❌ Pressing with an over-arched low back
If position breaks, cut the load.
❌ Shrugging the shoulders into the ears
Keep the shoulders away from the ears and restart.
❌ Bouncing the weight up
Slow the tempo and repeat one clean path.

---

💡 MACHINE FIT PRO TIP
🔥 No dedicated Hammer Strength SKU for this slot. Trust the pads/levers/safeties on the unit labeled like ""Upright Row"", rehearse five light reps, then start working sets.

---

🎯 MACHINE FIT CHECK
🟢 Seat/pad → fitted
🟢 Elbows → press/raise direction
🟢 Shoulders → not shrugged
🟢 Return → 2–3 sec control

### 🔥 Remember this

""In a Rotary upright-row pattern, keep elbows higher than the hands. One-second peak, controlled return."""
PARAMOUNT,로테이터 머신,Rotator Machine,,BRAND_MODEL_NOT_FOUND,Paramount Fitness,,https://www.well-mir.ru/uploads/catalog_fw_xfw3.pdf,Paramount FW/XFW 카탈로그에 Rotator 전용 SKU가 없습니다,"시트, 팔꿈치 패드, 스택/중량","🏋️ PARAMOUNT — 로테이터 머신

🎯 ONE KEY CUE
🔥 ""Rotary 로테이터에서 팔꿈치를 옆구리에 붙인 채 천천히 회전""

파라마운트 전용 모델이 없는 카테고리입니다. 헬스장에 있는 실제 기구의 패드·레버·안전장치를 먼저 확인한 뒤, 아래 패턴으로 움직이세요.

---

⚙️ ① 기구 세팅
🪑 좌석 / 패드
시트를 몸에 맞추세요. 시작 위치가 어깨·관절에 자연스럽게 오는지 확인합니다.
🤲 그립 / 손 위치
손잡이를 편안한 너비로 잡으세요. 손목이 꺾이지 않게 합니다.
⚙️ 조절 포인트
시트, 팔꿈치 패드, 스택/중량을 확인하세요.

---

💪 ② 시작 자세
갈비뼈를 내리고 허리를 과하게 아치하지 않습니다. 팔꿈치를 시작 궤적에 올립니다.
이 자세에서 이것만 확인하세요.
👉 허리가 과하게 꺾이지 않는지

---

🔥 ③ 운동 방법
팔뚝을 안·밖으로 회전했다 복귀.
반동으로 올리지 마세요. 팔꿈치가 궤적을 주도하게 둡니다.

---

💥 ④ 최고 수축
목표 근육이 가장 조여지는 끝 지점에서 멈춥니다.
⏱️ 1초 STOP
튕기지 말고 그 지점에서 1초만 소유하세요. 무게를 놓는 순간이 아닙니다.

---

🐌 ⑤ 천천히 돌아오기
중량을 그냥 놓지 마세요.
2~3초 동안 통제하면서 복귀합니다.
시작 자세로 돌아갈 때도 같은 궤적을 유지하세요.

---

❌ 흔한 실수
❌ 무게를 키워 반동으로 돌리는
템포를 늦추고 같은 궤적만 반복하세요.
❌ 허리를 꺾어 프레스하는 것
자세가 무너지면 무게를 낮추세요.
❌ 어깨를 귀 쪽으로 으쓱하는 것
어깨를 귀에서 멀리 두고 다시 시작하세요.
❌ 반동으로 들어 올리는 것
템포를 늦추고 같은 궤적만 반복하세요.

---

💡 MACHINE FIT PRO TIP
🔥 이 항목은 해머 스트렝스 전용 SKU가 없습니다. ""로테이터 머신""로 분류된 실제 기구의 패드·레버·안전장치만 믿고, 가벼운 무게로 5회 리허설 후 본 세트를 시작하세요.

---

🎯 MACHINE FIT CHECK
🟢 시트/패드 → 몸에 맞춤
🟢 팔꿈치 → 미는/드는 방향
🟢 어깨 → 으쓱하지 않기
🟢 복귀 → 2~3초 통제

### 🔥 이것만 기억하세요

""Rotary 로테이터에서 팔꿈치를 옆구리에 붙인 채 천천히 회전. 끝에서 1초, 복귀는 통제.""","🏋️ PARAMOUNT — Rotator Machine

🎯 ONE KEY CUE
🔥 ""On the Rotary rotator, pin elbows to the sides and rotate slowly""

There is no dedicated Paramount SKU for this category. Confirm pads, levers, and safeties on the unit in your gym, then follow the movement pattern below.

---

⚙️ ① Setup
🪑 Seat / pads
Fit the seat to your body so the start position sits naturally on the working joint.
🤲 Grip / hands
Take a comfortable grip width and keep the wrists stacked, not bent.
⚙️ Adjustments
Check 시트, 팔꿈치 패드, 스택/중량.

---

💪 ② Start position
Drop the ribs — do not over-arch. Set the elbows on the press path.
Check only this:
👉 Low back not over-arched

---

🔥 ③ Execution
No bounce. Let the elbows own the path.
Press or raise on the guided path, then lower without dumping the shoulders.

---

💥 ④ Peak contraction
Stop where the target muscle is most shortened.
⏱️ 1-second STOP
Own that position for one second. This is not where you dump the weight.

---

🐌 ⑤ Controlled return
Do not dump the load.
Take 2–3 seconds on the way back.
Return on the same path you pressed or pulled.

---

❌ Common mistakes
❌ Pressing with an over-arched low back
If position breaks, cut the load.
❌ Shrugging the shoulders into the ears
Keep the shoulders away from the ears and restart.
❌ Bouncing the weight up
Slow the tempo and repeat one clean path.

---

💡 MACHINE FIT PRO TIP
🔥 No dedicated Hammer Strength SKU for this slot. Trust the pads/levers/safeties on the unit labeled like ""Rotator Machine"", rehearse five light reps, then start working sets.

---

🎯 MACHINE FIT CHECK
🟢 Seat/pad → fitted
🟢 Elbows → press/raise direction
🟢 Shoulders → not shrugged
🟢 Return → 2–3 sec control

### 🔥 Remember this

""On the Rotary rotator, pin elbows to the sides and rotate slowly. One-second peak, controlled return."""
PARAMOUNT,숄더 프레스 / 레터럴 복합 머신,Shoulder Press / Lateral Combo,FW-9200 Total Shoulder / FW-1100 Rotary Shoulder Press,PARTIALLY_VERIFIED,Paramount Fitness,Paramount Total,https://www.well-mir.ru/uploads/catalog_fw_xfw3.pdf,단일 복합 SKU 없이 FW-9200·FW-1100 조합입니다,"모드, 시트, 손잡이/패드, 스택/중량","🏋️ PARAMOUNT — FW-9200 Total Shoulder / FW-1100 Rotary Shoulder Press · Paramount Total

🎯 ONE KEY CUE
🔥 ""Rotary 복합 모드를 확인한 뒤 프레스와 레이즈를 분리해 수행""

단일 복합 SKU 없이 FW-9200·FW-1100 조합. Paramount Rotary FW 구조입니다. 처음부터 무게 올리지 말고, 세팅부터 잡으세요.

---

⚙️ ① 기구 세팅
🪑 좌석 / 패드
시트를 몸에 맞추세요. 시작 위치가 어깨·관절에 자연스럽게 오는지 확인합니다.
🤲 그립 / 손 위치
손잡이를 편안한 너비로 잡으세요. 손목이 꺾이지 않게 합니다.
⚙️ 조절 포인트
모드, 시트, 손잡이/패드, 스택/중량을 확인하세요.
이 카테고리는 공식 명칭이 겹칠 수 있으니, 헬스장 기구의 실제 레버·패드 배치를 우선하세요.

---

💪 ② 시작 자세
갈비뼈를 내리고 허리를 과하게 아치하지 않습니다. 팔꿈치를 시작 궤적에 올립니다.
이 자세에서 이것만 확인하세요.
👉 허리가 과하게 꺾이지 않는지

---

🔥 ③ 운동 방법
선택한 모드의 궤적만 끝까지 수행.
반동으로 올리지 마세요. 팔꿈치가 궤적을 주도하게 둡니다.

---

💥 ④ 최고 수축
목표 근육이 가장 조여지는 끝 지점에서 멈춥니다.
⏱️ 1초 STOP
튕기지 말고 그 지점에서 1초만 소유하세요. 무게를 놓는 순간이 아닙니다.

---

🐌 ⑤ 천천히 돌아오기
중량을 그냥 놓지 마세요.
2~3초 동안 통제하면서 복귀합니다.
시작 자세로 돌아갈 때도 같은 궤적을 유지하세요.

---

❌ 흔한 실수
❌ 모드를 섞어 한 세트에 두 동작을 우겨 넣는
자세가 무너지면 무게를 낮추세요.
❌ 허리를 꺾어 프레스하는 것
자세가 무너지면 무게를 낮추세요.
❌ 어깨를 귀 쪽으로 으쓱하는 것
어깨를 귀에서 멀리 두고 다시 시작하세요.
❌ 반동으로 들어 올리는 것
템포를 늦추고 같은 궤적만 반복하세요.

---

💡 MACHINE FIT PRO TIP
🔥 FW-9200 Total Shoulder / FW-1100 Rotary Shoulder Press의 가이드 궤적을 이용하세요. 첫 2세트는 천천히, 대칭이 확인된 뒤에만 무게를 올립니다.

---

🎯 MACHINE FIT CHECK
🟢 시트/패드 → 몸에 맞춤
🟢 팔꿈치 → 미는/드는 방향
🟢 어깨 → 으쓱하지 않기
🟢 복귀 → 2~3초 통제

### 🔥 이것만 기억하세요

""Rotary 복합 모드를 확인한 뒤 프레스와 레이즈를 분리해 수행. 끝에서 1초, 복귀는 통제.""","🏋️ PARAMOUNT — FW-9200 Total Shoulder / FW-1100 Rotary Shoulder Press · Paramount Total

🎯 ONE KEY CUE
🔥 ""Confirm the Rotary combo mode, then train press and raise as separate sets""

단일 복합 SKU 없이 FW-9200·FW-1100 조합입니다 Lean into the Paramount Rotary FW design. Do not chase load until the setup feels locked in.

---

⚙️ ① Setup
🪑 Seat / pads
Fit the seat to your body so the start position sits naturally on the working joint.
🤲 Grip / hands
Take a comfortable grip width and keep the wrists stacked, not bent.
⚙️ Adjustments
Check 모드, 시트, 손잡이/패드, 스택/중량.
Naming can overlap in this category — trust the levers and pads on the unit in front of you.

---

💪 ② Start position
Drop the ribs — do not over-arch. Set the elbows on the press path.
Check only this:
👉 Low back not over-arched

---

🔥 ③ Execution
No bounce. Let the elbows own the path.
Press or raise on the guided path, then lower without dumping the shoulders.

---

💥 ④ Peak contraction
Stop where the target muscle is most shortened.
⏱️ 1-second STOP
Own that position for one second. This is not where you dump the weight.

---

🐌 ⑤ Controlled return
Do not dump the load.
Take 2–3 seconds on the way back.
Return on the same path you pressed or pulled.

---

❌ Common mistakes
❌ Pressing with an over-arched low back
If position breaks, cut the load.
❌ Shrugging the shoulders into the ears
Keep the shoulders away from the ears and restart.
❌ Bouncing the weight up
Slow the tempo and repeat one clean path.

---

💡 MACHINE FIT PRO TIP
🔥 Use the guided path on FW-9200 Total Shoulder / FW-1100 Rotary Shoulder Press. Slow the first two sets, confirm symmetry, then add load.

---

🎯 MACHINE FIT CHECK
🟢 Seat/pad → fitted
🟢 Elbows → press/raise direction
🟢 Shoulders → not shrugged
🟢 Return → 2–3 sec control

### 🔥 Remember this

""Confirm the Rotary combo mode, then train press and raise as separate sets. One-second peak, controlled return."""
PARAMOUNT,레그 프레스,Leg Press,FW-7800 45° Leg Press / FW-8800 Total Leg,PARTIALLY_VERIFIED,Paramount Fitness,Paramount FW,https://www.well-mir.ru/uploads/catalog_fw_xfw3.pdf,수평 전용명보다 FW-7800·FW-8800 Total Leg가 레그 프레스 계열입니다,"등판, 발판 위치, 안전장치, 스택/중량","🏋️ PARAMOUNT — FW-7800 45° Leg Press / FW-8800 Total Leg · Paramount FW

🎯 ONE KEY CUE
🔥 ""Rotary 레그 프레스에서 발바닥 전체를 붙인 채 무릎을 밀었다 제어하며 굽히기""

수평 전용명보다 FW-7800·FW-8800 Total Leg가 레그 프레스 계열. Paramount Total 구조입니다. 처음부터 무게 올리지 말고, 세팅부터 잡으세요.

---

⚙️ ① 기구 세팅
🦶 발 위치
수평 궤적에 맞춰 발판 중앙에 발을 안정적으로 두세요. 무릎·발끝 방향을 맞춥니다.
⚙️ 조절 포인트
등판, 발판 위치, 안전장치, 스택/중량을 확인하세요.
이 카테고리는 공식 명칭이 겹칠 수 있으니, 헬스장 기구의 실제 레버·패드 배치를 우선하세요.

---

💪 ② 시작 자세
골반을 시트/패드에 붙이고 발 전체로 발판을 느낍니다. 무릎·발끝 방향을 맞춥니다.
이 자세에서 이것만 확인하세요.
👉 골반이 말리지 않는 깊이인지

---

🔥 ③ 운동 방법
발판을 밀어 신전했다가 통제하며 굴곡으로 복귀.
발판을 “발로 차듯” 밀지 말고, 발 전체로 멀리 보낸다는 느낌으로 밀어요. 무릎은 발끝 방향을 따라갑니다.

---

💥 ④ 최고 수축
무릎을 완전히 잠그기 직전, 허벅지·둔근이 일을 받는 지점에서 멈춥니다.
⏱️ 1초 STOP
튕기지 말고 그 지점에서 1초만 소유하세요. 무게를 놓는 순간이 아닙니다.

---

🐌 ⑤ 천천히 돌아오기
중량을 그냥 놓지 마세요.
2~3초 동안 통제하면서 복귀합니다.
내려올 때 골반이 말리는 깊이 직전에서 방향을 바꾸세요.

---

❌ 흔한 실수
❌ 무릎을 안쪽으로 모으며 반동으로 미는
템포를 늦추고 같은 궤적만 반복하세요.
❌ 무릎이 안쪽으로 무너지는 것
발끝 방향으로 무릎을 보내세요. 안쪽으로 모이면 바로 중량을 낮춥니다.
❌ 하부 범위에서 요추가 뜨거나 골반이 말리는 것
깊이보다 골반 고정이 먼저입니다. 허리가 뜨면 범위를 줄이세요.
❌ 무릎을 강하게 잠그며 튕기는 것
자세가 무너지면 깊이·무게를 줄이세요.

---

💡 MACHINE FIT PRO TIP
🔥 수평(리니어) 궤적은 45° 레그 프레스와 골반 느낌이 다릅니다. 시트에 골반을 붙인 채 수평으로 민다는 감각을 먼저 만드세요.

---

🎯 MACHINE FIT CHECK
🟢 시트/패드 → 골반 고정
🟢 발 → 발판 중앙·방향 정렬
🟢 무릎 → 발끝 방향
🟢 복귀 → 2~3초 통제

### 🔥 이것만 기억하세요

""골반은 시트에, 발 전체로 수평으로 밀고, 복귀는 2~3초.""","🏋️ PARAMOUNT — FW-7800 45° Leg Press / FW-8800 Total Leg · Paramount FW

🎯 ONE KEY CUE
🔥 ""On the Rotary leg press, keep full foot contact and press then control the bend""

수평 전용명보다 FW-7800·FW-8800 Total Leg가 레그 프레스 계열입니다 Lean into the Paramount Total design. Do not chase load until the setup feels locked in.

---

⚙️ ① Setup
🦶 Feet
Center the feet on the horizontal path and keep knees tracking with toes.
⚙️ Adjustments
Check 등판, 발판 위치, 안전장치, 스택/중량.
Naming can overlap in this category — trust the levers and pads on the unit in front of you.

---

💪 ② Start position
Plant the pelvis and feel the whole foot on the platform. Align knees with toes.
Check only this:
👉 Pelvis not curling under

---

🔥 ③ Execution
Do not kick the platform. Drive it away through the whole foot and let the knees track the toes.
Bend, press through the mid-foot, and return without bouncing the knees.

---

💥 ④ Peak contraction
Stop just short of hard lockout where quads/glutes still own the load.
⏱️ 1-second STOP
Own that position for one second. This is not where you dump the weight.

---

🐌 ⑤ Controlled return
Do not dump the load.
Take 2–3 seconds on the way back.
Reverse before the pelvis curls under.

---

❌ Common mistakes
❌ Knees collapsing inward
Drive knees with the toes. Reduce load immediately if they cave.
❌ Pelvis curling / low back peeling at the bottom
Own pelvis position before depth.
❌ Snapping into a hard knee lockout
If position breaks, cut the load.

---

💡 MACHINE FIT PRO TIP
🔥 Linear/horizontal paths feel different from a 45° sled. Keep the pelvis glued and press on the horizontal line.

---

🎯 MACHINE FIT CHECK
🟢 Seat/pad → pelvis planted
🟢 Feet → centered and aligned
🟢 Knees → track toes
🟢 Return → 2–3 sec control

### 🔥 Remember this

""Pelvis glued, whole-foot horizontal drive, 2–3 sec return."""
PARAMOUNT,45도 레그 프레스,45° Leg Press,FW-7800 45° Leg Press,VERIFIED,Paramount Fitness,Paramount FW,https://www.well-mir.ru/uploads/catalog_fw_xfw3.pdf,Paramount FW-7800 45° Leg Press입니다,"등판, 발판, 시작 위치, 양쪽 플레이트","🏋️ PARAMOUNT — FW-7800 45° Leg Press · Paramount FW

🎯 ONE KEY CUE
🔥 ""Rotary 45도 레그 프레스에서 허리를 붙여 밀고 무릎이 발끝 방향을 유지""

Paramount FW-7800 45° Leg Press. 파라마운트 Rotary(FW)·Total(FW-8xxx)·FS·XFW Smith·XFT 궤적을 그대로 타는 게 핵심입니다. 처음부터 무게 올리지 말고, 세팅부터 잡으세요.

---

⚙️ ① 기구 세팅
🦶 발 위치
발판 중앙에 발을 두고, 무릎이 발끝 방향으로 가게 맞추세요. 너무 높거나 낮으면 골반이 먼저 뜹니다.
⚙️ 조절 포인트
등판, 발판, 시작 위치, 양쪽 플레이트를 확인하세요.

---

💪 ② 시작 자세
골반을 시트/패드에 붙이고 발 전체로 발판을 느낍니다. 무릎·발끝 방향을 맞춥니다.
이 자세에서 이것만 확인하세요.
👉 골반이 말리지 않는 깊이인지

---

🔥 ③ 운동 방법
발판을 밀어 올렸다 무릎이 과하게 모이지 않게 복귀.
발판을 “발로 차듯” 밀지 말고, 발 전체로 멀리 보낸다는 느낌으로 밀어요. 무릎은 발끝 방향을 따라갑니다.

---

💥 ④ 최고 수축
무릎을 완전히 잠그기 직전, 허벅지·둔근이 일을 받는 지점에서 멈춥니다.
⏱️ 1초 STOP
튕기지 말고 그 지점에서 1초만 소유하세요. 무게를 놓는 순간이 아닙니다.

---

🐌 ⑤ 천천히 돌아오기
중량을 그냥 놓지 마세요.
2~3초 동안 통제하면서 복귀합니다.
내려올 때 골반이 말리는 깊이 직전에서 방향을 바꾸세요.

---

❌ 흔한 실수
❌ 엉덩이가 뜨며 요추만 버티는
깊이보다 골반 고정이 먼저입니다. 허리가 뜨면 범위를 줄이세요.
❌ 무릎이 안쪽으로 무너지는 것
발끝 방향으로 무릎을 보내세요. 안쪽으로 모이면 바로 중량을 낮춥니다.
❌ 하부 범위에서 요추가 뜨거나 골반이 말리는 것
깊이보다 골반 고정이 먼저입니다. 허리가 뜨면 범위를 줄이세요.
❌ 무릎을 강하게 잠그며 튕기는 것
자세가 무너지면 깊이·무게를 줄이세요.

---

💡 MACHINE FIT PRO TIP
🔥 FW-7800 45° Leg Press의 가이드 궤적을 이용하세요. 첫 2세트는 천천히, 대칭이 확인된 뒤에만 무게를 올립니다.

---

🎯 MACHINE FIT CHECK
🟢 시트/패드 → 골반 고정
🟢 발 → 발판 중앙·방향 정렬
🟢 무릎 → 발끝 방향
🟢 복귀 → 2~3초 통제

### 🔥 이것만 기억하세요

""발 전체로 밀고, 골반은 끝까지 안정적으로.""","🏋️ PARAMOUNT — FW-7800 45° Leg Press · Paramount FW

🎯 ONE KEY CUE
🔥 ""On the Rotary 45° leg press, keep the low back set and track knees over toes""

Paramount FW-7800 45° Leg Press입니다 Ride the Paramount Rotary (FW) / Total (FW-8xxx) / FS / XFW Smith / XFT path instead of fighting it. Do not chase load until the setup feels locked in.

---

⚙️ ① Setup
🦶 Feet
Center the feet. If placement is too high or low, the pelvis lifts first.
⚙️ Adjustments
Check 등판, 발판, 시작 위치, 양쪽 플레이트.

---

💪 ② Start position
Plant the pelvis and feel the whole foot on the platform. Align knees with toes.
Check only this:
👉 Pelvis not curling under

---

🔥 ③ Execution
Do not kick the platform. Drive it away through the whole foot and let the knees track the toes.
Bend, press through the mid-foot, and return without bouncing the knees.

---

💥 ④ Peak contraction
Stop just short of hard lockout where quads/glutes still own the load.
⏱️ 1-second STOP
Own that position for one second. This is not where you dump the weight.

---

🐌 ⑤ Controlled return
Do not dump the load.
Take 2–3 seconds on the way back.
Reverse before the pelvis curls under.

---

❌ Common mistakes
❌ Knees collapsing inward
Drive knees with the toes. Reduce load immediately if they cave.
❌ Pelvis curling / low back peeling at the bottom
Own pelvis position before depth.
❌ Snapping into a hard knee lockout
If position breaks, cut the load.

---

💡 MACHINE FIT PRO TIP
🔥 Use the guided path on FW-7800 45° Leg Press. Slow the first two sets, confirm symmetry, then add load.

---

🎯 MACHINE FIT CHECK
🟢 Seat/pad → pelvis planted
🟢 Feet → centered and aligned
🟢 Knees → track toes
🟢 Return → 2–3 sec control

### 🔥 Remember this

""Whole-foot drive, pelvis stays honest."""
PARAMOUNT,수평 레그 프레스,Horizontal Leg Press,FW-8800 Total Leg,PARTIALLY_VERIFIED,Paramount Fitness,Paramount Total,https://www.well-mir.ru/uploads/catalog_fw_xfw3.pdf,수평 레그 프레스 전용 SKU명 없이 FW-8800 Total Leg로 부분 대응합니다,"등판, 발판, 스택/캐리지","🏋️ PARAMOUNT — FW-8800 Total Leg · Paramount Total

🎯 ONE KEY CUE
🔥 ""Rotary 수평 레그 프레스에서 시트에 골반을 고정하고 수평으로 밀기""

수평 레그 프레스 전용 SKU명 없이 FW-8800 Total Leg로 부분 대응합니다. Paramount Total 구조입니다. 처음부터 무게 올리지 말고, 세팅부터 잡으세요.

---

⚙️ ① 기구 세팅
🦶 발 위치
수평 궤적에 맞춰 발판 중앙에 발을 안정적으로 두세요. 무릎·발끝 방향을 맞춥니다.
⚙️ 조절 포인트
등판, 발판, 스택/캐리지를 확인하세요.
이 카테고리는 공식 명칭이 겹칠 수 있으니, 헬스장 기구의 실제 레버·패드 배치를 우선하세요.

---

💪 ② 시작 자세
골반을 시트/패드에 붙이고 발 전체로 발판을 느낍니다. 무릎·발끝 방향을 맞춥니다.
이 자세에서 이것만 확인하세요.
👉 골반이 말리지 않는 깊이인지

---

🔥 ③ 운동 방법
발판을 수평으로 밀었다 천천히 복귀.
발판을 “발로 차듯” 밀지 말고, 발 전체로 멀리 보낸다는 느낌으로 밀어요. 무릎은 발끝 방향을 따라갑니다.

---

💥 ④ 최고 수축
무릎을 완전히 잠그기 직전, 허벅지·둔근이 일을 받는 지점에서 멈춥니다.
⏱️ 1초 STOP
튕기지 말고 그 지점에서 1초만 소유하세요. 무게를 놓는 순간이 아닙니다.

---

🐌 ⑤ 천천히 돌아오기
중량을 그냥 놓지 마세요.
2~3초 동안 통제하면서 복귀합니다.
내려올 때 골반이 말리는 깊이 직전에서 방향을 바꾸세요.

---

❌ 흔한 실수
❌ 발판 위쪽에만 올려 엉덩이가 말리는
자세가 무너지면 깊이·무게를 줄이세요.
❌ 무릎이 안쪽으로 무너지는 것
발끝 방향으로 무릎을 보내세요. 안쪽으로 모이면 바로 중량을 낮춥니다.
❌ 하부 범위에서 요추가 뜨거나 골반이 말리는 것
깊이보다 골반 고정이 먼저입니다. 허리가 뜨면 범위를 줄이세요.
❌ 무릎을 강하게 잠그며 튕기는 것
자세가 무너지면 깊이·무게를 줄이세요.

---

💡 MACHINE FIT PRO TIP
🔥 수평(리니어) 궤적은 45° 레그 프레스와 골반 느낌이 다릅니다. 시트에 골반을 붙인 채 수평으로 민다는 감각을 먼저 만드세요.

---

🎯 MACHINE FIT CHECK
🟢 시트/패드 → 골반 고정
🟢 발 → 발판 중앙·방향 정렬
🟢 무릎 → 발끝 방향
🟢 복귀 → 2~3초 통제

### 🔥 이것만 기억하세요

""골반은 시트에, 발 전체로 수평으로 밀고, 복귀는 2~3초.""","🏋️ PARAMOUNT — FW-8800 Total Leg · Paramount Total

🎯 ONE KEY CUE
🔥 ""On the Rotary horizontal leg press, lock the pelvis to the seat and press horizontally""

수평 레그 프레스 전용 SKU명 없이 FW-8800 Total Leg로 부분 대응합니다 Lean into the Paramount Total design. Do not chase load until the setup feels locked in.

---

⚙️ ① Setup
🦶 Feet
Center the feet on the horizontal path and keep knees tracking with toes.
⚙️ Adjustments
Check 등판, 발판, 스택/캐리지.
Naming can overlap in this category — trust the levers and pads on the unit in front of you.

---

💪 ② Start position
Plant the pelvis and feel the whole foot on the platform. Align knees with toes.
Check only this:
👉 Pelvis not curling under

---

🔥 ③ Execution
Do not kick the platform. Drive it away through the whole foot and let the knees track the toes.
Bend, press through the mid-foot, and return without bouncing the knees.

---

💥 ④ Peak contraction
Stop just short of hard lockout where quads/glutes still own the load.
⏱️ 1-second STOP
Own that position for one second. This is not where you dump the weight.

---

🐌 ⑤ Controlled return
Do not dump the load.
Take 2–3 seconds on the way back.
Reverse before the pelvis curls under.

---

❌ Common mistakes
❌ Knees collapsing inward
Drive knees with the toes. Reduce load immediately if they cave.
❌ Pelvis curling / low back peeling at the bottom
Own pelvis position before depth.
❌ Snapping into a hard knee lockout
If position breaks, cut the load.

---

💡 MACHINE FIT PRO TIP
🔥 Linear/horizontal paths feel different from a 45° sled. Keep the pelvis glued and press on the horizontal line.

---

🎯 MACHINE FIT CHECK
🟢 Seat/pad → pelvis planted
🟢 Feet → centered and aligned
🟢 Knees → track toes
🟢 Return → 2–3 sec control

### 🔥 Remember this

""Pelvis glued, whole-foot horizontal drive, 2–3 sec return."""
PARAMOUNT,핵 스쿼트,Hack Squat,,BRAND_MODEL_NOT_FOUND,Paramount Fitness,,https://www.well-mir.ru/uploads/catalog_fw_xfw3.pdf,Paramount FW/XFW 카탈로그에 Hack Squat 전용 SKU가 확인되지 않습니다,"어깨 패드, 발판 각도, 안전장치, 플레이트","🏋️ PARAMOUNT — 핵 스쿼트

🎯 ONE KEY CUE
🔥 ""Rotary 핵 스쿼트에서 등판에 등을 붙인 채 발뒤꿈치로 밀어 오르기""

파라마운트 전용 모델이 없는 카테고리입니다. 헬스장에 있는 실제 기구의 패드·레버·안전장치를 먼저 확인한 뒤, 아래 패턴으로 움직이세요.

---

⚙️ ① 기구 세팅
🪑 좌석 / 패드
시트·백패드를 먼저 맞추세요. 밀었을 때 골반이 말리거나 허리가 뜨지 않는 깊이가 시작점입니다.
🦶 발 위치
발판 중앙에 발을 두고, 무릎이 발끝 방향으로 가게 맞추세요. 너무 높거나 낮으면 골반이 먼저 뜹니다.
⚙️ 조절 포인트
어깨 패드, 발판 각도, 안전장치, 플레이트를 확인하세요.

---

💪 ② 시작 자세
골반을 시트/패드에 붙이고 발 전체로 발판을 느낍니다. 무릎·발끝 방향을 맞춥니다.
이 자세에서 이것만 확인하세요.
👉 골반이 말리지 않는 깊이인지

---

🔥 ③ 운동 방법
앉았다 발뒤꿈치로 밀어 일어서기.
발판을 “발로 차듯” 밀지 말고, 발 전체로 멀리 보낸다는 느낌으로 밀어요. 무릎은 발끝 방향을 따라갑니다.

---

💥 ④ 최고 수축
무릎을 완전히 잠그기 직전, 허벅지·둔근이 일을 받는 지점에서 멈춥니다.
⏱️ 1초 STOP
튕기지 말고 그 지점에서 1초만 소유하세요. 무게를 놓는 순간이 아닙니다.

---

🐌 ⑤ 천천히 돌아오기
중량을 그냥 놓지 마세요.
2~3초 동안 통제하면서 복귀합니다.
내려올 때 골반이 말리는 깊이 직전에서 방향을 바꾸세요.

---

❌ 흔한 실수
❌ 무릎만 앞으로 보내며 깊이를 포기하는
자세가 무너지면 깊이·무게를 줄이세요.
❌ 무릎이 안쪽으로 무너지는 것
발끝 방향으로 무릎을 보내세요. 안쪽으로 모이면 바로 중량을 낮춥니다.
❌ 하부 범위에서 요추가 뜨거나 골반이 말리는 것
깊이보다 골반 고정이 먼저입니다. 허리가 뜨면 범위를 줄이세요.
❌ 무릎을 강하게 잠그며 튕기는 것
자세가 무너지면 깊이·무게를 줄이세요.

---

💡 MACHINE FIT PRO TIP
🔥 이 항목은 해머 스트렝스 전용 SKU가 없습니다. ""핵 스쿼트""로 분류된 실제 기구의 패드·레버·안전장치만 믿고, 가벼운 무게로 5회 리허설 후 본 세트를 시작하세요.

---

🎯 MACHINE FIT CHECK
🟢 시트/패드 → 골반 고정
🟢 발 → 발판 중앙·방향 정렬
🟢 무릎 → 발끝 방향
🟢 복귀 → 2~3초 통제

### 🔥 이것만 기억하세요

""발 전체로 밀고, 골반은 끝까지 안정적으로.""","🏋️ PARAMOUNT — Hack Squat

🎯 ONE KEY CUE
🔥 ""On the Rotary hack squat, keep the back on the pad and drive through the heels""

There is no dedicated Paramount SKU for this category. Confirm pads, levers, and safeties on the unit in your gym, then follow the movement pattern below.

---

⚙️ ① Setup
🪑 Seat / pads
Set the seat/back pad first. Your start depth is where the pelvis stays planted and the low back does not peel up.
🦶 Feet
Center the feet. If placement is too high or low, the pelvis lifts first.
⚙️ Adjustments
Check 어깨 패드, 발판 각도, 안전장치, 플레이트.

---

💪 ② Start position
Plant the pelvis and feel the whole foot on the platform. Align knees with toes.
Check only this:
👉 Pelvis not curling under

---

🔥 ③ Execution
Do not kick the platform. Drive it away through the whole foot and let the knees track the toes.
Bend, press through the mid-foot, and return without bouncing the knees.

---

💥 ④ Peak contraction
Stop just short of hard lockout where quads/glutes still own the load.
⏱️ 1-second STOP
Own that position for one second. This is not where you dump the weight.

---

🐌 ⑤ Controlled return
Do not dump the load.
Take 2–3 seconds on the way back.
Reverse before the pelvis curls under.

---

❌ Common mistakes
❌ Knees collapsing inward
Drive knees with the toes. Reduce load immediately if they cave.
❌ Pelvis curling / low back peeling at the bottom
Own pelvis position before depth.
❌ Snapping into a hard knee lockout
If position breaks, cut the load.

---

💡 MACHINE FIT PRO TIP
🔥 No dedicated Hammer Strength SKU for this slot. Trust the pads/levers/safeties on the unit labeled like ""Hack Squat"", rehearse five light reps, then start working sets.

---

🎯 MACHINE FIT CHECK
🟢 Seat/pad → pelvis planted
🟢 Feet → centered and aligned
🟢 Knees → track toes
🟢 Return → 2–3 sec control

### 🔥 Remember this

""Whole-foot drive, pelvis stays honest."""
PARAMOUNT,스쿼트 프레스,Squat Press,FW-300 Squat Press,VERIFIED,Paramount Fitness,Paramount FW,https://www.well-mir.ru/uploads/catalog_fw_xfw3.pdf,Paramount FW-300 Squat Press입니다,"어깨/등 패드, 발판, 안전장치, 중량","🏋️ PARAMOUNT — FW-300 Squat Press · Paramount FW

🎯 ONE KEY CUE
🔥 ""Rotary 스쿼트 프레스에서 발 위치를 고정하고 무릎·엉덩이를 함께 펴기""

Paramount FW-300 Squat Press. 파라마운트 Rotary(FW)·Total(FW-8xxx)·FS·XFW Smith·XFT 궤적을 그대로 타는 게 핵심입니다. 처음부터 무게 올리지 말고, 세팅부터 잡으세요.

---

⚙️ ① 기구 세팅
🪑 좌석 / 패드
시트·백패드를 먼저 맞추세요. 밀었을 때 골반이 말리거나 허리가 뜨지 않는 깊이가 시작점입니다.
🦶 발 위치
발판 중앙에 발을 두고, 무릎이 발끝 방향으로 가게 맞추세요. 너무 높거나 낮으면 골반이 먼저 뜹니다.
⚙️ 조절 포인트
어깨/등 패드, 발판, 안전장치, 중량을 확인하세요.

---

💪 ② 시작 자세
골반을 시트/패드에 붙이고 발 전체로 발판을 느낍니다. 무릎·발끝 방향을 맞춥니다.
이 자세에서 이것만 확인하세요.
👉 골반이 말리지 않는 깊이인지

---

🔥 ③ 운동 방법
앉았다 발판을 밀어 일어서기.
발판을 “발로 차듯” 밀지 말고, 발 전체로 멀리 보낸다는 느낌으로 밀어요. 무릎은 발끝 방향을 따라갑니다.

---

💥 ④ 최고 수축
무릎을 완전히 잠그기 직전, 허벅지·둔근이 일을 받는 지점에서 멈춥니다.
⏱️ 1초 STOP
튕기지 말고 그 지점에서 1초만 소유하세요. 무게를 놓는 순간이 아닙니다.

---

🐌 ⑤ 천천히 돌아오기
중량을 그냥 놓지 마세요.
2~3초 동안 통제하면서 복귀합니다.
내려올 때 골반이 말리는 깊이 직전에서 방향을 바꾸세요.

---

❌ 흔한 실수
❌ 상체를 앞으로 숙이며 허리를 둥글게 만드는
자세가 무너지면 깊이·무게를 줄이세요.
❌ 무릎이 안쪽으로 무너지는 것
발끝 방향으로 무릎을 보내세요. 안쪽으로 모이면 바로 중량을 낮춥니다.
❌ 하부 범위에서 요추가 뜨거나 골반이 말리는 것
깊이보다 골반 고정이 먼저입니다. 허리가 뜨면 범위를 줄이세요.
❌ 무릎을 강하게 잠그며 튕기는 것
자세가 무너지면 깊이·무게를 줄이세요.

---

💡 MACHINE FIT PRO TIP
🔥 FW-300 Squat Press의 가이드 궤적을 이용하세요. 첫 2세트는 천천히, 대칭이 확인된 뒤에만 무게를 올립니다.

---

🎯 MACHINE FIT CHECK
🟢 시트/패드 → 골반 고정
🟢 발 → 발판 중앙·방향 정렬
🟢 무릎 → 발끝 방향
🟢 복귀 → 2~3초 통제

### 🔥 이것만 기억하세요

""발 전체로 밀고, 골반은 끝까지 안정적으로.""","🏋️ PARAMOUNT — FW-300 Squat Press · Paramount FW

🎯 ONE KEY CUE
🔥 ""On the Rotary squat press, fix foot placement and extend knees and hips together""

Paramount FW-300 Squat Press입니다 Ride the Paramount Rotary (FW) / Total (FW-8xxx) / FS / XFW Smith / XFT path instead of fighting it. Do not chase load until the setup feels locked in.

---

⚙️ ① Setup
🪑 Seat / pads
Set the seat/back pad first. Your start depth is where the pelvis stays planted and the low back does not peel up.
🦶 Feet
Center the feet. If placement is too high or low, the pelvis lifts first.
⚙️ Adjustments
Check 어깨/등 패드, 발판, 안전장치, 중량.

---

💪 ② Start position
Plant the pelvis and feel the whole foot on the platform. Align knees with toes.
Check only this:
👉 Pelvis not curling under

---

🔥 ③ Execution
Do not kick the platform. Drive it away through the whole foot and let the knees track the toes.
Bend, press through the mid-foot, and return without bouncing the knees.

---

💥 ④ Peak contraction
Stop just short of hard lockout where quads/glutes still own the load.
⏱️ 1-second STOP
Own that position for one second. This is not where you dump the weight.

---

🐌 ⑤ Controlled return
Do not dump the load.
Take 2–3 seconds on the way back.
Reverse before the pelvis curls under.

---

❌ Common mistakes
❌ Knees collapsing inward
Drive knees with the toes. Reduce load immediately if they cave.
❌ Pelvis curling / low back peeling at the bottom
Own pelvis position before depth.
❌ Snapping into a hard knee lockout
If position breaks, cut the load.

---

💡 MACHINE FIT PRO TIP
🔥 Use the guided path on FW-300 Squat Press. Slow the first two sets, confirm symmetry, then add load.

---

🎯 MACHINE FIT CHECK
🟢 Seat/pad → pelvis planted
🟢 Feet → centered and aligned
🟢 Knees → track toes
🟢 Return → 2–3 sec control

### 🔥 Remember this

""Whole-foot drive, pelvis stays honest."""
PARAMOUNT,벨트 스쿼트,Belt Squat,,BRAND_MODEL_NOT_FOUND,Paramount Fitness,,https://www.well-mir.ru/uploads/catalog_fw_xfw3.pdf,Paramount FW/XFW 카탈로그에 Belt Squat 전용 SKU가 없습니다,"벨트 사이즈, 발판, 레버/케이블, 플레이트","🏋️ PARAMOUNT — 벨트 스쿼트

🎯 ONE KEY CUE
🔥 ""Rotary 벨트 스쿼트에서 벨트로 하중을 받고 상체를 세운 채 앉았다 일어나기""

파라마운트 전용 모델이 없는 카테고리입니다. 헬스장에 있는 실제 기구의 패드·레버·안전장치를 먼저 확인한 뒤, 아래 패턴으로 움직이세요.

---

⚙️ ① 기구 세팅
🦶 발 위치
발판 중앙에 발을 두고, 무릎이 발끝 방향으로 가게 맞추세요. 너무 높거나 낮으면 골반이 먼저 뜹니다.
⚙️ 조절 포인트
벨트 사이즈, 발판, 레버/케이블, 플레이트를 확인하세요.

---

💪 ② 시작 자세
골반을 시트/패드에 붙이고 발 전체로 발판을 느낍니다. 무릎·발끝 방향을 맞춥니다.
이 자세에서 이것만 확인하세요.
👉 골반이 말리지 않는 깊이인지

---

🔥 ③ 운동 방법
벨트를 차고 앉았다 일어서기.
발판을 “발로 차듯” 밀지 말고, 발 전체로 멀리 보낸다는 느낌으로 밀어요. 무릎은 발끝 방향을 따라갑니다.

---

💥 ④ 최고 수축
무릎을 완전히 잠그기 직전, 허벅지·둔근이 일을 받는 지점에서 멈춥니다.
⏱️ 1초 STOP
튕기지 말고 그 지점에서 1초만 소유하세요. 무게를 놓는 순간이 아닙니다.

---

🐌 ⑤ 천천히 돌아오기
중량을 그냥 놓지 마세요.
2~3초 동안 통제하면서 복귀합니다.
내려올 때 골반이 말리는 깊이 직전에서 방향을 바꾸세요.

---

❌ 흔한 실수
❌ 벨트가 흘러내리며 허리를 숙이는
자세가 무너지면 깊이·무게를 줄이세요.
❌ 무릎이 안쪽으로 무너지는 것
발끝 방향으로 무릎을 보내세요. 안쪽으로 모이면 바로 중량을 낮춥니다.
❌ 하부 범위에서 요추가 뜨거나 골반이 말리는 것
깊이보다 골반 고정이 먼저입니다. 허리가 뜨면 범위를 줄이세요.
❌ 무릎을 강하게 잠그며 튕기는 것
자세가 무너지면 깊이·무게를 줄이세요.

---

💡 MACHINE FIT PRO TIP
🔥 이 항목은 해머 스트렝스 전용 SKU가 없습니다. ""벨트 스쿼트""로 분류된 실제 기구의 패드·레버·안전장치만 믿고, 가벼운 무게로 5회 리허설 후 본 세트를 시작하세요.

---

🎯 MACHINE FIT CHECK
🟢 시트/패드 → 골반 고정
🟢 발 → 발판 중앙·방향 정렬
🟢 무릎 → 발끝 방향
🟢 복귀 → 2~3초 통제

### 🔥 이것만 기억하세요

""발 전체로 밀고, 골반은 끝까지 안정적으로.""","🏋️ PARAMOUNT — Belt Squat

🎯 ONE KEY CUE
🔥 ""On a Rotary belt squat pattern, load the belt and squat with a tall torso""

There is no dedicated Paramount SKU for this category. Confirm pads, levers, and safeties on the unit in your gym, then follow the movement pattern below.

---

⚙️ ① Setup
🦶 Feet
Center the feet. If placement is too high or low, the pelvis lifts first.
⚙️ Adjustments
Check 벨트 사이즈, 발판, 레버/케이블, 플레이트.

---

💪 ② Start position
Plant the pelvis and feel the whole foot on the platform. Align knees with toes.
Check only this:
👉 Pelvis not curling under

---

🔥 ③ Execution
Do not kick the platform. Drive it away through the whole foot and let the knees track the toes.
Bend, press through the mid-foot, and return without bouncing the knees.

---

💥 ④ Peak contraction
Stop just short of hard lockout where quads/glutes still own the load.
⏱️ 1-second STOP
Own that position for one second. This is not where you dump the weight.

---

🐌 ⑤ Controlled return
Do not dump the load.
Take 2–3 seconds on the way back.
Reverse before the pelvis curls under.

---

❌ Common mistakes
❌ Knees collapsing inward
Drive knees with the toes. Reduce load immediately if they cave.
❌ Pelvis curling / low back peeling at the bottom
Own pelvis position before depth.
❌ Snapping into a hard knee lockout
If position breaks, cut the load.

---

💡 MACHINE FIT PRO TIP
🔥 No dedicated Hammer Strength SKU for this slot. Trust the pads/levers/safeties on the unit labeled like ""Belt Squat"", rehearse five light reps, then start working sets.

---

🎯 MACHINE FIT CHECK
🟢 Seat/pad → pelvis planted
🟢 Feet → centered and aligned
🟢 Knees → track toes
🟢 Return → 2–3 sec control

### 🔥 Remember this

""Whole-foot drive, pelvis stays honest."""
PARAMOUNT,레그 익스텐션,Leg Extension,FW-8800 Total Leg,PARTIALLY_VERIFIED,Paramount Fitness,Paramount Total,https://www.well-mir.ru/uploads/catalog_fw_xfw3.pdf,레그 익스텐션 단독 SKU명보다 FW-8800 Total Leg 익스텐션 모드가 가깝습니다,"시트, 백패드, 발목 패드, 스택/중량","🏋️ PARAMOUNT — FW-8800 Total Leg · Paramount Total

🎯 ONE KEY CUE
🔥 ""Rotary 레그 익스텐션에서 무릎 축을 맞춘 뒤 발끝을 들어 펴기""

레그 익스텐션 단독 SKU명보다 FW-8800 Total Leg 익스텐션 모드가 가깝습니다. Paramount Total 구조입니다. 처음부터 무게 올리지 말고, 세팅부터 잡으세요.

---

⚙️ ① 기구 세팅
🪑 좌석 / 패드
시트부터 맞추세요. 밀었을 때 골반이 말리거나 허리가 뜨지 않는 깊이가 시작점입니다.
🦶 발 위치
발판 중앙에 발을 두고, 무릎이 발끝 방향으로 가게 맞추세요. 너무 높거나 낮으면 골반이 먼저 뜹니다.
⚙️ 조절 포인트
시트, 백패드, 발목 패드, 스택/중량을 확인하세요.
이 카테고리는 공식 명칭이 겹칠 수 있으니, 헬스장 기구의 실제 레버·패드 배치를 우선하세요.

---

💪 ② 시작 자세
골반을 시트/패드에 붙이고 발 전체로 발판을 느낍니다. 무릎·발끝 방향을 맞춥니다.
이 자세에서 이것만 확인하세요.
👉 골반이 말리지 않는 깊이인지

---

🔥 ③ 운동 방법
발목을 앞으로 펴고 천천히 굴곡으로 복귀.
발판을 “발로 차듯” 밀지 말고, 발 전체로 멀리 보낸다는 느낌으로 밀어요. 무릎은 발끝 방향을 따라갑니다.

---

💥 ④ 최고 수축
무릎을 완전히 잠그기 직전, 허벅지·둔근이 일을 받는 지점에서 멈춥니다.
⏱️ 1초 STOP
튕기지 말고 그 지점에서 1초만 소유하세요. 무게를 놓는 순간이 아닙니다.

---

🐌 ⑤ 천천히 돌아오기
중량을 그냥 놓지 마세요.
2~3초 동안 통제하면서 복귀합니다.
내려올 때 골반이 말리는 깊이 직전에서 방향을 바꾸세요.

---

❌ 흔한 실수
❌ 엉덩이를 들며 반동으로 펴는
템포를 늦추고 같은 궤적만 반복하세요.
❌ 무릎이 안쪽으로 무너지는 것
발끝 방향으로 무릎을 보내세요. 안쪽으로 모이면 바로 중량을 낮춥니다.
❌ 하부 범위에서 요추가 뜨거나 골반이 말리는 것
깊이보다 골반 고정이 먼저입니다. 허리가 뜨면 범위를 줄이세요.
❌ 무릎을 강하게 잠그며 튕기는 것
자세가 무너지면 깊이·무게를 줄이세요.

---

💡 MACHINE FIT PRO TIP
🔥 FW-8800 Total Leg의 가이드 궤적을 이용하세요. 첫 2세트는 천천히, 대칭이 확인된 뒤에만 무게를 올립니다.

---

🎯 MACHINE FIT CHECK
🟢 시트/패드 → 골반 고정
🟢 발 → 발판 중앙·방향 정렬
🟢 무릎 → 발끝 방향
🟢 복귀 → 2~3초 통제

### 🔥 이것만 기억하세요

""발 전체로 밀고, 골반은 끝까지 안정적으로.""","🏋️ PARAMOUNT — FW-8800 Total Leg · Paramount Total

🎯 ONE KEY CUE
🔥 ""On the Rotary leg extension, align the knee axis then extend by lifting the toes""

레그 익스텐션 단독 SKU명보다 FW-8800 Total Leg 익스텐션 모드가 가깝습니다 Lean into the Paramount Total design. Do not chase load until the setup feels locked in.

---

⚙️ ① Setup
🪑 Seat / pads
Set the seat/back pad first. Your start depth is where the pelvis stays planted and the low back does not peel up.
🦶 Feet
Center the feet. If placement is too high or low, the pelvis lifts first.
⚙️ Adjustments
Check 시트, 백패드, 발목 패드, 스택/중량.
Naming can overlap in this category — trust the levers and pads on the unit in front of you.

---

💪 ② Start position
Plant the pelvis and feel the whole foot on the platform. Align knees with toes.
Check only this:
👉 Pelvis not curling under

---

🔥 ③ Execution
Do not kick the platform. Drive it away through the whole foot and let the knees track the toes.
Bend, press through the mid-foot, and return without bouncing the knees.

---

💥 ④ Peak contraction
Stop just short of hard lockout where quads/glutes still own the load.
⏱️ 1-second STOP
Own that position for one second. This is not where you dump the weight.

---

🐌 ⑤ Controlled return
Do not dump the load.
Take 2–3 seconds on the way back.
Reverse before the pelvis curls under.

---

❌ Common mistakes
❌ Knees collapsing inward
Drive knees with the toes. Reduce load immediately if they cave.
❌ Pelvis curling / low back peeling at the bottom
Own pelvis position before depth.
❌ Snapping into a hard knee lockout
If position breaks, cut the load.

---

💡 MACHINE FIT PRO TIP
🔥 Use the guided path on FW-8800 Total Leg. Slow the first two sets, confirm symmetry, then add load.

---

🎯 MACHINE FIT CHECK
🟢 Seat/pad → pelvis planted
🟢 Feet → centered and aligned
🟢 Knees → track toes
🟢 Return → 2–3 sec control

### 🔥 Remember this

""Whole-foot drive, pelvis stays honest."""
PARAMOUNT,시티드 레그 컬,Seated Leg Curl,FW-8800 Total Leg,PARTIALLY_VERIFIED,Paramount Fitness,Paramount Total,https://www.well-mir.ru/uploads/catalog_fw_xfw3.pdf,시티드 레그 컬 전용 SKU명 없이 FW-8800 Total Leg 컬 모드로 둡니다,"시트, 허벅지 패드, 발목 패드, 스택/중량","🏋️ PARAMOUNT — FW-8800 Total Leg · Paramount Total

🎯 ONE KEY CUE
🔥 ""Rotary 시티드 레그 컬에서 허벅지 패드를 고정하고 발뒤꿈치를 엉덩이 쪽으로 당기기""

시티드 레그 컬 전용 SKU명 없이 FW-8800 Total Leg 컬 모드로 둡니다. Paramount Total 구조입니다. 처음부터 무게 올리지 말고, 세팅부터 잡으세요.

---

⚙️ ① 기구 세팅
🪑 좌석 / 패드
시트부터 맞추세요. 밀었을 때 골반이 말리거나 허리가 뜨지 않는 깊이가 시작점입니다.
🦶 발 위치
발판 중앙에 발을 두고, 무릎이 발끝 방향으로 가게 맞추세요. 너무 높거나 낮으면 골반이 먼저 뜹니다.
⚙️ 조절 포인트
시트, 허벅지 패드, 발목 패드, 스택/중량을 확인하세요.
이 카테고리는 공식 명칭이 겹칠 수 있으니, 헬스장 기구의 실제 레버·패드 배치를 우선하세요.

---

💪 ② 시작 자세
골반을 시트/패드에 붙이고 발 전체로 발판을 느낍니다. 무릎·발끝 방향을 맞춥니다.
이 자세에서 이것만 확인하세요.
👉 골반이 말리지 않는 깊이인지

---

🔥 ③ 운동 방법
무릎을 굽혀 당겼다 천천히 펴기.
발판을 “발로 차듯” 밀지 말고, 발 전체로 멀리 보낸다는 느낌으로 밀어요. 무릎은 발끝 방향을 따라갑니다.

---

💥 ④ 최고 수축
무릎을 완전히 잠그기 직전, 허벅지·둔근이 일을 받는 지점에서 멈춥니다.
⏱️ 1초 STOP
튕기지 말고 그 지점에서 1초만 소유하세요. 무게를 놓는 순간이 아닙니다.

---

🐌 ⑤ 천천히 돌아오기
중량을 그냥 놓지 마세요.
2~3초 동안 통제하면서 복귀합니다.
내려올 때 골반이 말리는 깊이 직전에서 방향을 바꾸세요.

---

❌ 흔한 실수
❌ 허리를 뒤로 젖히며 반동하는
템포를 늦추고 같은 궤적만 반복하세요.
❌ 무릎이 안쪽으로 무너지는 것
발끝 방향으로 무릎을 보내세요. 안쪽으로 모이면 바로 중량을 낮춥니다.
❌ 하부 범위에서 요추가 뜨거나 골반이 말리는 것
깊이보다 골반 고정이 먼저입니다. 허리가 뜨면 범위를 줄이세요.
❌ 무릎을 강하게 잠그며 튕기는 것
자세가 무너지면 깊이·무게를 줄이세요.

---

💡 MACHINE FIT PRO TIP
🔥 FW-8800 Total Leg의 가이드 궤적을 이용하세요. 첫 2세트는 천천히, 대칭이 확인된 뒤에만 무게를 올립니다.

---

🎯 MACHINE FIT CHECK
🟢 시트/패드 → 골반 고정
🟢 발 → 발판 중앙·방향 정렬
🟢 무릎 → 발끝 방향
🟢 복귀 → 2~3초 통제

### 🔥 이것만 기억하세요

""발 전체로 밀고, 골반은 끝까지 안정적으로.""","🏋️ PARAMOUNT — FW-8800 Total Leg · Paramount Total

🎯 ONE KEY CUE
🔥 ""On the Rotary seated leg curl, lock the thigh pad and curl the heels toward the glutes""

시티드 레그 컬 전용 SKU명 없이 FW-8800 Total Leg 컬 모드로 둡니다 Lean into the Paramount Total design. Do not chase load until the setup feels locked in.

---

⚙️ ① Setup
🪑 Seat / pads
Set the seat/back pad first. Your start depth is where the pelvis stays planted and the low back does not peel up.
🦶 Feet
Center the feet. If placement is too high or low, the pelvis lifts first.
⚙️ Adjustments
Check 시트, 허벅지 패드, 발목 패드, 스택/중량.
Naming can overlap in this category — trust the levers and pads on the unit in front of you.

---

💪 ② Start position
Plant the pelvis and feel the whole foot on the platform. Align knees with toes.
Check only this:
👉 Pelvis not curling under

---

🔥 ③ Execution
Do not kick the platform. Drive it away through the whole foot and let the knees track the toes.
Bend, press through the mid-foot, and return without bouncing the knees.

---

💥 ④ Peak contraction
Stop just short of hard lockout where quads/glutes still own the load.
⏱️ 1-second STOP
Own that position for one second. This is not where you dump the weight.

---

🐌 ⑤ Controlled return
Do not dump the load.
Take 2–3 seconds on the way back.
Reverse before the pelvis curls under.

---

❌ Common mistakes
❌ Knees collapsing inward
Drive knees with the toes. Reduce load immediately if they cave.
❌ Pelvis curling / low back peeling at the bottom
Own pelvis position before depth.
❌ Snapping into a hard knee lockout
If position breaks, cut the load.

---

💡 MACHINE FIT PRO TIP
🔥 Use the guided path on FW-8800 Total Leg. Slow the first two sets, confirm symmetry, then add load.

---

🎯 MACHINE FIT CHECK
🟢 Seat/pad → pelvis planted
🟢 Feet → centered and aligned
🟢 Knees → track toes
🟢 Return → 2–3 sec control

### 🔥 Remember this

""Whole-foot drive, pelvis stays honest."""
PARAMOUNT,라잉 레그 컬,Lying Leg Curl,,BRAND_MODEL_NOT_FOUND,Paramount Fitness,,https://www.well-mir.ru/uploads/catalog_fw_xfw3.pdf,Paramount FW/XFW 카탈로그에 Lying/Prone Leg Curl 전용 SKU가 없습니다,"골반 패드, 발목 패드, 스택/중량","🏋️ PARAMOUNT — 라잉 레그 컬

🎯 ONE KEY CUE
🔥 ""Rotary 라잉 레그 컬에서 골반을 패드에 붙인 채 발뒤꿈치를 당기기""

파라마운트 전용 모델이 없는 카테고리입니다. 헬스장에 있는 실제 기구의 패드·레버·안전장치를 먼저 확인한 뒤, 아래 패턴으로 움직이세요.

---

⚙️ ① 기구 세팅
🪑 좌석 / 패드
시트·백패드를 먼저 맞추세요. 밀었을 때 골반이 말리거나 허리가 뜨지 않는 깊이가 시작점입니다.
🦶 발 위치
발판 중앙에 발을 두고, 무릎이 발끝 방향으로 가게 맞추세요. 너무 높거나 낮으면 골반이 먼저 뜹니다.
⚙️ 조절 포인트
골반 패드, 발목 패드, 스택/중량을 확인하세요.

---

💪 ② 시작 자세
골반을 시트/패드에 붙이고 발 전체로 발판을 느낍니다. 무릎·발끝 방향을 맞춥니다.
이 자세에서 이것만 확인하세요.
👉 골반이 말리지 않는 깊이인지

---

🔥 ③ 운동 방법
발뒤꿈치를 엉덩이로 당겼다 천천히 펴기.
발판을 “발로 차듯” 밀지 말고, 발 전체로 멀리 보낸다는 느낌으로 밀어요. 무릎은 발끝 방향을 따라갑니다.

---

💥 ④ 최고 수축
무릎을 완전히 잠그기 직전, 허벅지·둔근이 일을 받는 지점에서 멈춥니다.
⏱️ 1초 STOP
튕기지 말고 그 지점에서 1초만 소유하세요. 무게를 놓는 순간이 아닙니다.

---

🐌 ⑤ 천천히 돌아오기
중량을 그냥 놓지 마세요.
2~3초 동안 통제하면서 복귀합니다.
내려올 때 골반이 말리는 깊이 직전에서 방향을 바꾸세요.

---

❌ 흔한 실수
❌ 엉덩이를 들며 요추로 당기는
깊이보다 골반 고정이 먼저입니다. 허리가 뜨면 범위를 줄이세요.
❌ 무릎이 안쪽으로 무너지는 것
발끝 방향으로 무릎을 보내세요. 안쪽으로 모이면 바로 중량을 낮춥니다.
❌ 하부 범위에서 요추가 뜨거나 골반이 말리는 것
깊이보다 골반 고정이 먼저입니다. 허리가 뜨면 범위를 줄이세요.
❌ 무릎을 강하게 잠그며 튕기는 것
자세가 무너지면 깊이·무게를 줄이세요.

---

💡 MACHINE FIT PRO TIP
🔥 이 항목은 해머 스트렝스 전용 SKU가 없습니다. ""라잉 레그 컬""로 분류된 실제 기구의 패드·레버·안전장치만 믿고, 가벼운 무게로 5회 리허설 후 본 세트를 시작하세요.

---

🎯 MACHINE FIT CHECK
🟢 시트/패드 → 골반 고정
🟢 발 → 발판 중앙·방향 정렬
🟢 무릎 → 발끝 방향
🟢 복귀 → 2~3초 통제

### 🔥 이것만 기억하세요

""발 전체로 밀고, 골반은 끝까지 안정적으로.""","🏋️ PARAMOUNT — Lying Leg Curl

🎯 ONE KEY CUE
🔥 ""On the Rotary lying leg curl, keep the pelvis on the pad and curl the heels""

There is no dedicated Paramount SKU for this category. Confirm pads, levers, and safeties on the unit in your gym, then follow the movement pattern below.

---

⚙️ ① Setup
🪑 Seat / pads
Set the seat/back pad first. Your start depth is where the pelvis stays planted and the low back does not peel up.
🦶 Feet
Center the feet. If placement is too high or low, the pelvis lifts first.
⚙️ Adjustments
Check 골반 패드, 발목 패드, 스택/중량.

---

💪 ② Start position
Plant the pelvis and feel the whole foot on the platform. Align knees with toes.
Check only this:
👉 Pelvis not curling under

---

🔥 ③ Execution
Do not kick the platform. Drive it away through the whole foot and let the knees track the toes.
Bend, press through the mid-foot, and return without bouncing the knees.

---

💥 ④ Peak contraction
Stop just short of hard lockout where quads/glutes still own the load.
⏱️ 1-second STOP
Own that position for one second. This is not where you dump the weight.

---

🐌 ⑤ Controlled return
Do not dump the load.
Take 2–3 seconds on the way back.
Reverse before the pelvis curls under.

---

❌ Common mistakes
❌ Knees collapsing inward
Drive knees with the toes. Reduce load immediately if they cave.
❌ Pelvis curling / low back peeling at the bottom
Own pelvis position before depth.
❌ Snapping into a hard knee lockout
If position breaks, cut the load.

---

💡 MACHINE FIT PRO TIP
🔥 No dedicated Hammer Strength SKU for this slot. Trust the pads/levers/safeties on the unit labeled like ""Lying Leg Curl"", rehearse five light reps, then start working sets.

---

🎯 MACHINE FIT CHECK
🟢 Seat/pad → pelvis planted
🟢 Feet → centered and aligned
🟢 Knees → track toes
🟢 Return → 2–3 sec control

### 🔥 Remember this

""Whole-foot drive, pelvis stays honest."""
PARAMOUNT,스탠딩 레그 컬,Standing Leg Curl,FW-1600 Standing Leg Curl,VERIFIED,Paramount Fitness,Paramount FW,https://www.well-mir.ru/uploads/catalog_fw_xfw3.pdf,Paramount FW-1600 Standing Leg Curl입니다,"힙/골반 패드, 발목 패드, 스택/중량","🏋️ PARAMOUNT — FW-1600 Standing Leg Curl · Paramount FW

🎯 ONE KEY CUE
🔥 ""Rotary 스탠딩 레그 컬에서 지지 다리를 고정하고 작업 다리만 굽히기""

Paramount FW-1600 Standing Leg Curl. 파라마운트 Rotary(FW)·Total(FW-8xxx)·FS·XFW Smith·XFT 궤적을 그대로 타는 게 핵심입니다. 처음부터 무게 올리지 말고, 세팅부터 잡으세요.

---

⚙️ ① 기구 세팅
🪑 좌석 / 패드
시트·백패드를 먼저 맞추세요. 밀었을 때 골반이 말리거나 허리가 뜨지 않는 깊이가 시작점입니다.
🦶 발 위치
발판 중앙에 발을 두고, 무릎이 발끝 방향으로 가게 맞추세요. 너무 높거나 낮으면 골반이 먼저 뜹니다.
⚙️ 조절 포인트
힙/골반 패드, 발목 패드, 스택/중량을 확인하세요.

---

💪 ② 시작 자세
골반을 시트/패드에 붙이고 발 전체로 발판을 느낍니다. 무릎·발끝 방향을 맞춥니다.
이 자세에서 이것만 확인하세요.
👉 골반이 말리지 않는 깊이인지

---

🔥 ③ 운동 방법
작업 다리 발뒤꿈치를 당겼다 천천히 펴기.
발판을 “발로 차듯” 밀지 말고, 발 전체로 멀리 보낸다는 느낌으로 밀어요. 무릎은 발끝 방향을 따라갑니다.

---

💥 ④ 최고 수축
무릎을 완전히 잠그기 직전, 허벅지·둔근이 일을 받는 지점에서 멈춥니다.
⏱️ 1초 STOP
튕기지 말고 그 지점에서 1초만 소유하세요. 무게를 놓는 순간이 아닙니다.

---

🐌 ⑤ 천천히 돌아오기
중량을 그냥 놓지 마세요.
2~3초 동안 통제하면서 복귀합니다.
내려올 때 골반이 말리는 깊이 직전에서 방향을 바꾸세요.

---

❌ 흔한 실수
❌ 상체를 숙이며 반동으로 당기는
템포를 늦추고 같은 궤적만 반복하세요.
❌ 무릎이 안쪽으로 무너지는 것
발끝 방향으로 무릎을 보내세요. 안쪽으로 모이면 바로 중량을 낮춥니다.
❌ 하부 범위에서 요추가 뜨거나 골반이 말리는 것
깊이보다 골반 고정이 먼저입니다. 허리가 뜨면 범위를 줄이세요.
❌ 무릎을 강하게 잠그며 튕기는 것
자세가 무너지면 깊이·무게를 줄이세요.

---

💡 MACHINE FIT PRO TIP
🔥 FW-1600 Standing Leg Curl의 가이드 궤적을 이용하세요. 첫 2세트는 천천히, 대칭이 확인된 뒤에만 무게를 올립니다.

---

🎯 MACHINE FIT CHECK
🟢 시트/패드 → 골반 고정
🟢 발 → 발판 중앙·방향 정렬
🟢 무릎 → 발끝 방향
🟢 복귀 → 2~3초 통제

### 🔥 이것만 기억하세요

""발 전체로 밀고, 골반은 끝까지 안정적으로.""","🏋️ PARAMOUNT — FW-1600 Standing Leg Curl · Paramount FW

🎯 ONE KEY CUE
🔥 ""On the Rotary standing leg curl, brace the support leg and curl only the working leg""

Paramount FW-1600 Standing Leg Curl입니다 Ride the Paramount Rotary (FW) / Total (FW-8xxx) / FS / XFW Smith / XFT path instead of fighting it. Do not chase load until the setup feels locked in.

---

⚙️ ① Setup
🪑 Seat / pads
Set the seat/back pad first. Your start depth is where the pelvis stays planted and the low back does not peel up.
🦶 Feet
Center the feet. If placement is too high or low, the pelvis lifts first.
⚙️ Adjustments
Check 힙/골반 패드, 발목 패드, 스택/중량.

---

💪 ② Start position
Plant the pelvis and feel the whole foot on the platform. Align knees with toes.
Check only this:
👉 Pelvis not curling under

---

🔥 ③ Execution
Do not kick the platform. Drive it away through the whole foot and let the knees track the toes.
Bend, press through the mid-foot, and return without bouncing the knees.

---

💥 ④ Peak contraction
Stop just short of hard lockout where quads/glutes still own the load.
⏱️ 1-second STOP
Own that position for one second. This is not where you dump the weight.

---

🐌 ⑤ Controlled return
Do not dump the load.
Take 2–3 seconds on the way back.
Reverse before the pelvis curls under.

---

❌ Common mistakes
❌ Knees collapsing inward
Drive knees with the toes. Reduce load immediately if they cave.
❌ Pelvis curling / low back peeling at the bottom
Own pelvis position before depth.
❌ Snapping into a hard knee lockout
If position breaks, cut the load.

---

💡 MACHINE FIT PRO TIP
🔥 Use the guided path on FW-1600 Standing Leg Curl. Slow the first two sets, confirm symmetry, then add load.

---

🎯 MACHINE FIT CHECK
🟢 Seat/pad → pelvis planted
🟢 Feet → centered and aligned
🟢 Knees → track toes
🟢 Return → 2–3 sec control

### 🔥 Remember this

""Whole-foot drive, pelvis stays honest."""
PARAMOUNT,싱글 레그 컬,Single Leg Curl,FW-1600 Standing Leg Curl,PARTIALLY_VERIFIED,Paramount Fitness,Paramount FW,https://www.well-mir.ru/uploads/catalog_fw_xfw3.pdf,싱글 전용 SKU 없이 FW-1600 편측 작업으로 부분 대응합니다,"시트/패드, 발목 패드, 스택/중량","🏋️ PARAMOUNT — FW-1600 Standing Leg Curl · Paramount FW

🎯 ONE KEY CUE
🔥 ""Rotary 싱글 레그 컬에서 한 다리만으로 같은 가동범위를 유지하며 당기기""

싱글 전용 SKU 없이 FW-1600 편측 작업으로 부분 대응합니다. 파라마운트 Rotary(FW)·Total(FW-8xxx)·FS·XFW Smith·XFT 궤적을 그대로 타는 게 핵심입니다. 처음부터 무게 올리지 말고, 세팅부터 잡으세요.

---

⚙️ ① 기구 세팅
🪑 좌석 / 패드
시트부터 맞추세요. 밀었을 때 골반이 말리거나 허리가 뜨지 않는 깊이가 시작점입니다.
🦶 발 위치
발판 중앙에 발을 두고, 무릎이 발끝 방향으로 가게 맞추세요. 너무 높거나 낮으면 골반이 먼저 뜹니다.
⚙️ 조절 포인트
시트/패드, 발목 패드, 스택/중량을 확인하세요.
이 카테고리는 공식 명칭이 겹칠 수 있으니, 헬스장 기구의 실제 레버·패드 배치를 우선하세요.

---

💪 ② 시작 자세
골반을 시트/패드에 붙이고 발 전체로 발판을 느낍니다. 무릎·발끝 방향을 맞춥니다.
이 자세에서 이것만 확인하세요.
👉 골반이 말리지 않는 깊이인지

---

🔥 ③ 운동 방법
한 다리로 컬했다 천천히 펴기.
발판을 “발로 차듯” 밀지 말고, 발 전체로 멀리 보낸다는 느낌으로 밀어요. 무릎은 발끝 방향을 따라갑니다.

---

💥 ④ 최고 수축
무릎을 완전히 잠그기 직전, 허벅지·둔근이 일을 받는 지점에서 멈춥니다.
⏱️ 1초 STOP
튕기지 말고 그 지점에서 1초만 소유하세요. 무게를 놓는 순간이 아닙니다.

---

🐌 ⑤ 천천히 돌아오기
중량을 그냥 놓지 마세요.
2~3초 동안 통제하면서 복귀합니다.
내려올 때 골반이 말리는 깊이 직전에서 방향을 바꾸세요.

---

❌ 흔한 실수
❌ 약한 쪽 가동범위를 줄여 버리는
자세가 무너지면 깊이·무게를 줄이세요.
❌ 무릎이 안쪽으로 무너지는 것
발끝 방향으로 무릎을 보내세요. 안쪽으로 모이면 바로 중량을 낮춥니다.
❌ 하부 범위에서 요추가 뜨거나 골반이 말리는 것
깊이보다 골반 고정이 먼저입니다. 허리가 뜨면 범위를 줄이세요.
❌ 무릎을 강하게 잠그며 튕기는 것
자세가 무너지면 깊이·무게를 줄이세요.

---

💡 MACHINE FIT PRO TIP
🔥 FW-1600 Standing Leg Curl의 가이드 궤적을 이용하세요. 첫 2세트는 천천히, 대칭이 확인된 뒤에만 무게를 올립니다.

---

🎯 MACHINE FIT CHECK
🟢 시트/패드 → 골반 고정
🟢 발 → 발판 중앙·방향 정렬
🟢 무릎 → 발끝 방향
🟢 복귀 → 2~3초 통제

### 🔥 이것만 기억하세요

""발 전체로 밀고, 골반은 끝까지 안정적으로.""","🏋️ PARAMOUNT — FW-1600 Standing Leg Curl · Paramount FW

🎯 ONE KEY CUE
🔥 ""On the Rotary single-leg curl, keep the same ROM on one leg""

싱글 전용 SKU 없이 FW-1600 편측 작업으로 부분 대응합니다 Ride the Paramount Rotary (FW) / Total (FW-8xxx) / FS / XFW Smith / XFT path instead of fighting it. Do not chase load until the setup feels locked in.

---

⚙️ ① Setup
🪑 Seat / pads
Set the seat/back pad first. Your start depth is where the pelvis stays planted and the low back does not peel up.
🦶 Feet
Center the feet. If placement is too high or low, the pelvis lifts first.
⚙️ Adjustments
Check 시트/패드, 발목 패드, 스택/중량.
Naming can overlap in this category — trust the levers and pads on the unit in front of you.

---

💪 ② Start position
Plant the pelvis and feel the whole foot on the platform. Align knees with toes.
Check only this:
👉 Pelvis not curling under

---

🔥 ③ Execution
Do not kick the platform. Drive it away through the whole foot and let the knees track the toes.
Bend, press through the mid-foot, and return without bouncing the knees.

---

💥 ④ Peak contraction
Stop just short of hard lockout where quads/glutes still own the load.
⏱️ 1-second STOP
Own that position for one second. This is not where you dump the weight.

---

🐌 ⑤ Controlled return
Do not dump the load.
Take 2–3 seconds on the way back.
Reverse before the pelvis curls under.

---

❌ Common mistakes
❌ Knees collapsing inward
Drive knees with the toes. Reduce load immediately if they cave.
❌ Pelvis curling / low back peeling at the bottom
Own pelvis position before depth.
❌ Snapping into a hard knee lockout
If position breaks, cut the load.

---

💡 MACHINE FIT PRO TIP
🔥 Use the guided path on FW-1600 Standing Leg Curl. Slow the first two sets, confirm symmetry, then add load.

---

🎯 MACHINE FIT CHECK
🟢 Seat/pad → pelvis planted
🟢 Feet → centered and aligned
🟢 Knees → track toes
🟢 Return → 2–3 sec control

### 🔥 Remember this

""Whole-foot drive, pelvis stays honest."""
PARAMOUNT,힙 쓰러스트,Hip Thrust,,BRAND_MODEL_NOT_FOUND,Paramount Fitness,,https://www.well-mir.ru/uploads/catalog_fw_xfw3.pdf,Paramount FW/XFW 카탈로그에 Hip Thrust 전용 SKU가 없습니다,"등/힙 패드, 발 위치, 스택/중량","🏋️ PARAMOUNT — 힙 쓰러스트

🎯 ONE KEY CUE
🔥 ""Rotary 힙 쓰러스트에서 갈비뼈를 내린 채 엉덩이를 끝까지 밀어 수축""

파라마운트 전용 모델이 없는 카테고리입니다. 헬스장에 있는 실제 기구의 패드·레버·안전장치를 먼저 확인한 뒤, 아래 패턴으로 움직이세요.

---

⚙️ ① 기구 세팅
🪑 좌석 / 패드
시트·백패드를 먼저 맞추세요. 밀었을 때 골반이 말리거나 허리가 뜨지 않는 깊이가 시작점입니다.
🦶 발 위치
지지하는 발을 먼저 고정하세요. 흔들리면 중량을 낮춥니다.
⚙️ 조절 포인트
등/힙 패드, 발 위치, 스택/중량을 확인하세요.

---

💪 ② 시작 자세
골반 위치를 먼저 고정합니다. 허리로 높이 만들 준비를 하지 마세요.
이 자세에서 이것만 확인하세요.
👉 허리가 아니라 엉덩이가 일을 받을 준비인지

---

🔥 ③ 운동 방법
엉덩이를 위로 밀어 조인 뒤 천천히 내리기.
허리로 높이를 만들지 말고 골반·엉덩이로 밀어 마무리하세요.

---

💥 ④ 최고 수축
목표 근육이 가장 조여지는 끝 지점에서 멈춥니다.
⏱️ 1초 STOP
튕기지 말고 그 지점에서 1초만 소유하세요. 무게를 놓는 순간이 아닙니다.

---

🐌 ⑤ 천천히 돌아오기
중량을 그냥 놓지 마세요.
2~3초 동안 통제하면서 복귀합니다.
시작 자세로 돌아갈 때도 같은 궤적을 유지하세요.

---

❌ 흔한 실수
❌ 허리를 과하게 아치하며 미는
자세가 무너지면 무게를 낮추세요.
❌ 허리로 높이 만드는 것
자세가 무너지면 무게를 낮추세요.
❌ 골반이 돌아가며 한쪽만 미는 것
약한 쪽 속도에 강한 쪽을 맞추세요.
❌ 반동으로 올리는 것
템포를 늦추고 같은 궤적만 반복하세요.

---

💡 MACHINE FIT PRO TIP
🔥 이 항목은 해머 스트렝스 전용 SKU가 없습니다. ""힙 쓰러스트""로 분류된 실제 기구의 패드·레버·안전장치만 믿고, 가벼운 무게로 5회 리허설 후 본 세트를 시작하세요.

---

🎯 MACHINE FIT CHECK
🟢 발 → 발판 중앙·방향 정렬
🟢 어깨 → 으쓱하지 않기
🟢 복귀 → 2~3초 통제

### 🔥 이것만 기억하세요

""Rotary 힙 쓰러스트에서 갈비뼈를 내린 채 엉덩이를 끝까지 밀어 수축. 끝에서 1초, 복귀는 통제.""","🏋️ PARAMOUNT — Hip Thrust

🎯 ONE KEY CUE
🔥 ""On the Rotary hip thrust, keep ribs down and drive the hips to a full squeeze""

There is no dedicated Paramount SKU for this category. Confirm pads, levers, and safeties on the unit in your gym, then follow the movement pattern below.

---

⚙️ ① Setup
🪑 Seat / pads
Set the seat/back pad first. Your start depth is where the pelvis stays planted and the low back does not peel up.
🦶 Feet
Lock in the support foot before you move. Reduce load if you wobble.
⚙️ Adjustments
Check 등/힙 패드, 발 위치, 스택/중량.

---

💪 ② Start position
Set the pelvis first. Do not plan to create height with the lower back.
Check only this:
👉 Glutes ready to drive, not the lumbar spine

---

🔥 ③ Execution
Finish with the hips/glutes — do not manufacture height with the lumbar spine.
Drive the hips, squeeze, then lower without lumbar snap.

---

💥 ④ Peak contraction
Stop where the target muscle is most shortened.
⏱️ 1-second STOP
Own that position for one second. This is not where you dump the weight.

---

🐌 ⑤ Controlled return
Do not dump the load.
Take 2–3 seconds on the way back.
Return on the same path you pressed or pulled.

---

❌ Common mistakes
❌ Creating height with the lumbar spine
If position breaks, cut the load.
❌ Rotating the pelvis and favoring one side
If position breaks, cut the load.
❌ Bouncing the lockout
Slow the tempo and repeat one clean path.

---

💡 MACHINE FIT PRO TIP
🔥 No dedicated Hammer Strength SKU for this slot. Trust the pads/levers/safeties on the unit labeled like ""Hip Thrust"", rehearse five light reps, then start working sets.

---

🎯 MACHINE FIT CHECK
🟢 Feet → centered and aligned
🟢 Shoulders → not shrugged
🟢 Return → 2–3 sec control

### 🔥 Remember this

""On the Rotary hip thrust, keep ribs down and drive the hips to a full squeeze. One-second peak, controlled return."""
PARAMOUNT,글루트 드라이브,Glute Drive,,BRAND_MODEL_NOT_FOUND,Paramount Fitness,,https://www.well-mir.ru/uploads/catalog_fw_xfw3.pdf,Paramount FW/XFW 카탈로그에 Glute Drive 전용 SKU가 없습니다,"시트/패드, 발 위치, 스택/중량","🏋️ PARAMOUNT — 글루트 드라이브

🎯 ONE KEY CUE
🔥 ""Rotary 글루트 드라이브에서 발뒤꿈치로 밀어 엉덩이만으로 신전""

파라마운트 전용 모델이 없는 카테고리입니다. 헬스장에 있는 실제 기구의 패드·레버·안전장치를 먼저 확인한 뒤, 아래 패턴으로 움직이세요.

---

⚙️ ① 기구 세팅
🪑 좌석 / 패드
시트부터 맞추세요. 밀었을 때 골반이 말리거나 허리가 뜨지 않는 깊이가 시작점입니다.
🦶 발 위치
지지하는 발을 먼저 고정하세요. 흔들리면 중량을 낮춥니다.
⚙️ 조절 포인트
시트/패드, 발 위치, 스택/중량을 확인하세요.

---

💪 ② 시작 자세
골반 위치를 먼저 고정합니다. 허리로 높이 만들 준비를 하지 마세요.
이 자세에서 이것만 확인하세요.
👉 허리가 아니라 엉덩이가 일을 받을 준비인지

---

🔥 ③ 운동 방법
엉덩이를 밀어 신전했다 통제하며 복귀.
허리로 높이를 만들지 말고 골반·엉덩이로 밀어 마무리하세요.

---

💥 ④ 최고 수축
목표 근육이 가장 조여지는 끝 지점에서 멈춥니다.
⏱️ 1초 STOP
튕기지 말고 그 지점에서 1초만 소유하세요. 무게를 놓는 순간이 아닙니다.

---

🐌 ⑤ 천천히 돌아오기
중량을 그냥 놓지 마세요.
2~3초 동안 통제하면서 복귀합니다.
시작 자세로 돌아갈 때도 같은 궤적을 유지하세요.

---

❌ 흔한 실수
❌ 무릎만 펴며 허벅지 앞쪽만 쓰는
자세가 무너지면 무게를 낮추세요.
❌ 허리로 높이 만드는 것
자세가 무너지면 무게를 낮추세요.
❌ 골반이 돌아가며 한쪽만 미는 것
약한 쪽 속도에 강한 쪽을 맞추세요.
❌ 반동으로 올리는 것
템포를 늦추고 같은 궤적만 반복하세요.

---

💡 MACHINE FIT PRO TIP
🔥 이 항목은 해머 스트렝스 전용 SKU가 없습니다. ""글루트 드라이브""로 분류된 실제 기구의 패드·레버·안전장치만 믿고, 가벼운 무게로 5회 리허설 후 본 세트를 시작하세요.

---

🎯 MACHINE FIT CHECK
🟢 시트/패드 → 몸에 맞춤
🟢 발 → 발판 중앙·방향 정렬
🟢 어깨 → 으쓱하지 않기
🟢 복귀 → 2~3초 통제

### 🔥 이것만 기억하세요

""Rotary 글루트 드라이브에서 발뒤꿈치로 밀어 엉덩이만으로 신전. 끝에서 1초, 복귀는 통제.""","🏋️ PARAMOUNT — Glute Drive

🎯 ONE KEY CUE
🔥 ""On the Rotary glute drive, push through the heels and extend with the glutes""

There is no dedicated Paramount SKU for this category. Confirm pads, levers, and safeties on the unit in your gym, then follow the movement pattern below.

---

⚙️ ① Setup
🪑 Seat / pads
Set the seat/back pad first. Your start depth is where the pelvis stays planted and the low back does not peel up.
🦶 Feet
Lock in the support foot before you move. Reduce load if you wobble.
⚙️ Adjustments
Check 시트/패드, 발 위치, 스택/중량.

---

💪 ② Start position
Set the pelvis first. Do not plan to create height with the lower back.
Check only this:
👉 Glutes ready to drive, not the lumbar spine

---

🔥 ③ Execution
Finish with the hips/glutes — do not manufacture height with the lumbar spine.
Drive the hips, squeeze, then lower without lumbar snap.

---

💥 ④ Peak contraction
Stop where the target muscle is most shortened.
⏱️ 1-second STOP
Own that position for one second. This is not where you dump the weight.

---

🐌 ⑤ Controlled return
Do not dump the load.
Take 2–3 seconds on the way back.
Return on the same path you pressed or pulled.

---

❌ Common mistakes
❌ Creating height with the lumbar spine
If position breaks, cut the load.
❌ Rotating the pelvis and favoring one side
If position breaks, cut the load.
❌ Bouncing the lockout
Slow the tempo and repeat one clean path.

---

💡 MACHINE FIT PRO TIP
🔥 No dedicated Hammer Strength SKU for this slot. Trust the pads/levers/safeties on the unit labeled like ""Glute Drive"", rehearse five light reps, then start working sets.

---

🎯 MACHINE FIT CHECK
🟢 Seat/pad → fitted
🟢 Feet → centered and aligned
🟢 Shoulders → not shrugged
🟢 Return → 2–3 sec control

### 🔥 Remember this

""On the Rotary glute drive, push through the heels and extend with the glutes. One-second peak, controlled return."""
PARAMOUNT,글루트 킥백,Glute Kickback,,BRAND_MODEL_NOT_FOUND,Paramount Fitness,,https://www.well-mir.ru/uploads/catalog_fw_xfw3.pdf,Paramount FW/XFW 카탈로그에 Glute Kickback 전용 SKU가 없습니다,"상체 지지, 발목 스트랩/패드, 스택/중량","🏋️ PARAMOUNT — 글루트 킥백

🎯 ONE KEY CUE
🔥 ""Rotary 글루트 킥백에서 골반을 고정하고 다리를 뒤로만 차기""

파라마운트 전용 모델이 없는 카테고리입니다. 헬스장에 있는 실제 기구의 패드·레버·안전장치를 먼저 확인한 뒤, 아래 패턴으로 움직이세요.

---

⚙️ ① 기구 세팅
🪑 좌석 / 패드
시트·백패드를 먼저 맞추세요. 밀었을 때 골반이 말리거나 허리가 뜨지 않는 깊이가 시작점입니다.
🦶 발 위치
지지하는 발을 먼저 고정하세요. 흔들리면 중량을 낮춥니다.
⚙️ 조절 포인트
상체 지지, 발목 스트랩/패드, 스택/중량을 확인하세요.

---

💪 ② 시작 자세
골반 위치를 먼저 고정합니다. 허리로 높이 만들 준비를 하지 마세요.
이 자세에서 이것만 확인하세요.
👉 허리가 아니라 엉덩이가 일을 받을 준비인지

---

🔥 ③ 운동 방법
다리를 뒤로 찼다 천천히 복귀.
허리로 높이를 만들지 말고 골반·엉덩이로 밀어 마무리하세요.

---

💥 ④ 최고 수축
목표 근육이 가장 조여지는 끝 지점에서 멈춥니다.
⏱️ 1초 STOP
튕기지 말고 그 지점에서 1초만 소유하세요. 무게를 놓는 순간이 아닙니다.

---

🐌 ⑤ 천천히 돌아오기
중량을 그냥 놓지 마세요.
2~3초 동안 통제하면서 복귀합니다.
시작 자세로 돌아갈 때도 같은 궤적을 유지하세요.

---

❌ 흔한 실수
❌ 허리를 젖히며 다리를 옆으로 여는
자세가 무너지면 무게를 낮추세요.
❌ 허리로 높이 만드는 것
자세가 무너지면 무게를 낮추세요.
❌ 골반이 돌아가며 한쪽만 미는 것
약한 쪽 속도에 강한 쪽을 맞추세요.
❌ 반동으로 올리는 것
템포를 늦추고 같은 궤적만 반복하세요.

---

💡 MACHINE FIT PRO TIP
🔥 이 항목은 해머 스트렝스 전용 SKU가 없습니다. ""글루트 킥백""로 분류된 실제 기구의 패드·레버·안전장치만 믿고, 가벼운 무게로 5회 리허설 후 본 세트를 시작하세요.

---

🎯 MACHINE FIT CHECK
🟢 발 → 발판 중앙·방향 정렬
🟢 어깨 → 으쓱하지 않기
🟢 복귀 → 2~3초 통제

### 🔥 이것만 기억하세요

""Rotary 글루트 킥백에서 골반을 고정하고 다리를 뒤로만 차기. 끝에서 1초, 복귀는 통제.""","🏋️ PARAMOUNT — Glute Kickback

🎯 ONE KEY CUE
🔥 ""On the Rotary glute kickback, lock the pelvis and kick the leg straight back""

There is no dedicated Paramount SKU for this category. Confirm pads, levers, and safeties on the unit in your gym, then follow the movement pattern below.

---

⚙️ ① Setup
🪑 Seat / pads
Set the seat/back pad first. Your start depth is where the pelvis stays planted and the low back does not peel up.
🦶 Feet
Lock in the support foot before you move. Reduce load if you wobble.
⚙️ Adjustments
Check 상체 지지, 발목 스트랩/패드, 스택/중량.

---

💪 ② Start position
Set the pelvis first. Do not plan to create height with the lower back.
Check only this:
👉 Glutes ready to drive, not the lumbar spine

---

🔥 ③ Execution
Finish with the hips/glutes — do not manufacture height with the lumbar spine.
Drive the hips, squeeze, then lower without lumbar snap.

---

💥 ④ Peak contraction
Stop where the target muscle is most shortened.
⏱️ 1-second STOP
Own that position for one second. This is not where you dump the weight.

---

🐌 ⑤ Controlled return
Do not dump the load.
Take 2–3 seconds on the way back.
Return on the same path you pressed or pulled.

---

❌ Common mistakes
❌ Creating height with the lumbar spine
If position breaks, cut the load.
❌ Rotating the pelvis and favoring one side
If position breaks, cut the load.
❌ Bouncing the lockout
Slow the tempo and repeat one clean path.

---

💡 MACHINE FIT PRO TIP
🔥 No dedicated Hammer Strength SKU for this slot. Trust the pads/levers/safeties on the unit labeled like ""Glute Kickback"", rehearse five light reps, then start working sets.

---

🎯 MACHINE FIT CHECK
🟢 Feet → centered and aligned
🟢 Shoulders → not shrugged
🟢 Return → 2–3 sec control

### 🔥 Remember this

""On the Rotary glute kickback, lock the pelvis and kick the leg straight back. One-second peak, controlled return."""
PARAMOUNT,힙 어브덕션,Hip Abduction,FW-8800 Total Leg,PARTIALLY_VERIFIED,Paramount Fitness,Paramount Total,https://www.well-mir.ru/uploads/catalog_fw_xfw3.pdf,어브덕션 전용 SKU명 없이 FW-8800 Total Leg 계열로 부분 대응합니다,"시트, 무릎/허벅지 패드, 스택/중량","🏋️ PARAMOUNT — FW-8800 Total Leg · Paramount Total

🎯 ONE KEY CUE
🔥 ""Rotary 어브덕션에서 상체를 세운 채 무릎을 바깥으로 벌리기""

어브덕션 전용 SKU명 없이 FW-8800 Total Leg 계열로 부분 대응합니다. Paramount Total 구조입니다. 처음부터 무게 올리지 말고, 세팅부터 잡으세요.

---

⚙️ ① 기구 세팅
🪑 좌석 / 패드
시트부터 맞추세요. 밀었을 때 골반이 말리거나 허리가 뜨지 않는 깊이가 시작점입니다.
🦶 발 위치
지지하는 발을 먼저 고정하세요. 흔들리면 중량을 낮춥니다.
⚙️ 조절 포인트
시트, 무릎/허벅지 패드, 스택/중량을 확인하세요.
이 카테고리는 공식 명칭이 겹칠 수 있으니, 헬스장 기구의 실제 레버·패드 배치를 우선하세요.

---

💪 ② 시작 자세
골반 위치를 먼저 고정합니다. 허리로 높이 만들 준비를 하지 마세요.
이 자세에서 이것만 확인하세요.
👉 허리가 아니라 엉덩이가 일을 받을 준비인지

---

🔥 ③ 운동 방법
무릎을 바깥으로 벌렸다 천천히 모으기.
허리로 높이를 만들지 말고 골반·엉덩이로 밀어 마무리하세요.

---

💥 ④ 최고 수축
목표 근육이 가장 조여지는 끝 지점에서 멈춥니다.
⏱️ 1초 STOP
튕기지 말고 그 지점에서 1초만 소유하세요. 무게를 놓는 순간이 아닙니다.

---

🐌 ⑤ 천천히 돌아오기
중량을 그냥 놓지 마세요.
2~3초 동안 통제하면서 복귀합니다.
시작 자세로 돌아갈 때도 같은 궤적을 유지하세요.

---

❌ 흔한 실수
❌ 상체를 뒤로 젖히며 반동으로 벌리는
템포를 늦추고 같은 궤적만 반복하세요.
❌ 허리로 높이 만드는 것
자세가 무너지면 무게를 낮추세요.
❌ 골반이 돌아가며 한쪽만 미는 것
약한 쪽 속도에 강한 쪽을 맞추세요.
❌ 반동으로 올리는 것
템포를 늦추고 같은 궤적만 반복하세요.

---

💡 MACHINE FIT PRO TIP
🔥 FW-8800 Total Leg의 가이드 궤적을 이용하세요. 첫 2세트는 천천히, 대칭이 확인된 뒤에만 무게를 올립니다.

---

🎯 MACHINE FIT CHECK
🟢 시트/패드 → 몸에 맞춤
🟢 발 → 발판 중앙·방향 정렬
🟢 어깨 → 으쓱하지 않기
🟢 복귀 → 2~3초 통제

### 🔥 이것만 기억하세요

""Rotary 어브덕션에서 상체를 세운 채 무릎을 바깥으로 벌리기. 끝에서 1초, 복귀는 통제.""","🏋️ PARAMOUNT — FW-8800 Total Leg · Paramount Total

🎯 ONE KEY CUE
🔥 ""On the Rotary abduction, keep the torso tall and open the knees outward""

어브덕션 전용 SKU명 없이 FW-8800 Total Leg 계열로 부분 대응합니다 Lean into the Paramount Total design. Do not chase load until the setup feels locked in.

---

⚙️ ① Setup
🪑 Seat / pads
Set the seat/back pad first. Your start depth is where the pelvis stays planted and the low back does not peel up.
🦶 Feet
Lock in the support foot before you move. Reduce load if you wobble.
⚙️ Adjustments
Check 시트, 무릎/허벅지 패드, 스택/중량.
Naming can overlap in this category — trust the levers and pads on the unit in front of you.

---

💪 ② Start position
Set the pelvis first. Do not plan to create height with the lower back.
Check only this:
👉 Glutes ready to drive, not the lumbar spine

---

🔥 ③ Execution
Finish with the hips/glutes — do not manufacture height with the lumbar spine.
Drive the hips, squeeze, then lower without lumbar snap.

---

💥 ④ Peak contraction
Stop where the target muscle is most shortened.
⏱️ 1-second STOP
Own that position for one second. This is not where you dump the weight.

---

🐌 ⑤ Controlled return
Do not dump the load.
Take 2–3 seconds on the way back.
Return on the same path you pressed or pulled.

---

❌ Common mistakes
❌ Creating height with the lumbar spine
If position breaks, cut the load.
❌ Rotating the pelvis and favoring one side
If position breaks, cut the load.
❌ Bouncing the lockout
Slow the tempo and repeat one clean path.

---

💡 MACHINE FIT PRO TIP
🔥 Use the guided path on FW-8800 Total Leg. Slow the first two sets, confirm symmetry, then add load.

---

🎯 MACHINE FIT CHECK
🟢 Seat/pad → fitted
🟢 Feet → centered and aligned
🟢 Shoulders → not shrugged
🟢 Return → 2–3 sec control

### 🔥 Remember this

""On the Rotary abduction, keep the torso tall and open the knees outward. One-second peak, controlled return."""
PARAMOUNT,힙 어덕션,Hip Adduction,FW-8800 Total Leg,PARTIALLY_VERIFIED,Paramount Fitness,Paramount Total,https://www.well-mir.ru/uploads/catalog_fw_xfw3.pdf,어덕션 전용 SKU명 없이 FW-8800 Total Leg 계열로 부분 대응합니다,"시트, 무릎/허벅지 패드, 스택/중량","🏋️ PARAMOUNT — FW-8800 Total Leg · Paramount Total

🎯 ONE KEY CUE
🔥 ""Rotary 어덕션에서 상체를 고정하고 무릎을 안쪽으로 모으기""

어덕션 전용 SKU명 없이 FW-8800 Total Leg 계열로 부분 대응합니다. Paramount Total 구조입니다. 처음부터 무게 올리지 말고, 세팅부터 잡으세요.

---

⚙️ ① 기구 세팅
🪑 좌석 / 패드
시트부터 맞추세요. 밀었을 때 골반이 말리거나 허리가 뜨지 않는 깊이가 시작점입니다.
🦶 발 위치
지지하는 발을 먼저 고정하세요. 흔들리면 중량을 낮춥니다.
⚙️ 조절 포인트
시트, 무릎/허벅지 패드, 스택/중량을 확인하세요.
이 카테고리는 공식 명칭이 겹칠 수 있으니, 헬스장 기구의 실제 레버·패드 배치를 우선하세요.

---

💪 ② 시작 자세
골반 위치를 먼저 고정합니다. 허리로 높이 만들 준비를 하지 마세요.
이 자세에서 이것만 확인하세요.
👉 허리가 아니라 엉덩이가 일을 받을 준비인지

---

🔥 ③ 운동 방법
무릎을 안쪽으로 모았다 천천히 벌리기.
허리로 높이를 만들지 말고 골반·엉덩이로 밀어 마무리하세요.

---

💥 ④ 최고 수축
목표 근육이 가장 조여지는 끝 지점에서 멈춥니다.
⏱️ 1초 STOP
튕기지 말고 그 지점에서 1초만 소유하세요. 무게를 놓는 순간이 아닙니다.

---

🐌 ⑤ 천천히 돌아오기
중량을 그냥 놓지 마세요.
2~3초 동안 통제하면서 복귀합니다.
시작 자세로 돌아갈 때도 같은 궤적을 유지하세요.

---

❌ 흔한 실수
❌ 허리를 둥글게 말고 잡아채는
자세가 무너지면 무게를 낮추세요.
❌ 허리로 높이 만드는 것
자세가 무너지면 무게를 낮추세요.
❌ 골반이 돌아가며 한쪽만 미는 것
약한 쪽 속도에 강한 쪽을 맞추세요.
❌ 반동으로 올리는 것
템포를 늦추고 같은 궤적만 반복하세요.

---

💡 MACHINE FIT PRO TIP
🔥 FW-8800 Total Leg의 가이드 궤적을 이용하세요. 첫 2세트는 천천히, 대칭이 확인된 뒤에만 무게를 올립니다.

---

🎯 MACHINE FIT CHECK
🟢 시트/패드 → 몸에 맞춤
🟢 발 → 발판 중앙·방향 정렬
🟢 어깨 → 으쓱하지 않기
🟢 복귀 → 2~3초 통제

### 🔥 이것만 기억하세요

""Rotary 어덕션에서 상체를 고정하고 무릎을 안쪽으로 모으기. 끝에서 1초, 복귀는 통제.""","🏋️ PARAMOUNT — FW-8800 Total Leg · Paramount Total

🎯 ONE KEY CUE
🔥 ""On the Rotary adduction, brace the torso and close the knees inward""

어덕션 전용 SKU명 없이 FW-8800 Total Leg 계열로 부분 대응합니다 Lean into the Paramount Total design. Do not chase load until the setup feels locked in.

---

⚙️ ① Setup
🪑 Seat / pads
Set the seat/back pad first. Your start depth is where the pelvis stays planted and the low back does not peel up.
🦶 Feet
Lock in the support foot before you move. Reduce load if you wobble.
⚙️ Adjustments
Check 시트, 무릎/허벅지 패드, 스택/중량.
Naming can overlap in this category — trust the levers and pads on the unit in front of you.

---

💪 ② Start position
Set the pelvis first. Do not plan to create height with the lower back.
Check only this:
👉 Glutes ready to drive, not the lumbar spine

---

🔥 ③ Execution
Finish with the hips/glutes — do not manufacture height with the lumbar spine.
Drive the hips, squeeze, then lower without lumbar snap.

---

💥 ④ Peak contraction
Stop where the target muscle is most shortened.
⏱️ 1-second STOP
Own that position for one second. This is not where you dump the weight.

---

🐌 ⑤ Controlled return
Do not dump the load.
Take 2–3 seconds on the way back.
Return on the same path you pressed or pulled.

---

❌ Common mistakes
❌ Creating height with the lumbar spine
If position breaks, cut the load.
❌ Rotating the pelvis and favoring one side
If position breaks, cut the load.
❌ Bouncing the lockout
Slow the tempo and repeat one clean path.

---

💡 MACHINE FIT PRO TIP
🔥 Use the guided path on FW-8800 Total Leg. Slow the first two sets, confirm symmetry, then add load.

---

🎯 MACHINE FIT CHECK
🟢 Seat/pad → fitted
🟢 Feet → centered and aligned
🟢 Shoulders → not shrugged
🟢 Return → 2–3 sec control

### 🔥 Remember this

""On the Rotary adduction, brace the torso and close the knees inward. One-second peak, controlled return."""
PARAMOUNT,글루트 / 힙 머신,Glute / Hip Machine,,BRAND_MODEL_NOT_FOUND,Paramount Fitness,,https://www.well-mir.ru/uploads/catalog_fw_xfw3.pdf,Paramount FW/XFW 카탈로그에 Glute/Hip 전용 SKU가 확인되지 않습니다,"시트/패드, 발 위치, 스택/중량","🏋️ PARAMOUNT — 글루트 / 힙 머신

🎯 ONE KEY CUE
🔥 ""Rotary 글루트/힙에서 힙 신전에 집중해 끝까지 수축""

파라마운트 전용 모델이 없는 카테고리입니다. 헬스장에 있는 실제 기구의 패드·레버·안전장치를 먼저 확인한 뒤, 아래 패턴으로 움직이세요.

---

⚙️ ① 기구 세팅
🪑 좌석 / 패드
시트부터 맞추세요. 밀었을 때 골반이 말리거나 허리가 뜨지 않는 깊이가 시작점입니다.
🦶 발 위치
지지하는 발을 먼저 고정하세요. 흔들리면 중량을 낮춥니다.
⚙️ 조절 포인트
시트/패드, 발 위치, 스택/중량을 확인하세요.

---

💪 ② 시작 자세
골반 위치를 먼저 고정합니다. 허리로 높이 만들 준비를 하지 마세요.
이 자세에서 이것만 확인하세요.
👉 허리가 아니라 엉덩이가 일을 받을 준비인지

---

🔥 ③ 운동 방법
엉덩이를 밀어 신전했다 천천히 복귀.
허리로 높이를 만들지 말고 골반·엉덩이로 밀어 마무리하세요.

---

💥 ④ 최고 수축
목표 근육이 가장 조여지는 끝 지점에서 멈춥니다.
⏱️ 1초 STOP
튕기지 말고 그 지점에서 1초만 소유하세요. 무게를 놓는 순간이 아닙니다.

---

🐌 ⑤ 천천히 돌아오기
중량을 그냥 놓지 마세요.
2~3초 동안 통제하면서 복귀합니다.
시작 자세로 돌아갈 때도 같은 궤적을 유지하세요.

---

❌ 흔한 실수
❌ 허리로만 밀며 엉덩이 수축을 놓치는
자세가 무너지면 무게를 낮추세요.
❌ 허리로 높이 만드는 것
자세가 무너지면 무게를 낮추세요.
❌ 골반이 돌아가며 한쪽만 미는 것
약한 쪽 속도에 강한 쪽을 맞추세요.
❌ 반동으로 올리는 것
템포를 늦추고 같은 궤적만 반복하세요.

---

💡 MACHINE FIT PRO TIP
🔥 이 항목은 해머 스트렝스 전용 SKU가 없습니다. ""글루트 / 힙 머신""로 분류된 실제 기구의 패드·레버·안전장치만 믿고, 가벼운 무게로 5회 리허설 후 본 세트를 시작하세요.

---

🎯 MACHINE FIT CHECK
🟢 시트/패드 → 몸에 맞춤
🟢 발 → 발판 중앙·방향 정렬
🟢 어깨 → 으쓱하지 않기
🟢 복귀 → 2~3초 통제

### 🔥 이것만 기억하세요

""Rotary 글루트/힙에서 힙 신전에 집중해 끝까지 수축. 끝에서 1초, 복귀는 통제.""","🏋️ PARAMOUNT — Glute / Hip Machine

🎯 ONE KEY CUE
🔥 ""On the Rotary glute/hip machine, focus on hip extension and finish the squeeze""

There is no dedicated Paramount SKU for this category. Confirm pads, levers, and safeties on the unit in your gym, then follow the movement pattern below.

---

⚙️ ① Setup
🪑 Seat / pads
Set the seat/back pad first. Your start depth is where the pelvis stays planted and the low back does not peel up.
🦶 Feet
Lock in the support foot before you move. Reduce load if you wobble.
⚙️ Adjustments
Check 시트/패드, 발 위치, 스택/중량.

---

💪 ② Start position
Set the pelvis first. Do not plan to create height with the lower back.
Check only this:
👉 Glutes ready to drive, not the lumbar spine

---

🔥 ③ Execution
Finish with the hips/glutes — do not manufacture height with the lumbar spine.
Drive the hips, squeeze, then lower without lumbar snap.

---

💥 ④ Peak contraction
Stop where the target muscle is most shortened.
⏱️ 1-second STOP
Own that position for one second. This is not where you dump the weight.

---

🐌 ⑤ Controlled return
Do not dump the load.
Take 2–3 seconds on the way back.
Return on the same path you pressed or pulled.

---

❌ Common mistakes
❌ Creating height with the lumbar spine
If position breaks, cut the load.
❌ Rotating the pelvis and favoring one side
If position breaks, cut the load.
❌ Bouncing the lockout
Slow the tempo and repeat one clean path.

---

💡 MACHINE FIT PRO TIP
🔥 No dedicated Hammer Strength SKU for this slot. Trust the pads/levers/safeties on the unit labeled like ""Glute / Hip Machine"", rehearse five light reps, then start working sets.

---

🎯 MACHINE FIT CHECK
🟢 Seat/pad → fitted
🟢 Feet → centered and aligned
🟢 Shoulders → not shrugged
🟢 Return → 2–3 sec control

### 🔥 Remember this

""On the Rotary glute/hip machine, focus on hip extension and finish the squeeze. One-second peak, controlled return."""
PARAMOUNT,스탠딩 카프,Standing Calf,FW-8800 Total Leg,PARTIALLY_VERIFIED,Paramount Fitness,Paramount Total,https://www.well-mir.ru/uploads/catalog_fw_xfw3.pdf,스탠딩 카프 전용 SKU명 없이 FW-8800 Total Leg 카프 패턴으로 둡니다,"어깨 패드, 발판, 스택/중량","🏋️ PARAMOUNT — FW-8800 Total Leg · Paramount Total

🎯 ONE KEY CUE
🔥 ""Rotary 스탠딩 카프에서 발볼로 밀어 올린 뒤 발뒤꿈치를 깊게 내리기""

스탠딩 카프 전용 SKU명 없이 FW-8800 Total Leg 카프 패턴으로 둡니다. Paramount Total 구조입니다. 처음부터 무게 올리지 말고, 세팅부터 잡으세요.

---

⚙️ ① 기구 세팅
🪑 좌석 / 패드
시트를 몸에 맞추세요. 시작 위치가 목표 관절 높이에 오는지 확인합니다.
🦶 발 위치
발볼만 발판에 올리고 발뒤꿈치는 아래로 떨어질 여유를 남기세요.
⚙️ 조절 포인트
어깨 패드, 발판, 스택/중량을 확인하세요.
이 카테고리는 공식 명칭이 겹칠 수 있으니, 헬스장 기구의 실제 레버·패드 배치를 우선하세요.

---

💪 ② 시작 자세
무릎 각도를 고정한 채 발볼로만 움직일 준비를 합니다.
이 자세에서 이것만 확인하세요.
👉 무릎이 같이 굽혀지지 않는지

---

🔥 ③ 운동 방법
발뒤꿈치를 올렸다 깊게 내리기.
무릎으로 밀지 말고 발목 가동범위로만 위아래를 만듭니다.

---

💥 ④ 최고 수축
발볼로 최대한 올린 꼭대기에서 멈춥니다.
⏱️ 1초 STOP
튕기지 말고 그 지점에서 1초만 소유하세요. 무게를 놓는 순간이 아닙니다.

---

🐌 ⑤ 천천히 돌아오기
중량을 그냥 놓지 마세요.
2~3초 동안 통제하면서 복귀합니다.
시작 자세로 돌아갈 때도 같은 궤적을 유지하세요.

---

❌ 흔한 실수
❌ 무릎을 굽히며 반동으로 올리는
템포를 늦추고 같은 궤적만 반복하세요.
❌ 무릎을 같이 굽혀 카프가 아닌 다리로 미는 것
자세가 무너지면 무게를 낮추세요.
❌ 발뒤꿈치를 튕기는 것
자세가 무너지면 무게를 낮추세요.
❌ 가동범위를 너무 짧게 가져가는 것
자세가 무너지면 무게를 낮추세요.

---

💡 MACHINE FIT PRO TIP
🔥 FW-8800 Total Leg의 가이드 궤적을 이용하세요. 첫 2세트는 천천히, 대칭이 확인된 뒤에만 무게를 올립니다.

---

🎯 MACHINE FIT CHECK
🟢 발 → 발판 중앙·방향 정렬
🟢 어깨 → 으쓱하지 않기
🟢 복귀 → 2~3초 통제

### 🔥 이것만 기억하세요

""발볼로만, 꼭대기 1초, 튕기지 않기.""","🏋️ PARAMOUNT — FW-8800 Total Leg · Paramount Total

🎯 ONE KEY CUE
🔥 ""On the Rotary standing calf, drive through the balls of the feet then lower the heels deep""

스탠딩 카프 전용 SKU명 없이 FW-8800 Total Leg 카프 패턴으로 둡니다 Lean into the Paramount Total design. Do not chase load until the setup feels locked in.

---

⚙️ ① Setup
🪑 Seat / pads
Fit the seat to your body so the start position sits naturally on the working joint.
🦶 Feet
Balls of the feet on the platform; leave room for the heels to drop.
⚙️ Adjustments
Check 어깨 패드, 발판, 스택/중량.
Naming can overlap in this category — trust the levers and pads on the unit in front of you.

---

💪 ② Start position
Lock the knee angle and prepare to move only through the ankles.
Check only this:
👉 Knees not bending with the calves

---

🔥 ③ Execution
Do not press with the knees. Use ankle range only.
Lower the heels, rise through the balls of the feet, pause, then lower.

---

💥 ④ Peak contraction
Stop at the top of the rise through the balls of the feet.
⏱️ 1-second STOP
Own that position for one second. This is not where you dump the weight.

---

🐌 ⑤ Controlled return
Do not dump the load.
Take 2–3 seconds on the way back.
Return on the same path you pressed or pulled.

---

❌ Common mistakes
❌ Bending the knees and turning it into a leg press
If position breaks, cut the load.
❌ Bouncing the heels
Slow the tempo and repeat one clean path.
❌ Cutting the range too short
If position breaks, cut the load.

---

💡 MACHINE FIT PRO TIP
🔥 Use the guided path on FW-8800 Total Leg. Slow the first two sets, confirm symmetry, then add load.

---

🎯 MACHINE FIT CHECK
🟢 Feet → centered and aligned
🟢 Shoulders → not shrugged
🟢 Return → 2–3 sec control

### 🔥 Remember this

""Balls of the feet only, pause on top, no bounce."""
PARAMOUNT,시티드 카프,Seated Calf,FW-8800 Total Leg,PARTIALLY_VERIFIED,Paramount Fitness,Paramount Total,https://www.well-mir.ru/uploads/catalog_fw_xfw3.pdf,시티드 카프 전용 SKU명 없이 FW-8800으로 부분 대응합니다,"무릎 패드, 발판, 스택/중량","🏋️ PARAMOUNT — FW-8800 Total Leg · Paramount Total

🎯 ONE KEY CUE
🔥 ""Rotary 시티드 카프에서 무릎 패드를 고정하고 발볼로만 밀기""

시티드 카프 전용 SKU명 없이 FW-8800으로 부분 대응합니다. Paramount Total 구조입니다. 처음부터 무게 올리지 말고, 세팅부터 잡으세요.

---

⚙️ ① 기구 세팅
🪑 좌석 / 패드
시트를 몸에 맞추세요. 시작 위치가 목표 관절 높이에 오는지 확인합니다.
🦶 발 위치
발볼만 발판에 올리고 발뒤꿈치는 아래로 떨어질 여유를 남기세요.
⚙️ 조절 포인트
무릎 패드, 발판, 스택/중량을 확인하세요.
이 카테고리는 공식 명칭이 겹칠 수 있으니, 헬스장 기구의 실제 레버·패드 배치를 우선하세요.

---

💪 ② 시작 자세
무릎 각도를 고정한 채 발볼로만 움직일 준비를 합니다.
이 자세에서 이것만 확인하세요.
👉 무릎이 같이 굽혀지지 않는지

---

🔥 ③ 운동 방법
발뒤꿈치를 올렸다 깊게 내리기.
무릎으로 밀지 말고 발목 가동범위로만 위아래를 만듭니다.

---

💥 ④ 최고 수축
발볼로 최대한 올린 꼭대기에서 멈춥니다.
⏱️ 1초 STOP
튕기지 말고 그 지점에서 1초만 소유하세요. 무게를 놓는 순간이 아닙니다.

---

🐌 ⑤ 천천히 돌아오기
중량을 그냥 놓지 마세요.
2~3초 동안 통제하면서 복귀합니다.
시작 자세로 돌아갈 때도 같은 궤적을 유지하세요.

---

❌ 흔한 실수
❌ 무릎으로 튕기며 가동범위를 줄이는
자세가 무너지면 무게를 낮추세요.
❌ 무릎을 같이 굽혀 카프가 아닌 다리로 미는 것
자세가 무너지면 무게를 낮추세요.
❌ 발뒤꿈치를 튕기는 것
자세가 무너지면 무게를 낮추세요.
❌ 가동범위를 너무 짧게 가져가는 것
자세가 무너지면 무게를 낮추세요.

---

💡 MACHINE FIT PRO TIP
🔥 FW-8800 Total Leg의 가이드 궤적을 이용하세요. 첫 2세트는 천천히, 대칭이 확인된 뒤에만 무게를 올립니다.

---

🎯 MACHINE FIT CHECK
🟢 발 → 발판 중앙·방향 정렬
🟢 어깨 → 으쓱하지 않기
🟢 복귀 → 2~3초 통제

### 🔥 이것만 기억하세요

""발볼로만, 꼭대기 1초, 튕기지 않기.""","🏋️ PARAMOUNT — FW-8800 Total Leg · Paramount Total

🎯 ONE KEY CUE
🔥 ""On the Rotary seated calf, lock the knee pad and press only through the balls of the feet""

시티드 카프 전용 SKU명 없이 FW-8800으로 부분 대응합니다 Lean into the Paramount Total design. Do not chase load until the setup feels locked in.

---

⚙️ ① Setup
🪑 Seat / pads
Fit the seat to your body so the start position sits naturally on the working joint.
🦶 Feet
Balls of the feet on the platform; leave room for the heels to drop.
⚙️ Adjustments
Check 무릎 패드, 발판, 스택/중량.
Naming can overlap in this category — trust the levers and pads on the unit in front of you.

---

💪 ② Start position
Lock the knee angle and prepare to move only through the ankles.
Check only this:
👉 Knees not bending with the calves

---

🔥 ③ Execution
Do not press with the knees. Use ankle range only.
Lower the heels, rise through the balls of the feet, pause, then lower.

---

💥 ④ Peak contraction
Stop at the top of the rise through the balls of the feet.
⏱️ 1-second STOP
Own that position for one second. This is not where you dump the weight.

---

🐌 ⑤ Controlled return
Do not dump the load.
Take 2–3 seconds on the way back.
Return on the same path you pressed or pulled.

---

❌ Common mistakes
❌ Bending the knees and turning it into a leg press
If position breaks, cut the load.
❌ Bouncing the heels
Slow the tempo and repeat one clean path.
❌ Cutting the range too short
If position breaks, cut the load.

---

💡 MACHINE FIT PRO TIP
🔥 Use the guided path on FW-8800 Total Leg. Slow the first two sets, confirm symmetry, then add load.

---

🎯 MACHINE FIT CHECK
🟢 Feet → centered and aligned
🟢 Shoulders → not shrugged
🟢 Return → 2–3 sec control

### 🔥 Remember this

""Balls of the feet only, pause on top, no bounce."""
PARAMOUNT,레그 프레스 카프,Leg Press Calf,FW-7800 45° Leg Press,PARTIALLY_VERIFIED,Paramount Fitness,Paramount FW,https://www.well-mir.ru/uploads/catalog_fw_xfw3.pdf,레그 프레스 카프 전용 SKU 없이 FW-7800 발판 카프 패턴입니다,"발판 위치, 무릎 각도, 스택/중량","🏋️ PARAMOUNT — FW-7800 45° Leg Press · Paramount FW

🎯 ONE KEY CUE
🔥 ""Rotary 레그 프레스 카프에서 무릎을 살짝 고정한 채 발볼로만 밀기""

레그 프레스 카프 전용 SKU 없이 FW-7800 발판 카프 패턴. 파라마운트 Rotary(FW)·Total(FW-8xxx)·FS·XFW Smith·XFT 궤적을 그대로 타는 게 핵심입니다. 처음부터 무게 올리지 말고, 세팅부터 잡으세요.

---

⚙️ ① 기구 세팅
🦶 발 위치
발볼만 발판에 올리고 발뒤꿈치는 아래로 떨어질 여유를 남기세요.
⚙️ 조절 포인트
발판 위치, 무릎 각도, 스택/중량을 확인하세요.
이 카테고리는 공식 명칭이 겹칠 수 있으니, 헬스장 기구의 실제 레버·패드 배치를 우선하세요.

---

💪 ② 시작 자세
무릎 각도를 고정한 채 발볼로만 움직일 준비를 합니다.
이 자세에서 이것만 확인하세요.
👉 무릎이 같이 굽혀지지 않는지

---

🔥 ③ 운동 방법
발판을 발볼로 밀었다 발뒤꿈치를 내리기.
무릎으로 밀지 말고 발목 가동범위로만 위아래를 만듭니다.

---

💥 ④ 최고 수축
발볼로 최대한 올린 꼭대기에서 멈춥니다.
⏱️ 1초 STOP
튕기지 말고 그 지점에서 1초만 소유하세요. 무게를 놓는 순간이 아닙니다.

---

🐌 ⑤ 천천히 돌아오기
중량을 그냥 놓지 마세요.
2~3초 동안 통제하면서 복귀합니다.
시작 자세로 돌아갈 때도 같은 궤적을 유지하세요.

---

❌ 흔한 실수
❌ 무릎을 완전히 펴 잠가 관절에 충격 주는
자세가 무너지면 무게를 낮추세요.
❌ 무릎을 같이 굽혀 카프가 아닌 다리로 미는 것
자세가 무너지면 무게를 낮추세요.
❌ 발뒤꿈치를 튕기는 것
자세가 무너지면 무게를 낮추세요.
❌ 가동범위를 너무 짧게 가져가는 것
자세가 무너지면 무게를 낮추세요.

---

💡 MACHINE FIT PRO TIP
🔥 FW-7800 45° Leg Press의 가이드 궤적을 이용하세요. 첫 2세트는 천천히, 대칭이 확인된 뒤에만 무게를 올립니다.

---

🎯 MACHINE FIT CHECK
🟢 발 → 발판 중앙·방향 정렬
🟢 어깨 → 으쓱하지 않기
🟢 복귀 → 2~3초 통제

### 🔥 이것만 기억하세요

""발볼로만, 꼭대기 1초, 튕기지 않기.""","🏋️ PARAMOUNT — FW-7800 45° Leg Press · Paramount FW

🎯 ONE KEY CUE
🔥 ""On the Rotary leg-press calf, soft-lock the knees and press only through the balls of the feet""

레그 프레스 카프 전용 SKU 없이 FW-7800 발판 카프 패턴입니다 Ride the Paramount Rotary (FW) / Total (FW-8xxx) / FS / XFW Smith / XFT path instead of fighting it. Do not chase load until the setup feels locked in.

---

⚙️ ① Setup
🦶 Feet
Balls of the feet on the platform; leave room for the heels to drop.
⚙️ Adjustments
Check 발판 위치, 무릎 각도, 스택/중량.
Naming can overlap in this category — trust the levers and pads on the unit in front of you.

---

💪 ② Start position
Lock the knee angle and prepare to move only through the ankles.
Check only this:
👉 Knees not bending with the calves

---

🔥 ③ Execution
Do not press with the knees. Use ankle range only.
Lower the heels, rise through the balls of the feet, pause, then lower.

---

💥 ④ Peak contraction
Stop at the top of the rise through the balls of the feet.
⏱️ 1-second STOP
Own that position for one second. This is not where you dump the weight.

---

🐌 ⑤ Controlled return
Do not dump the load.
Take 2–3 seconds on the way back.
Return on the same path you pressed or pulled.

---

❌ Common mistakes
❌ Bending the knees and turning it into a leg press
If position breaks, cut the load.
❌ Bouncing the heels
Slow the tempo and repeat one clean path.
❌ Cutting the range too short
If position breaks, cut the load.

---

💡 MACHINE FIT PRO TIP
🔥 Use the guided path on FW-7800 45° Leg Press. Slow the first two sets, confirm symmetry, then add load.

---

🎯 MACHINE FIT CHECK
🟢 Feet → centered and aligned
🟢 Shoulders → not shrugged
🟢 Return → 2–3 sec control

### 🔥 Remember this

""Balls of the feet only, pause on top, no bounce."""
PARAMOUNT,바이셉 컬,Biceps Curl,,BRAND_MODEL_NOT_FOUND,Paramount Fitness,,https://www.well-mir.ru/uploads/catalog_fw_xfw3.pdf,Paramount FW/XFW 카탈로그에 Biceps Curl 전용 SKU가 확인되지 않습니다,"시트, 팔꿈치 패드, 스택/중량","🏋️ PARAMOUNT — 바이셉 컬

🎯 ONE KEY CUE
🔥 ""Rotary 바이셉 컬에서 팔꿈치를 패드에 고정하고 손잡이만 올리기""

파라마운트 전용 모델이 없는 카테고리입니다. 헬스장에 있는 실제 기구의 패드·레버·안전장치를 먼저 확인한 뒤, 아래 패턴으로 움직이세요.

---

⚙️ ① 기구 세팅
🪑 좌석 / 패드
시트를 몸에 맞추세요. 시작 위치가 어깨·관절에 자연스럽게 오는지 확인합니다.
🤲 그립 / 손 위치
손잡이를 편안한 너비로 잡으세요. 손목이 꺾이지 않게 합니다.
⚙️ 조절 포인트
시트, 팔꿈치 패드, 스택/중량을 확인하세요.

---

💪 ② 시작 자세
팔꿈치 위치를 패드나 몸 옆에 고정합니다. 몸통 반동은 끕니다.
이 자세에서 이것만 확인하세요.
👉 팔꿈치가 앞으로 흘러가지 않는지

---

🔥 ③ 운동 방법
손잡이를 올려 컬했다 천천히 펴기.
몸통은 고정, 팔꿈치 아래만 움직입니다.

---

💥 ④ 최고 수축
목표 근육이 가장 조여지는 끝 지점에서 멈춥니다.
⏱️ 1초 STOP
튕기지 말고 그 지점에서 1초만 소유하세요. 무게를 놓는 순간이 아닙니다.

---

🐌 ⑤ 천천히 돌아오기
중량을 그냥 놓지 마세요.
2~3초 동안 통제하면서 복귀합니다.
시작 자세로 돌아갈 때도 같은 궤적을 유지하세요.

---

❌ 흔한 실수
❌ 상체를 흔들며 반동 컬하는
템포를 늦추고 같은 궤적만 반복하세요.
❌ 팔꿈치가 앞으로 흘러가며 어깨가 개입하는 것
자세가 무너지면 무게를 낮추세요.
❌ 몸통 반동으로 올리는 것
템포를 늦추고 같은 궤적만 반복하세요.
❌ 손목을 과하게 꺾는 것
자세가 무너지면 무게를 낮추세요.

---

💡 MACHINE FIT PRO TIP
🔥 이 항목은 해머 스트렝스 전용 SKU가 없습니다. ""바이셉 컬""로 분류된 실제 기구의 패드·레버·안전장치만 믿고, 가벼운 무게로 5회 리허설 후 본 세트를 시작하세요.

---

🎯 MACHINE FIT CHECK
🟢 시트/패드 → 몸에 맞춤
🟢 팔꿈치 → 미는/드는 방향
🟢 어깨 → 으쓱하지 않기
🟢 복귀 → 2~3초 통제

### 🔥 이것만 기억하세요

""Rotary 바이셉 컬에서 팔꿈치를 패드에 고정하고 손잡이만 올리기. 끝에서 1초, 복귀는 통제.""","🏋️ PARAMOUNT — Biceps Curl

🎯 ONE KEY CUE
🔥 ""On the Rotary biceps curl, pin the elbows to the pad and lift only the handles""

There is no dedicated Paramount SKU for this category. Confirm pads, levers, and safeties on the unit in your gym, then follow the movement pattern below.

---

⚙️ ① Setup
🪑 Seat / pads
Fit the seat to your body so the start position sits naturally on the working joint.
🤲 Grip / hands
Take a comfortable grip width and keep the wrists stacked, not bent.
⚙️ Adjustments
Check 시트, 팔꿈치 패드, 스택/중량.

---

💪 ② Start position
Fix the elbows on the pad or at your sides. Kill torso swing.
Check only this:
👉 Elbows not drifting forward

---

🔥 ③ Execution
Torso stays quiet. Move only below the elbows.
Curl or extend only at the elbow, then reverse slowly.

---

💥 ④ Peak contraction
Stop where the target muscle is most shortened.
⏱️ 1-second STOP
Own that position for one second. This is not where you dump the weight.

---

🐌 ⑤ Controlled return
Do not dump the load.
Take 2–3 seconds on the way back.
Return on the same path you pressed or pulled.

---

❌ Common mistakes
❌ Letting the elbows drift so the shoulders take over
If position breaks, cut the load.
❌ Swinging the torso
If position breaks, cut the load.
❌ Over-bending the wrists
If position breaks, cut the load.

---

💡 MACHINE FIT PRO TIP
🔥 No dedicated Hammer Strength SKU for this slot. Trust the pads/levers/safeties on the unit labeled like ""Biceps Curl"", rehearse five light reps, then start working sets.

---

🎯 MACHINE FIT CHECK
🟢 Seat/pad → fitted
🟢 Elbows → press/raise direction
🟢 Shoulders → not shrugged
🟢 Return → 2–3 sec control

### 🔥 Remember this

""On the Rotary biceps curl, pin the elbows to the pad and lift only the handles. One-second peak, controlled return."""
PARAMOUNT,프리처 컬,Preacher Curl,,BRAND_MODEL_NOT_FOUND,Paramount Fitness,,https://www.well-mir.ru/uploads/catalog_fw_xfw3.pdf,Paramount FW/XFW 카탈로그에 Preacher Curl 전용 SKU가 없습니다,"시트, 프리처 패드, 중량","🏋️ PARAMOUNT — 프리처 컬

🎯 ONE KEY CUE
🔥 ""Rotary 프리처에서 상완을 패드에 밀착하고 손목을 중립으로 컬""

파라마운트 전용 모델이 없는 카테고리입니다. 헬스장에 있는 실제 기구의 패드·레버·안전장치를 먼저 확인한 뒤, 아래 패턴으로 움직이세요.

---

⚙️ ① 기구 세팅
🪑 좌석 / 패드
시트를 몸에 맞추세요. 시작 위치가 어깨·관절에 자연스럽게 오는지 확인합니다.
🤲 그립 / 손 위치
손잡이를 편안한 너비로 잡으세요. 손목이 꺾이지 않게 합니다.
⚙️ 조절 포인트
시트, 프리처 패드, 중량을 확인하세요.

---

💪 ② 시작 자세
팔꿈치 위치를 패드나 몸 옆에 고정합니다. 몸통 반동은 끕니다.
이 자세에서 이것만 확인하세요.
👉 팔꿈치가 앞으로 흘러가지 않는지

---

🔥 ③ 운동 방법
바/손잡이를 올려 컬했다 천천히 펴기.
몸통은 고정, 팔꿈치 아래만 움직입니다.

---

💥 ④ 최고 수축
목표 근육이 가장 조여지는 끝 지점에서 멈춥니다.
⏱️ 1초 STOP
튕기지 말고 그 지점에서 1초만 소유하세요. 무게를 놓는 순간이 아닙니다.

---

🐌 ⑤ 천천히 돌아오기
중량을 그냥 놓지 마세요.
2~3초 동안 통제하면서 복귀합니다.
시작 자세로 돌아갈 때도 같은 궤적을 유지하세요.

---

❌ 흔한 실수
❌ 팔꿈치를 뜨고 어깨로 들어 올리는
자세가 무너지면 무게를 낮추세요.
❌ 팔꿈치가 앞으로 흘러가며 어깨가 개입하는 것
자세가 무너지면 무게를 낮추세요.
❌ 몸통 반동으로 올리는 것
템포를 늦추고 같은 궤적만 반복하세요.
❌ 손목을 과하게 꺾는 것
자세가 무너지면 무게를 낮추세요.

---

💡 MACHINE FIT PRO TIP
🔥 이 항목은 해머 스트렝스 전용 SKU가 없습니다. ""프리처 컬""로 분류된 실제 기구의 패드·레버·안전장치만 믿고, 가벼운 무게로 5회 리허설 후 본 세트를 시작하세요.

---

🎯 MACHINE FIT CHECK
🟢 시트/패드 → 몸에 맞춤
🟢 팔꿈치 → 미는/드는 방향
🟢 어깨 → 으쓱하지 않기
🟢 복귀 → 2~3초 통제

### 🔥 이것만 기억하세요

""Rotary 프리처에서 상완을 패드에 밀착하고 손목을 중립으로 컬. 끝에서 1초, 복귀는 통제.""","🏋️ PARAMOUNT — Preacher Curl

🎯 ONE KEY CUE
🔥 ""On the Rotary preacher, pin the upper arms to the pad and curl with a neutral wrist""

There is no dedicated Paramount SKU for this category. Confirm pads, levers, and safeties on the unit in your gym, then follow the movement pattern below.

---

⚙️ ① Setup
🪑 Seat / pads
Fit the seat to your body so the start position sits naturally on the working joint.
🤲 Grip / hands
Take a comfortable grip width and keep the wrists stacked, not bent.
⚙️ Adjustments
Check 시트, 프리처 패드, 중량.

---

💪 ② Start position
Fix the elbows on the pad or at your sides. Kill torso swing.
Check only this:
👉 Elbows not drifting forward

---

🔥 ③ Execution
Torso stays quiet. Move only below the elbows.
Curl or extend only at the elbow, then reverse slowly.

---

💥 ④ Peak contraction
Stop where the target muscle is most shortened.
⏱️ 1-second STOP
Own that position for one second. This is not where you dump the weight.

---

🐌 ⑤ Controlled return
Do not dump the load.
Take 2–3 seconds on the way back.
Return on the same path you pressed or pulled.

---

❌ Common mistakes
❌ Letting the elbows drift so the shoulders take over
If position breaks, cut the load.
❌ Swinging the torso
If position breaks, cut the load.
❌ Over-bending the wrists
If position breaks, cut the load.

---

💡 MACHINE FIT PRO TIP
🔥 No dedicated Hammer Strength SKU for this slot. Trust the pads/levers/safeties on the unit labeled like ""Preacher Curl"", rehearse five light reps, then start working sets.

---

🎯 MACHINE FIT CHECK
🟢 Seat/pad → fitted
🟢 Elbows → press/raise direction
🟢 Shoulders → not shrugged
🟢 Return → 2–3 sec control

### 🔥 Remember this

""On the Rotary preacher, pin the upper arms to the pad and curl with a neutral wrist. One-second peak, controlled return."""
PARAMOUNT,아이소래터럴 바이셉 컬,Iso-Lateral Biceps Curl,,BRAND_MODEL_NOT_FOUND,Paramount Fitness,,https://www.well-mir.ru/uploads/catalog_fw_xfw3.pdf,Paramount FW/XFW 카탈로그에 Iso Biceps Curl 전용 SKU가 없습니다,"시트, 좌·우 패드, 스택/중량","🏋️ PARAMOUNT — 아이소래터럴 바이셉 컬

🎯 ONE KEY CUE
🔥 ""Rotary 독립 바이셉으로 좌우를 같은 높이로 컬하며 불균형 확인""

파라마운트 전용 모델이 없는 카테고리입니다. 헬스장에 있는 실제 기구의 패드·레버·안전장치를 먼저 확인한 뒤, 아래 패턴으로 움직이세요.

---

⚙️ ① 기구 세팅
🪑 좌석 / 패드
시트를 몸에 맞추세요. 시작 위치가 어깨·관절에 자연스럽게 오는지 확인합니다.
🤲 그립 / 손 위치
양손잡이 높이가 좌우 같은지 먼저 보세요. 독립 암이라 한쪽만 어긋나도 바로 느껴집니다.
⚙️ 조절 포인트
시트, 좌·우 패드, 스택/중량을 확인하세요. 좌우 시작 위치가 같은지도 같이 봅니다.

---

💪 ② 시작 자세
팔꿈치 위치를 패드나 몸 옆에 고정합니다. 몸통 반동은 끕니다.
좌우가 같은 높이에서 시작하는지 한 번 더 보세요.
이 자세에서 이것만 확인하세요.
👉 팔꿈치가 앞으로 흘러가지 않는지

---

🔥 ③ 운동 방법
각 팔을 독립적으로 컬했다 펴기.
양쪽을 같은 속도로 움직이세요. 한쪽이 먼저 끝나면 무게를 더 올리기 전에 밸런스부터 잡습니다.

---

💥 ④ 최고 수축
목표 근육이 가장 조여지는 끝 지점에서 멈춥니다.
⏱️ 1초 STOP
튕기지 말고 그 지점에서 1초만 소유하세요. 무게를 놓는 순간이 아닙니다.

---

🐌 ⑤ 천천히 돌아오기
중량을 그냥 놓지 마세요.
2~3초 동안 통제하면서 복귀합니다.
시작 자세로 돌아갈 때도 같은 궤적을 유지하세요.

---

❌ 흔한 실수
❌ 강한 쪽만 높게 올려 비대칭을 키우는
자세가 무너지면 무게를 낮추세요.
❌ 팔꿈치가 앞으로 흘러가며 어깨가 개입하는 것
자세가 무너지면 무게를 낮추세요.
❌ 몸통 반동으로 올리는 것
템포를 늦추고 같은 궤적만 반복하세요.
❌ 손목을 과하게 꺾는 것
자세가 무너지면 무게를 낮추세요.
❌ 한쪽만 먼저 끝내고 반대쪽을 따라가게 하는 것
약한 쪽 속도에 강한 쪽을 맞추세요.

---

💡 MACHINE FIT PRO TIP
🔥 이 항목은 해머 스트렝스 전용 SKU가 없습니다. ""아이소래터럴 바이셉 컬""로 분류된 실제 기구의 패드·레버·안전장치만 믿고, 가벼운 무게로 5회 리허설 후 본 세트를 시작하세요.

---

🎯 MACHINE FIT CHECK
🟢 시트/패드 → 몸에 맞춤
🟢 팔꿈치 → 미는/드는 방향
🟢 좌우 → 같은 속도
🟢 복귀 → 2~3초 통제

### 🔥 이것만 기억하세요

""좌우 같은 속도, 끝에서 1초, 복귀는 통제.""","🏋️ PARAMOUNT — Iso-Lateral Biceps Curl

🎯 ONE KEY CUE
🔥 ""With Rotary independent biceps arms, curl both sides to the same height""

There is no dedicated Paramount SKU for this category. Confirm pads, levers, and safeties on the unit in your gym, then follow the movement pattern below.

---

⚙️ ① Setup
🪑 Seat / pads
Fit the seat to your body so the start position sits naturally on the working joint.
🤲 Grip / hands
Match left and right handle height first — independent arms expose any mismatch immediately.
⚙️ Adjustments
Check 시트, 좌·우 패드, 스택/중량. Confirm both sides start from the same position.

---

💪 ② Start position
Fix the elbows on the pad or at your sides. Kill torso swing.
Double-check both sides start at the same height.
Check only this:
👉 Elbows not drifting forward

---

🔥 ③ Execution
Match left-right speed. If one side finishes early, fix balance before adding load.
Curl or extend only at the elbow, then reverse slowly. Keep both sides honest.

---

💥 ④ Peak contraction
Stop where the target muscle is most shortened.
⏱️ 1-second STOP
Own that position for one second. This is not where you dump the weight.

---

🐌 ⑤ Controlled return
Do not dump the load.
Take 2–3 seconds on the way back.
Return on the same path you pressed or pulled.

---

❌ Common mistakes
❌ Letting the elbows drift so the shoulders take over
If position breaks, cut the load.
❌ Swinging the torso
If position breaks, cut the load.
❌ Over-bending the wrists
If position breaks, cut the load.
❌ Letting one side finish early
Match the stronger side to the weaker side’s speed.

---

💡 MACHINE FIT PRO TIP
🔥 No dedicated Hammer Strength SKU for this slot. Trust the pads/levers/safeties on the unit labeled like ""Iso-Lateral Biceps Curl"", rehearse five light reps, then start working sets.

---

🎯 MACHINE FIT CHECK
🟢 Seat/pad → fitted
🟢 Elbows → press/raise direction
🟢 Left/right → same speed
🟢 Return → 2–3 sec control

### 🔥 Remember this

""Match sides, one-second peak, controlled return."""
PARAMOUNT,암 컬,Arm Curl,,BRAND_MODEL_NOT_FOUND,Paramount Fitness,,https://www.well-mir.ru/uploads/catalog_fw_xfw3.pdf,Paramount FW/XFW 카탈로그에 Arm Curl 전용 SKU가 없습니다,"시트, 손잡이, 스택/중량","🏋️ PARAMOUNT — 암 컬

🎯 ONE KEY CUE
🔥 ""Rotary 암 컬에서 상체를 고정하고 팔꿈치만 굽히기""

파라마운트 전용 모델이 없는 카테고리입니다. 헬스장에 있는 실제 기구의 패드·레버·안전장치를 먼저 확인한 뒤, 아래 패턴으로 움직이세요.

---

⚙️ ① 기구 세팅
🪑 좌석 / 패드
시트를 몸에 맞추세요. 시작 위치가 어깨·관절에 자연스럽게 오는지 확인합니다.
🤲 그립 / 손 위치
손잡이를 편안한 너비로 잡으세요. 손목이 꺾이지 않게 합니다.
⚙️ 조절 포인트
시트, 손잡이, 스택/중량을 확인하세요.

---

💪 ② 시작 자세
팔꿈치 위치를 패드나 몸 옆에 고정합니다. 몸통 반동은 끕니다.
이 자세에서 이것만 확인하세요.
👉 팔꿈치가 앞으로 흘러가지 않는지

---

🔥 ③ 운동 방법
손잡이를 올려 컬했다 천천히 펴기.
몸통은 고정, 팔꿈치 아래만 움직입니다.

---

💥 ④ 최고 수축
목표 근육이 가장 조여지는 끝 지점에서 멈춥니다.
⏱️ 1초 STOP
튕기지 말고 그 지점에서 1초만 소유하세요. 무게를 놓는 순간이 아닙니다.

---

🐌 ⑤ 천천히 돌아오기
중량을 그냥 놓지 마세요.
2~3초 동안 통제하면서 복귀합니다.
시작 자세로 돌아갈 때도 같은 궤적을 유지하세요.

---

❌ 흔한 실수
❌ 어깨를 앞으로 말리며 잡아채는
자세가 무너지면 무게를 낮추세요.
❌ 팔꿈치가 앞으로 흘러가며 어깨가 개입하는 것
자세가 무너지면 무게를 낮추세요.
❌ 몸통 반동으로 올리는 것
템포를 늦추고 같은 궤적만 반복하세요.
❌ 손목을 과하게 꺾는 것
자세가 무너지면 무게를 낮추세요.

---

💡 MACHINE FIT PRO TIP
🔥 이 항목은 해머 스트렝스 전용 SKU가 없습니다. ""암 컬""로 분류된 실제 기구의 패드·레버·안전장치만 믿고, 가벼운 무게로 5회 리허설 후 본 세트를 시작하세요.

---

🎯 MACHINE FIT CHECK
🟢 시트/패드 → 몸에 맞춤
🟢 팔꿈치 → 미는/드는 방향
🟢 어깨 → 으쓱하지 않기
🟢 복귀 → 2~3초 통제

### 🔥 이것만 기억하세요

""Rotary 암 컬에서 상체를 고정하고 팔꿈치만 굽히기. 끝에서 1초, 복귀는 통제.""","🏋️ PARAMOUNT — Arm Curl

🎯 ONE KEY CUE
🔥 ""On the Rotary arm curl, brace the torso and bend only at the elbows""

There is no dedicated Paramount SKU for this category. Confirm pads, levers, and safeties on the unit in your gym, then follow the movement pattern below.

---

⚙️ ① Setup
🪑 Seat / pads
Fit the seat to your body so the start position sits naturally on the working joint.
🤲 Grip / hands
Take a comfortable grip width and keep the wrists stacked, not bent.
⚙️ Adjustments
Check 시트, 손잡이, 스택/중량.

---

💪 ② Start position
Fix the elbows on the pad or at your sides. Kill torso swing.
Check only this:
👉 Elbows not drifting forward

---

🔥 ③ Execution
Torso stays quiet. Move only below the elbows.
Curl or extend only at the elbow, then reverse slowly.

---

💥 ④ Peak contraction
Stop where the target muscle is most shortened.
⏱️ 1-second STOP
Own that position for one second. This is not where you dump the weight.

---

🐌 ⑤ Controlled return
Do not dump the load.
Take 2–3 seconds on the way back.
Return on the same path you pressed or pulled.

---

❌ Common mistakes
❌ Letting the elbows drift so the shoulders take over
If position breaks, cut the load.
❌ Swinging the torso
If position breaks, cut the load.
❌ Over-bending the wrists
If position breaks, cut the load.

---

💡 MACHINE FIT PRO TIP
🔥 No dedicated Hammer Strength SKU for this slot. Trust the pads/levers/safeties on the unit labeled like ""Arm Curl"", rehearse five light reps, then start working sets.

---

🎯 MACHINE FIT CHECK
🟢 Seat/pad → fitted
🟢 Elbows → press/raise direction
🟢 Shoulders → not shrugged
🟢 Return → 2–3 sec control

### 🔥 Remember this

""On the Rotary arm curl, brace the torso and bend only at the elbows. One-second peak, controlled return."""
PARAMOUNT,트라이셉스 익스텐션,Triceps Extension,,BRAND_MODEL_NOT_FOUND,Paramount Fitness,,https://www.well-mir.ru/uploads/catalog_fw_xfw3.pdf,Paramount FW/XFW 카탈로그에 Triceps Extension 전용 SKU가 확인되지 않습니다,"시트, 팔꿈치 패드, 스택/중량","🏋️ PARAMOUNT — 트라이셉스 익스텐션

🎯 ONE KEY CUE
🔥 ""Rotary 트라이셉스 익스텐션에서 팔꿈치를 고정한 채 손잡이만 앞으로 펴기""

파라마운트 전용 모델이 없는 카테고리입니다. 헬스장에 있는 실제 기구의 패드·레버·안전장치를 먼저 확인한 뒤, 아래 패턴으로 움직이세요.

---

⚙️ ① 기구 세팅
🪑 좌석 / 패드
시트를 몸에 맞추세요. 시작 위치가 어깨·관절에 자연스럽게 오는지 확인합니다.
🤲 그립 / 손 위치
손잡이를 편안한 너비로 잡으세요. 손목이 꺾이지 않게 합니다.
⚙️ 조절 포인트
시트, 팔꿈치 패드, 스택/중량을 확인하세요.

---

💪 ② 시작 자세
팔꿈치 위치를 패드나 몸 옆에 고정합니다. 몸통 반동은 끕니다.
이 자세에서 이것만 확인하세요.
👉 팔꿈치가 앞으로 흘러가지 않는지

---

🔥 ③ 운동 방법
손잡이를 펴고 천천히 굴곡으로 복귀.
몸통은 고정, 팔꿈치 아래만 움직입니다.

---

💥 ④ 최고 수축
목표 근육이 가장 조여지는 끝 지점에서 멈춥니다.
⏱️ 1초 STOP
튕기지 말고 그 지점에서 1초만 소유하세요. 무게를 놓는 순간이 아닙니다.

---

🐌 ⑤ 천천히 돌아오기
중량을 그냥 놓지 마세요.
2~3초 동안 통제하면서 복귀합니다.
시작 자세로 돌아갈 때도 같은 궤적을 유지하세요.

---

❌ 흔한 실수
❌ 팔꿈치를 벌리며 어깨로 미는
자세가 무너지면 무게를 낮추세요.
❌ 팔꿈치가 앞으로 흘러가며 어깨가 개입하는 것
자세가 무너지면 무게를 낮추세요.
❌ 몸통 반동으로 올리는 것
템포를 늦추고 같은 궤적만 반복하세요.
❌ 손목을 과하게 꺾는 것
자세가 무너지면 무게를 낮추세요.

---

💡 MACHINE FIT PRO TIP
🔥 이 항목은 해머 스트렝스 전용 SKU가 없습니다. ""트라이셉스 익스텐션""로 분류된 실제 기구의 패드·레버·안전장치만 믿고, 가벼운 무게로 5회 리허설 후 본 세트를 시작하세요.

---

🎯 MACHINE FIT CHECK
🟢 시트/패드 → 몸에 맞춤
🟢 팔꿈치 → 미는/드는 방향
🟢 어깨 → 으쓱하지 않기
🟢 복귀 → 2~3초 통제

### 🔥 이것만 기억하세요

""Rotary 트라이셉스 익스텐션에서 팔꿈치를 고정한 채 손잡이만 앞으로 펴기. 끝에서 1초, 복귀는 통제.""","🏋️ PARAMOUNT — Triceps Extension

🎯 ONE KEY CUE
🔥 ""On the Rotary triceps extension, lock the elbows and extend only the handles forward""

There is no dedicated Paramount SKU for this category. Confirm pads, levers, and safeties on the unit in your gym, then follow the movement pattern below.

---

⚙️ ① Setup
🪑 Seat / pads
Fit the seat to your body so the start position sits naturally on the working joint.
🤲 Grip / hands
Take a comfortable grip width and keep the wrists stacked, not bent.
⚙️ Adjustments
Check 시트, 팔꿈치 패드, 스택/중량.

---

💪 ② Start position
Fix the elbows on the pad or at your sides. Kill torso swing.
Check only this:
👉 Elbows not drifting forward

---

🔥 ③ Execution
Torso stays quiet. Move only below the elbows.
Curl or extend only at the elbow, then reverse slowly.

---

💥 ④ Peak contraction
Stop where the target muscle is most shortened.
⏱️ 1-second STOP
Own that position for one second. This is not where you dump the weight.

---

🐌 ⑤ Controlled return
Do not dump the load.
Take 2–3 seconds on the way back.
Return on the same path you pressed or pulled.

---

❌ Common mistakes
❌ Letting the elbows drift so the shoulders take over
If position breaks, cut the load.
❌ Swinging the torso
If position breaks, cut the load.
❌ Over-bending the wrists
If position breaks, cut the load.

---

💡 MACHINE FIT PRO TIP
🔥 No dedicated Hammer Strength SKU for this slot. Trust the pads/levers/safeties on the unit labeled like ""Triceps Extension"", rehearse five light reps, then start working sets.

---

🎯 MACHINE FIT CHECK
🟢 Seat/pad → fitted
🟢 Elbows → press/raise direction
🟢 Shoulders → not shrugged
🟢 Return → 2–3 sec control

### 🔥 Remember this

""On the Rotary triceps extension, lock the elbows and extend only the handles forward. One-second peak, controlled return."""
PARAMOUNT,트라이셉스 프레스,Triceps Press,,BRAND_MODEL_NOT_FOUND,Paramount Fitness,,https://www.well-mir.ru/uploads/catalog_fw_xfw3.pdf,Paramount FW/XFW 카탈로그에 Triceps Press 전용 SKU가 없습니다,"시트, 손잡이, 스택/중량","🏋️ PARAMOUNT — 트라이셉스 프레스

🎯 ONE KEY CUE
🔥 ""Rotary 트라이셉스 프레스에서 팔꿈치를 몸통에 붙인 채 아래로 누르기""

파라마운트 전용 모델이 없는 카테고리입니다. 헬스장에 있는 실제 기구의 패드·레버·안전장치를 먼저 확인한 뒤, 아래 패턴으로 움직이세요.

---

⚙️ ① 기구 세팅
🪑 좌석 / 패드
시트를 몸에 맞추세요. 시작 위치가 어깨·관절에 자연스럽게 오는지 확인합니다.
🤲 그립 / 손 위치
손잡이를 편안한 너비로 잡으세요. 손목이 꺾이지 않게 합니다.
⚙️ 조절 포인트
시트, 손잡이, 스택/중량을 확인하세요.

---

💪 ② 시작 자세
팔꿈치 위치를 패드나 몸 옆에 고정합니다. 몸통 반동은 끕니다.
이 자세에서 이것만 확인하세요.
👉 팔꿈치가 앞으로 흘러가지 않는지

---

🔥 ③ 운동 방법
손잡이를 아래로 눌러 펴고 천천히 굴곡.
몸통은 고정, 팔꿈치 아래만 움직입니다.

---

💥 ④ 최고 수축
목표 근육이 가장 조여지는 끝 지점에서 멈춥니다.
⏱️ 1초 STOP
튕기지 말고 그 지점에서 1초만 소유하세요. 무게를 놓는 순간이 아닙니다.

---

🐌 ⑤ 천천히 돌아오기
중량을 그냥 놓지 마세요.
2~3초 동안 통제하면서 복귀합니다.
시작 자세로 돌아갈 때도 같은 궤적을 유지하세요.

---

❌ 흔한 실수
❌ 상체를 숙이며 반동으로 누르는
템포를 늦추고 같은 궤적만 반복하세요.
❌ 팔꿈치가 앞으로 흘러가며 어깨가 개입하는 것
자세가 무너지면 무게를 낮추세요.
❌ 몸통 반동으로 올리는 것
템포를 늦추고 같은 궤적만 반복하세요.
❌ 손목을 과하게 꺾는 것
자세가 무너지면 무게를 낮추세요.

---

💡 MACHINE FIT PRO TIP
🔥 이 항목은 해머 스트렝스 전용 SKU가 없습니다. ""트라이셉스 프레스""로 분류된 실제 기구의 패드·레버·안전장치만 믿고, 가벼운 무게로 5회 리허설 후 본 세트를 시작하세요.

---

🎯 MACHINE FIT CHECK
🟢 시트/패드 → 몸에 맞춤
🟢 팔꿈치 → 미는/드는 방향
🟢 어깨 → 으쓱하지 않기
🟢 복귀 → 2~3초 통제

### 🔥 이것만 기억하세요

""Rotary 트라이셉스 프레스에서 팔꿈치를 몸통에 붙인 채 아래로 누르기. 끝에서 1초, 복귀는 통제.""","🏋️ PARAMOUNT — Triceps Press

🎯 ONE KEY CUE
🔥 ""On the Rotary triceps press, keep elbows by the torso and press down""

There is no dedicated Paramount SKU for this category. Confirm pads, levers, and safeties on the unit in your gym, then follow the movement pattern below.

---

⚙️ ① Setup
🪑 Seat / pads
Fit the seat to your body so the start position sits naturally on the working joint.
🤲 Grip / hands
Take a comfortable grip width and keep the wrists stacked, not bent.
⚙️ Adjustments
Check 시트, 손잡이, 스택/중량.

---

💪 ② Start position
Fix the elbows on the pad or at your sides. Kill torso swing.
Check only this:
👉 Elbows not drifting forward

---

🔥 ③ Execution
Torso stays quiet. Move only below the elbows.
Curl or extend only at the elbow, then reverse slowly.

---

💥 ④ Peak contraction
Stop where the target muscle is most shortened.
⏱️ 1-second STOP
Own that position for one second. This is not where you dump the weight.

---

🐌 ⑤ Controlled return
Do not dump the load.
Take 2–3 seconds on the way back.
Return on the same path you pressed or pulled.

---

❌ Common mistakes
❌ Letting the elbows drift so the shoulders take over
If position breaks, cut the load.
❌ Swinging the torso
If position breaks, cut the load.
❌ Over-bending the wrists
If position breaks, cut the load.

---

💡 MACHINE FIT PRO TIP
🔥 No dedicated Hammer Strength SKU for this slot. Trust the pads/levers/safeties on the unit labeled like ""Triceps Press"", rehearse five light reps, then start working sets.

---

🎯 MACHINE FIT CHECK
🟢 Seat/pad → fitted
🟢 Elbows → press/raise direction
🟢 Shoulders → not shrugged
🟢 Return → 2–3 sec control

### 🔥 Remember this

""On the Rotary triceps press, keep elbows by the torso and press down. One-second peak, controlled return."""
PARAMOUNT,딥 / 트라이셉스 머신,Dip / Triceps Machine,,BRAND_MODEL_NOT_FOUND,Paramount Fitness,,https://www.well-mir.ru/uploads/catalog_fw_xfw3.pdf,Paramount FW/XFW 카탈로그에 Dip/Triceps Machine 전용 SKU가 없습니다,"시트, 손잡이, 스택/중량","🏋️ PARAMOUNT — 딥 / 트라이셉스 머신

🎯 ONE KEY CUE
🔥 ""Rotary 딥/트라이셉스에서 어깨를 내린 채 팔꿈치로 깊게 내려가기""

파라마운트 전용 모델이 없는 카테고리입니다. 헬스장에 있는 실제 기구의 패드·레버·안전장치를 먼저 확인한 뒤, 아래 패턴으로 움직이세요.

---

⚙️ ① 기구 세팅
🪑 좌석 / 패드
시트를 몸에 맞추세요. 시작 위치가 어깨·관절에 자연스럽게 오는지 확인합니다.
🤲 그립 / 손 위치
손잡이를 편안한 너비로 잡으세요. 손목이 꺾이지 않게 합니다.
⚙️ 조절 포인트
시트, 손잡이, 스택/중량을 확인하세요.

---

💪 ② 시작 자세
팔꿈치 위치를 패드나 몸 옆에 고정합니다. 몸통 반동은 끕니다.
이 자세에서 이것만 확인하세요.
👉 팔꿈치가 앞으로 흘러가지 않는지

---

🔥 ③ 운동 방법
팔꿈치를 굽혀 내려갔다 펴며 올라오기.
몸통은 고정, 팔꿈치 아래만 움직입니다.

---

💥 ④ 최고 수축
목표 근육이 가장 조여지는 끝 지점에서 멈춥니다.
⏱️ 1초 STOP
튕기지 말고 그 지점에서 1초만 소유하세요. 무게를 놓는 순간이 아닙니다.

---

🐌 ⑤ 천천히 돌아오기
중량을 그냥 놓지 마세요.
2~3초 동안 통제하면서 복귀합니다.
시작 자세로 돌아갈 때도 같은 궤적을 유지하세요.

---

❌ 흔한 실수
❌ 어깨를 으쓱하며 너무 깊게만 가는
어깨를 귀에서 멀리 두고 다시 시작하세요.
❌ 팔꿈치가 앞으로 흘러가며 어깨가 개입하는 것
자세가 무너지면 무게를 낮추세요.
❌ 몸통 반동으로 올리는 것
템포를 늦추고 같은 궤적만 반복하세요.
❌ 손목을 과하게 꺾는 것
자세가 무너지면 무게를 낮추세요.

---

💡 MACHINE FIT PRO TIP
🔥 이 항목은 해머 스트렝스 전용 SKU가 없습니다. ""딥 / 트라이셉스 머신""로 분류된 실제 기구의 패드·레버·안전장치만 믿고, 가벼운 무게로 5회 리허설 후 본 세트를 시작하세요.

---

🎯 MACHINE FIT CHECK
🟢 시트/패드 → 몸에 맞춤
🟢 팔꿈치 → 미는/드는 방향
🟢 어깨 → 으쓱하지 않기
🟢 복귀 → 2~3초 통제

### 🔥 이것만 기억하세요

""Rotary 딥/트라이셉스에서 어깨를 내린 채 팔꿈치로 깊게 내려가기. 끝에서 1초, 복귀는 통제.""","🏋️ PARAMOUNT — Dip / Triceps Machine

🎯 ONE KEY CUE
🔥 ""On the Rotary dip/triceps, keep shoulders down and descend with the elbows""

There is no dedicated Paramount SKU for this category. Confirm pads, levers, and safeties on the unit in your gym, then follow the movement pattern below.

---

⚙️ ① Setup
🪑 Seat / pads
Fit the seat to your body so the start position sits naturally on the working joint.
🤲 Grip / hands
Take a comfortable grip width and keep the wrists stacked, not bent.
⚙️ Adjustments
Check 시트, 손잡이, 스택/중량.

---

💪 ② Start position
Fix the elbows on the pad or at your sides. Kill torso swing.
Check only this:
👉 Elbows not drifting forward

---

🔥 ③ Execution
Torso stays quiet. Move only below the elbows.
Curl or extend only at the elbow, then reverse slowly.

---

💥 ④ Peak contraction
Stop where the target muscle is most shortened.
⏱️ 1-second STOP
Own that position for one second. This is not where you dump the weight.

---

🐌 ⑤ Controlled return
Do not dump the load.
Take 2–3 seconds on the way back.
Return on the same path you pressed or pulled.

---

❌ Common mistakes
❌ Letting the elbows drift so the shoulders take over
If position breaks, cut the load.
❌ Swinging the torso
If position breaks, cut the load.
❌ Over-bending the wrists
If position breaks, cut the load.

---

💡 MACHINE FIT PRO TIP
🔥 No dedicated Hammer Strength SKU for this slot. Trust the pads/levers/safeties on the unit labeled like ""Dip / Triceps Machine"", rehearse five light reps, then start working sets.

---

🎯 MACHINE FIT CHECK
🟢 Seat/pad → fitted
🟢 Elbows → press/raise direction
🟢 Shoulders → not shrugged
🟢 Return → 2–3 sec control

### 🔥 Remember this

""On the Rotary dip/triceps, keep shoulders down and descend with the elbows. One-second peak, controlled return."""
PARAMOUNT,바이셉스 / 트라이셉스 복합 머신,Biceps / Triceps Combo,,BRAND_MODEL_NOT_FOUND,Paramount Fitness,,https://www.well-mir.ru/uploads/catalog_fw_xfw3.pdf,Paramount FW/XFW 카탈로그에 Biceps/Triceps Combo 전용 SKU가 없습니다,"모드, 시트, 패드, 스택/중량","🏋️ PARAMOUNT — 바이셉스 / 트라이셉스 복합 머신

🎯 ONE KEY CUE
🔥 ""Rotary 복합 모드를 확인한 뒤 컬과 익스텐션을 분리 수행""

파라마운트 전용 모델이 없는 카테고리입니다. 헬스장에 있는 실제 기구의 패드·레버·안전장치를 먼저 확인한 뒤, 아래 패턴으로 움직이세요.

---

⚙️ ① 기구 세팅
🪑 좌석 / 패드
시트를 몸에 맞추세요. 시작 위치가 어깨·관절에 자연스럽게 오는지 확인합니다.
🤲 그립 / 손 위치
손잡이를 편안한 너비로 잡으세요. 손목이 꺾이지 않게 합니다.
⚙️ 조절 포인트
모드, 시트, 패드, 스택/중량을 확인하세요.

---

💪 ② 시작 자세
팔꿈치 위치를 패드나 몸 옆에 고정합니다. 몸통 반동은 끕니다.
이 자세에서 이것만 확인하세요.
👉 팔꿈치가 앞으로 흘러가지 않는지

---

🔥 ③ 운동 방법
선택한 모드의 궤적만 끝까지 수행.
몸통은 고정, 팔꿈치 아래만 움직입니다.

---

💥 ④ 최고 수축
목표 근육이 가장 조여지는 끝 지점에서 멈춥니다.
⏱️ 1초 STOP
튕기지 말고 그 지점에서 1초만 소유하세요. 무게를 놓는 순간이 아닙니다.

---

🐌 ⑤ 천천히 돌아오기
중량을 그냥 놓지 마세요.
2~3초 동안 통제하면서 복귀합니다.
시작 자세로 돌아갈 때도 같은 궤적을 유지하세요.

---

❌ 흔한 실수
❌ 모드를 바꾸지 않고 궤적을 섞는
자세가 무너지면 무게를 낮추세요.
❌ 팔꿈치가 앞으로 흘러가며 어깨가 개입하는 것
자세가 무너지면 무게를 낮추세요.
❌ 몸통 반동으로 올리는 것
템포를 늦추고 같은 궤적만 반복하세요.
❌ 손목을 과하게 꺾는 것
자세가 무너지면 무게를 낮추세요.

---

💡 MACHINE FIT PRO TIP
🔥 이 항목은 해머 스트렝스 전용 SKU가 없습니다. ""바이셉스 / 트라이셉스 복합 머신""로 분류된 실제 기구의 패드·레버·안전장치만 믿고, 가벼운 무게로 5회 리허설 후 본 세트를 시작하세요.

---

🎯 MACHINE FIT CHECK
🟢 시트/패드 → 몸에 맞춤
🟢 팔꿈치 → 미는/드는 방향
🟢 어깨 → 으쓱하지 않기
🟢 복귀 → 2~3초 통제

### 🔥 이것만 기억하세요

""Rotary 복합 모드를 확인한 뒤 컬과 익스텐션을 분리 수행. 끝에서 1초, 복귀는 통제.""","🏋️ PARAMOUNT — Biceps / Triceps Combo

🎯 ONE KEY CUE
🔥 ""Confirm the Rotary combo mode, then train curl and extension as separate sets""

There is no dedicated Paramount SKU for this category. Confirm pads, levers, and safeties on the unit in your gym, then follow the movement pattern below.

---

⚙️ ① Setup
🪑 Seat / pads
Fit the seat to your body so the start position sits naturally on the working joint.
🤲 Grip / hands
Take a comfortable grip width and keep the wrists stacked, not bent.
⚙️ Adjustments
Check 모드, 시트, 패드, 스택/중량.

---

💪 ② Start position
Fix the elbows on the pad or at your sides. Kill torso swing.
Check only this:
👉 Elbows not drifting forward

---

🔥 ③ Execution
Torso stays quiet. Move only below the elbows.
Curl or extend only at the elbow, then reverse slowly.

---

💥 ④ Peak contraction
Stop where the target muscle is most shortened.
⏱️ 1-second STOP
Own that position for one second. This is not where you dump the weight.

---

🐌 ⑤ Controlled return
Do not dump the load.
Take 2–3 seconds on the way back.
Return on the same path you pressed or pulled.

---

❌ Common mistakes
❌ Letting the elbows drift so the shoulders take over
If position breaks, cut the load.
❌ Swinging the torso
If position breaks, cut the load.
❌ Over-bending the wrists
If position breaks, cut the load.

---

💡 MACHINE FIT PRO TIP
🔥 No dedicated Hammer Strength SKU for this slot. Trust the pads/levers/safeties on the unit labeled like ""Biceps / Triceps Combo"", rehearse five light reps, then start working sets.

---

🎯 MACHINE FIT CHECK
🟢 Seat/pad → fitted
🟢 Elbows → press/raise direction
🟢 Shoulders → not shrugged
🟢 Return → 2–3 sec control

### 🔥 Remember this

""Confirm the Rotary combo mode, then train curl and extension as separate sets. One-second peak, controlled return."""
PARAMOUNT,앱 크런치,Ab Crunch,,BRAND_MODEL_NOT_FOUND,Paramount Fitness,,https://www.well-mir.ru/uploads/catalog_fw_xfw3.pdf,Paramount FW/XFW 카탈로그에 Ab Crunch 전용 SKU가 확인되지 않습니다,"시트, 가슴/어깨 패드, 스택/중량","🏋️ PARAMOUNT — 앱 크런치

🎯 ONE KEY CUE
🔥 ""Rotary 앱 크런치에서 갈비뼈를 골반 쪽으로 말아 수축""

파라마운트 전용 모델이 없는 카테고리입니다. 헬스장에 있는 실제 기구의 패드·레버·안전장치를 먼저 확인한 뒤, 아래 패턴으로 움직이세요.

---

⚙️ ① 기구 세팅
🪑 좌석 / 패드
시트를 몸에 맞추세요. 시작 위치가 어깨·관절에 자연스럽게 오는지 확인합니다.
⚙️ 조절 포인트
시트, 가슴/어깨 패드, 스택/중량을 확인하세요.

---

💪 ② 시작 자세
골반을 안정시키고 목으로 당길 생각을 지웁니다.
이 자세에서 이것만 확인하세요.
👉 골반이 고정돼 있는지

---

🔥 ③ 운동 방법
상체를 말아 올렸다 천천히 펴기.
갈비뼈를 골반 쪽으로 말아 올리는 느낌으로 수축하세요.

---

💥 ④ 최고 수축
목표 근육이 가장 조여지는 끝 지점에서 멈춥니다.
⏱️ 1초 STOP
튕기지 말고 그 지점에서 1초만 소유하세요. 무게를 놓는 순간이 아닙니다.

---

🐌 ⑤ 천천히 돌아오기
중량을 그냥 놓지 마세요.
2~3초 동안 통제하면서 복귀합니다.
시작 자세로 돌아갈 때도 같은 궤적을 유지하세요.

---

❌ 흔한 실수
❌ 목을 잡아당기며 반동으로 올리는
템포를 늦추고 같은 궤적만 반복하세요.
❌ 목으로 당겨 몸통을 접는 것
갈비뼈를 골반 쪽으로 만다는 느낌으로 바꾸세요.
❌ 골반이 뜨며 반동을 쓰는 것
템포를 늦추고 같은 궤적만 반복하세요.
❌ 너무 큰 범위로 과하게 꺾는 것
자세가 무너지면 무게를 낮추세요.

---

💡 MACHINE FIT PRO TIP
🔥 이 항목은 해머 스트렝스 전용 SKU가 없습니다. ""앱 크런치""로 분류된 실제 기구의 패드·레버·안전장치만 믿고, 가벼운 무게로 5회 리허설 후 본 세트를 시작하세요.

---

🎯 MACHINE FIT CHECK
🟢 시트/패드 → 몸에 맞춤
🟢 몸통 → 브레스·고정
🟢 어깨 → 으쓱하지 않기
🟢 복귀 → 2~3초 통제

### 🔥 이것만 기억하세요

""목 말고 몸통으로, 끝에서 조이고 천천히.""","🏋️ PARAMOUNT — Ab Crunch

🎯 ONE KEY CUE
🔥 ""On the Rotary ab crunch, curl the ribs toward the pelvis into a squeeze""

There is no dedicated Paramount SKU for this category. Confirm pads, levers, and safeties on the unit in your gym, then follow the movement pattern below.

---

⚙️ ① Setup
🪑 Seat / pads
Fit the seat to your body so the start position sits naturally on the working joint.
⚙️ Adjustments
Check 시트, 가슴/어깨 패드, 스택/중량.

---

💪 ② Start position
Stabilize the pelvis and stop thinking about pulling with the neck.
Check only this:
👉 Pelvis locked

---

🔥 ③ Execution
Curl the ribcage toward the pelvis.
Curl or rotate through the torso, then return without momentum.

---

💥 ④ Peak contraction
Stop where the target muscle is most shortened.
⏱️ 1-second STOP
Own that position for one second. This is not where you dump the weight.

---

🐌 ⑤ Controlled return
Do not dump the load.
Take 2–3 seconds on the way back.
Return on the same path you pressed or pulled.

---

❌ Common mistakes
❌ Pulling with the neck
Curl ribs toward the pelvis instead.
❌ Lifting the pelvis and using momentum
Slow the tempo and repeat one clean path.
❌ Forcing an excessive range
If position breaks, cut the load.

---

💡 MACHINE FIT PRO TIP
🔥 No dedicated Hammer Strength SKU for this slot. Trust the pads/levers/safeties on the unit labeled like ""Ab Crunch"", rehearse five light reps, then start working sets.

---

🎯 MACHINE FIT CHECK
🟢 Seat/pad → fitted
🟢 Torso → braced
🟢 Shoulders → not shrugged
🟢 Return → 2–3 sec control

### 🔥 Remember this

""Torso curl, squeeze, slow return — not the neck."""
PARAMOUNT,어브도미널,Abdominal,,BRAND_MODEL_NOT_FOUND,Paramount Fitness,,https://www.well-mir.ru/uploads/catalog_fw_xfw3.pdf,Paramount FW/XFW 카탈로그에 Abdominal 전용 SKU가 확인되지 않습니다,"시트, 패드, 스택/중량","🏋️ PARAMOUNT — 어브도미널

🎯 ONE KEY CUE
🔥 ""Rotary 어브도미널에서 골반을 고정하고 복부로만 말아 올리기""

파라마운트 전용 모델이 없는 카테고리입니다. 헬스장에 있는 실제 기구의 패드·레버·안전장치를 먼저 확인한 뒤, 아래 패턴으로 움직이세요.

---

⚙️ ① 기구 세팅
🪑 좌석 / 패드
시트를 몸에 맞추세요. 시작 위치가 어깨·관절에 자연스럽게 오는지 확인합니다.
⚙️ 조절 포인트
시트, 패드, 스택/중량을 확인하세요.

---

💪 ② 시작 자세
골반을 안정시키고 목으로 당길 생각을 지웁니다.
이 자세에서 이것만 확인하세요.
👉 골반이 고정돼 있는지

---

🔥 ③ 운동 방법
복부를 말아 수축했다 천천히 복귀.
갈비뼈를 골반 쪽으로 말아 올리는 느낌으로 수축하세요.

---

💥 ④ 최고 수축
목표 근육이 가장 조여지는 끝 지점에서 멈춥니다.
⏱️ 1초 STOP
튕기지 말고 그 지점에서 1초만 소유하세요. 무게를 놓는 순간이 아닙니다.

---

🐌 ⑤ 천천히 돌아오기
중량을 그냥 놓지 마세요.
2~3초 동안 통제하면서 복귀합니다.
시작 자세로 돌아갈 때도 같은 궤적을 유지하세요.

---

❌ 흔한 실수
❌ 힙플렉서로만 들어 올리는
자세가 무너지면 무게를 낮추세요.
❌ 목으로 당겨 몸통을 접는 것
갈비뼈를 골반 쪽으로 만다는 느낌으로 바꾸세요.
❌ 골반이 뜨며 반동을 쓰는 것
템포를 늦추고 같은 궤적만 반복하세요.
❌ 너무 큰 범위로 과하게 꺾는 것
자세가 무너지면 무게를 낮추세요.

---

💡 MACHINE FIT PRO TIP
🔥 이 항목은 해머 스트렝스 전용 SKU가 없습니다. ""어브도미널""로 분류된 실제 기구의 패드·레버·안전장치만 믿고, 가벼운 무게로 5회 리허설 후 본 세트를 시작하세요.

---

🎯 MACHINE FIT CHECK
🟢 시트/패드 → 몸에 맞춤
🟢 몸통 → 브레스·고정
🟢 어깨 → 으쓱하지 않기
🟢 복귀 → 2~3초 통제

### 🔥 이것만 기억하세요

""목 말고 몸통으로, 끝에서 조이고 천천히.""","🏋️ PARAMOUNT — Abdominal

🎯 ONE KEY CUE
🔥 ""On the Rotary abdominal, lock the pelvis and curl only with the abs""

There is no dedicated Paramount SKU for this category. Confirm pads, levers, and safeties on the unit in your gym, then follow the movement pattern below.

---

⚙️ ① Setup
🪑 Seat / pads
Fit the seat to your body so the start position sits naturally on the working joint.
⚙️ Adjustments
Check 시트, 패드, 스택/중량.

---

💪 ② Start position
Stabilize the pelvis and stop thinking about pulling with the neck.
Check only this:
👉 Pelvis locked

---

🔥 ③ Execution
Curl the ribcage toward the pelvis.
Curl or rotate through the torso, then return without momentum.

---

💥 ④ Peak contraction
Stop where the target muscle is most shortened.
⏱️ 1-second STOP
Own that position for one second. This is not where you dump the weight.

---

🐌 ⑤ Controlled return
Do not dump the load.
Take 2–3 seconds on the way back.
Return on the same path you pressed or pulled.

---

❌ Common mistakes
❌ Pulling with the neck
Curl ribs toward the pelvis instead.
❌ Lifting the pelvis and using momentum
Slow the tempo and repeat one clean path.
❌ Forcing an excessive range
If position breaks, cut the load.

---

💡 MACHINE FIT PRO TIP
🔥 No dedicated Hammer Strength SKU for this slot. Trust the pads/levers/safeties on the unit labeled like ""Abdominal"", rehearse five light reps, then start working sets.

---

🎯 MACHINE FIT CHECK
🟢 Seat/pad → fitted
🟢 Torso → braced
🟢 Shoulders → not shrugged
🟢 Return → 2–3 sec control

### 🔥 Remember this

""Torso curl, squeeze, slow return — not the neck."""
PARAMOUNT,로터리 토르소,Rotary Torso,,BRAND_MODEL_NOT_FOUND,Paramount Fitness,,https://www.well-mir.ru/uploads/catalog_fw_xfw3.pdf,Paramount FW/XFW 카탈로그에 Rotary Torso 전용 SKU가 없습니다,"시트, 무릎/골반 고정, 스택/중량","🏋️ PARAMOUNT — 로터리 토르소

🎯 ONE KEY CUE
🔥 ""Rotary 로터리 토르소에서 골반을 고정한 채 갈비뼈만 회전""

파라마운트 전용 모델이 없는 카테고리입니다. 헬스장에 있는 실제 기구의 패드·레버·안전장치를 먼저 확인한 뒤, 아래 패턴으로 움직이세요.

---

⚙️ ① 기구 세팅
🪑 좌석 / 패드
시트를 몸에 맞추세요. 시작 위치가 어깨·관절에 자연스럽게 오는지 확인합니다.
⚙️ 조절 포인트
시트, 무릎/골반 고정, 스택/중량을 확인하세요.

---

💪 ② 시작 자세
골반을 안정시키고 목으로 당길 생각을 지웁니다.
이 자세에서 이것만 확인하세요.
👉 골반이 고정돼 있는지

---

🔥 ③ 운동 방법
상체를 회전했다 천천히 복귀.
갈비뼈를 골반 쪽으로 말아 올리는 느낌으로 수축하세요.

---

💥 ④ 최고 수축
목표 근육이 가장 조여지는 끝 지점에서 멈춥니다.
⏱️ 1초 STOP
튕기지 말고 그 지점에서 1초만 소유하세요. 무게를 놓는 순간이 아닙니다.

---

🐌 ⑤ 천천히 돌아오기
중량을 그냥 놓지 마세요.
2~3초 동안 통제하면서 복귀합니다.
시작 자세로 돌아갈 때도 같은 궤적을 유지하세요.

---

❌ 흔한 실수
❌ 골반까지 같이 돌리며 반동하는
템포를 늦추고 같은 궤적만 반복하세요.
❌ 목으로 당겨 몸통을 접는 것
갈비뼈를 골반 쪽으로 만다는 느낌으로 바꾸세요.
❌ 골반이 뜨며 반동을 쓰는 것
템포를 늦추고 같은 궤적만 반복하세요.
❌ 너무 큰 범위로 과하게 꺾는 것
자세가 무너지면 무게를 낮추세요.

---

💡 MACHINE FIT PRO TIP
🔥 이 항목은 해머 스트렝스 전용 SKU가 없습니다. ""로터리 토르소""로 분류된 실제 기구의 패드·레버·안전장치만 믿고, 가벼운 무게로 5회 리허설 후 본 세트를 시작하세요.

---

🎯 MACHINE FIT CHECK
🟢 시트/패드 → 몸에 맞춤
🟢 몸통 → 브레스·고정
🟢 어깨 → 으쓱하지 않기
🟢 복귀 → 2~3초 통제

### 🔥 이것만 기억하세요

""목 말고 몸통으로, 끝에서 조이고 천천히.""","🏋️ PARAMOUNT — Rotary Torso

🎯 ONE KEY CUE
🔥 ""On the Rotary rotary torso, lock the pelvis and rotate only the ribcage""

There is no dedicated Paramount SKU for this category. Confirm pads, levers, and safeties on the unit in your gym, then follow the movement pattern below.

---

⚙️ ① Setup
🪑 Seat / pads
Fit the seat to your body so the start position sits naturally on the working joint.
⚙️ Adjustments
Check 시트, 무릎/골반 고정, 스택/중량.

---

💪 ② Start position
Stabilize the pelvis and stop thinking about pulling with the neck.
Check only this:
👉 Pelvis locked

---

🔥 ③ Execution
Curl the ribcage toward the pelvis.
Curl or rotate through the torso, then return without momentum.

---

💥 ④ Peak contraction
Stop where the target muscle is most shortened.
⏱️ 1-second STOP
Own that position for one second. This is not where you dump the weight.

---

🐌 ⑤ Controlled return
Do not dump the load.
Take 2–3 seconds on the way back.
Return on the same path you pressed or pulled.

---

❌ Common mistakes
❌ Pulling with the neck
Curl ribs toward the pelvis instead.
❌ Lifting the pelvis and using momentum
Slow the tempo and repeat one clean path.
❌ Forcing an excessive range
If position breaks, cut the load.

---

💡 MACHINE FIT PRO TIP
🔥 No dedicated Hammer Strength SKU for this slot. Trust the pads/levers/safeties on the unit labeled like ""Rotary Torso"", rehearse five light reps, then start working sets.

---

🎯 MACHINE FIT CHECK
🟢 Seat/pad → fitted
🟢 Torso → braced
🟢 Shoulders → not shrugged
🟢 Return → 2–3 sec control

### 🔥 Remember this

""Torso curl, squeeze, slow return — not the neck."""
PARAMOUNT,사이드 밴드,Side Bend,,BRAND_MODEL_NOT_FOUND,Paramount Fitness,,https://www.well-mir.ru/uploads/catalog_fw_xfw3.pdf,Paramount FW/XFW 카탈로그에 Side Bend 전용 SKU가 없습니다,"스탠스/시트, 손잡이, 중량","🏋️ PARAMOUNT — 사이드 밴드

🎯 ONE KEY CUE
🔥 ""Rotary 사이드 밴드에서 골반을 고정하고 옆구리를 짧게 수축""

파라마운트 전용 모델이 없는 카테고리입니다. 헬스장에 있는 실제 기구의 패드·레버·안전장치를 먼저 확인한 뒤, 아래 패턴으로 움직이세요.

---

⚙️ ① 기구 세팅
🪑 좌석 / 패드
시트를 몸에 맞추세요. 시작 위치가 어깨·관절에 자연스럽게 오는지 확인합니다.
🤲 그립 / 손 위치
손잡이를 편안한 너비로 잡으세요. 손목이 꺾이지 않게 합니다.
⚙️ 조절 포인트
스탠스/시트, 손잡이, 중량을 확인하세요.

---

💪 ② 시작 자세
골반을 안정시키고 목으로 당길 생각을 지웁니다.
이 자세에서 이것만 확인하세요.
👉 골반이 고정돼 있는지

---

🔥 ③ 운동 방법
옆구리를 숙여 수축했다 천천히 복귀.
갈비뼈를 골반 쪽으로 말아 올리는 느낌으로 수축하세요.

---

💥 ④ 최고 수축
목표 근육이 가장 조여지는 끝 지점에서 멈춥니다.
⏱️ 1초 STOP
튕기지 말고 그 지점에서 1초만 소유하세요. 무게를 놓는 순간이 아닙니다.

---

🐌 ⑤ 천천히 돌아오기
중량을 그냥 놓지 마세요.
2~3초 동안 통제하면서 복귀합니다.
시작 자세로 돌아갈 때도 같은 궤적을 유지하세요.

---

❌ 흔한 실수
❌ 허리를 과하게 꺾으며 반동하는
템포를 늦추고 같은 궤적만 반복하세요.
❌ 목으로 당겨 몸통을 접는 것
갈비뼈를 골반 쪽으로 만다는 느낌으로 바꾸세요.
❌ 골반이 뜨며 반동을 쓰는 것
템포를 늦추고 같은 궤적만 반복하세요.
❌ 너무 큰 범위로 과하게 꺾는 것
자세가 무너지면 무게를 낮추세요.

---

💡 MACHINE FIT PRO TIP
🔥 이 항목은 해머 스트렝스 전용 SKU가 없습니다. ""사이드 밴드""로 분류된 실제 기구의 패드·레버·안전장치만 믿고, 가벼운 무게로 5회 리허설 후 본 세트를 시작하세요.

---

🎯 MACHINE FIT CHECK
🟢 시트/패드 → 몸에 맞춤
🟢 몸통 → 브레스·고정
🟢 어깨 → 으쓱하지 않기
🟢 복귀 → 2~3초 통제

### 🔥 이것만 기억하세요

""목 말고 몸통으로, 끝에서 조이고 천천히.""","🏋️ PARAMOUNT — Side Bend

🎯 ONE KEY CUE
🔥 ""On a Rotary side-bend pattern, lock the pelvis and shorten the side briefly""

There is no dedicated Paramount SKU for this category. Confirm pads, levers, and safeties on the unit in your gym, then follow the movement pattern below.

---

⚙️ ① Setup
🪑 Seat / pads
Fit the seat to your body so the start position sits naturally on the working joint.
🤲 Grip / hands
Take a comfortable grip width and keep the wrists stacked, not bent.
⚙️ Adjustments
Check 스탠스/시트, 손잡이, 중량.

---

💪 ② Start position
Stabilize the pelvis and stop thinking about pulling with the neck.
Check only this:
👉 Pelvis locked

---

🔥 ③ Execution
Curl the ribcage toward the pelvis.
Curl or rotate through the torso, then return without momentum.

---

💥 ④ Peak contraction
Stop where the target muscle is most shortened.
⏱️ 1-second STOP
Own that position for one second. This is not where you dump the weight.

---

🐌 ⑤ Controlled return
Do not dump the load.
Take 2–3 seconds on the way back.
Return on the same path you pressed or pulled.

---

❌ Common mistakes
❌ Pulling with the neck
Curl ribs toward the pelvis instead.
❌ Lifting the pelvis and using momentum
Slow the tempo and repeat one clean path.
❌ Forcing an excessive range
If position breaks, cut the load.

---

💡 MACHINE FIT PRO TIP
🔥 No dedicated Hammer Strength SKU for this slot. Trust the pads/levers/safeties on the unit labeled like ""Side Bend"", rehearse five light reps, then start working sets.

---

🎯 MACHINE FIT CHECK
🟢 Seat/pad → fitted
🟢 Torso → braced
🟢 Shoulders → not shrugged
🟢 Return → 2–3 sec control

### 🔥 Remember this

""Torso curl, squeeze, slow return — not the neck."""
PARAMOUNT,백 익스텐션,Back Extension,,BRAND_MODEL_NOT_FOUND,Paramount Fitness,,https://www.well-mir.ru/uploads/catalog_fw_xfw3.pdf,Paramount FW/XFW 카탈로그에 Back Extension 전용 SKU가 확인되지 않습니다,"골반 패드, 풋 지지, 스택/중량","🏋️ PARAMOUNT — 백 익스텐션

🎯 ONE KEY CUE
🔥 ""Rotary 백 익스텐션에서 엉덩이를 붙인 채 상체를 길게 펴기""

파라마운트 전용 모델이 없는 카테고리입니다. 헬스장에 있는 실제 기구의 패드·레버·안전장치를 먼저 확인한 뒤, 아래 패턴으로 움직이세요.

---

⚙️ ① 기구 세팅
🪑 좌석 / 패드
시트를 몸에 맞추세요. 시작 위치가 목표 관절 높이에 오는지 확인합니다.
⚙️ 조절 포인트
골반 패드, 풋 지지, 스택/중량을 확인하세요.

---

💪 ② 시작 자세
골반을 안정시키고 목으로 당길 생각을 지웁니다.
이 자세에서 이것만 확인하세요.
👉 골반이 고정돼 있는지

---

🔥 ③ 운동 방법
상체를 펴 올렸다 통제하며 숙이기.
갈비뼈를 골반 쪽으로 말아 올리는 느낌으로 수축하세요.

---

💥 ④ 최고 수축
목표 근육이 가장 조여지는 끝 지점에서 멈춥니다.
⏱️ 1초 STOP
튕기지 말고 그 지점에서 1초만 소유하세요. 무게를 놓는 순간이 아닙니다.

---

🐌 ⑤ 천천히 돌아오기
중량을 그냥 놓지 마세요.
2~3초 동안 통제하면서 복귀합니다.
시작 자세로 돌아갈 때도 같은 궤적을 유지하세요.

---

❌ 흔한 실수
❌ 허리를 과신전하며 튕기는
자세가 무너지면 무게를 낮추세요.
❌ 목으로 당겨 몸통을 접는 것
갈비뼈를 골반 쪽으로 만다는 느낌으로 바꾸세요.
❌ 골반이 뜨며 반동을 쓰는 것
템포를 늦추고 같은 궤적만 반복하세요.
❌ 너무 큰 범위로 과하게 꺾는 것
자세가 무너지면 무게를 낮추세요.

---

💡 MACHINE FIT PRO TIP
🔥 이 항목은 해머 스트렝스 전용 SKU가 없습니다. ""백 익스텐션""로 분류된 실제 기구의 패드·레버·안전장치만 믿고, 가벼운 무게로 5회 리허설 후 본 세트를 시작하세요.

---

🎯 MACHINE FIT CHECK
🟢 시트/패드 → 몸에 맞춤
🟢 몸통 → 브레스·고정
🟢 어깨 → 으쓱하지 않기
🟢 복귀 → 2~3초 통제

### 🔥 이것만 기억하세요

""목 말고 몸통으로, 끝에서 조이고 천천히.""","🏋️ PARAMOUNT — Back Extension

🎯 ONE KEY CUE
🔥 ""On the Rotary back extension, keep the hips set and lengthen the torso into extension""

There is no dedicated Paramount SKU for this category. Confirm pads, levers, and safeties on the unit in your gym, then follow the movement pattern below.

---

⚙️ ① Setup
🪑 Seat / pads
Fit the seat to your body so the start position sits naturally on the working joint.
⚙️ Adjustments
Check 골반 패드, 풋 지지, 스택/중량.

---

💪 ② Start position
Stabilize the pelvis and stop thinking about pulling with the neck.
Check only this:
👉 Pelvis locked

---

🔥 ③ Execution
Curl the ribcage toward the pelvis.
Curl or rotate through the torso, then return without momentum.

---

💥 ④ Peak contraction
Stop where the target muscle is most shortened.
⏱️ 1-second STOP
Own that position for one second. This is not where you dump the weight.

---

🐌 ⑤ Controlled return
Do not dump the load.
Take 2–3 seconds on the way back.
Return on the same path you pressed or pulled.

---

❌ Common mistakes
❌ Pulling with the neck
Curl ribs toward the pelvis instead.
❌ Lifting the pelvis and using momentum
Slow the tempo and repeat one clean path.
❌ Forcing an excessive range
If position breaks, cut the load.

---

💡 MACHINE FIT PRO TIP
🔥 No dedicated Hammer Strength SKU for this slot. Trust the pads/levers/safeties on the unit labeled like ""Back Extension"", rehearse five light reps, then start working sets.

---

🎯 MACHINE FIT CHECK
🟢 Seat/pad → fitted
🟢 Torso → braced
🟢 Shoulders → not shrugged
🟢 Return → 2–3 sec control

### 🔥 Remember this

""Torso curl, squeeze, slow return — not the neck."""
PARAMOUNT,힙 익스텐션,Hip Extension,,BRAND_MODEL_NOT_FOUND,Paramount Fitness,,https://www.well-mir.ru/uploads/catalog_fw_xfw3.pdf,Paramount FW/XFW 카탈로그에 Hip Extension 전용 SKU가 없습니다,"상체 지지, 발/패드, 스택/중량","🏋️ PARAMOUNT — 힙 익스텐션

🎯 ONE KEY CUE
🔥 ""Rotary 힙 익스텐션에서 허리를 고정하고 엉덩이만 신전""

파라마운트 전용 모델이 없는 카테고리입니다. 헬스장에 있는 실제 기구의 패드·레버·안전장치를 먼저 확인한 뒤, 아래 패턴으로 움직이세요.

---

⚙️ ① 기구 세팅
🪑 좌석 / 패드
시트·백패드를 먼저 맞추세요. 밀었을 때 골반이 말리거나 허리가 뜨지 않는 깊이가 시작점입니다.
🦶 발 위치
지지하는 발을 먼저 고정하세요. 흔들리면 중량을 낮춥니다.
⚙️ 조절 포인트
상체 지지, 발/패드, 스택/중량을 확인하세요.

---

💪 ② 시작 자세
골반 위치를 먼저 고정합니다. 허리로 높이 만들 준비를 하지 마세요.
이 자세에서 이것만 확인하세요.
👉 허리가 아니라 엉덩이가 일을 받을 준비인지

---

🔥 ③ 운동 방법
엉덩이를 밀어 신전했다 천천히 복귀.
허리로 높이를 만들지 말고 골반·엉덩이로 밀어 마무리하세요.

---

💥 ④ 최고 수축
목표 근육이 가장 조여지는 끝 지점에서 멈춥니다.
⏱️ 1초 STOP
튕기지 말고 그 지점에서 1초만 소유하세요. 무게를 놓는 순간이 아닙니다.

---

🐌 ⑤ 천천히 돌아오기
중량을 그냥 놓지 마세요.
2~3초 동안 통제하면서 복귀합니다.
시작 자세로 돌아갈 때도 같은 궤적을 유지하세요.

---

❌ 흔한 실수
❌ 허리로만 밀어 올리는
자세가 무너지면 무게를 낮추세요.
❌ 허리로 높이 만드는 것
자세가 무너지면 무게를 낮추세요.
❌ 골반이 돌아가며 한쪽만 미는 것
약한 쪽 속도에 강한 쪽을 맞추세요.
❌ 반동으로 올리는 것
템포를 늦추고 같은 궤적만 반복하세요.

---

💡 MACHINE FIT PRO TIP
🔥 이 항목은 해머 스트렝스 전용 SKU가 없습니다. ""힙 익스텐션""로 분류된 실제 기구의 패드·레버·안전장치만 믿고, 가벼운 무게로 5회 리허설 후 본 세트를 시작하세요.

---

🎯 MACHINE FIT CHECK
🟢 발 → 발판 중앙·방향 정렬
🟢 어깨 → 으쓱하지 않기
🟢 복귀 → 2~3초 통제

### 🔥 이것만 기억하세요

""Rotary 힙 익스텐션에서 허리를 고정하고 엉덩이만 신전. 끝에서 1초, 복귀는 통제.""","🏋️ PARAMOUNT — Hip Extension

🎯 ONE KEY CUE
🔥 ""On the Rotary hip extension, lock the low back and extend only at the hips""

There is no dedicated Paramount SKU for this category. Confirm pads, levers, and safeties on the unit in your gym, then follow the movement pattern below.

---

⚙️ ① Setup
🪑 Seat / pads
Set the seat/back pad first. Your start depth is where the pelvis stays planted and the low back does not peel up.
🦶 Feet
Lock in the support foot before you move. Reduce load if you wobble.
⚙️ Adjustments
Check 상체 지지, 발/패드, 스택/중량.

---

💪 ② Start position
Set the pelvis first. Do not plan to create height with the lower back.
Check only this:
👉 Glutes ready to drive, not the lumbar spine

---

🔥 ③ Execution
Finish with the hips/glutes — do not manufacture height with the lumbar spine.
Drive the hips, squeeze, then lower without lumbar snap.

---

💥 ④ Peak contraction
Stop where the target muscle is most shortened.
⏱️ 1-second STOP
Own that position for one second. This is not where you dump the weight.

---

🐌 ⑤ Controlled return
Do not dump the load.
Take 2–3 seconds on the way back.
Return on the same path you pressed or pulled.

---

❌ Common mistakes
❌ Creating height with the lumbar spine
If position breaks, cut the load.
❌ Rotating the pelvis and favoring one side
If position breaks, cut the load.
❌ Bouncing the lockout
Slow the tempo and repeat one clean path.

---

💡 MACHINE FIT PRO TIP
🔥 No dedicated Hammer Strength SKU for this slot. Trust the pads/levers/safeties on the unit labeled like ""Hip Extension"", rehearse five light reps, then start working sets.

---

🎯 MACHINE FIT CHECK
🟢 Feet → centered and aligned
🟢 Shoulders → not shrugged
🟢 Return → 2–3 sec control

### 🔥 Remember this

""On the Rotary hip extension, lock the low back and extend only at the hips. One-second peak, controlled return."""
PARAMOUNT,복근 / 허리 복합 머신,Abs / Back Combo,,BRAND_MODEL_NOT_FOUND,Paramount Fitness,,https://www.well-mir.ru/uploads/catalog_fw_xfw3.pdf,Paramount FW/XFW 카탈로그에 Abs/Back Combo 전용 SKU가 없습니다,"모드, 시트/패드, 스택/중량","🏋️ PARAMOUNT — 복근 / 허리 복합 머신

🎯 ONE KEY CUE
🔥 ""Rotary 복근·허리 복합에서 복근과 신전을 세트로 나누어 각각 끝까지""

파라마운트 전용 모델이 없는 카테고리입니다. 헬스장에 있는 실제 기구의 패드·레버·안전장치를 먼저 확인한 뒤, 아래 패턴으로 움직이세요.

---

⚙️ ① 기구 세팅
🪑 좌석 / 패드
시트를 몸에 맞추세요. 시작 위치가 어깨·관절에 자연스럽게 오는지 확인합니다.
⚙️ 조절 포인트
모드, 시트/패드, 스택/중량을 확인하세요.

---

💪 ② 시작 자세
골반을 안정시키고 목으로 당길 생각을 지웁니다.
이 자세에서 이것만 확인하세요.
👉 골반이 고정돼 있는지

---

🔥 ③ 운동 방법
선택한 모드의 궤적만 끝까지 수행.
갈비뼈를 골반 쪽으로 말아 올리는 느낌으로 수축하세요.

---

💥 ④ 최고 수축
목표 근육이 가장 조여지는 끝 지점에서 멈춥니다.
⏱️ 1초 STOP
튕기지 말고 그 지점에서 1초만 소유하세요. 무게를 놓는 순간이 아닙니다.

---

🐌 ⑤ 천천히 돌아오기
중량을 그냥 놓지 마세요.
2~3초 동안 통제하면서 복귀합니다.
시작 자세로 돌아갈 때도 같은 궤적을 유지하세요.

---

❌ 흔한 실수
❌ 두 동작을 한 세트에 섞어 가동범위를 줄이는
자세가 무너지면 무게를 낮추세요.
❌ 목으로 당겨 몸통을 접는 것
갈비뼈를 골반 쪽으로 만다는 느낌으로 바꾸세요.
❌ 골반이 뜨며 반동을 쓰는 것
템포를 늦추고 같은 궤적만 반복하세요.
❌ 너무 큰 범위로 과하게 꺾는 것
자세가 무너지면 무게를 낮추세요.

---

💡 MACHINE FIT PRO TIP
🔥 이 항목은 해머 스트렝스 전용 SKU가 없습니다. ""복근 / 허리 복합 머신""로 분류된 실제 기구의 패드·레버·안전장치만 믿고, 가벼운 무게로 5회 리허설 후 본 세트를 시작하세요.

---

🎯 MACHINE FIT CHECK
🟢 시트/패드 → 몸에 맞춤
🟢 몸통 → 브레스·고정
🟢 어깨 → 으쓱하지 않기
🟢 복귀 → 2~3초 통제

### 🔥 이것만 기억하세요

""목 말고 몸통으로, 끝에서 조이고 천천히.""","🏋️ PARAMOUNT — Abs / Back Combo

🎯 ONE KEY CUE
🔥 ""On the Rotary abs/back combo, split abs and extension into separate sets and finish each""

There is no dedicated Paramount SKU for this category. Confirm pads, levers, and safeties on the unit in your gym, then follow the movement pattern below.

---

⚙️ ① Setup
🪑 Seat / pads
Fit the seat to your body so the start position sits naturally on the working joint.
⚙️ Adjustments
Check 모드, 시트/패드, 스택/중량.

---

💪 ② Start position
Stabilize the pelvis and stop thinking about pulling with the neck.
Check only this:
👉 Pelvis locked

---

🔥 ③ Execution
Curl the ribcage toward the pelvis.
Curl or rotate through the torso, then return without momentum.

---

💥 ④ Peak contraction
Stop where the target muscle is most shortened.
⏱️ 1-second STOP
Own that position for one second. This is not where you dump the weight.

---

🐌 ⑤ Controlled return
Do not dump the load.
Take 2–3 seconds on the way back.
Return on the same path you pressed or pulled.

---

❌ Common mistakes
❌ Pulling with the neck
Curl ribs toward the pelvis instead.
❌ Lifting the pelvis and using momentum
Slow the tempo and repeat one clean path.
❌ Forcing an excessive range
If position breaks, cut the load.

---

💡 MACHINE FIT PRO TIP
🔥 No dedicated Hammer Strength SKU for this slot. Trust the pads/levers/safeties on the unit labeled like ""Abs / Back Combo"", rehearse five light reps, then start working sets.

---

🎯 MACHINE FIT CHECK
🟢 Seat/pad → fitted
🟢 Torso → braced
🟢 Shoulders → not shrugged
🟢 Return → 2–3 sec control

### 🔥 Remember this

""Torso curl, squeeze, slow return — not the neck."""
PARAMOUNT,케이블 크로스오버,Cable Crossover,XFT Extreme Functional Trainer,PARTIALLY_VERIFIED,Paramount Fitness,Paramount XFT,https://www.well-mir.ru/uploads/catalog_fw_xfw3.pdf,케이블 크로스오버 전용명 없이 XFT Extreme Functional Trainer 케이블 패턴입니다,"풀리 높이, 손잡이, 스택 핀","🏋️ PARAMOUNT — XFT Extreme Functional Trainer · Paramount XFT

🎯 ONE KEY CUE
🔥 ""Rotary 케이블에서 풀리 높이를 맞춘 뒤 가슴 앞에서 모아 수축""

케이블 크로스오버 전용명 없이 XFT Extreme Functional Trainer 케이블 패턴. PRODIGY/FT/Assist 구조입니다. 처음부터 무게 올리지 말고, 세팅부터 잡으세요.

---

⚙️ ① 기구 세팅
🤲 그립 / 손 위치
손잡이를 편안한 너비로 잡으세요. 손목이 꺾이지 않게 합니다.
⚙️ 조절 포인트
풀리 높이, 손잡이, 스택 핀을 확인하세요.
이 카테고리는 공식 명칭이 겹칠 수 있으니, 헬스장 기구의 실제 레버·패드 배치를 우선하세요.

---

💪 ② 시작 자세
발 위치를 잡고 몸통을 브레스한 뒤, 케이블 높이부터 확인합니다.
이 자세에서 이것만 확인하세요.
👉 몸이 케이블에 끌려가지 않는지

---

🔥 ③ 운동 방법
양손 케이블을 모아 조인 뒤 천천히 벌리기.
반동 없이 같은 궤적을 반복하세요. 흔들리면 중량을 낮춥니다.

---

💥 ④ 최고 수축
목표 근육이 가장 조여지는 끝 지점에서 멈춥니다.
⏱️ 1초 STOP
튕기지 말고 그 지점에서 1초만 소유하세요. 무게를 놓는 순간이 아닙니다.

---

🐌 ⑤ 천천히 돌아오기
중량을 그냥 놓지 마세요.
2~3초 동안 통제하면서 복귀합니다.
시작 자세로 돌아갈 때도 같은 궤적을 유지하세요.

---

❌ 흔한 실수
❌ 팔꿈치를 펴고 어깨로만 당기는
자세가 무너지면 무게를 낮추세요.
❌ 케이블에 몸이 끌려가는 것
자세가 무너지면 무게를 낮추세요.
❌ 높이 설정을 대충 하고 시작하는 것
자세가 무너지면 무게를 낮추세요.
❌ 스택을 놓듯 되돌리는 것
자세가 무너지면 무게를 낮추세요.

---

💡 MACHINE FIT PRO TIP
🔥 XFT Extreme Functional Trainer의 가이드 궤적을 이용하세요. 첫 2세트는 천천히, 대칭이 확인된 뒤에만 무게를 올립니다.

---

🎯 MACHINE FIT CHECK
🟢 몸통 → 브레스·고정
🟢 어깨 → 으쓱하지 않기
🟢 복귀 → 2~3초 통제

### 🔥 이것만 기억하세요

""Rotary 케이블에서 풀리 높이를 맞춘 뒤 가슴 앞에서 모아 수축. 끝에서 1초, 복귀는 통제.""","🏋️ PARAMOUNT — XFT Extreme Functional Trainer · Paramount XFT

🎯 ONE KEY CUE
🔥 ""On the Rotary cable path, match pulley heights then close and squeeze in front of the chest""

케이블 크로스오버 전용명 없이 XFT Extreme Functional Trainer 케이블 패턴입니다 Lean into the PRODIGY/FT/Assist design. Do not chase load until the setup feels locked in.

---

⚙️ ① Setup
🤲 Grip / hands
Take a comfortable grip width and keep the wrists stacked, not bent.
⚙️ Adjustments
Check 풀리 높이, 손잡이, 스택 핀.
Naming can overlap in this category — trust the levers and pads on the unit in front of you.

---

💪 ② Start position
Set the stance, brace, then confirm cable height.
Check only this:
👉 Cable is not towing your torso

---

🔥 ③ Execution
Repeat the same path without momentum. Reduce load if you wobble.
Set the line of pull, move through the elbows, return without letting the stack yank you.

---

💥 ④ Peak contraction
Stop where the target muscle is most shortened.
⏱️ 1-second STOP
Own that position for one second. This is not where you dump the weight.

---

🐌 ⑤ Controlled return
Do not dump the load.
Take 2–3 seconds on the way back.
Return on the same path you pressed or pulled.

---

❌ Common mistakes
❌ Letting the cable tow the torso
If position breaks, cut the load.
❌ Skipping height setup
If position breaks, cut the load.
❌ Dumping the stack on the return
If position breaks, cut the load.

---

💡 MACHINE FIT PRO TIP
🔥 Use the guided path on XFT Extreme Functional Trainer. Slow the first two sets, confirm symmetry, then add load.

---

🎯 MACHINE FIT CHECK
🟢 Torso → braced
🟢 Shoulders → not shrugged
🟢 Return → 2–3 sec control

### 🔥 Remember this

""On the Rotary cable path, match pulley heights then close and squeeze in front of the chest. One-second peak, controlled return."""
PARAMOUNT,듀얼 어저스터블 풀리,Dual Adjustable Pulley,XFT Extreme Functional Trainer,VERIFIED,Paramount Fitness,Paramount XFT,https://www.well-mir.ru/uploads/catalog_fw_xfw3.pdf,Paramount XFT Extreme Functional Trainer(듀얼 어저스터블 풀리)입니다,"좌·우 풀리 높이, 손잡이, 스택 핀","🏋️ PARAMOUNT — XFT Extreme Functional Trainer · Paramount XFT

🎯 ONE KEY CUE
🔥 ""Rotary 듀얼 풀리에서 양측 높이를 맞춘 뒤 대칭으로 당기기""

Paramount XFT Extreme Functional Trainer(듀얼 어저스터블 풀리). PRODIGY/FT/Assist 구조입니다. 처음부터 무게 올리지 말고, 세팅부터 잡으세요.

---

⚙️ ① 기구 세팅
🤲 그립 / 손 위치
손잡이를 편안한 너비로 잡으세요. 손목이 꺾이지 않게 합니다.
⚙️ 조절 포인트
좌·우 풀리 높이, 손잡이, 스택 핀을 확인하세요.

---

💪 ② 시작 자세
발 위치를 잡고 몸통을 브레스한 뒤, 케이블 높이부터 확인합니다.
이 자세에서 이것만 확인하세요.
👉 몸이 케이블에 끌려가지 않는지

---

🔥 ③ 운동 방법
양측 케이블을 대칭으로 당겼다 복귀.
반동 없이 같은 궤적을 반복하세요. 흔들리면 중량을 낮춥니다.

---

💥 ④ 최고 수축
목표 근육이 가장 조여지는 끝 지점에서 멈춥니다.
⏱️ 1초 STOP
튕기지 말고 그 지점에서 1초만 소유하세요. 무게를 놓는 순간이 아닙니다.

---

🐌 ⑤ 천천히 돌아오기
중량을 그냥 놓지 마세요.
2~3초 동안 통제하면서 복귀합니다.
시작 자세로 돌아갈 때도 같은 궤적을 유지하세요.

---

❌ 흔한 실수
❌ 한쪽 풀리만 맞춰 비대칭으로 당기는
자세가 무너지면 무게를 낮추세요.
❌ 케이블에 몸이 끌려가는 것
자세가 무너지면 무게를 낮추세요.
❌ 높이 설정을 대충 하고 시작하는 것
자세가 무너지면 무게를 낮추세요.
❌ 스택을 놓듯 되돌리는 것
자세가 무너지면 무게를 낮추세요.

---

💡 MACHINE FIT PRO TIP
🔥 XFT Extreme Functional Trainer의 가이드 궤적을 이용하세요. 첫 2세트는 천천히, 대칭이 확인된 뒤에만 무게를 올립니다.

---

🎯 MACHINE FIT CHECK
🟢 몸통 → 브레스·고정
🟢 어깨 → 으쓱하지 않기
🟢 복귀 → 2~3초 통제

### 🔥 이것만 기억하세요

""Rotary 듀얼 풀리에서 양측 높이를 맞춘 뒤 대칭으로 당기기. 끝에서 1초, 복귀는 통제.""","🏋️ PARAMOUNT — XFT Extreme Functional Trainer · Paramount XFT

🎯 ONE KEY CUE
🔥 ""On the Rotary dual adjustable pulley, match both heights then pull symmetrically""

Paramount XFT Extreme Functional Trainer(듀얼 어저스터블 풀리)입니다 Lean into the PRODIGY/FT/Assist design. Do not chase load until the setup feels locked in.

---

⚙️ ① Setup
🤲 Grip / hands
Take a comfortable grip width and keep the wrists stacked, not bent.
⚙️ Adjustments
Check 좌·우 풀리 높이, 손잡이, 스택 핀.

---

💪 ② Start position
Set the stance, brace, then confirm cable height.
Check only this:
👉 Cable is not towing your torso

---

🔥 ③ Execution
Repeat the same path without momentum. Reduce load if you wobble.
Set the line of pull, move through the elbows, return without letting the stack yank you.

---

💥 ④ Peak contraction
Stop where the target muscle is most shortened.
⏱️ 1-second STOP
Own that position for one second. This is not where you dump the weight.

---

🐌 ⑤ Controlled return
Do not dump the load.
Take 2–3 seconds on the way back.
Return on the same path you pressed or pulled.

---

❌ Common mistakes
❌ Letting the cable tow the torso
If position breaks, cut the load.
❌ Skipping height setup
If position breaks, cut the load.
❌ Dumping the stack on the return
If position breaks, cut the load.

---

💡 MACHINE FIT PRO TIP
🔥 Use the guided path on XFT Extreme Functional Trainer. Slow the first two sets, confirm symmetry, then add load.

---

🎯 MACHINE FIT CHECK
🟢 Torso → braced
🟢 Shoulders → not shrugged
🟢 Return → 2–3 sec control

### 🔥 Remember this

""On the Rotary dual adjustable pulley, match both heights then pull symmetrically. One-second peak, controlled return."""
PARAMOUNT,멀티 정글짐,Multi Jungle Gym,XFT Extreme Functional Trainer,PARTIALLY_VERIFIED,Paramount Fitness,Paramount XFT,https://www.well-mir.ru/uploads/catalog_fw_xfw3.pdf,멀티 정글짐 전용 SKU 없이 XFT 멀티스테이션 패턴으로 둡니다,"스테이션, 핀/케이블, 손잡이","🏋️ PARAMOUNT — XFT Extreme Functional Trainer · Paramount XFT

🎯 ONE KEY CUE
🔥 ""Rotary 정글짐에서 스테이션을 정한 뒤 한 동작만 끝까지""

멀티 정글짐 전용 SKU 없이 XFT 멀티스테이션 패턴으로 둡니다. PRODIGY/FT/Assist 구조입니다. 처음부터 무게 올리지 말고, 세팅부터 잡으세요.

---

⚙️ ① 기구 세팅
🤲 그립 / 손 위치
손잡이를 편안한 너비로 잡으세요. 손목이 꺾이지 않게 합니다.
⚙️ 조절 포인트
스테이션, 핀/케이블, 손잡이를 확인하세요.
이 카테고리는 공식 명칭이 겹칠 수 있으니, 헬스장 기구의 실제 레버·패드 배치를 우선하세요.

---

💪 ② 시작 자세
발 위치를 잡고 몸통을 브레스한 뒤, 케이블 높이부터 확인합니다.
이 자세에서 이것만 확인하세요.
👉 몸이 케이블에 끌려가지 않는지

---

🔥 ③ 운동 방법
선택한 스테이션 궤적만 반복.
반동 없이 같은 궤적을 반복하세요. 흔들리면 중량을 낮춥니다.

---

💥 ④ 최고 수축
목표 근육이 가장 조여지는 끝 지점에서 멈춥니다.
⏱️ 1초 STOP
튕기지 말고 그 지점에서 1초만 소유하세요. 무게를 놓는 순간이 아닙니다.

---

🐌 ⑤ 천천히 돌아오기
중량을 그냥 놓지 마세요.
2~3초 동안 통제하면서 복귀합니다.
시작 자세로 돌아갈 때도 같은 궤적을 유지하세요.

---

❌ 흔한 실수
❌ 스테이션을 자주 바꿔 자세가 흐트러지는
자세가 무너지면 무게를 낮추세요.
❌ 케이블에 몸이 끌려가는 것
자세가 무너지면 무게를 낮추세요.
❌ 높이 설정을 대충 하고 시작하는 것
자세가 무너지면 무게를 낮추세요.
❌ 스택을 놓듯 되돌리는 것
자세가 무너지면 무게를 낮추세요.

---

💡 MACHINE FIT PRO TIP
🔥 XFT Extreme Functional Trainer의 가이드 궤적을 이용하세요. 첫 2세트는 천천히, 대칭이 확인된 뒤에만 무게를 올립니다.

---

🎯 MACHINE FIT CHECK
🟢 몸통 → 브레스·고정
🟢 어깨 → 으쓱하지 않기
🟢 복귀 → 2~3초 통제

### 🔥 이것만 기억하세요

""Rotary 정글짐에서 스테이션을 정한 뒤 한 동작만 끝까지. 끝에서 1초, 복귀는 통제.""","🏋️ PARAMOUNT — XFT Extreme Functional Trainer · Paramount XFT

🎯 ONE KEY CUE
🔥 ""On the Rotary jungle gym, pick one station and finish that single movement""

멀티 정글짐 전용 SKU 없이 XFT 멀티스테이션 패턴으로 둡니다 Lean into the PRODIGY/FT/Assist design. Do not chase load until the setup feels locked in.

---

⚙️ ① Setup
🤲 Grip / hands
Take a comfortable grip width and keep the wrists stacked, not bent.
⚙️ Adjustments
Check 스테이션, 핀/케이블, 손잡이.
Naming can overlap in this category — trust the levers and pads on the unit in front of you.

---

💪 ② Start position
Set the stance, brace, then confirm cable height.
Check only this:
👉 Cable is not towing your torso

---

🔥 ③ Execution
Repeat the same path without momentum. Reduce load if you wobble.
Set the line of pull, move through the elbows, return without letting the stack yank you.

---

💥 ④ Peak contraction
Stop where the target muscle is most shortened.
⏱️ 1-second STOP
Own that position for one second. This is not where you dump the weight.

---

🐌 ⑤ Controlled return
Do not dump the load.
Take 2–3 seconds on the way back.
Return on the same path you pressed or pulled.

---

❌ Common mistakes
❌ Letting the cable tow the torso
If position breaks, cut the load.
❌ Skipping height setup
If position breaks, cut the load.
❌ Dumping the stack on the return
If position breaks, cut the load.

---

💡 MACHINE FIT PRO TIP
🔥 Use the guided path on XFT Extreme Functional Trainer. Slow the first two sets, confirm symmetry, then add load.

---

🎯 MACHINE FIT CHECK
🟢 Torso → braced
🟢 Shoulders → not shrugged
🟢 Return → 2–3 sec control

### 🔥 Remember this

""On the Rotary jungle gym, pick one station and finish that single movement. One-second peak, controlled return."""
PARAMOUNT,어시스트 풀업 / 딥,Assisted Pull-up / Dip,,BRAND_MODEL_NOT_FOUND,Paramount Fitness,,https://www.well-mir.ru/uploads/catalog_fw_xfw3.pdf,Paramount FW/XFW 카탈로그에 Assist Pull-up/Dip 전용 SKU가 없습니다,"어시스트 중량, 무릎/발 패드, 그립","🏋️ PARAMOUNT — 어시스트 풀업 / 딥

🎯 ONE KEY CUE
🔥 ""Rotary 어시스트에서 중량을 고정하고 풀업·딥을 분리해 수행""

파라마운트 전용 모델이 없는 카테고리입니다. 헬스장에 있는 실제 기구의 패드·레버·안전장치를 먼저 확인한 뒤, 아래 패턴으로 움직이세요.

---

⚙️ ① 기구 세팅
🪑 좌석 / 패드
시트를 몸에 맞추세요. 시작 위치가 목표 관절 높이에 오는지 확인합니다.
🤲 그립 / 손 위치
그립를 편안한 너비로 잡으세요. 손목이 꺾이지 않게 합니다.
🦶 발 위치
지지하는 발을 먼저 고정하세요. 흔들리면 중량을 낮춥니다.
⚙️ 조절 포인트
어시스트 중량, 무릎/발 패드, 그립을 확인하세요.

---

💪 ② 시작 자세
발 위치를 잡고 몸통을 브레스한 뒤, 케이블 높이부터 확인합니다.
이 자세에서 이것만 확인하세요.
👉 몸이 케이블에 끌려가지 않는지

---

🔥 ③ 운동 방법
선택한 동작의 궤적만 끝까지.
반동 없이 같은 궤적을 반복하세요. 흔들리면 중량을 낮춥니다.

---

💥 ④ 최고 수축
목표 근육이 가장 조여지는 끝 지점에서 멈춥니다.
⏱️ 1초 STOP
튕기지 말고 그 지점에서 1초만 소유하세요. 무게를 놓는 순간이 아닙니다.

---

🐌 ⑤ 천천히 돌아오기
중량을 그냥 놓지 마세요.
2~3초 동안 통제하면서 복귀합니다.
시작 자세로 돌아갈 때도 같은 궤적을 유지하세요.

---

❌ 흔한 실수
❌ 풀업과 딥을 한 세트에 섞는
자세가 무너지면 무게를 낮추세요.
❌ 케이블에 몸이 끌려가는 것
자세가 무너지면 무게를 낮추세요.
❌ 높이 설정을 대충 하고 시작하는 것
자세가 무너지면 무게를 낮추세요.
❌ 스택을 놓듯 되돌리는 것
자세가 무너지면 무게를 낮추세요.

---

💡 MACHINE FIT PRO TIP
🔥 이 항목은 해머 스트렝스 전용 SKU가 없습니다. ""어시스트 풀업 / 딥""로 분류된 실제 기구의 패드·레버·안전장치만 믿고, 가벼운 무게로 5회 리허설 후 본 세트를 시작하세요.

---

🎯 MACHINE FIT CHECK
🟢 몸통 → 브레스·고정
🟢 어깨 → 으쓱하지 않기
🟢 복귀 → 2~3초 통제

### 🔥 이것만 기억하세요

""Rotary 어시스트에서 중량을 고정하고 풀업·딥을 분리해 수행. 끝에서 1초, 복귀는 통제.""","🏋️ PARAMOUNT — Assisted Pull-up / Dip

🎯 ONE KEY CUE
🔥 ""On the Rotary assist, lock the assist load and train pull-up and dip as separate sets""

There is no dedicated Paramount SKU for this category. Confirm pads, levers, and safeties on the unit in your gym, then follow the movement pattern below.

---

⚙️ ① Setup
🪑 Seat / pads
Fit the seat to your body so the start position sits naturally on the working joint.
🤲 Grip / hands
Take a comfortable grip width and keep the wrists stacked, not bent.
🦶 Feet
Lock in the support foot before you move. Reduce load if you wobble.
⚙️ Adjustments
Check 어시스트 중량, 무릎/발 패드, 그립.

---

💪 ② Start position
Set the stance, brace, then confirm cable height.
Check only this:
👉 Cable is not towing your torso

---

🔥 ③ Execution
Repeat the same path without momentum. Reduce load if you wobble.
Set the line of pull, move through the elbows, return without letting the stack yank you.

---

💥 ④ Peak contraction
Stop where the target muscle is most shortened.
⏱️ 1-second STOP
Own that position for one second. This is not where you dump the weight.

---

🐌 ⑤ Controlled return
Do not dump the load.
Take 2–3 seconds on the way back.
Return on the same path you pressed or pulled.

---

❌ Common mistakes
❌ Letting the cable tow the torso
If position breaks, cut the load.
❌ Skipping height setup
If position breaks, cut the load.
❌ Dumping the stack on the return
If position breaks, cut the load.

---

💡 MACHINE FIT PRO TIP
🔥 No dedicated Hammer Strength SKU for this slot. Trust the pads/levers/safeties on the unit labeled like ""Assisted Pull-up / Dip"", rehearse five light reps, then start working sets.

---

🎯 MACHINE FIT CHECK
🟢 Torso → braced
🟢 Shoulders → not shrugged
🟢 Return → 2–3 sec control

### 🔥 Remember this

""On the Rotary assist, lock the assist load and train pull-up and dip as separate sets. One-second peak, controlled return."""
PARAMOUNT,스미스 머신,Smith Machine,XFW-6800 Smith Press,VERIFIED,Paramount Fitness,Paramount XFW,https://www.well-mir.ru/uploads/catalog_fw_xfw3.pdf,Paramount XFW-6800 Smith Press입니다,"바 후크, 세이프티, 발 위치, 플레이트","🏋️ PARAMOUNT — XFW-6800 Smith Press · Paramount XFW

🎯 ONE KEY CUE
🔥 ""Rotary 스미스에서 바를 언랙한 뒤 발 위치를 고정하고 수직으로 움직이기""

Paramount XFW-6800 Smith Press. XFW Smith 구조입니다. 처음부터 무게 올리지 말고, 세팅부터 잡으세요.

---

⚙️ ① 기구 세팅
🦶 발 위치
지지하는 발을 먼저 고정하세요. 흔들리면 중량을 낮춥니다.
⚙️ 조절 포인트
바 후크, 세이프티, 발 위치, 플레이트를 확인하세요.

---

💪 ② 시작 자세
바·안전 높이를 맞춘 뒤 랙 중앙에 몸을 정렬합니다.
이 자세에서 이것만 확인하세요.
👉 안전바가 내 가동범위에 맞는지

---

🔥 ③ 운동 방법
바를 수직으로 내렸다 밀어 올리기.
반동 없이 같은 궤적을 반복하세요. 흔들리면 중량을 낮춥니다.

---

💥 ④ 최고 수축
목표 근육이 가장 조여지는 끝 지점에서 멈춥니다.
⏱️ 1초 STOP
튕기지 말고 그 지점에서 1초만 소유하세요. 무게를 놓는 순간이 아닙니다.

---

🐌 ⑤ 천천히 돌아오기
중량을 그냥 놓지 마세요.
2~3초 동안 통제하면서 복귀합니다.
시작 자세로 돌아갈 때도 같은 궤적을 유지하세요.

---

❌ 흔한 실수
❌ 발 위치를 자주 바꿔 궤적이 흔들리는
자세가 무너지면 무게를 낮추세요.
❌ 안전바 높이를 안 맞추고 올리는 것
세트 전에 안전 위치부터 다시 맞추세요.
❌ 좌우 원판 불균형
자세가 무너지면 무게를 낮추세요.
❌ 바 경로와 발 위치가 어긋나는 것
자세가 무너지면 무게를 낮추세요.

---

💡 MACHINE FIT PRO TIP
🔥 해머 스트렝스 랙/스미스는 “바 경로에 몸을 맞추는” 장비입니다. 중량보다 안전바·시작 높이·발 위치를 먼저 고정하세요.

---

🎯 MACHINE FIT CHECK
🟢 안전바 → 가동범위에 맞춤
🟢 어깨 → 으쓱하지 않기
🟢 복귀 → 2~3초 통제

### 🔥 이것만 기억하세요

""Rotary 스미스에서 바를 언랙한 뒤 발 위치를 고정하고 수직으로 움직이기. 끝에서 1초, 복귀는 통제.""","🏋️ PARAMOUNT — XFW-6800 Smith Press · Paramount XFW

🎯 ONE KEY CUE
🔥 ""On the Rotary Smith, unrack then fix foot placement and move vertically""

Paramount XFW-6800 Smith Press입니다 Lean into the XFW Smith design. Do not chase load until the setup feels locked in.

---

⚙️ ① Setup
🦶 Feet
Lock in the support foot before you move. Reduce load if you wobble.
⚙️ Adjustments
Check 바 후크, 세이프티, 발 위치, 플레이트.

---

💪 ② Start position
Set bar and safety height, then center yourself in the rack.
Check only this:
👉 Safeties match your range

---

🔥 ③ Execution
Repeat the same path without momentum. Reduce load if you wobble.
Stay centered on the bar path and control every rep into the safeties.

---

💥 ④ Peak contraction
Stop where the target muscle is most shortened.
⏱️ 1-second STOP
Own that position for one second. This is not where you dump the weight.

---

🐌 ⑤ Controlled return
Do not dump the load.
Take 2–3 seconds on the way back.
Return on the same path you pressed or pulled.

---

❌ Common mistakes
❌ Loading before setting safeties
Reset safety height before the set.
❌ Uneven plates
Match both sides, then confirm with a light set.
❌ Feet fighting the bar path
If position breaks, cut the load.

---

💡 MACHINE FIT PRO TIP
🔥 Hammer Strength racks/Smith units reward lining your body up to the bar path. Safeties and foot placement beat ego loading.

---

🎯 MACHINE FIT CHECK
🟢 Safeties → match your range
🟢 Shoulders → not shrugged
🟢 Return → 2–3 sec control

### 🔥 Remember this

""On the Rotary Smith, unrack then fix foot placement and move vertically. One-second peak, controlled return."""
PARAMOUNT,파워 랙,Power Rack,,BRAND_MODEL_NOT_FOUND,Paramount Fitness,,https://www.well-mir.ru/uploads/catalog_fw_xfw3.pdf,Paramount FW/XFW 카탈로그에 Power Rack 전용 SKU가 확인되지 않습니다,"제이훅, 세이프티, 바, 플레이트","🏋️ PARAMOUNT — 파워 랙

🎯 ONE KEY CUE
🔥 ""Rotary 파워 랙에서 제이훅·세이프티를 맞춘 뒤 바 경로만 집중""

파라마운트 전용 모델이 없는 카테고리입니다. 헬스장에 있는 실제 기구의 패드·레버·안전장치를 먼저 확인한 뒤, 아래 패턴으로 움직이세요.

---

⚙️ ① 기구 세팅
⚙️ 조절 포인트
제이훅, 세이프티, 바, 플레이트를 확인하세요.

---

💪 ② 시작 자세
바·안전 높이를 맞춘 뒤 랙 중앙에 몸을 정렬합니다.
이 자세에서 이것만 확인하세요.
👉 안전바가 내 가동범위에 맞는지

---

🔥 ③ 운동 방법
설정한 바 경로로 언랙·리프트·리랙.
반동 없이 같은 궤적을 반복하세요. 흔들리면 중량을 낮춥니다.

---

💥 ④ 최고 수축
목표 근육이 가장 조여지는 끝 지점에서 멈춥니다.
⏱️ 1초 STOP
튕기지 말고 그 지점에서 1초만 소유하세요. 무게를 놓는 순간이 아닙니다.

---

🐌 ⑤ 천천히 돌아오기
중량을 그냥 놓지 마세요.
2~3초 동안 통제하면서 복귀합니다.
시작 자세로 돌아갈 때도 같은 궤적을 유지하세요.

---

❌ 흔한 실수
❌ 세이프티 없이 고중량을 시도하는
자세가 무너지면 무게를 낮추세요.
❌ 안전바 높이를 안 맞추고 올리는 것
세트 전에 안전 위치부터 다시 맞추세요.
❌ 좌우 원판 불균형
자세가 무너지면 무게를 낮추세요.
❌ 바 경로와 발 위치가 어긋나는 것
자세가 무너지면 무게를 낮추세요.

---

💡 MACHINE FIT PRO TIP
🔥 이 항목은 해머 스트렝스 전용 SKU가 없습니다. ""파워 랙""로 분류된 실제 기구의 패드·레버·안전장치만 믿고, 가벼운 무게로 5회 리허설 후 본 세트를 시작하세요.

---

🎯 MACHINE FIT CHECK
🟢 안전바 → 가동범위에 맞춤
🟢 어깨 → 으쓱하지 않기
🟢 복귀 → 2~3초 통제

### 🔥 이것만 기억하세요

""Rotary 파워 랙에서 제이훅·세이프티를 맞춘 뒤 바 경로만 집중. 끝에서 1초, 복귀는 통제.""","🏋️ PARAMOUNT — Power Rack

🎯 ONE KEY CUE
🔥 ""On the Rotary power rack, set J-hooks and safeties then focus only on the bar path""

There is no dedicated Paramount SKU for this category. Confirm pads, levers, and safeties on the unit in your gym, then follow the movement pattern below.

---

⚙️ ① Setup
⚙️ Adjustments
Check 제이훅, 세이프티, 바, 플레이트.

---

💪 ② Start position
Set bar and safety height, then center yourself in the rack.
Check only this:
👉 Safeties match your range

---

🔥 ③ Execution
Repeat the same path without momentum. Reduce load if you wobble.
Stay centered on the bar path and control every rep into the safeties.

---

💥 ④ Peak contraction
Stop where the target muscle is most shortened.
⏱️ 1-second STOP
Own that position for one second. This is not where you dump the weight.

---

🐌 ⑤ Controlled return
Do not dump the load.
Take 2–3 seconds on the way back.
Return on the same path you pressed or pulled.

---

❌ Common mistakes
❌ Loading before setting safeties
Reset safety height before the set.
❌ Uneven plates
Match both sides, then confirm with a light set.
❌ Feet fighting the bar path
If position breaks, cut the load.

---

💡 MACHINE FIT PRO TIP
🔥 No dedicated Hammer Strength SKU for this slot. Trust the pads/levers/safeties on the unit labeled like ""Power Rack"", rehearse five light reps, then start working sets.

---

🎯 MACHINE FIT CHECK
🟢 Safeties → match your range
🟢 Shoulders → not shrugged
🟢 Return → 2–3 sec control

### 🔥 Remember this

""On the Rotary power rack, set J-hooks and safeties then focus only on the bar path. One-second peak, controlled return."""
PARAMOUNT,하프 랙,Half Rack,,BRAND_MODEL_NOT_FOUND,Paramount Fitness,,https://www.well-mir.ru/uploads/catalog_fw_xfw3.pdf,Paramount FW/XFW 카탈로그에 Half Rack 전용 SKU가 확인되지 않습니다,"제이훅, 세이프티, 바, 플레이트","🏋️ PARAMOUNT — 하프 랙

🎯 ONE KEY CUE
🔥 ""Rotary 하프랙에서 세이프티 높이를 맞춘 뒤 수직으로 움직이기""

파라마운트 전용 모델이 없는 카테고리입니다. 헬스장에 있는 실제 기구의 패드·레버·안전장치를 먼저 확인한 뒤, 아래 패턴으로 움직이세요.

---

⚙️ ① 기구 세팅
⚙️ 조절 포인트
제이훅, 세이프티, 바, 플레이트를 확인하세요.

---

💪 ② 시작 자세
바·안전 높이를 맞춘 뒤 랙 중앙에 몸을 정렬합니다.
이 자세에서 이것만 확인하세요.
👉 안전바가 내 가동범위에 맞는지

---

🔥 ③ 운동 방법
바를 언랙해 리프트한 뒤 리랙.
반동 없이 같은 궤적을 반복하세요. 흔들리면 중량을 낮춥니다.

---

💥 ④ 최고 수축
목표 근육이 가장 조여지는 끝 지점에서 멈춥니다.
⏱️ 1초 STOP
튕기지 말고 그 지점에서 1초만 소유하세요. 무게를 놓는 순간이 아닙니다.

---

🐌 ⑤ 천천히 돌아오기
중량을 그냥 놓지 마세요.
2~3초 동안 통제하면서 복귀합니다.
시작 자세로 돌아갈 때도 같은 궤적을 유지하세요.

---

❌ 흔한 실수
❌ 세이프티를 너무 낮게 두어 실패 시 위험해지는
자세가 무너지면 무게를 낮추세요.
❌ 안전바 높이를 안 맞추고 올리는 것
세트 전에 안전 위치부터 다시 맞추세요.
❌ 좌우 원판 불균형
자세가 무너지면 무게를 낮추세요.
❌ 바 경로와 발 위치가 어긋나는 것
자세가 무너지면 무게를 낮추세요.

---

💡 MACHINE FIT PRO TIP
🔥 이 항목은 해머 스트렝스 전용 SKU가 없습니다. ""하프 랙""로 분류된 실제 기구의 패드·레버·안전장치만 믿고, 가벼운 무게로 5회 리허설 후 본 세트를 시작하세요.

---

🎯 MACHINE FIT CHECK
🟢 안전바 → 가동범위에 맞춤
🟢 어깨 → 으쓱하지 않기
🟢 복귀 → 2~3초 통제

### 🔥 이것만 기억하세요

""Rotary 하프랙에서 세이프티 높이를 맞춘 뒤 수직으로 움직이기. 끝에서 1초, 복귀는 통제.""","🏋️ PARAMOUNT — Half Rack

🎯 ONE KEY CUE
🔥 ""On the Rotary half rack, set safety height then move vertically""

There is no dedicated Paramount SKU for this category. Confirm pads, levers, and safeties on the unit in your gym, then follow the movement pattern below.

---

⚙️ ① Setup
⚙️ Adjustments
Check 제이훅, 세이프티, 바, 플레이트.

---

💪 ② Start position
Set bar and safety height, then center yourself in the rack.
Check only this:
👉 Safeties match your range

---

🔥 ③ Execution
Repeat the same path without momentum. Reduce load if you wobble.
Stay centered on the bar path and control every rep into the safeties.

---

💥 ④ Peak contraction
Stop where the target muscle is most shortened.
⏱️ 1-second STOP
Own that position for one second. This is not where you dump the weight.

---

🐌 ⑤ Controlled return
Do not dump the load.
Take 2–3 seconds on the way back.
Return on the same path you pressed or pulled.

---

❌ Common mistakes
❌ Loading before setting safeties
Reset safety height before the set.
❌ Uneven plates
Match both sides, then confirm with a light set.
❌ Feet fighting the bar path
If position breaks, cut the load.

---

💡 MACHINE FIT PRO TIP
🔥 No dedicated Hammer Strength SKU for this slot. Trust the pads/levers/safeties on the unit labeled like ""Half Rack"", rehearse five light reps, then start working sets.

---

🎯 MACHINE FIT CHECK
🟢 Safeties → match your range
🟢 Shoulders → not shrugged
🟢 Return → 2–3 sec control

### 🔥 Remember this

""On the Rotary half rack, set safety height then move vertically. One-second peak, controlled return."""
