brand_code,machine_name_ko,machine_name_en,verified_model,verification_status,manufacturer,product_series,source_url,verified_structure,verified_adjustments,exercise_tip,exercise_tip_en
WATSON,체스트 프레스,Chest Press,PL Chest Press,VERIFIED,Watson Gym Equipment,Plate Loaded,https://watsongym.co.uk/product/plate-loaded-chest-press/,Watson PL Chest Press. 아이소래터럴 독립 암 플레이트로드 체스트 프레스입니다,"시트, 시작 위치, 그립, 양쪽 플레이트","🏋️ WATSON — PL Chest Press · Plate Loaded

🎯 ONE KEY CUE
🔥 ""견갑을 붙인 채 손잡이를 가슴 중앙으로 밀기""

Watson PL Chest Press. 아이소래터럴 독립 암 플레이트로드 체스트 프레스. 좌우가 독립으로 움직이는 · 플레이트 로딩 구조입니다. 처음부터 무게 올리지 말고, 세팅부터 잡으세요.

⚙️ ① 기구 세팅
🪑 좌석 / 패드
시트를 몸에 맞추세요. 시작 위치가 어깨·관절에 자연스럽게 오는지 확인합니다.
🤲 그립 / 손 위치
양손잡이 높이가 좌우 같은지 먼저 보세요. 독립 암이라 한쪽만 어긋나도 바로 느껴집니다.
⚙️ 조절 포인트
시트, 시작 위치, 그립, 양쪽 플레이트를 확인하세요. 양쪽 플레이트를 동일하게 맞추고, 한쪽만 먼저 올리지 마세요. 좌우 시작 위치가 같은지도 같이 봅니다.

💪 ② 시작 자세
등과 골반을 패드에 붙이고, 손잡이가 가슴 높이에 오게 잡습니다.
좌우가 같은 높이에서 시작하는지 한 번 더 보세요.
이 자세에서 이것만 확인하세요.
👉 등이 패드에서 뜨지 않는지

🔥 ③ 운동 방법
손잡이를 앞·안쪽으로 밀었다 천천히 복귀.
양쪽을 같은 속도로 움직이세요. 한쪽이 먼저 끝나면 무게를 더 올리기 전에 밸런스부터 잡습니다.

💥 ④ 최고 수축
팔꿈치가 앞으로 나가 가슴이 수축되는 지점에서 멈춥니다. 어깨를 더 밀지 마세요.
⏱️ 1초 STOP
튕기지 말고 그 지점에서 1초만 소유하세요. 무게를 놓는 순간이 아닙니다.

🐌 ⑤ 천천히 돌아오기
중량을 그냥 놓지 마세요.
2~3초 동안 통제하면서 복귀합니다.
시작 자세로 돌아갈 때도 같은 궤적을 유지하세요.

❌ 흔한 실수
❌ 어깨를 앞으로 말며 반동으로 미는 것
템포를 늦추고 같은 궤적만 반복하세요.
❌ 허리를 과하게 아치해 가슴 대신 요추로 미는 것
깊이보다 골반 고정이 먼저입니다. 허리가 뜨면 범위를 줄이세요.
❌ 끝에서 어깨를 더 밀어 넣는 것
자세가 무너지면 무게를 낮추세요.
❌ 한쪽만 먼저 끝내고 반대쪽을 따라가게 하는 것
약한 쪽 속도에 강한 쪽을 맞추세요.
❌ 양쪽 플레이트 무게를 다르게 올리는 것
양쪽을 맞춘 뒤 가벼운 세트로 좌우를 확인하세요.

💡 MACHINE FIT PRO TIP
🔥 이 기구는 좌우 암이 독립적으로 움직이는 게 장점입니다. 무게를 올리기 전에 양쪽이 같은 속도로 가는지 확인하세요. 한쪽이 먼저 끝까지 가 버리면 중량보다 밸런스가 먼저입니다.

🎯 MACHINE FIT CHECK
🟢 시트/패드 → 몸에 맞춤
🟢 팔꿈치 → 미는/드는 방향
🟢 좌우 → 같은 속도
🟢 복귀 → 2~3초 통제

### 🔥 이것만 기억하세요

""좌우 같은 속도, 끝에서 1초, 복귀는 통제.""","🏋️ WATSON — PL Chest Press · Plate Loaded

🎯 ONE KEY CUE
🔥 ""Keep scapulae set and press handles through center chest""

Watson PL Chest Press. 아이소래터럴 독립 암 플레이트로드 체스트 프레스입니다 Lean into the independent arms / plate-loaded design. Do not chase load until the setup feels locked in.

⚙️ ① Setup
🪑 Seat / pads
Fit the seat to your body so the start position sits naturally on the working joint.
🤲 Grip / hands
Match left and right handle height first — independent arms expose any mismatch immediately.
⚙️ Adjustments
Check 시트, 시작 위치, 그립, 양쪽 플레이트. Match plates on both sides — do not load one arm first. Confirm both sides start from the same position.

💪 ② Start position
Pin back and pelvis to the pad with the handles at chest height.
Double-check both sides start at the same height.
Check only this:
👉 Back still on the pad

🔥 ③ Execution
Match left-right speed. If one side finishes early, fix balance before adding load.
Press out on the machine path, then return under control. Keep both sides honest.

💥 ④ Peak contraction
Stop where the chest is contracted — do not dump the shoulders farther forward.
⏱️ 1-second STOP
Own that position for one second. This is not where you dump the weight.

🐌 ⑤ Controlled return
Do not dump the load.
Take 2–3 seconds on the way back.
Return on the same path you pressed or pulled.

❌ Common mistakes
❌ Dumping the shoulders forward and bouncing the press
Slow the tempo and repeat one clean path.
❌ Over-arching so the low back takes over
If position breaks, cut the load.
❌ Shoving the shoulders farther at lockout
If position breaks, cut the load.
❌ Letting one side finish early
Match the stronger side to the weaker side’s speed.
❌ Loading unequal plates
Match both sides, then confirm with a light set.

💡 MACHINE FIT PRO TIP
🔥 Independent arms are the point. Before you load up, confirm both sides move at the same speed. If one side finishes early, fix balance before adding plates or pins.

🎯 MACHINE FIT CHECK
🟢 Seat/pad → fitted
🟢 Elbows → press/raise direction
🟢 Left/right → same speed
🟢 Return → 2–3 sec control

### 🔥 Remember this

""Match sides, one-second peak, controlled return."""
WATSON,인클라인 체스트 프레스,Incline Chest Press,PL Super Incline Chest Press,PARTIALLY_VERIFIED,Watson Gym Equipment,Plate Loaded,https://watsongym.co.uk/product/plate-load-super-incline-chest-press/,전용 표준 Incline Chest Press SKU는 없고 PL Super Incline이 가장 가까운 고각도 프레스입니다,"시트, 시작 위치, 독립 암, 플레이트","🏋️ WATSON — PL Super Incline Chest Press · Plate Loaded

🎯 ONE KEY CUE
🔥 ""고각도에서 견갑을 고정하고 대각선 위로 밀기""

전용 표준 Incline Chest Press SKU는 없고 PL Super Incline이 가장 가까운 고각도 프레스. 플레이트 로딩 구조입니다. 처음부터 무게 올리지 말고, 세팅부터 잡으세요.

⚙️ ① 기구 세팅
🪑 좌석 / 패드
시트를 몸에 맞추세요. 시작 위치가 어깨·관절에 자연스럽게 오는지 확인합니다.
🤲 그립 / 손 위치
손잡이를 편안한 너비로 잡으세요. 손목이 꺾이지 않게 합니다.
⚙️ 조절 포인트
시트, 시작 위치, 독립 암, 플레이트를 확인하세요. 양쪽 플레이트를 동일하게 맞추고, 한쪽만 먼저 올리지 마세요.
이 카테고리는 공식 명칭이 겹칠 수 있으니, 헬스장 기구의 실제 레버·패드 배치를 우선하세요.

💪 ② 시작 자세
등과 골반을 패드에 붙이고, 손잡이가 가슴 높이에 오게 잡습니다.
이 자세에서 이것만 확인하세요.
👉 등이 패드에서 뜨지 않는지

🔥 ③ 운동 방법
인클라인 각도에서 손잡이를 위·앞으로 밀었다 복귀.
손보다 팔꿈치를 앞(또는 위)으로 보내는 느낌으로 미세요. 끝에서 어깨를 앞으로 밀어 넣지 마세요.

💥 ④ 최고 수축
팔꿈치가 앞으로 나가 가슴이 수축되는 지점에서 멈춥니다. 어깨를 더 밀지 마세요.
⏱️ 1초 STOP
튕기지 말고 그 지점에서 1초만 소유하세요. 무게를 놓는 순간이 아닙니다.

🐌 ⑤ 천천히 돌아오기
중량을 그냥 놓지 마세요.
2~3초 동안 통제하면서 복귀합니다.
시작 자세로 돌아갈 때도 같은 궤적을 유지하세요.

❌ 흔한 실수
❌ 어깨를 앞으로 말며 반동으로 미는 것
템포를 늦추고 같은 궤적만 반복하세요.
❌ 허리를 과하게 아치해 가슴 대신 요추로 미는 것
깊이보다 골반 고정이 먼저입니다. 허리가 뜨면 범위를 줄이세요.
❌ 끝에서 어깨를 더 밀어 넣는 것
자세가 무너지면 무게를 낮추세요.
❌ 양쪽 플레이트 무게를 다르게 올리는 것
양쪽을 맞춘 뒤 가벼운 세트로 좌우를 확인하세요.

💡 MACHINE FIT PRO TIP
🔥 PL Super Incline Chest Press은 플레이트 로딩입니다. 좌우 원판을 동일하게 맞추고, 첫 세트는 궤적·좌우 대칭만 확인한 다음 무게를 올리세요.

🎯 MACHINE FIT CHECK
🟢 시트/패드 → 몸에 맞춤
🟢 팔꿈치 → 미는/드는 방향
🟢 원판 → 좌우 동일
🟢 복귀 → 2~3초 통제

### 🔥 이것만 기억하세요

""고각도에서 견갑을 고정하고 대각선 위로 밀기. 끝에서 1초, 복귀는 통제.""","🏋️ WATSON — PL Super Incline Chest Press · Plate Loaded

🎯 ONE KEY CUE
🔥 ""At a steep incline, set the scapula and press upward on a diagonal""

전용 표준 Incline Chest Press SKU는 없고 PL Super Incline이 가장 가까운 고각도 프레스입니다 Lean into the plate-loaded design. Do not chase load until the setup feels locked in.

⚙️ ① Setup
🪑 Seat / pads
Fit the seat to your body so the start position sits naturally on the working joint.
🤲 Grip / hands
Take a comfortable grip width and keep the wrists stacked, not bent.
⚙️ Adjustments
Check 시트, 시작 위치, 독립 암, 플레이트. Match plates on both sides — do not load one arm first.
Naming can overlap in this category — trust the levers and pads on the unit in front of you.

💪 ② Start position
Pin back and pelvis to the pad with the handles at chest height.
Check only this:
👉 Back still on the pad

🔥 ③ Execution
Press by driving the elbows forward/up. Do not dump the shoulders forward at lockout.
Press out on the machine path, then return under control.

💥 ④ Peak contraction
Stop where the chest is contracted — do not dump the shoulders farther forward.
⏱️ 1-second STOP
Own that position for one second. This is not where you dump the weight.

🐌 ⑤ Controlled return
Do not dump the load.
Take 2–3 seconds on the way back.
Return on the same path you pressed or pulled.

❌ Common mistakes
❌ Dumping the shoulders forward and bouncing the press
Slow the tempo and repeat one clean path.
❌ Over-arching so the low back takes over
If position breaks, cut the load.
❌ Shoving the shoulders farther at lockout
If position breaks, cut the load.
❌ Loading unequal plates
Match both sides, then confirm with a light set.

💡 MACHINE FIT PRO TIP
🔥 PL Super Incline Chest Press is plate-loaded. Match plates, confirm path and left-right symmetry on set one, then add load.

🎯 MACHINE FIT CHECK
🟢 Seat/pad → fitted
🟢 Elbows → press/raise direction
🟢 Plates → matched
🟢 Return → 2–3 sec control

### 🔥 Remember this

""At a steep incline, set the scapula and press upward on a diagonal. One-second peak, controlled return."""
WATSON,디클라인 체스트 프레스,Decline Chest Press,PL Decline Chest Press,VERIFIED,Watson Gym Equipment,Plate Loaded,https://watsongym.co.uk/product/plate-load-decline-chest-press/,Watson PL Decline Chest Press. 아이소래터럴 디클라인 체스트 프레스입니다,"시트, 시작 위치, 독립 암, 플레이트","🏋️ WATSON — PL Decline Chest Press · Plate Loaded

🎯 ONE KEY CUE
🔥 ""하부 가슴을 향해 아래·앞으로 밀기""

Watson PL Decline Chest Press. 아이소래터럴 디클라인 체스트 프레스. 좌우가 독립으로 움직이는 · 플레이트 로딩 구조입니다. 처음부터 무게 올리지 말고, 세팅부터 잡으세요.

⚙️ ① 기구 세팅
🪑 좌석 / 패드
시트를 몸에 맞추세요. 시작 위치가 어깨·관절에 자연스럽게 오는지 확인합니다.
🤲 그립 / 손 위치
양손잡이 높이가 좌우 같은지 먼저 보세요. 독립 암이라 한쪽만 어긋나도 바로 느껴집니다.
⚙️ 조절 포인트
시트, 시작 위치, 독립 암, 플레이트를 확인하세요. 양쪽 플레이트를 동일하게 맞추고, 한쪽만 먼저 올리지 마세요. 좌우 시작 위치가 같은지도 같이 봅니다.

💪 ② 시작 자세
등과 골반을 패드에 붙이고, 손잡이가 가슴 높이에 오게 잡습니다.
좌우가 같은 높이에서 시작하는지 한 번 더 보세요.
이 자세에서 이것만 확인하세요.
👉 등이 패드에서 뜨지 않는지

🔥 ③ 운동 방법
디클라인 각도에서 손잡이를 아래·앞으로 밀었다 복귀.
양쪽을 같은 속도로 움직이세요. 한쪽이 먼저 끝나면 무게를 더 올리기 전에 밸런스부터 잡습니다.

💥 ④ 최고 수축
팔꿈치가 앞으로 나가 가슴이 수축되는 지점에서 멈춥니다. 어깨를 더 밀지 마세요.
⏱️ 1초 STOP
튕기지 말고 그 지점에서 1초만 소유하세요. 무게를 놓는 순간이 아닙니다.

🐌 ⑤ 천천히 돌아오기
중량을 그냥 놓지 마세요.
2~3초 동안 통제하면서 복귀합니다.
시작 자세로 돌아갈 때도 같은 궤적을 유지하세요.

❌ 흔한 실수
❌ 팔꿈치를 과하게 벌리며 어깨에 부하를 주는
자세가 무너지면 무게를 낮추세요.
❌ 어깨를 앞으로 말며 반동으로 미는 것
템포를 늦추고 같은 궤적만 반복하세요.
❌ 허리를 과하게 아치해 가슴 대신 요추로 미는 것
깊이보다 골반 고정이 먼저입니다. 허리가 뜨면 범위를 줄이세요.
❌ 끝에서 어깨를 더 밀어 넣는 것
자세가 무너지면 무게를 낮추세요.
❌ 한쪽만 먼저 끝내고 반대쪽을 따라가게 하는 것
약한 쪽 속도에 강한 쪽을 맞추세요.

💡 MACHINE FIT PRO TIP
🔥 이 기구는 좌우 암이 독립적으로 움직이는 게 장점입니다. 무게를 올리기 전에 양쪽이 같은 속도로 가는지 확인하세요. 한쪽이 먼저 끝까지 가 버리면 중량보다 밸런스가 먼저입니다.

🎯 MACHINE FIT CHECK
🟢 시트/패드 → 몸에 맞춤
🟢 팔꿈치 → 미는/드는 방향
🟢 좌우 → 같은 속도
🟢 복귀 → 2~3초 통제

### 🔥 이것만 기억하세요

""좌우 같은 속도, 끝에서 1초, 복귀는 통제.""","🏋️ WATSON — PL Decline Chest Press · Plate Loaded

🎯 ONE KEY CUE
🔥 ""Press down and forward toward the lower chest""

Watson PL Decline Chest Press. 아이소래터럴 디클라인 체스트 프레스입니다 Lean into the independent arms / plate-loaded design. Do not chase load until the setup feels locked in.

⚙️ ① Setup
🪑 Seat / pads
Fit the seat to your body so the start position sits naturally on the working joint.
🤲 Grip / hands
Match left and right handle height first — independent arms expose any mismatch immediately.
⚙️ Adjustments
Check 시트, 시작 위치, 독립 암, 플레이트. Match plates on both sides — do not load one arm first. Confirm both sides start from the same position.

💪 ② Start position
Pin back and pelvis to the pad with the handles at chest height.
Double-check both sides start at the same height.
Check only this:
👉 Back still on the pad

🔥 ③ Execution
Match left-right speed. If one side finishes early, fix balance before adding load.
Press out on the machine path, then return under control. Keep both sides honest.

💥 ④ Peak contraction
Stop where the chest is contracted — do not dump the shoulders farther forward.
⏱️ 1-second STOP
Own that position for one second. This is not where you dump the weight.

🐌 ⑤ Controlled return
Do not dump the load.
Take 2–3 seconds on the way back.
Return on the same path you pressed or pulled.

❌ Common mistakes
❌ Dumping the shoulders forward and bouncing the press
Slow the tempo and repeat one clean path.
❌ Over-arching so the low back takes over
If position breaks, cut the load.
❌ Shoving the shoulders farther at lockout
If position breaks, cut the load.
❌ Letting one side finish early
Match the stronger side to the weaker side’s speed.
❌ Loading unequal plates
Match both sides, then confirm with a light set.

💡 MACHINE FIT PRO TIP
🔥 Independent arms are the point. Before you load up, confirm both sides move at the same speed. If one side finishes early, fix balance before adding plates or pins.

🎯 MACHINE FIT CHECK
🟢 Seat/pad → fitted
🟢 Elbows → press/raise direction
🟢 Left/right → same speed
🟢 Return → 2–3 sec control

### 🔥 Remember this

""Match sides, one-second peak, controlled return."""
WATSON,컨버징 체스트 프레스,Converging Chest Press,PL Animal Converging Standing Chest Press,VERIFIED,Watson Gym Equipment,Animal Plate Loaded,https://watsongym.co.uk/product/animal-converging-standing-chest-press/,PL Animal Converging Standing Chest Press. 스탠딩 수렴형 체스트 프레스입니다,"스탠스, 시작 폭, 손잡이, 양쪽 플레이트","🏋️ WATSON — PL Animal Converging Standing Chest Press · Animal Plate Loaded

🎯 ONE KEY CUE
🔥 ""넓은 시작에서 중앙으로 수렴하며 밀기""

PL Animal Converging Standing Chest Press. 스탠딩 수렴형 체스트 프레스. 플레이트 로딩 · 안쪽으로 모이는 구조입니다. 처음부터 무게 올리지 말고, 세팅부터 잡으세요.

⚙️ ① 기구 세팅
🤲 그립 / 손 위치
손잡이를 편안한 너비로 잡으세요. 손목이 꺾이지 않게 합니다.
⚙️ 조절 포인트
스탠스, 시작 폭, 손잡이, 양쪽 플레이트를 확인하세요. 양쪽 플레이트를 동일하게 맞추고, 한쪽만 먼저 올리지 마세요.

💪 ② 시작 자세
등과 골반을 패드에 붙이고, 손잡이가 가슴 높이에 오게 잡습니다.
이 자세에서 이것만 확인하세요.
👉 등이 패드에서 뜨지 않는지

🔥 ③ 운동 방법
양팔이 바깥에서 안쪽으로 모이며 프레스.
손잡이가 직선으로만 가는 게 아닙니다. 기구가 만들어 주는 안쪽 궤적을 그대로 타세요. 억지로 모으지 마세요.

💥 ④ 최고 수축
팔꿈치가 앞으로 나가 가슴이 수축되는 지점에서 멈춥니다. 어깨를 더 밀지 마세요.
⏱️ 1초 STOP
튕기지 말고 그 지점에서 1초만 소유하세요. 무게를 놓는 순간이 아닙니다.

🐌 ⑤ 천천히 돌아오기
중량을 그냥 놓지 마세요.
2~3초 동안 통제하면서 복귀합니다.
시작 자세로 돌아갈 때도 같은 궤적을 유지하세요.

❌ 흔한 실수
❌ 평행으로만 밀어 수렴 궤적을 무시하는
자세가 무너지면 무게를 낮추세요.
❌ 어깨를 앞으로 말며 반동으로 미는 것
템포를 늦추고 같은 궤적만 반복하세요.
❌ 허리를 과하게 아치해 가슴 대신 요추로 미는 것
깊이보다 골반 고정이 먼저입니다. 허리가 뜨면 범위를 줄이세요.
❌ 끝에서 어깨를 더 밀어 넣는 것
자세가 무너지면 무게를 낮추세요.
❌ 양쪽 플레이트 무게를 다르게 올리는 것
양쪽을 맞춘 뒤 가벼운 세트로 좌우를 확인하세요.

💡 MACHINE FIT PRO TIP
🔥 손잡이가 가운데로 모이는 궤적이 설계입니다. 평행으로만 밀려고 버티지 말고, 기구가 안내하는 수렴 경로를 그대로 타세요.

🎯 MACHINE FIT CHECK
🟢 시트/패드 → 몸에 맞춤
🟢 팔꿈치 → 미는/드는 방향
🟢 원판 → 좌우 동일
🟢 복귀 → 2~3초 통제

### 🔥 이것만 기억하세요

""넓은 시작에서 중앙으로 수렴하며 밀기. 끝에서 1초, 복귀는 통제.""","🏋️ WATSON — PL Animal Converging Standing Chest Press · Animal Plate Loaded

🎯 ONE KEY CUE
🔥 ""Start wide and converge toward center chest""

PL Animal Converging Standing Chest Press. 스탠딩 수렴형 체스트 프레스입니다 Lean into the plate-loaded / converging path design. Do not chase load until the setup feels locked in.

⚙️ ① Setup
🤲 Grip / hands
Take a comfortable grip width and keep the wrists stacked, not bent.
⚙️ Adjustments
Check 스탠스, 시작 폭, 손잡이, 양쪽 플레이트. Match plates on both sides — do not load one arm first.

💪 ② Start position
Pin back and pelvis to the pad with the handles at chest height.
Check only this:
👉 Back still on the pad

🔥 ③ Execution
The handles are not a straight line — ride the converging path. Do not force them together.
Press out on the machine path, then return under control.

💥 ④ Peak contraction
Stop where the chest is contracted — do not dump the shoulders farther forward.
⏱️ 1-second STOP
Own that position for one second. This is not where you dump the weight.

🐌 ⑤ Controlled return
Do not dump the load.
Take 2–3 seconds on the way back.
Return on the same path you pressed or pulled.

❌ Common mistakes
❌ Dumping the shoulders forward and bouncing the press
Slow the tempo and repeat one clean path.
❌ Over-arching so the low back takes over
If position breaks, cut the load.
❌ Shoving the shoulders farther at lockout
If position breaks, cut the load.
❌ Loading unequal plates
Match both sides, then confirm with a light set.

💡 MACHINE FIT PRO TIP
🔥 The machine is built to converge. Stop forcing a parallel press — ride the path it gives you.

🎯 MACHINE FIT CHECK
🟢 Seat/pad → fitted
🟢 Elbows → press/raise direction
🟢 Plates → matched
🟢 Return → 2–3 sec control

### 🔥 Remember this

""Start wide and converge toward center chest. One-second peak, controlled return."""
WATSON,아이소래터럴 체스트 프레스,Iso-Lateral Chest Press,PL Chest Press,VERIFIED,Watson Gym Equipment,Plate Loaded,https://watsongym.co.uk/product/plate-loaded-chest-press/,PL Chest Press는 아이소래터럴 독립 암 구조의 체스트 프레스입니다,"시트, 좌·우 시작, 그립, 양쪽 플레이트","🏋️ WATSON — PL Chest Press · Plate Loaded

🎯 ONE KEY CUE
🔥 ""좌우를 같은 속도로 밀며 불균형 확인""

PL Chest Press는 아이소래터럴 독립 암 구조의 체스트 프레스. 좌우가 독립으로 움직이는 · 플레이트 로딩 구조입니다. 처음부터 무게 올리지 말고, 세팅부터 잡으세요.

⚙️ ① 기구 세팅
🪑 좌석 / 패드
시트를 몸에 맞추세요. 시작 위치가 어깨·관절에 자연스럽게 오는지 확인합니다.
🤲 그립 / 손 위치
양손잡이 높이가 좌우 같은지 먼저 보세요. 독립 암이라 한쪽만 어긋나도 바로 느껴집니다.
⚙️ 조절 포인트
시트, 좌·우 시작, 그립, 양쪽 플레이트를 확인하세요. 양쪽 플레이트를 동일하게 맞추고, 한쪽만 먼저 올리지 마세요. 좌우 시작 위치가 같은지도 같이 봅니다.

💪 ② 시작 자세
등과 골반을 패드에 붙이고, 손잡이가 가슴 높이에 오게 잡습니다.
좌우가 같은 높이에서 시작하는지 한 번 더 보세요.
이 자세에서 이것만 확인하세요.
👉 등이 패드에서 뜨지 않는지

🔥 ③ 운동 방법
각 팔을 독립적으로 밀었다 천천히 복귀.
양쪽을 같은 속도로 움직이세요. 한쪽이 먼저 끝나면 무게를 더 올리기 전에 밸런스부터 잡습니다.

💥 ④ 최고 수축
팔꿈치가 앞으로 나가 가슴이 수축되는 지점에서 멈춥니다. 어깨를 더 밀지 마세요.
⏱️ 1초 STOP
튕기지 말고 그 지점에서 1초만 소유하세요. 무게를 놓는 순간이 아닙니다.

🐌 ⑤ 천천히 돌아오기
중량을 그냥 놓지 마세요.
2~3초 동안 통제하면서 복귀합니다.
시작 자세로 돌아갈 때도 같은 궤적을 유지하세요.

❌ 흔한 실수
❌ 한쪽만 먼저 밀어 비대칭을 키우는
약한 쪽 속도에 강한 쪽을 맞추세요.
❌ 어깨를 앞으로 말며 반동으로 미는 것
템포를 늦추고 같은 궤적만 반복하세요.
❌ 허리를 과하게 아치해 가슴 대신 요추로 미는 것
깊이보다 골반 고정이 먼저입니다. 허리가 뜨면 범위를 줄이세요.
❌ 끝에서 어깨를 더 밀어 넣는 것
자세가 무너지면 무게를 낮추세요.
❌ 한쪽만 먼저 끝내고 반대쪽을 따라가게 하는 것
약한 쪽 속도에 강한 쪽을 맞추세요.

💡 MACHINE FIT PRO TIP
🔥 이 기구는 좌우 암이 독립적으로 움직이는 게 장점입니다. 무게를 올리기 전에 양쪽이 같은 속도로 가는지 확인하세요. 한쪽이 먼저 끝까지 가 버리면 중량보다 밸런스가 먼저입니다.

🎯 MACHINE FIT CHECK
🟢 시트/패드 → 몸에 맞춤
🟢 팔꿈치 → 미는/드는 방향
🟢 좌우 → 같은 속도
🟢 복귀 → 2~3초 통제

### 🔥 이것만 기억하세요

""좌우 같은 속도, 끝에서 1초, 복귀는 통제.""","🏋️ WATSON — PL Chest Press · Plate Loaded

🎯 ONE KEY CUE
🔥 ""Press both sides at the same speed and watch for imbalances""

PL Chest Press는 아이소래터럴 독립 암 구조의 체스트 프레스입니다 Lean into the independent arms / plate-loaded design. Do not chase load until the setup feels locked in.

⚙️ ① Setup
🪑 Seat / pads
Fit the seat to your body so the start position sits naturally on the working joint.
🤲 Grip / hands
Match left and right handle height first — independent arms expose any mismatch immediately.
⚙️ Adjustments
Check 시트, 좌·우 시작, 그립, 양쪽 플레이트. Match plates on both sides — do not load one arm first. Confirm both sides start from the same position.

💪 ② Start position
Pin back and pelvis to the pad with the handles at chest height.
Double-check both sides start at the same height.
Check only this:
👉 Back still on the pad

🔥 ③ Execution
Match left-right speed. If one side finishes early, fix balance before adding load.
Press out on the machine path, then return under control. Keep both sides honest.

💥 ④ Peak contraction
Stop where the chest is contracted — do not dump the shoulders farther forward.
⏱️ 1-second STOP
Own that position for one second. This is not where you dump the weight.

🐌 ⑤ Controlled return
Do not dump the load.
Take 2–3 seconds on the way back.
Return on the same path you pressed or pulled.

❌ Common mistakes
❌ Dumping the shoulders forward and bouncing the press
Slow the tempo and repeat one clean path.
❌ Over-arching so the low back takes over
If position breaks, cut the load.
❌ Shoving the shoulders farther at lockout
If position breaks, cut the load.
❌ Letting one side finish early
Match the stronger side to the weaker side’s speed.
❌ Loading unequal plates
Match both sides, then confirm with a light set.

💡 MACHINE FIT PRO TIP
🔥 Independent arms are the point. Before you load up, confirm both sides move at the same speed. If one side finishes early, fix balance before adding plates or pins.

🎯 MACHINE FIT CHECK
🟢 Seat/pad → fitted
🟢 Elbows → press/raise direction
🟢 Left/right → same speed
🟢 Return → 2–3 sec control

### 🔥 Remember this

""Match sides, one-second peak, controlled return."""
WATSON,플레이트로드 체스트 프레스,Plate-Loaded Chest Press,PL Chest Press,VERIFIED,Watson Gym Equipment,Plate Loaded,https://watsongym.co.uk/product/plate-loaded-chest-press/,Watson PL Chest Press — 플레이트로드 체스트 프레스입니다,"시트, 시작 위치, 양쪽 플레이트","🏋️ WATSON — PL Chest Press · Plate Loaded

🎯 ONE KEY CUE
🔥 ""양쪽 중량을 맞추고 가슴 중앙으로 밀기""

Watson PL Chest Press — 플레이트로드 체스트 프레스. 플레이트 로딩 구조입니다. 처음부터 무게 올리지 말고, 세팅부터 잡으세요.

⚙️ ① 기구 세팅
🪑 좌석 / 패드
시트를 몸에 맞추세요. 시작 위치가 어깨·관절에 자연스럽게 오는지 확인합니다.
🤲 그립 / 손 위치
손잡이를 편안한 너비로 잡으세요. 손목이 꺾이지 않게 합니다.
⚙️ 조절 포인트
시트, 시작 위치, 양쪽 플레이트를 확인하세요. 양쪽 플레이트를 동일하게 맞추고, 한쪽만 먼저 올리지 마세요.

💪 ② 시작 자세
등과 골반을 패드에 붙이고, 손잡이가 가슴 높이에 오게 잡습니다.
이 자세에서 이것만 확인하세요.
👉 등이 패드에서 뜨지 않는지

🔥 ③ 운동 방법
손잡이를 앞으로 밀었다 통제하며 복귀.
손보다 팔꿈치를 앞(또는 위)으로 보내는 느낌으로 미세요. 끝에서 어깨를 앞으로 밀어 넣지 마세요.

💥 ④ 최고 수축
팔꿈치가 앞으로 나가 가슴이 수축되는 지점에서 멈춥니다. 어깨를 더 밀지 마세요.
⏱️ 1초 STOP
튕기지 말고 그 지점에서 1초만 소유하세요. 무게를 놓는 순간이 아닙니다.

🐌 ⑤ 천천히 돌아오기
중량을 그냥 놓지 마세요.
2~3초 동안 통제하면서 복귀합니다.
시작 자세로 돌아갈 때도 같은 궤적을 유지하세요.

❌ 흔한 실수
❌ 한쪽만 먼저 올려 궤적이 틀어지는
약한 쪽 속도에 강한 쪽을 맞추세요.
❌ 어깨를 앞으로 말며 반동으로 미는 것
템포를 늦추고 같은 궤적만 반복하세요.
❌ 허리를 과하게 아치해 가슴 대신 요추로 미는 것
깊이보다 골반 고정이 먼저입니다. 허리가 뜨면 범위를 줄이세요.
❌ 끝에서 어깨를 더 밀어 넣는 것
자세가 무너지면 무게를 낮추세요.
❌ 양쪽 플레이트 무게를 다르게 올리는 것
양쪽을 맞춘 뒤 가벼운 세트로 좌우를 확인하세요.

💡 MACHINE FIT PRO TIP
🔥 PL Chest Press은 플레이트 로딩입니다. 좌우 원판을 동일하게 맞추고, 첫 세트는 궤적·좌우 대칭만 확인한 다음 무게를 올리세요.

🎯 MACHINE FIT CHECK
🟢 시트/패드 → 몸에 맞춤
🟢 팔꿈치 → 미는/드는 방향
🟢 원판 → 좌우 동일
🟢 복귀 → 2~3초 통제

### 🔥 이것만 기억하세요

""양쪽 중량을 맞추고 가슴 중앙으로 밀기. 끝에서 1초, 복귀는 통제.""","🏋️ WATSON — PL Chest Press · Plate Loaded

🎯 ONE KEY CUE
🔥 ""Match plates on both sides and press through center chest""

Watson PL Chest Press — 플레이트로드 체스트 프레스입니다 Lean into the plate-loaded design. Do not chase load until the setup feels locked in.

⚙️ ① Setup
🪑 Seat / pads
Fit the seat to your body so the start position sits naturally on the working joint.
🤲 Grip / hands
Take a comfortable grip width and keep the wrists stacked, not bent.
⚙️ Adjustments
Check 시트, 시작 위치, 양쪽 플레이트. Match plates on both sides — do not load one arm first.

💪 ② Start position
Pin back and pelvis to the pad with the handles at chest height.
Check only this:
👉 Back still on the pad

🔥 ③ Execution
Press by driving the elbows forward/up. Do not dump the shoulders forward at lockout.
Press out on the machine path, then return under control.

💥 ④ Peak contraction
Stop where the chest is contracted — do not dump the shoulders farther forward.
⏱️ 1-second STOP
Own that position for one second. This is not where you dump the weight.

🐌 ⑤ Controlled return
Do not dump the load.
Take 2–3 seconds on the way back.
Return on the same path you pressed or pulled.

❌ Common mistakes
❌ Dumping the shoulders forward and bouncing the press
Slow the tempo and repeat one clean path.
❌ Over-arching so the low back takes over
If position breaks, cut the load.
❌ Shoving the shoulders farther at lockout
If position breaks, cut the load.
❌ Loading unequal plates
Match both sides, then confirm with a light set.

💡 MACHINE FIT PRO TIP
🔥 PL Chest Press is plate-loaded. Match plates, confirm path and left-right symmetry on set one, then add load.

🎯 MACHINE FIT CHECK
🟢 Seat/pad → fitted
🟢 Elbows → press/raise direction
🟢 Plates → matched
🟢 Return → 2–3 sec control

### 🔥 Remember this

""Match plates on both sides and press through center chest. One-second peak, controlled return."""
WATSON,펙덱,Pec Deck,PL Pec Fly,VERIFIED,Watson Gym Equipment,Plate Loaded,https://watsongym.co.uk/product/plate-load-pec-fly/,Watson PL Pec Fly. 플레이트로드 펙 플라이/펙덱 패턴입니다,"시트, 암 시작 위치, 플레이트","🏋️ WATSON — PL Pec Fly · Plate Loaded

🎯 ONE KEY CUE
🔥 ""팔꿈치 각도를 유지한 채 가슴으로 모으기""

Watson PL Pec Fly. 플레이트로드 펙 플라이/펙덱 패턴. 플레이트 로딩 구조입니다. 처음부터 무게 올리지 말고, 세팅부터 잡으세요.

⚙️ ① 기구 세팅
🪑 좌석 / 패드
시트를 몸에 맞추세요. 시작 위치가 어깨·관절에 자연스럽게 오는지 확인합니다.
🤲 그립 / 손 위치
손잡이를 편안한 너비로 잡으세요. 손목이 꺾이지 않게 합니다.
⚙️ 조절 포인트
시트, 암 시작 위치, 플레이트를 확인하세요. 양쪽 플레이트를 동일하게 맞추고, 한쪽만 먼저 올리지 마세요.

💪 ② 시작 자세
등과 골반을 패드에 붙이고, 손잡이가 가슴 높이에 오게 잡습니다.
이 자세에서 이것만 확인하세요.
👉 등이 패드에서 뜨지 않는지

🔥 ③ 운동 방법
양팔을 모아 조인 뒤 천천히 벌리기.
손보다 팔꿈치를 앞(또는 위)으로 보내는 느낌으로 미세요. 끝에서 어깨를 앞으로 밀어 넣지 마세요.

💥 ④ 최고 수축
팔꿈치가 앞으로 나가 가슴이 수축되는 지점에서 멈춥니다. 어깨를 더 밀지 마세요.
⏱️ 1초 STOP
튕기지 말고 그 지점에서 1초만 소유하세요. 무게를 놓는 순간이 아닙니다.

🐌 ⑤ 천천히 돌아오기
중량을 그냥 놓지 마세요.
2~3초 동안 통제하면서 복귀합니다.
시작 자세로 돌아갈 때도 같은 궤적을 유지하세요.

❌ 흔한 실수
❌ 팔꿈치를 펴며 어깨로 끌어당기는
자세가 무너지면 무게를 낮추세요.
❌ 어깨를 앞으로 말며 반동으로 미는 것
템포를 늦추고 같은 궤적만 반복하세요.
❌ 허리를 과하게 아치해 가슴 대신 요추로 미는 것
깊이보다 골반 고정이 먼저입니다. 허리가 뜨면 범위를 줄이세요.
❌ 끝에서 어깨를 더 밀어 넣는 것
자세가 무너지면 무게를 낮추세요.
❌ 양쪽 플레이트 무게를 다르게 올리는 것
양쪽을 맞춘 뒤 가벼운 세트로 좌우를 확인하세요.

💡 MACHINE FIT PRO TIP
🔥 PL Pec Fly은 플레이트 로딩입니다. 좌우 원판을 동일하게 맞추고, 첫 세트는 궤적·좌우 대칭만 확인한 다음 무게를 올리세요.

🎯 MACHINE FIT CHECK
🟢 시트/패드 → 몸에 맞춤
🟢 팔꿈치 → 미는/드는 방향
🟢 원판 → 좌우 동일
🟢 복귀 → 2~3초 통제

### 🔥 이것만 기억하세요

""팔꿈치 각도를 유지한 채 가슴으로 모으기. 끝에서 1초, 복귀는 통제.""","🏋️ WATSON — PL Pec Fly · Plate Loaded

🎯 ONE KEY CUE
🔥 ""Keep elbow angle steady and close through the chest""

Watson PL Pec Fly. 플레이트로드 펙 플라이/펙덱 패턴입니다 Lean into the plate-loaded design. Do not chase load until the setup feels locked in.

⚙️ ① Setup
🪑 Seat / pads
Fit the seat to your body so the start position sits naturally on the working joint.
🤲 Grip / hands
Take a comfortable grip width and keep the wrists stacked, not bent.
⚙️ Adjustments
Check 시트, 암 시작 위치, 플레이트. Match plates on both sides — do not load one arm first.

💪 ② Start position
Pin back and pelvis to the pad with the handles at chest height.
Check only this:
👉 Back still on the pad

🔥 ③ Execution
Press by driving the elbows forward/up. Do not dump the shoulders forward at lockout.
Press out on the machine path, then return under control.

💥 ④ Peak contraction
Stop where the chest is contracted — do not dump the shoulders farther forward.
⏱️ 1-second STOP
Own that position for one second. This is not where you dump the weight.

🐌 ⑤ Controlled return
Do not dump the load.
Take 2–3 seconds on the way back.
Return on the same path you pressed or pulled.

❌ Common mistakes
❌ Dumping the shoulders forward and bouncing the press
Slow the tempo and repeat one clean path.
❌ Over-arching so the low back takes over
If position breaks, cut the load.
❌ Shoving the shoulders farther at lockout
If position breaks, cut the load.
❌ Loading unequal plates
Match both sides, then confirm with a light set.

💡 MACHINE FIT PRO TIP
🔥 PL Pec Fly is plate-loaded. Match plates, confirm path and left-right symmetry on set one, then add load.

🎯 MACHINE FIT CHECK
🟢 Seat/pad → fitted
🟢 Elbows → press/raise direction
🟢 Plates → matched
🟢 Return → 2–3 sec control

### 🔥 Remember this

""Keep elbow angle steady and close through the chest. One-second peak, controlled return."""
WATSON,리어 델트 / 리버스 펙덱,Rear Delt / Reverse Pec Deck,SS Pec Fly / Rear Delt,VERIFIED,Watson Gym Equipment,Single Stack,https://watsongym.co.uk/product/single-stack-pec-fly-rear-delt/,SS Pec Fly / Rear Delt의 리어 델트·리버스 펙덱 모드입니다,"시트, 모드, 암 시작, 스택 핀","🏋️ WATSON — SS Pec Fly / Rear Delt · Single Stack

🎯 ONE KEY CUE
🔥 ""가슴을 고정하고 팔을 뒤로 벌리며 후삼각 수축""

SS Pec Fly / Rear Delt의 리어 델트·리버스 펙덱 모드. 왓슨 Plate Loaded·Animal 궤적을 그대로 타는 게 핵심입니다. 처음부터 무게 올리지 말고, 세팅부터 잡으세요.

⚙️ ① 기구 세팅
🪑 좌석 / 패드
시트를 몸에 맞추세요. 시작 위치가 어깨·관절에 자연스럽게 오는지 확인합니다.
🤲 그립 / 손 위치
손잡이를 편안한 너비로 잡으세요. 손목이 꺾이지 않게 합니다.
⚙️ 조절 포인트
시트, 모드, 암 시작, 스택 핀을 확인하세요.

💪 ② 시작 자세
갈비뼈를 내리고 허리를 과하게 아치하지 않습니다. 팔꿈치를 시작 궤적에 올립니다.
이 자세에서 이것만 확인하세요.
👉 허리가 과하게 꺾이지 않는지

🔥 ③ 운동 방법
팔을 뒤로 벌렸다 천천히 앞으로 복귀.
반동으로 올리지 마세요. 팔꿈치가 궤적을 주도하게 둡니다.

💥 ④ 최고 수축
목표 근육이 가장 조여지는 끝 지점에서 멈춥니다.
⏱️ 1초 STOP
튕기지 말고 그 지점에서 1초만 소유하세요. 무게를 놓는 순간이 아닙니다.

🐌 ⑤ 천천히 돌아오기
중량을 그냥 놓지 마세요.
2~3초 동안 통제하면서 복귀합니다.
시작 자세로 돌아갈 때도 같은 궤적을 유지하세요.

❌ 흔한 실수
❌ 승모로만 잡아채며 팔꿈치를 과도하게 구부리는
어깨를 귀에서 멀리 두고 다시 시작하세요.
❌ 허리를 꺾어 프레스하는 것
자세가 무너지면 무게를 낮추세요.
❌ 어깨를 귀 쪽으로 으쓱하는 것
어깨를 귀에서 멀리 두고 다시 시작하세요.
❌ 반동으로 들어 올리는 것
템포를 늦추고 같은 궤적만 반복하세요.

💡 MACHINE FIT PRO TIP
🔥 SS Pec Fly / Rear Delt의 가이드 궤적을 이용하세요. 첫 2세트는 천천히, 대칭이 확인된 뒤에만 무게를 올립니다.

🎯 MACHINE FIT CHECK
🟢 시트/패드 → 몸에 맞춤
🟢 팔꿈치 → 미는/드는 방향
🟢 어깨 → 으쓱하지 않기
🟢 복귀 → 2~3초 통제

### 🔥 이것만 기억하세요

""가슴을 고정하고 팔을 뒤로 벌리며 후삼각 수축. 끝에서 1초, 복귀는 통제.""","🏋️ WATSON — SS Pec Fly / Rear Delt · Single Stack

🎯 ONE KEY CUE
🔥 ""Brace the chest and open the arms for rear-delt squeeze""

SS Pec Fly / Rear Delt의 리어 델트·리버스 펙덱 모드입니다 Ride the Watson Plate Loaded / Animal path instead of fighting it. Do not chase load until the setup feels locked in.

⚙️ ① Setup
🪑 Seat / pads
Fit the seat to your body so the start position sits naturally on the working joint.
🤲 Grip / hands
Take a comfortable grip width and keep the wrists stacked, not bent.
⚙️ Adjustments
Check 시트, 모드, 암 시작, 스택 핀.

💪 ② Start position
Drop the ribs — do not over-arch. Set the elbows on the press path.
Check only this:
👉 Low back not over-arched

🔥 ③ Execution
No bounce. Let the elbows own the path.
Press or raise on the guided path, then lower without dumping the shoulders.

💥 ④ Peak contraction
Stop where the target muscle is most shortened.
⏱️ 1-second STOP
Own that position for one second. This is not where you dump the weight.

🐌 ⑤ Controlled return
Do not dump the load.
Take 2–3 seconds on the way back.
Return on the same path you pressed or pulled.

❌ Common mistakes
❌ Pressing with an over-arched low back
If position breaks, cut the load.
❌ Shrugging the shoulders into the ears
Keep the shoulders away from the ears and restart.
❌ Bouncing the weight up
Slow the tempo and repeat one clean path.

💡 MACHINE FIT PRO TIP
🔥 Use the guided path on SS Pec Fly / Rear Delt. Slow the first two sets, confirm symmetry, then add load.

🎯 MACHINE FIT CHECK
🟢 Seat/pad → fitted
🟢 Elbows → press/raise direction
🟢 Shoulders → not shrugged
🟢 Return → 2–3 sec control

### 🔥 Remember this

""Brace the chest and open the arms for rear-delt squeeze. One-second peak, controlled return."""
WATSON,플라이 머신,Fly Machine,PL Pec Fly,VERIFIED,Watson Gym Equipment,Plate Loaded,https://watsongym.co.uk/product/plate-load-pec-fly/,PL Pec Fly 및 PL Arched Incline Pec Fly가 플라이 머신입니다,"시트, 암 시작, 플레이트","🏋️ WATSON — PL Pec Fly · Plate Loaded

🎯 ONE KEY CUE
🔥 ""가슴 높이에서 원을 그리듯 모으기""

PL Pec Fly 및 PL Arched Incline Pec Fly가 플라이 머신. 플레이트 로딩 구조입니다. 처음부터 무게 올리지 말고, 세팅부터 잡으세요.

⚙️ ① 기구 세팅
🪑 좌석 / 패드
시트를 몸에 맞추세요. 시작 위치가 어깨·관절에 자연스럽게 오는지 확인합니다.
🤲 그립 / 손 위치
손잡이를 편안한 너비로 잡으세요. 손목이 꺾이지 않게 합니다.
⚙️ 조절 포인트
시트, 암 시작, 플레이트를 확인하세요. 양쪽 플레이트를 동일하게 맞추고, 한쪽만 먼저 올리지 마세요.

💪 ② 시작 자세
등과 골반을 패드에 붙이고, 손잡이가 가슴 높이에 오게 잡습니다.
이 자세에서 이것만 확인하세요.
👉 등이 패드에서 뜨지 않는지

🔥 ③ 운동 방법
양팔을 호를 그리며 모았다 벌리기.
손보다 팔꿈치를 앞(또는 위)으로 보내는 느낌으로 미세요. 끝에서 어깨를 앞으로 밀어 넣지 마세요.

💥 ④ 최고 수축
팔꿈치가 앞으로 나가 가슴이 수축되는 지점에서 멈춥니다. 어깨를 더 밀지 마세요.
⏱️ 1초 STOP
튕기지 말고 그 지점에서 1초만 소유하세요. 무게를 놓는 순간이 아닙니다.

🐌 ⑤ 천천히 돌아오기
중량을 그냥 놓지 마세요.
2~3초 동안 통제하면서 복귀합니다.
시작 자세로 돌아갈 때도 같은 궤적을 유지하세요.

❌ 흔한 실수
❌ 팔꿈치가 뒤로 빠지며 어깨가 앞서는
자세가 무너지면 무게를 낮추세요.
❌ 어깨를 앞으로 말며 반동으로 미는 것
템포를 늦추고 같은 궤적만 반복하세요.
❌ 허리를 과하게 아치해 가슴 대신 요추로 미는 것
깊이보다 골반 고정이 먼저입니다. 허리가 뜨면 범위를 줄이세요.
❌ 끝에서 어깨를 더 밀어 넣는 것
자세가 무너지면 무게를 낮추세요.
❌ 양쪽 플레이트 무게를 다르게 올리는 것
양쪽을 맞춘 뒤 가벼운 세트로 좌우를 확인하세요.

💡 MACHINE FIT PRO TIP
🔥 PL Pec Fly은 플레이트 로딩입니다. 좌우 원판을 동일하게 맞추고, 첫 세트는 궤적·좌우 대칭만 확인한 다음 무게를 올리세요.

🎯 MACHINE FIT CHECK
🟢 시트/패드 → 몸에 맞춤
🟢 팔꿈치 → 미는/드는 방향
🟢 원판 → 좌우 동일
🟢 복귀 → 2~3초 통제

### 🔥 이것만 기억하세요

""가슴 높이에서 원을 그리듯 모으기. 끝에서 1초, 복귀는 통제.""","🏋️ WATSON — PL Pec Fly · Plate Loaded

🎯 ONE KEY CUE
🔥 ""Sweep the arms together in an arc at chest height""

PL Pec Fly 및 PL Arched Incline Pec Fly가 플라이 머신입니다 Lean into the plate-loaded design. Do not chase load until the setup feels locked in.

⚙️ ① Setup
🪑 Seat / pads
Fit the seat to your body so the start position sits naturally on the working joint.
🤲 Grip / hands
Take a comfortable grip width and keep the wrists stacked, not bent.
⚙️ Adjustments
Check 시트, 암 시작, 플레이트. Match plates on both sides — do not load one arm first.

💪 ② Start position
Pin back and pelvis to the pad with the handles at chest height.
Check only this:
👉 Back still on the pad

🔥 ③ Execution
Press by driving the elbows forward/up. Do not dump the shoulders forward at lockout.
Press out on the machine path, then return under control.

💥 ④ Peak contraction
Stop where the chest is contracted — do not dump the shoulders farther forward.
⏱️ 1-second STOP
Own that position for one second. This is not where you dump the weight.

🐌 ⑤ Controlled return
Do not dump the load.
Take 2–3 seconds on the way back.
Return on the same path you pressed or pulled.

❌ Common mistakes
❌ Dumping the shoulders forward and bouncing the press
Slow the tempo and repeat one clean path.
❌ Over-arching so the low back takes over
If position breaks, cut the load.
❌ Shoving the shoulders farther at lockout
If position breaks, cut the load.
❌ Loading unequal plates
Match both sides, then confirm with a light set.

💡 MACHINE FIT PRO TIP
🔥 PL Pec Fly is plate-loaded. Match plates, confirm path and left-right symmetry on set one, then add load.

🎯 MACHINE FIT CHECK
🟢 Seat/pad → fitted
🟢 Elbows → press/raise direction
🟢 Plates → matched
🟢 Return → 2–3 sec control

### 🔥 Remember this

""Sweep the arms together in an arc at chest height. One-second peak, controlled return."""
WATSON,딥 머신,Dip Machine,PL Seated Dip,VERIFIED,Watson Gym Equipment,Plate Loaded,https://watsongym.co.uk/product/seated-plate-loaded-dip/,Watson PL Seated Dip. 시티드 플레이트로드 딥 머신입니다,"시트, 손잡이 폭, 플레이트","🏋️ WATSON — PL Seated Dip · Plate Loaded

🎯 ONE KEY CUE
🔥 ""어깨를 내리지 않은 채 팔꿈치만 접어 하강""

Watson PL Seated Dip. 시티드 플레이트로드 딥 머신. 플레이트 로딩 구조입니다. 처음부터 무게 올리지 말고, 세팅부터 잡으세요.

⚙️ ① 기구 세팅
🪑 좌석 / 패드
시트를 몸에 맞추세요. 시작 위치가 어깨·관절에 자연스럽게 오는지 확인합니다.
🤲 그립 / 손 위치
손잡이 폭를 편안한 너비로 잡으세요. 손목이 꺾이지 않게 합니다.
⚙️ 조절 포인트
시트, 손잡이 폭, 플레이트를 확인하세요. 양쪽 플레이트를 동일하게 맞추고, 한쪽만 먼저 올리지 마세요.

💪 ② 시작 자세
등과 골반을 패드에 붙이고, 손잡이가 가슴 높이에 오게 잡습니다.
이 자세에서 이것만 확인하세요.
👉 등이 패드에서 뜨지 않는지

🔥 ③ 운동 방법
팔을 접어 내려갔다가 펴며 상승.
손보다 팔꿈치를 앞(또는 위)으로 보내는 느낌으로 미세요. 끝에서 어깨를 앞으로 밀어 넣지 마세요.

💥 ④ 최고 수축
팔꿈치가 앞으로 나가 가슴이 수축되는 지점에서 멈춥니다. 어깨를 더 밀지 마세요.
⏱️ 1초 STOP
튕기지 말고 그 지점에서 1초만 소유하세요. 무게를 놓는 순간이 아닙니다.

🐌 ⑤ 천천히 돌아오기
중량을 그냥 놓지 마세요.
2~3초 동안 통제하면서 복귀합니다.
시작 자세로 돌아갈 때도 같은 궤적을 유지하세요.

❌ 흔한 실수
❌ 상체를 과도하게 숙여 어깨 전면에 몰아넣는
자세가 무너지면 무게를 낮추세요.
❌ 어깨를 앞으로 말며 반동으로 미는 것
템포를 늦추고 같은 궤적만 반복하세요.
❌ 허리를 과하게 아치해 가슴 대신 요추로 미는 것
깊이보다 골반 고정이 먼저입니다. 허리가 뜨면 범위를 줄이세요.
❌ 끝에서 어깨를 더 밀어 넣는 것
자세가 무너지면 무게를 낮추세요.
❌ 양쪽 플레이트 무게를 다르게 올리는 것
양쪽을 맞춘 뒤 가벼운 세트로 좌우를 확인하세요.

💡 MACHINE FIT PRO TIP
🔥 PL Seated Dip은 플레이트 로딩입니다. 좌우 원판을 동일하게 맞추고, 첫 세트는 궤적·좌우 대칭만 확인한 다음 무게를 올리세요.

🎯 MACHINE FIT CHECK
🟢 시트/패드 → 몸에 맞춤
🟢 팔꿈치 → 미는/드는 방향
🟢 원판 → 좌우 동일
🟢 복귀 → 2~3초 통제

### 🔥 이것만 기억하세요

""어깨를 내리지 않은 채 팔꿈치만 접어 하강. 끝에서 1초, 복귀는 통제.""","🏋️ WATSON — PL Seated Dip · Plate Loaded

🎯 ONE KEY CUE
🔥 ""Keep shoulders down and bend only at the elbows to descend""

Watson PL Seated Dip. 시티드 플레이트로드 딥 머신입니다 Lean into the plate-loaded design. Do not chase load until the setup feels locked in.

⚙️ ① Setup
🪑 Seat / pads
Fit the seat to your body so the start position sits naturally on the working joint.
🤲 Grip / hands
Take a comfortable grip width and keep the wrists stacked, not bent.
⚙️ Adjustments
Check 시트, 손잡이 폭, 플레이트. Match plates on both sides — do not load one arm first.

💪 ② Start position
Pin back and pelvis to the pad with the handles at chest height.
Check only this:
👉 Back still on the pad

🔥 ③ Execution
Press by driving the elbows forward/up. Do not dump the shoulders forward at lockout.
Press out on the machine path, then return under control.

💥 ④ Peak contraction
Stop where the chest is contracted — do not dump the shoulders farther forward.
⏱️ 1-second STOP
Own that position for one second. This is not where you dump the weight.

🐌 ⑤ Controlled return
Do not dump the load.
Take 2–3 seconds on the way back.
Return on the same path you pressed or pulled.

❌ Common mistakes
❌ Dumping the shoulders forward and bouncing the press
Slow the tempo and repeat one clean path.
❌ Over-arching so the low back takes over
If position breaks, cut the load.
❌ Shoving the shoulders farther at lockout
If position breaks, cut the load.
❌ Loading unequal plates
Match both sides, then confirm with a light set.

💡 MACHINE FIT PRO TIP
🔥 PL Seated Dip is plate-loaded. Match plates, confirm path and left-right symmetry on set one, then add load.

🎯 MACHINE FIT CHECK
🟢 Seat/pad → fitted
🟢 Elbows → press/raise direction
🟢 Plates → matched
🟢 Return → 2–3 sec control

### 🔥 Remember this

""Keep shoulders down and bend only at the elbows to descend. One-second peak, controlled return."""
WATSON,어시스트 딥,Assisted Dip,SS Assisted Chin / Dip,PARTIALLY_VERIFIED,Watson Gym Equipment,Single Stack,https://watsongym.co.uk/product/assisted-chin-dip/,전용 Assist Dip만의 SKU는 없고 SS Assisted Chin / Dip 콤보가 해당합니다,"니패드/어시스트 중량, 손잡이, 스택 핀","🏋️ WATSON — SS Assisted Chin / Dip · Single Stack

🎯 ONE KEY CUE
🔥 ""어시스트로 체중을 덜어 팔꿈치만으로 밀어 올리기""

전용 Assist Dip만의 SKU는 없고 SS Assisted Chin / Dip 콤보가 해당합니다. 왓슨 Plate Loaded·Animal 궤적을 그대로 타는 게 핵심입니다. 처음부터 무게 올리지 말고, 세팅부터 잡으세요.

⚙️ ① 기구 세팅
🪑 좌석 / 패드
시트를 몸에 맞추세요. 시작 위치가 목표 관절 높이에 오는지 확인합니다.
🤲 그립 / 손 위치
손잡이를 편안한 너비로 잡으세요. 손목이 꺾이지 않게 합니다.
⚙️ 조절 포인트
니패드/어시스트 중량, 손잡이, 스택 핀을 확인하세요.
이 카테고리는 공식 명칭이 겹칠 수 있으니, 헬스장 기구의 실제 레버·패드 배치를 우선하세요.

💪 ② 시작 자세
등과 골반을 패드에 붙이고, 손잡이가 가슴 높이에 오게 잡습니다.
이 자세에서 이것만 확인하세요.
👉 등이 패드에서 뜨지 않는지

🔥 ③ 운동 방법
팔꿈치를 펴며 올라갔다가 천천히 하강.
손보다 팔꿈치를 앞(또는 위)으로 보내는 느낌으로 미세요. 끝에서 어깨를 앞으로 밀어 넣지 마세요.

💥 ④ 최고 수축
팔꿈치가 앞으로 나가 가슴이 수축되는 지점에서 멈춥니다. 어깨를 더 밀지 마세요.
⏱️ 1초 STOP
튕기지 말고 그 지점에서 1초만 소유하세요. 무게를 놓는 순간이 아닙니다.

🐌 ⑤ 천천히 돌아오기
중량을 그냥 놓지 마세요.
2~3초 동안 통제하면서 복귀합니다.
시작 자세로 돌아갈 때도 같은 궤적을 유지하세요.

❌ 흔한 실수
❌ 반동으로 뛰어오르듯 올라가는
템포를 늦추고 같은 궤적만 반복하세요.
❌ 어깨를 앞으로 말며 반동으로 미는 것
템포를 늦추고 같은 궤적만 반복하세요.
❌ 허리를 과하게 아치해 가슴 대신 요추로 미는 것
깊이보다 골반 고정이 먼저입니다. 허리가 뜨면 범위를 줄이세요.
❌ 끝에서 어깨를 더 밀어 넣는 것
자세가 무너지면 무게를 낮추세요.

💡 MACHINE FIT PRO TIP
🔥 SS Assisted Chin / Dip의 가이드 궤적을 이용하세요. 첫 2세트는 천천히, 대칭이 확인된 뒤에만 무게를 올립니다.

🎯 MACHINE FIT CHECK
🟢 시트/패드 → 몸에 맞춤
🟢 팔꿈치 → 미는/드는 방향
🟢 어깨 → 으쓱하지 않기
🟢 복귀 → 2~3초 통제

### 🔥 이것만 기억하세요

""어시스트로 체중을 덜어 팔꿈치만으로 밀어 올리기. 끝에서 1초, 복귀는 통제.""","🏋️ WATSON — SS Assisted Chin / Dip · Single Stack

🎯 ONE KEY CUE
🔥 ""Use the assist pad and press up through the elbows only""

전용 Assist Dip만의 SKU는 없고 SS Assisted Chin / Dip 콤보가 해당합니다 Ride the Watson Plate Loaded / Animal path instead of fighting it. Do not chase load until the setup feels locked in.

⚙️ ① Setup
🪑 Seat / pads
Fit the seat to your body so the start position sits naturally on the working joint.
🤲 Grip / hands
Take a comfortable grip width and keep the wrists stacked, not bent.
⚙️ Adjustments
Check 니패드/어시스트 중량, 손잡이, 스택 핀.
Naming can overlap in this category — trust the levers and pads on the unit in front of you.

💪 ② Start position
Pin back and pelvis to the pad with the handles at chest height.
Check only this:
👉 Back still on the pad

🔥 ③ Execution
Press by driving the elbows forward/up. Do not dump the shoulders forward at lockout.
Press out on the machine path, then return under control.

💥 ④ Peak contraction
Stop where the chest is contracted — do not dump the shoulders farther forward.
⏱️ 1-second STOP
Own that position for one second. This is not where you dump the weight.

🐌 ⑤ Controlled return
Do not dump the load.
Take 2–3 seconds on the way back.
Return on the same path you pressed or pulled.

❌ Common mistakes
❌ Dumping the shoulders forward and bouncing the press
Slow the tempo and repeat one clean path.
❌ Over-arching so the low back takes over
If position breaks, cut the load.
❌ Shoving the shoulders farther at lockout
If position breaks, cut the load.

💡 MACHINE FIT PRO TIP
🔥 Use the guided path on SS Assisted Chin / Dip. Slow the first two sets, confirm symmetry, then add load.

🎯 MACHINE FIT CHECK
🟢 Seat/pad → fitted
🟢 Elbows → press/raise direction
🟢 Shoulders → not shrugged
🟢 Return → 2–3 sec control

### 🔥 Remember this

""Use the assist pad and press up through the elbows only. One-second peak, controlled return."""
WATSON,슈퍼 인클라인 프레스,Super Incline Press,PL Super Incline Chest Press,VERIFIED,Watson Gym Equipment,Plate Loaded,https://watsongym.co.uk/product/plate-load-super-incline-chest-press/,Watson PL Super Incline Chest Press. 고각도 아이소래터럴 프레스입니다,"시트, 시작 위치, 독립 암, 플레이트","🏋️ WATSON — PL Super Incline Chest Press · Plate Loaded

🎯 ONE KEY CUE
🔥 ""상부 가슴을 향해 가파른 대각선으로 밀기""

Watson PL Super Incline Chest Press. 고각도 아이소래터럴 프레스. 좌우가 독립으로 움직이는 · 플레이트 로딩 구조입니다. 처음부터 무게 올리지 말고, 세팅부터 잡으세요.

⚙️ ① 기구 세팅
🪑 좌석 / 패드
시트를 몸에 맞추세요. 시작 위치가 어깨·관절에 자연스럽게 오는지 확인합니다.
🤲 그립 / 손 위치
양손잡이 높이가 좌우 같은지 먼저 보세요. 독립 암이라 한쪽만 어긋나도 바로 느껴집니다.
⚙️ 조절 포인트
시트, 시작 위치, 독립 암, 플레이트를 확인하세요. 양쪽 플레이트를 동일하게 맞추고, 한쪽만 먼저 올리지 마세요. 좌우 시작 위치가 같은지도 같이 봅니다.

💪 ② 시작 자세
등과 골반을 패드에 붙이고, 손잡이가 가슴 높이에 오게 잡습니다.
좌우가 같은 높이에서 시작하는지 한 번 더 보세요.
이 자세에서 이것만 확인하세요.
👉 등이 패드에서 뜨지 않는지

🔥 ③ 운동 방법
고각도에서 위·앞으로 밀었다 복귀.
양쪽을 같은 속도로 움직이세요. 한쪽이 먼저 끝나면 무게를 더 올리기 전에 밸런스부터 잡습니다.

💥 ④ 최고 수축
팔꿈치가 앞으로 나가 가슴이 수축되는 지점에서 멈춥니다. 어깨를 더 밀지 마세요.
⏱️ 1초 STOP
튕기지 말고 그 지점에서 1초만 소유하세요. 무게를 놓는 순간이 아닙니다.

🐌 ⑤ 천천히 돌아오기
중량을 그냥 놓지 마세요.
2~3초 동안 통제하면서 복귀합니다.
시작 자세로 돌아갈 때도 같은 궤적을 유지하세요.

❌ 흔한 실수
❌ 허리를 띄워 각도를 낮춰 버리는
자세가 무너지면 무게를 낮추세요.
❌ 어깨를 앞으로 말며 반동으로 미는 것
템포를 늦추고 같은 궤적만 반복하세요.
❌ 허리를 과하게 아치해 가슴 대신 요추로 미는 것
깊이보다 골반 고정이 먼저입니다. 허리가 뜨면 범위를 줄이세요.
❌ 끝에서 어깨를 더 밀어 넣는 것
자세가 무너지면 무게를 낮추세요.
❌ 한쪽만 먼저 끝내고 반대쪽을 따라가게 하는 것
약한 쪽 속도에 강한 쪽을 맞추세요.

💡 MACHINE FIT PRO TIP
🔥 이 기구는 좌우 암이 독립적으로 움직이는 게 장점입니다. 무게를 올리기 전에 양쪽이 같은 속도로 가는지 확인하세요. 한쪽이 먼저 끝까지 가 버리면 중량보다 밸런스가 먼저입니다.

🎯 MACHINE FIT CHECK
🟢 시트/패드 → 몸에 맞춤
🟢 팔꿈치 → 미는/드는 방향
🟢 좌우 → 같은 속도
🟢 복귀 → 2~3초 통제

### 🔥 이것만 기억하세요

""좌우 같은 속도, 끝에서 1초, 복귀는 통제.""","🏋️ WATSON — PL Super Incline Chest Press · Plate Loaded

🎯 ONE KEY CUE
🔥 ""Press on a steep diagonal toward the upper chest""

Watson PL Super Incline Chest Press. 고각도 아이소래터럴 프레스입니다 Lean into the independent arms / plate-loaded design. Do not chase load until the setup feels locked in.

⚙️ ① Setup
🪑 Seat / pads
Fit the seat to your body so the start position sits naturally on the working joint.
🤲 Grip / hands
Match left and right handle height first — independent arms expose any mismatch immediately.
⚙️ Adjustments
Check 시트, 시작 위치, 독립 암, 플레이트. Match plates on both sides — do not load one arm first. Confirm both sides start from the same position.

💪 ② Start position
Pin back and pelvis to the pad with the handles at chest height.
Double-check both sides start at the same height.
Check only this:
👉 Back still on the pad

🔥 ③ Execution
Match left-right speed. If one side finishes early, fix balance before adding load.
Press out on the machine path, then return under control. Keep both sides honest.

💥 ④ Peak contraction
Stop where the chest is contracted — do not dump the shoulders farther forward.
⏱️ 1-second STOP
Own that position for one second. This is not where you dump the weight.

🐌 ⑤ Controlled return
Do not dump the load.
Take 2–3 seconds on the way back.
Return on the same path you pressed or pulled.

❌ Common mistakes
❌ Dumping the shoulders forward and bouncing the press
Slow the tempo and repeat one clean path.
❌ Over-arching so the low back takes over
If position breaks, cut the load.
❌ Shoving the shoulders farther at lockout
If position breaks, cut the load.
❌ Letting one side finish early
Match the stronger side to the weaker side’s speed.
❌ Loading unequal plates
Match both sides, then confirm with a light set.

💡 MACHINE FIT PRO TIP
🔥 Independent arms are the point. Before you load up, confirm both sides move at the same speed. If one side finishes early, fix balance before adding plates or pins.

🎯 MACHINE FIT CHECK
🟢 Seat/pad → fitted
🟢 Elbows → press/raise direction
🟢 Left/right → same speed
🟢 Return → 2–3 sec control

### 🔥 Remember this

""Match sides, one-second peak, controlled return."""
WATSON,랫풀다운,Lat Pulldown,SS Lat Pulldown,VERIFIED,Watson Gym Equipment,Single Stack,https://watsongym.co.uk/product/single-stack-lat-pulldown/,Watson SS Lat Pulldown. 셀렉터 랫풀다운입니다,"허벅지 패드, 그립 폭, 스택 핀","🏋️ WATSON — SS Lat Pulldown · Single Stack

🎯 ONE KEY CUE
🔥 ""가슴을 들고 봉을 쇄골 쪽으로 당기기""

Watson SS Lat Pulldown. 셀렉터 랫풀다운. 셀렉터 스택 구조입니다. 처음부터 무게 올리지 말고, 세팅부터 잡으세요.

⚙️ ① 기구 세팅
🪑 좌석 / 패드
가슴/등 패드에 몸을 안정적으로 붙이세요. 패드에서 몸이 들리면 반동이 들어갑니다.
🤲 그립 / 손 위치
그립 폭를 편안한 너비로 잡으세요. 손목이 꺾이지 않게 합니다.
⚙️ 조절 포인트
허벅지 패드, 그립 폭, 스택 핀을 확인하세요.

💪 ② 시작 자세
가슴을 세우고 어깨를 귀에서 멀리 둡니다. 팔보다 등부터 준비합니다.
이 자세에서 이것만 확인하세요.
👉 어깨가 귀 쪽으로 올라가지 않는지

🔥 ③ 운동 방법
봉을 아래로 당겼다 천천히 위로 복귀.
손잡이를 당긴다고 생각하지 말고, 팔꿈치를 목표 지점으로 보내세요.

💥 ④ 최고 수축
팔꿈치가 목표에 도착해 등이 조여지는 지점에서 멈춥니다.
⏱️ 1초 STOP
튕기지 말고 그 지점에서 1초만 소유하세요. 무게를 놓는 순간이 아닙니다.

🐌 ⑤ 천천히 돌아오기
중량을 그냥 놓지 마세요.
2~3초 동안 통제하면서 복귀합니다.
팔이 펴질 때까지 등을 놓지 말고, 어깨가 앞으로 말리지 않게 버팁니다.

❌ 흔한 실수
❌ 몸을 과도하게 뒤로 눕히며 반동으로 당기는
템포를 늦추고 같은 궤적만 반복하세요.
❌ 몸을 뒤로 젖혀 반동으로 당기는 것
템포를 늦추고 같은 궤적만 반복하세요.
❌ 어깨를 으쓱하며 승모근만 쓰는 것
어깨를 귀에서 멀리 두고 다시 시작하세요.
❌ 손잡이만 당기고 팔꿈치는 안 움직이는 것
자세가 무너지면 무게를 낮추세요.

💡 MACHINE FIT PRO TIP
🔥 Select 라인(SS Lat Pulldown)은 스택 핀 위치가 곧 시작 난이도입니다. 시트부터 맞춘 뒤 핀을 고르고, 첫 세트에서 궤적이 어깨·관절에 맞는지 확인하세요.

🎯 MACHINE FIT CHECK
🟢 시트/패드 → 몸에 맞춤
🟢 팔꿈치 → 당김 방향
🟢 어깨 → 으쓱하지 않기
🟢 복귀 → 2~3초 통제

### 🔥 이것만 기억하세요

""가슴을 들고 봉을 쇄골 쪽으로 당기기. 끝에서 1초, 복귀는 통제.""","🏋️ WATSON — SS Lat Pulldown · Single Stack

🎯 ONE KEY CUE
🔥 ""Lift the chest and pull the bar toward the collarbone""

Watson SS Lat Pulldown. 셀렉터 랫풀다운입니다 Lean into the selectorized stack design. Do not chase load until the setup feels locked in.

⚙️ ① Setup
🪑 Seat / pads
Pin yourself to the chest/back pad. If you lift off the pad, you are cheating with momentum.
🤲 Grip / hands
Take a comfortable grip width and keep the wrists stacked, not bent.
⚙️ Adjustments
Check 허벅지 패드, 그립 폭, 스택 핀.

💪 ② Start position
Lift the chest and keep the shoulders away from the ears. Prepare the back before the arms.
Check only this:
👉 Shoulders not shrugged

🔥 ③ Execution
Do not think “pull the handle.” Drive the elbows to the target.
Drive the elbows back/down on the row or pulldown path, then lengthen slowly.

💥 ④ Peak contraction
Stop where the elbows arrive and the back is squeezed.
⏱️ 1-second STOP
Own that position for one second. This is not where you dump the weight.

🐌 ⑤ Controlled return
Do not dump the load.
Take 2–3 seconds on the way back.
Keep the back set as the arms lengthen — do not let the shoulders dump forward.

❌ Common mistakes
❌ Leaning back for momentum
Slow the tempo and repeat one clean path.
❌ Shrugging and turning it into an upper-trap pull
Keep the shoulders away from the ears and restart.
❌ Yank the handles without moving the elbows
If position breaks, cut the load.

💡 MACHINE FIT PRO TIP
🔥 On Select (SS Lat Pulldown), the pin is your difficulty. Fit the seat first, choose the pin second, and confirm the path on set one.

🎯 MACHINE FIT CHECK
🟢 Seat/pad → fitted
🟢 Elbows → pull direction
🟢 Shoulders → not shrugged
🟢 Return → 2–3 sec control

### 🔥 Remember this

""Lift the chest and pull the bar toward the collarbone. One-second peak, controlled return."""
WATSON,와이드 랫풀다운,Wide Lat Pulldown,SS Lat Pulldown,PARTIALLY_VERIFIED,Watson Gym Equipment,Single Stack,https://watsongym.co.uk/product/single-stack-lat-pulldown/,와이드 전용 SKU는 없고 SS Lat Pulldown·PL Front Pulldown에서 와이드 그립으로 수행합니다,"허벅지 패드, 와이드 그립, 스택/플레이트","🏋️ WATSON — SS Lat Pulldown · Single Stack

🎯 ONE KEY CUE
🔥 ""와이드 그립으로 팔꿈치를 옆구리로 내려 당기기""

와이드 전용 SKU는 없고 SS Lat Pulldown·PL Front Pulldown에서 와이드 그립으로 수행합니다. 왓슨 Plate Loaded·Animal 궤적을 그대로 타는 게 핵심입니다. 처음부터 무게 올리지 말고, 세팅부터 잡으세요.

⚙️ ① 기구 세팅
🪑 좌석 / 패드
가슴/등 패드에 몸을 안정적으로 붙이세요. 패드에서 몸이 들리면 반동이 들어갑니다.
🤲 그립 / 손 위치
와이드 그립를 편안한 너비로 잡으세요. 손목이 꺾이지 않게 합니다.
⚙️ 조절 포인트
허벅지 패드, 와이드 그립, 스택/플레이트를 확인하세요.
이 카테고리는 공식 명칭이 겹칠 수 있으니, 헬스장 기구의 실제 레버·패드 배치를 우선하세요.

💪 ② 시작 자세
가슴을 세우고 어깨를 귀에서 멀리 둡니다. 팔보다 등부터 준비합니다.
이 자세에서 이것만 확인하세요.
👉 어깨가 귀 쪽으로 올라가지 않는지

🔥 ③ 운동 방법
넓은 그립에서 봉을 아래로 당겼다 복귀.
손잡이를 당긴다고 생각하지 말고, 팔꿈치를 목표 지점으로 보내세요.

💥 ④ 최고 수축
팔꿈치가 목표에 도착해 등이 조여지는 지점에서 멈춥니다.
⏱️ 1초 STOP
튕기지 말고 그 지점에서 1초만 소유하세요. 무게를 놓는 순간이 아닙니다.

🐌 ⑤ 천천히 돌아오기
중량을 그냥 놓지 마세요.
2~3초 동안 통제하면서 복귀합니다.
팔이 펴질 때까지 등을 놓지 말고, 어깨가 앞으로 말리지 않게 버팁니다.

❌ 흔한 실수
❌ 손만으로 당겨 전완만 피로해지는
자세가 무너지면 무게를 낮추세요.
❌ 몸을 뒤로 젖혀 반동으로 당기는 것
템포를 늦추고 같은 궤적만 반복하세요.
❌ 어깨를 으쓱하며 승모근만 쓰는 것
어깨를 귀에서 멀리 두고 다시 시작하세요.
❌ 손잡이만 당기고 팔꿈치는 안 움직이는 것
자세가 무너지면 무게를 낮추세요.

💡 MACHINE FIT PRO TIP
🔥 SS Lat Pulldown의 가이드 궤적을 이용하세요. 첫 2세트는 천천히, 대칭이 확인된 뒤에만 무게를 올립니다.

🎯 MACHINE FIT CHECK
🟢 시트/패드 → 몸에 맞춤
🟢 팔꿈치 → 당김 방향
🟢 어깨 → 으쓱하지 않기
🟢 복귀 → 2~3초 통제

### 🔥 이것만 기억하세요

""와이드 그립으로 팔꿈치를 옆구리로 내려 당기기. 끝에서 1초, 복귀는 통제.""","🏋️ WATSON — SS Lat Pulldown · Single Stack

🎯 ONE KEY CUE
🔥 ""With a wide grip, drive the elbows down toward the sides""

와이드 전용 SKU는 없고 SS Lat Pulldown·PL Front Pulldown에서 와이드 그립으로 수행합니다 Ride the Watson Plate Loaded / Animal path instead of fighting it. Do not chase load until the setup feels locked in.

⚙️ ① Setup
🪑 Seat / pads
Pin yourself to the chest/back pad. If you lift off the pad, you are cheating with momentum.
🤲 Grip / hands
Take a comfortable grip width and keep the wrists stacked, not bent.
⚙️ Adjustments
Check 허벅지 패드, 와이드 그립, 스택/플레이트.
Naming can overlap in this category — trust the levers and pads on the unit in front of you.

💪 ② Start position
Lift the chest and keep the shoulders away from the ears. Prepare the back before the arms.
Check only this:
👉 Shoulders not shrugged

🔥 ③ Execution
Do not think “pull the handle.” Drive the elbows to the target.
Drive the elbows back/down on the row or pulldown path, then lengthen slowly.

💥 ④ Peak contraction
Stop where the elbows arrive and the back is squeezed.
⏱️ 1-second STOP
Own that position for one second. This is not where you dump the weight.

🐌 ⑤ Controlled return
Do not dump the load.
Take 2–3 seconds on the way back.
Keep the back set as the arms lengthen — do not let the shoulders dump forward.

❌ Common mistakes
❌ Leaning back for momentum
Slow the tempo and repeat one clean path.
❌ Shrugging and turning it into an upper-trap pull
Keep the shoulders away from the ears and restart.
❌ Yank the handles without moving the elbows
If position breaks, cut the load.

💡 MACHINE FIT PRO TIP
🔥 Use the guided path on SS Lat Pulldown. Slow the first two sets, confirm symmetry, then add load.

🎯 MACHINE FIT CHECK
🟢 Seat/pad → fitted
🟢 Elbows → pull direction
🟢 Shoulders → not shrugged
🟢 Return → 2–3 sec control

### 🔥 Remember this

""With a wide grip, drive the elbows down toward the sides. One-second peak, controlled return."""
WATSON,프론트 풀다운,Front Pulldown,PL Front Pulldown,VERIFIED,Watson Gym Equipment,Plate Loaded,https://watsongym.co.uk/product/plate-load-front-pulldown/,Watson PL Front Pulldown. 아이소래터럴 프론트 풀다운입니다,"시트, 허벅지 패드, 독립 암, 플레이트","🏋️ WATSON — PL Front Pulldown · Plate Loaded

🎯 ONE KEY CUE
🔥 ""손잡이를 쇄골 앞으로 수직에 가깝게 당기기""

Watson PL Front Pulldown. 아이소래터럴 프론트 풀다운. 좌우가 독립으로 움직이는 · 플레이트 로딩 구조입니다. 처음부터 무게 올리지 말고, 세팅부터 잡으세요.

⚙️ ① 기구 세팅
🪑 좌석 / 패드
가슴/등 패드에 몸을 안정적으로 붙이세요. 패드에서 몸이 들리면 반동이 들어갑니다.
🤲 그립 / 손 위치
양손잡이 높이가 좌우 같은지 먼저 보세요. 독립 암이라 한쪽만 어긋나도 바로 느껴집니다.
⚙️ 조절 포인트
시트, 허벅지 패드, 독립 암, 플레이트를 확인하세요. 양쪽 플레이트를 동일하게 맞추고, 한쪽만 먼저 올리지 마세요. 좌우 시작 위치가 같은지도 같이 봅니다.

💪 ② 시작 자세
가슴을 세우고 어깨를 귀에서 멀리 둡니다. 팔보다 등부터 준비합니다.
좌우가 같은 높이에서 시작하는지 한 번 더 보세요.
이 자세에서 이것만 확인하세요.
👉 어깨가 귀 쪽으로 올라가지 않는지

🔥 ③ 운동 방법
손잡이를 앞으로 내리며 당겼다 복귀.
양쪽을 같은 속도로 움직이세요. 한쪽이 먼저 끝나면 무게를 더 올리기 전에 밸런스부터 잡습니다.

💥 ④ 최고 수축
팔꿈치가 목표에 도착해 등이 조여지는 지점에서 멈춥니다.
⏱️ 1초 STOP
튕기지 말고 그 지점에서 1초만 소유하세요. 무게를 놓는 순간이 아닙니다.

🐌 ⑤ 천천히 돌아오기
중량을 그냥 놓지 마세요.
2~3초 동안 통제하면서 복귀합니다.
팔이 펴질 때까지 등을 놓지 말고, 어깨가 앞으로 말리지 않게 버팁니다.

❌ 흔한 실수
❌ 봉을 목 뒤로 넘기려 하는
자세가 무너지면 무게를 낮추세요.
❌ 몸을 뒤로 젖혀 반동으로 당기는 것
템포를 늦추고 같은 궤적만 반복하세요.
❌ 어깨를 으쓱하며 승모근만 쓰는 것
어깨를 귀에서 멀리 두고 다시 시작하세요.
❌ 손잡이만 당기고 팔꿈치는 안 움직이는 것
자세가 무너지면 무게를 낮추세요.
❌ 한쪽만 먼저 끝내고 반대쪽을 따라가게 하는 것
약한 쪽 속도에 강한 쪽을 맞추세요.

💡 MACHINE FIT PRO TIP
🔥 이 기구는 좌우 암이 독립적으로 움직이는 게 장점입니다. 무게를 올리기 전에 양쪽이 같은 속도로 가는지 확인하세요. 한쪽이 먼저 끝까지 가 버리면 중량보다 밸런스가 먼저입니다.

🎯 MACHINE FIT CHECK
🟢 시트/패드 → 몸에 맞춤
🟢 팔꿈치 → 당김 방향
🟢 좌우 → 같은 속도
🟢 복귀 → 2~3초 통제

### 🔥 이것만 기억하세요

""좌우 같은 속도, 끝에서 1초, 복귀는 통제.""","🏋️ WATSON — PL Front Pulldown · Plate Loaded

🎯 ONE KEY CUE
🔥 ""Pull the handles down in front toward the collarbone""

Watson PL Front Pulldown. 아이소래터럴 프론트 풀다운입니다 Lean into the independent arms / plate-loaded design. Do not chase load until the setup feels locked in.

⚙️ ① Setup
🪑 Seat / pads
Pin yourself to the chest/back pad. If you lift off the pad, you are cheating with momentum.
🤲 Grip / hands
Match left and right handle height first — independent arms expose any mismatch immediately.
⚙️ Adjustments
Check 시트, 허벅지 패드, 독립 암, 플레이트. Match plates on both sides — do not load one arm first. Confirm both sides start from the same position.

💪 ② Start position
Lift the chest and keep the shoulders away from the ears. Prepare the back before the arms.
Double-check both sides start at the same height.
Check only this:
👉 Shoulders not shrugged

🔥 ③ Execution
Match left-right speed. If one side finishes early, fix balance before adding load.
Drive the elbows back/down on the row or pulldown path, then lengthen slowly. Keep both sides honest.

💥 ④ Peak contraction
Stop where the elbows arrive and the back is squeezed.
⏱️ 1-second STOP
Own that position for one second. This is not where you dump the weight.

🐌 ⑤ Controlled return
Do not dump the load.
Take 2–3 seconds on the way back.
Keep the back set as the arms lengthen — do not let the shoulders dump forward.

❌ Common mistakes
❌ Leaning back for momentum
Slow the tempo and repeat one clean path.
❌ Shrugging and turning it into an upper-trap pull
Keep the shoulders away from the ears and restart.
❌ Yank the handles without moving the elbows
If position breaks, cut the load.
❌ Letting one side finish early
Match the stronger side to the weaker side’s speed.
❌ Loading unequal plates
Match both sides, then confirm with a light set.

💡 MACHINE FIT PRO TIP
🔥 Independent arms are the point. Before you load up, confirm both sides move at the same speed. If one side finishes early, fix balance before adding plates or pins.

🎯 MACHINE FIT CHECK
🟢 Seat/pad → fitted
🟢 Elbows → pull direction
🟢 Left/right → same speed
🟢 Return → 2–3 sec control

### 🔥 Remember this

""Match sides, one-second peak, controlled return."""
WATSON,아이소래터럴 랫풀다운,Iso-Lateral Lat Pulldown,PL Front Pulldown,VERIFIED,Watson Gym Equipment,Plate Loaded,https://watsongym.co.uk/product/plate-load-front-pulldown/,PL Front Pulldown은 아이소래터럴 독립 암 랫/프론트 풀다운입니다,"시트, 좌·우 암, 허벅지 패드, 플레이트","🏋️ WATSON — PL Front Pulldown · Plate Loaded

🎯 ONE KEY CUE
🔥 ""좌우를 같은 깊이로 당기며 광배 수축 맞추기""

PL Front Pulldown은 아이소래터럴 독립 암 랫/프론트 풀다운. 좌우가 독립으로 움직이는 · 플레이트 로딩 구조입니다. 처음부터 무게 올리지 말고, 세팅부터 잡으세요.

⚙️ ① 기구 세팅
🪑 좌석 / 패드
가슴/등 패드에 몸을 안정적으로 붙이세요. 패드에서 몸이 들리면 반동이 들어갑니다.
🤲 그립 / 손 위치
양손잡이 높이가 좌우 같은지 먼저 보세요. 독립 암이라 한쪽만 어긋나도 바로 느껴집니다.
⚙️ 조절 포인트
시트, 좌·우 암, 허벅지 패드, 플레이트를 확인하세요. 양쪽 플레이트를 동일하게 맞추고, 한쪽만 먼저 올리지 마세요. 좌우 시작 위치가 같은지도 같이 봅니다.

💪 ② 시작 자세
가슴을 세우고 어깨를 귀에서 멀리 둡니다. 팔보다 등부터 준비합니다.
좌우가 같은 높이에서 시작하는지 한 번 더 보세요.
이 자세에서 이것만 확인하세요.
👉 어깨가 귀 쪽으로 올라가지 않는지

🔥 ③ 운동 방법
각 팔을 독립적으로 내리며 당겼다 복귀.
양쪽을 같은 속도로 움직이세요. 한쪽이 먼저 끝나면 무게를 더 올리기 전에 밸런스부터 잡습니다.

💥 ④ 최고 수축
팔꿈치가 목표에 도착해 등이 조여지는 지점에서 멈춥니다.
⏱️ 1초 STOP
튕기지 말고 그 지점에서 1초만 소유하세요. 무게를 놓는 순간이 아닙니다.

🐌 ⑤ 천천히 돌아오기
중량을 그냥 놓지 마세요.
2~3초 동안 통제하면서 복귀합니다.
팔이 펴질 때까지 등을 놓지 말고, 어깨가 앞으로 말리지 않게 버팁니다.

❌ 흔한 실수
❌ 한쪽만 깊게 당겨 몸통이 기울어지는
약한 쪽 속도에 강한 쪽을 맞추세요.
❌ 몸을 뒤로 젖혀 반동으로 당기는 것
템포를 늦추고 같은 궤적만 반복하세요.
❌ 어깨를 으쓱하며 승모근만 쓰는 것
어깨를 귀에서 멀리 두고 다시 시작하세요.
❌ 손잡이만 당기고 팔꿈치는 안 움직이는 것
자세가 무너지면 무게를 낮추세요.
❌ 한쪽만 먼저 끝내고 반대쪽을 따라가게 하는 것
약한 쪽 속도에 강한 쪽을 맞추세요.

💡 MACHINE FIT PRO TIP
🔥 이 기구는 좌우 암이 독립적으로 움직이는 게 장점입니다. 무게를 올리기 전에 양쪽이 같은 속도로 가는지 확인하세요. 한쪽이 먼저 끝까지 가 버리면 중량보다 밸런스가 먼저입니다.

🎯 MACHINE FIT CHECK
🟢 시트/패드 → 몸에 맞춤
🟢 팔꿈치 → 당김 방향
🟢 좌우 → 같은 속도
🟢 복귀 → 2~3초 통제

### 🔥 이것만 기억하세요

""좌우 같은 속도, 끝에서 1초, 복귀는 통제.""","🏋️ WATSON — PL Front Pulldown · Plate Loaded

🎯 ONE KEY CUE
🔥 ""Pull both sides to the same depth and match the lat squeeze""

PL Front Pulldown은 아이소래터럴 독립 암 랫/프론트 풀다운입니다 Lean into the independent arms / plate-loaded design. Do not chase load until the setup feels locked in.

⚙️ ① Setup
🪑 Seat / pads
Pin yourself to the chest/back pad. If you lift off the pad, you are cheating with momentum.
🤲 Grip / hands
Match left and right handle height first — independent arms expose any mismatch immediately.
⚙️ Adjustments
Check 시트, 좌·우 암, 허벅지 패드, 플레이트. Match plates on both sides — do not load one arm first. Confirm both sides start from the same position.

💪 ② Start position
Lift the chest and keep the shoulders away from the ears. Prepare the back before the arms.
Double-check both sides start at the same height.
Check only this:
👉 Shoulders not shrugged

🔥 ③ Execution
Match left-right speed. If one side finishes early, fix balance before adding load.
Drive the elbows back/down on the row or pulldown path, then lengthen slowly. Keep both sides honest.

💥 ④ Peak contraction
Stop where the elbows arrive and the back is squeezed.
⏱️ 1-second STOP
Own that position for one second. This is not where you dump the weight.

🐌 ⑤ Controlled return
Do not dump the load.
Take 2–3 seconds on the way back.
Keep the back set as the arms lengthen — do not let the shoulders dump forward.

❌ Common mistakes
❌ Leaning back for momentum
Slow the tempo and repeat one clean path.
❌ Shrugging and turning it into an upper-trap pull
Keep the shoulders away from the ears and restart.
❌ Yank the handles without moving the elbows
If position breaks, cut the load.
❌ Letting one side finish early
Match the stronger side to the weaker side’s speed.
❌ Loading unequal plates
Match both sides, then confirm with a light set.

💡 MACHINE FIT PRO TIP
🔥 Independent arms are the point. Before you load up, confirm both sides move at the same speed. If one side finishes early, fix balance before adding plates or pins.

🎯 MACHINE FIT CHECK
🟢 Seat/pad → fitted
🟢 Elbows → pull direction
🟢 Left/right → same speed
🟢 Return → 2–3 sec control

### 🔥 Remember this

""Match sides, one-second peak, controlled return."""
WATSON,하이로우,High Row,DS Animal High Pulley Row,VERIFIED,Watson Gym Equipment,Animal Dual Stack,https://watsongym.co.uk/product/animal-dual-stack-high-pulley-row/,DS Animal High Pulley Row. 하이 풀리 로우입니다,"시트, 그립, 스택 핀","🏋️ WATSON — DS Animal High Pulley Row · Animal Dual Stack

🎯 ONE KEY CUE
🔥 ""가슴을 고정하고 팔꿈치를 뒤로 크게 당기기""

DS Animal High Pulley Row. 하이 풀리 로우. 왓슨 Plate Loaded·Animal 궤적을 그대로 타는 게 핵심입니다. 처음부터 무게 올리지 말고, 세팅부터 잡으세요.

⚙️ ① 기구 세팅
🪑 좌석 / 패드
가슴/등 패드에 몸을 안정적으로 붙이세요. 패드에서 몸이 들리면 반동이 들어갑니다.
🤲 그립 / 손 위치
그립를 편안한 너비로 잡으세요. 손목이 꺾이지 않게 합니다.
⚙️ 조절 포인트
시트, 그립, 스택 핀을 확인하세요.

💪 ② 시작 자세
가슴을 세우고 어깨를 귀에서 멀리 둡니다. 팔보다 등부터 준비합니다.
이 자세에서 이것만 확인하세요.
👉 어깨가 귀 쪽으로 올라가지 않는지

🔥 ③ 운동 방법
손잡이를 몸통 쪽으로 당겼다 천천히 복귀.
손잡이를 당긴다고 생각하지 말고, 팔꿈치를 목표 지점으로 보내세요.

💥 ④ 최고 수축
팔꿈치가 목표에 도착해 등이 조여지는 지점에서 멈춥니다.
⏱️ 1초 STOP
튕기지 말고 그 지점에서 1초만 소유하세요. 무게를 놓는 순간이 아닙니다.

🐌 ⑤ 천천히 돌아오기
중량을 그냥 놓지 마세요.
2~3초 동안 통제하면서 복귀합니다.
팔이 펴질 때까지 등을 놓지 말고, 어깨가 앞으로 말리지 않게 버팁니다.

❌ 흔한 실수
❌ 상체를 크게 흔들며 반동으로 당기는
템포를 늦추고 같은 궤적만 반복하세요.
❌ 몸을 뒤로 젖혀 반동으로 당기는 것
템포를 늦추고 같은 궤적만 반복하세요.
❌ 어깨를 으쓱하며 승모근만 쓰는 것
어깨를 귀에서 멀리 두고 다시 시작하세요.
❌ 손잡이만 당기고 팔꿈치는 안 움직이는 것
자세가 무너지면 무게를 낮추세요.

💡 MACHINE FIT PRO TIP
🔥 DS Animal High Pulley Row의 가이드 궤적을 이용하세요. 첫 2세트는 천천히, 대칭이 확인된 뒤에만 무게를 올립니다.

🎯 MACHINE FIT CHECK
🟢 시트/패드 → 몸에 맞춤
🟢 팔꿈치 → 당김 방향
🟢 어깨 → 으쓱하지 않기
🟢 복귀 → 2~3초 통제

### 🔥 이것만 기억하세요

""가슴을 고정하고 팔꿈치를 뒤로 크게 당기기. 끝에서 1초, 복귀는 통제.""","🏋️ WATSON — DS Animal High Pulley Row · Animal Dual Stack

🎯 ONE KEY CUE
🔥 ""Brace the chest and drive the elbows back""

DS Animal High Pulley Row. 하이 풀리 로우입니다 Ride the Watson Plate Loaded / Animal path instead of fighting it. Do not chase load until the setup feels locked in.

⚙️ ① Setup
🪑 Seat / pads
Pin yourself to the chest/back pad. If you lift off the pad, you are cheating with momentum.
🤲 Grip / hands
Take a comfortable grip width and keep the wrists stacked, not bent.
⚙️ Adjustments
Check 시트, 그립, 스택 핀.

💪 ② Start position
Lift the chest and keep the shoulders away from the ears. Prepare the back before the arms.
Check only this:
👉 Shoulders not shrugged

🔥 ③ Execution
Do not think “pull the handle.” Drive the elbows to the target.
Drive the elbows back/down on the row or pulldown path, then lengthen slowly.

💥 ④ Peak contraction
Stop where the elbows arrive and the back is squeezed.
⏱️ 1-second STOP
Own that position for one second. This is not where you dump the weight.

🐌 ⑤ Controlled return
Do not dump the load.
Take 2–3 seconds on the way back.
Keep the back set as the arms lengthen — do not let the shoulders dump forward.

❌ Common mistakes
❌ Leaning back for momentum
Slow the tempo and repeat one clean path.
❌ Shrugging and turning it into an upper-trap pull
Keep the shoulders away from the ears and restart.
❌ Yank the handles without moving the elbows
If position breaks, cut the load.

💡 MACHINE FIT PRO TIP
🔥 Use the guided path on DS Animal High Pulley Row. Slow the first two sets, confirm symmetry, then add load.

🎯 MACHINE FIT CHECK
🟢 Seat/pad → fitted
🟢 Elbows → pull direction
🟢 Shoulders → not shrugged
🟢 Return → 2–3 sec control

### 🔥 Remember this

""Brace the chest and drive the elbows back. One-second peak, controlled return."""
WATSON,아이소래터럴 하이로우,Iso-Lateral High Row,DS Animal High Pulley Row,PARTIALLY_VERIFIED,Watson Gym Equipment,Animal Dual Stack,https://watsongym.co.uk/product/animal-dual-stack-high-pulley-row/,하이로우 전용 Iso SKU명은 없고 DS Animal High Pulley Row·PL Lateral Row가 독립/듀얼 패턴입니다,"시트, 좌·우 스택/암, 그립","🏋️ WATSON — DS Animal High Pulley Row · Animal Dual Stack

🎯 ONE KEY CUE
🔥 ""좌우를 같은 속도로 당겨 견갑 수축 맞추기""

하이로우 전용 Iso SKU명은 없고 DS Animal High Pulley Row·PL Lateral Row가 독립/듀얼 패턴. 좌우가 독립으로 움직이는 구조입니다. 처음부터 무게 올리지 말고, 세팅부터 잡으세요.

⚙️ ① 기구 세팅
🪑 좌석 / 패드
가슴/등 패드에 몸을 안정적으로 붙이세요. 패드에서 몸이 들리면 반동이 들어갑니다.
🤲 그립 / 손 위치
양손잡이 높이가 좌우 같은지 먼저 보세요. 독립 암이라 한쪽만 어긋나도 바로 느껴집니다.
⚙️ 조절 포인트
시트, 좌·우 스택/암, 그립을 확인하세요. 좌우 시작 위치가 같은지도 같이 봅니다.
이 카테고리는 공식 명칭이 겹칠 수 있으니, 헬스장 기구의 실제 레버·패드 배치를 우선하세요.

💪 ② 시작 자세
가슴을 세우고 어깨를 귀에서 멀리 둡니다. 팔보다 등부터 준비합니다.
좌우가 같은 높이에서 시작하는지 한 번 더 보세요.
이 자세에서 이것만 확인하세요.
👉 어깨가 귀 쪽으로 올라가지 않는지

🔥 ③ 운동 방법
각 팔을 독립적으로 당겼다 복귀.
양쪽을 같은 속도로 움직이세요. 한쪽이 먼저 끝나면 무게를 더 올리기 전에 밸런스부터 잡습니다.

💥 ④ 최고 수축
팔꿈치가 목표에 도착해 등이 조여지는 지점에서 멈춥니다.
⏱️ 1초 STOP
튕기지 말고 그 지점에서 1초만 소유하세요. 무게를 놓는 순간이 아닙니다.

🐌 ⑤ 천천히 돌아오기
중량을 그냥 놓지 마세요.
2~3초 동안 통제하면서 복귀합니다.
팔이 펴질 때까지 등을 놓지 말고, 어깨가 앞으로 말리지 않게 버팁니다.

❌ 흔한 실수
❌ 강한 쪽으로만 먼저 당기는
자세가 무너지면 무게를 낮추세요.
❌ 몸을 뒤로 젖혀 반동으로 당기는 것
템포를 늦추고 같은 궤적만 반복하세요.
❌ 어깨를 으쓱하며 승모근만 쓰는 것
어깨를 귀에서 멀리 두고 다시 시작하세요.
❌ 손잡이만 당기고 팔꿈치는 안 움직이는 것
자세가 무너지면 무게를 낮추세요.
❌ 한쪽만 먼저 끝내고 반대쪽을 따라가게 하는 것
약한 쪽 속도에 강한 쪽을 맞추세요.

💡 MACHINE FIT PRO TIP
🔥 이 기구는 좌우 암이 독립적으로 움직이는 게 장점입니다. 무게를 올리기 전에 양쪽이 같은 속도로 가는지 확인하세요. 한쪽이 먼저 끝까지 가 버리면 중량보다 밸런스가 먼저입니다.

🎯 MACHINE FIT CHECK
🟢 시트/패드 → 몸에 맞춤
🟢 팔꿈치 → 당김 방향
🟢 좌우 → 같은 속도
🟢 복귀 → 2~3초 통제

### 🔥 이것만 기억하세요

""좌우 같은 속도, 끝에서 1초, 복귀는 통제.""","🏋️ WATSON — DS Animal High Pulley Row · Animal Dual Stack

🎯 ONE KEY CUE
🔥 ""Row both sides at the same speed and match scapular squeeze""

하이로우 전용 Iso SKU명은 없고 DS Animal High Pulley Row·PL Lateral Row가 독립/듀얼 패턴입니다 Lean into the independent arms design. Do not chase load until the setup feels locked in.

⚙️ ① Setup
🪑 Seat / pads
Pin yourself to the chest/back pad. If you lift off the pad, you are cheating with momentum.
🤲 Grip / hands
Match left and right handle height first — independent arms expose any mismatch immediately.
⚙️ Adjustments
Check 시트, 좌·우 스택/암, 그립. Confirm both sides start from the same position.
Naming can overlap in this category — trust the levers and pads on the unit in front of you.

💪 ② Start position
Lift the chest and keep the shoulders away from the ears. Prepare the back before the arms.
Double-check both sides start at the same height.
Check only this:
👉 Shoulders not shrugged

🔥 ③ Execution
Match left-right speed. If one side finishes early, fix balance before adding load.
Drive the elbows back/down on the row or pulldown path, then lengthen slowly. Keep both sides honest.

💥 ④ Peak contraction
Stop where the elbows arrive and the back is squeezed.
⏱️ 1-second STOP
Own that position for one second. This is not where you dump the weight.

🐌 ⑤ Controlled return
Do not dump the load.
Take 2–3 seconds on the way back.
Keep the back set as the arms lengthen — do not let the shoulders dump forward.

❌ Common mistakes
❌ Leaning back for momentum
Slow the tempo and repeat one clean path.
❌ Shrugging and turning it into an upper-trap pull
Keep the shoulders away from the ears and restart.
❌ Yank the handles without moving the elbows
If position breaks, cut the load.
❌ Letting one side finish early
Match the stronger side to the weaker side’s speed.

💡 MACHINE FIT PRO TIP
🔥 Independent arms are the point. Before you load up, confirm both sides move at the same speed. If one side finishes early, fix balance before adding plates or pins.

🎯 MACHINE FIT CHECK
🟢 Seat/pad → fitted
🟢 Elbows → pull direction
🟢 Left/right → same speed
🟢 Return → 2–3 sec control

### 🔥 Remember this

""Match sides, one-second peak, controlled return."""
WATSON,시티드 로우,Seated Row,SS Seated Row,VERIFIED,Watson Gym Equipment,Single Stack,https://watsongym.co.uk/product/seated-single-stack-row/,Watson SS Seated Row. 시티드 로우 머신입니다,"시트, 가슴/풋 지지, 그립, 스택 핀","🏋️ WATSON — SS Seated Row · Single Stack

🎯 ONE KEY CUE
🔥 ""가슴을 펴고 손잡이를 배꼽 높이로 당기기""

Watson SS Seated Row. 시티드 로우 머신. 왓슨 Plate Loaded·Animal 궤적을 그대로 타는 게 핵심입니다. 처음부터 무게 올리지 말고, 세팅부터 잡으세요.

⚙️ ① 기구 세팅
🪑 좌석 / 패드
가슴/등 패드에 몸을 안정적으로 붙이세요. 패드에서 몸이 들리면 반동이 들어갑니다.
🤲 그립 / 손 위치
그립를 편안한 너비로 잡으세요. 손목이 꺾이지 않게 합니다.
⚙️ 조절 포인트
시트, 가슴/풋 지지, 그립, 스택 핀을 확인하세요.

💪 ② 시작 자세
가슴을 세우고 어깨를 귀에서 멀리 둡니다. 팔보다 등부터 준비합니다.
이 자세에서 이것만 확인하세요.
👉 어깨가 귀 쪽으로 올라가지 않는지

🔥 ③ 운동 방법
손잡이를 몸통으로 당겼다 앞으로 복귀.
손잡이를 당긴다고 생각하지 말고, 팔꿈치를 목표 지점으로 보내세요.

💥 ④ 최고 수축
팔꿈치가 목표에 도착해 등이 조여지는 지점에서 멈춥니다.
⏱️ 1초 STOP
튕기지 말고 그 지점에서 1초만 소유하세요. 무게를 놓는 순간이 아닙니다.

🐌 ⑤ 천천히 돌아오기
중량을 그냥 놓지 마세요.
2~3초 동안 통제하면서 복귀합니다.
팔이 펴질 때까지 등을 놓지 말고, 어깨가 앞으로 말리지 않게 버팁니다.

❌ 흔한 실수
❌ 허리를 둥글게 말고 반동으로 당기는
템포를 늦추고 같은 궤적만 반복하세요.
❌ 몸을 뒤로 젖혀 반동으로 당기는 것
템포를 늦추고 같은 궤적만 반복하세요.
❌ 어깨를 으쓱하며 승모근만 쓰는 것
어깨를 귀에서 멀리 두고 다시 시작하세요.
❌ 손잡이만 당기고 팔꿈치는 안 움직이는 것
자세가 무너지면 무게를 낮추세요.

💡 MACHINE FIT PRO TIP
🔥 SS Seated Row의 가이드 궤적을 이용하세요. 첫 2세트는 천천히, 대칭이 확인된 뒤에만 무게를 올립니다.

🎯 MACHINE FIT CHECK
🟢 시트/패드 → 몸에 맞춤
🟢 팔꿈치 → 당김 방향
🟢 어깨 → 으쓱하지 않기
🟢 복귀 → 2~3초 통제

### 🔥 이것만 기억하세요

""가슴을 펴고 손잡이를 배꼽 높이로 당기기. 끝에서 1초, 복귀는 통제.""","🏋️ WATSON — SS Seated Row · Single Stack

🎯 ONE KEY CUE
🔥 ""Keep the chest tall and pull handles to navel height""

Watson SS Seated Row. 시티드 로우 머신입니다 Ride the Watson Plate Loaded / Animal path instead of fighting it. Do not chase load until the setup feels locked in.

⚙️ ① Setup
🪑 Seat / pads
Pin yourself to the chest/back pad. If you lift off the pad, you are cheating with momentum.
🤲 Grip / hands
Take a comfortable grip width and keep the wrists stacked, not bent.
⚙️ Adjustments
Check 시트, 가슴/풋 지지, 그립, 스택 핀.

💪 ② Start position
Lift the chest and keep the shoulders away from the ears. Prepare the back before the arms.
Check only this:
👉 Shoulders not shrugged

🔥 ③ Execution
Do not think “pull the handle.” Drive the elbows to the target.
Drive the elbows back/down on the row or pulldown path, then lengthen slowly.

💥 ④ Peak contraction
Stop where the elbows arrive and the back is squeezed.
⏱️ 1-second STOP
Own that position for one second. This is not where you dump the weight.

🐌 ⑤ Controlled return
Do not dump the load.
Take 2–3 seconds on the way back.
Keep the back set as the arms lengthen — do not let the shoulders dump forward.

❌ Common mistakes
❌ Leaning back for momentum
Slow the tempo and repeat one clean path.
❌ Shrugging and turning it into an upper-trap pull
Keep the shoulders away from the ears and restart.
❌ Yank the handles without moving the elbows
If position breaks, cut the load.

💡 MACHINE FIT PRO TIP
🔥 Use the guided path on SS Seated Row. Slow the first two sets, confirm symmetry, then add load.

🎯 MACHINE FIT CHECK
🟢 Seat/pad → fitted
🟢 Elbows → pull direction
🟢 Shoulders → not shrugged
🟢 Return → 2–3 sec control

### 🔥 Remember this

""Keep the chest tall and pull handles to navel height. One-second peak, controlled return."""
WATSON,로우 머신,Row Machine,PL Perfect Row,VERIFIED,Watson Gym Equipment,Plate Loaded,https://watsongym.co.uk/product/plate-load-perfect-row/,Watson PL Perfect Row. 플레이트로드 로우 머신입니다,"시트/가슴 패드, 그립, 플레이트","🏋️ WATSON — PL Perfect Row · Plate Loaded

🎯 ONE KEY CUE
🔥 ""견갑을 모으며 팔꿈치를 뒤로 당기기""

Watson PL Perfect Row. 플레이트로드 로우 머신. 플레이트 로딩 구조입니다. 처음부터 무게 올리지 말고, 세팅부터 잡으세요.

⚙️ ① 기구 세팅
🪑 좌석 / 패드
가슴/등 패드에 몸을 안정적으로 붙이세요. 패드에서 몸이 들리면 반동이 들어갑니다.
🤲 그립 / 손 위치
그립를 편안한 너비로 잡으세요. 손목이 꺾이지 않게 합니다.
⚙️ 조절 포인트
시트/가슴 패드, 그립, 플레이트를 확인하세요. 양쪽 플레이트를 동일하게 맞추고, 한쪽만 먼저 올리지 마세요.

💪 ② 시작 자세
가슴을 세우고 어깨를 귀에서 멀리 둡니다. 팔보다 등부터 준비합니다.
이 자세에서 이것만 확인하세요.
👉 어깨가 귀 쪽으로 올라가지 않는지

🔥 ③ 운동 방법
손잡이를 몸통으로 당겼다 천천히 뻗기.
손잡이를 당긴다고 생각하지 말고, 팔꿈치를 목표 지점으로 보내세요.

💥 ④ 최고 수축
팔꿈치가 목표에 도착해 등이 조여지는 지점에서 멈춥니다.
⏱️ 1초 STOP
튕기지 말고 그 지점에서 1초만 소유하세요. 무게를 놓는 순간이 아닙니다.

🐌 ⑤ 천천히 돌아오기
중량을 그냥 놓지 마세요.
2~3초 동안 통제하면서 복귀합니다.
팔이 펴질 때까지 등을 놓지 말고, 어깨가 앞으로 말리지 않게 버팁니다.

❌ 흔한 실수
❌ 어깨만 으쓱하며 승모로만 당기는
어깨를 귀에서 멀리 두고 다시 시작하세요.
❌ 몸을 뒤로 젖혀 반동으로 당기는 것
템포를 늦추고 같은 궤적만 반복하세요.
❌ 어깨를 으쓱하며 승모근만 쓰는 것
어깨를 귀에서 멀리 두고 다시 시작하세요.
❌ 손잡이만 당기고 팔꿈치는 안 움직이는 것
자세가 무너지면 무게를 낮추세요.
❌ 양쪽 플레이트 무게를 다르게 올리는 것
양쪽을 맞춘 뒤 가벼운 세트로 좌우를 확인하세요.

💡 MACHINE FIT PRO TIP
🔥 PL Perfect Row은 플레이트 로딩입니다. 좌우 원판을 동일하게 맞추고, 첫 세트는 궤적·좌우 대칭만 확인한 다음 무게를 올리세요.

🎯 MACHINE FIT CHECK
🟢 시트/패드 → 몸에 맞춤
🟢 팔꿈치 → 당김 방향
🟢 원판 → 좌우 동일
🟢 복귀 → 2~3초 통제

### 🔥 이것만 기억하세요

""견갑을 모으며 팔꿈치를 뒤로 당기기. 끝에서 1초, 복귀는 통제.""","🏋️ WATSON — PL Perfect Row · Plate Loaded

🎯 ONE KEY CUE
🔥 ""Retract the scapulae and drive the elbows back""

Watson PL Perfect Row. 플레이트로드 로우 머신입니다 Lean into the plate-loaded design. Do not chase load until the setup feels locked in.

⚙️ ① Setup
🪑 Seat / pads
Pin yourself to the chest/back pad. If you lift off the pad, you are cheating with momentum.
🤲 Grip / hands
Take a comfortable grip width and keep the wrists stacked, not bent.
⚙️ Adjustments
Check 시트/가슴 패드, 그립, 플레이트. Match plates on both sides — do not load one arm first.

💪 ② Start position
Lift the chest and keep the shoulders away from the ears. Prepare the back before the arms.
Check only this:
👉 Shoulders not shrugged

🔥 ③ Execution
Do not think “pull the handle.” Drive the elbows to the target.
Drive the elbows back/down on the row or pulldown path, then lengthen slowly.

💥 ④ Peak contraction
Stop where the elbows arrive and the back is squeezed.
⏱️ 1-second STOP
Own that position for one second. This is not where you dump the weight.

🐌 ⑤ Controlled return
Do not dump the load.
Take 2–3 seconds on the way back.
Keep the back set as the arms lengthen — do not let the shoulders dump forward.

❌ Common mistakes
❌ Leaning back for momentum
Slow the tempo and repeat one clean path.
❌ Shrugging and turning it into an upper-trap pull
Keep the shoulders away from the ears and restart.
❌ Yank the handles without moving the elbows
If position breaks, cut the load.
❌ Loading unequal plates
Match both sides, then confirm with a light set.

💡 MACHINE FIT PRO TIP
🔥 PL Perfect Row is plate-loaded. Match plates, confirm path and left-right symmetry on set one, then add load.

🎯 MACHINE FIT CHECK
🟢 Seat/pad → fitted
🟢 Elbows → pull direction
🟢 Plates → matched
🟢 Return → 2–3 sec control

### 🔥 Remember this

""Retract the scapulae and drive the elbows back. One-second peak, controlled return."""
WATSON,로우 로우,Low Row,PL Low Row,VERIFIED,Watson Gym Equipment,Plate Loaded,https://watsongym.co.uk/product/plate-load-low-row/,Watson PL Low Row. 아이소래터럴 로우 로우입니다,"시트, 풋 지지, 독립 암, 플레이트","🏋️ WATSON — PL Low Row · Plate Loaded

🎯 ONE KEY CUE
🔥 ""낮은 궤적으로 손잡이를 허리 쪽으로 당기기""

Watson PL Low Row. 아이소래터럴 로우 로우. 좌우가 독립으로 움직이는 · 플레이트 로딩 구조입니다. 처음부터 무게 올리지 말고, 세팅부터 잡으세요.

⚙️ ① 기구 세팅
🪑 좌석 / 패드
가슴/등 패드에 몸을 안정적으로 붙이세요. 패드에서 몸이 들리면 반동이 들어갑니다.
🤲 그립 / 손 위치
양손잡이 높이가 좌우 같은지 먼저 보세요. 독립 암이라 한쪽만 어긋나도 바로 느껴집니다.
⚙️ 조절 포인트
시트, 풋 지지, 독립 암, 플레이트를 확인하세요. 양쪽 플레이트를 동일하게 맞추고, 한쪽만 먼저 올리지 마세요. 좌우 시작 위치가 같은지도 같이 봅니다.

💪 ② 시작 자세
가슴을 세우고 어깨를 귀에서 멀리 둡니다. 팔보다 등부터 준비합니다.
좌우가 같은 높이에서 시작하는지 한 번 더 보세요.
이 자세에서 이것만 확인하세요.
👉 어깨가 귀 쪽으로 올라가지 않는지

🔥 ③ 운동 방법
손잡이를 낮게 당겼다 앞으로 복귀.
양쪽을 같은 속도로 움직이세요. 한쪽이 먼저 끝나면 무게를 더 올리기 전에 밸런스부터 잡습니다.

💥 ④ 최고 수축
팔꿈치가 목표에 도착해 등이 조여지는 지점에서 멈춥니다.
⏱️ 1초 STOP
튕기지 말고 그 지점에서 1초만 소유하세요. 무게를 놓는 순간이 아닙니다.

🐌 ⑤ 천천히 돌아오기
중량을 그냥 놓지 마세요.
2~3초 동안 통제하면서 복귀합니다.
팔이 펴질 때까지 등을 놓지 말고, 어깨가 앞으로 말리지 않게 버팁니다.

❌ 흔한 실수
❌ 상체를 과도하게 뒤로 젖히는
자세가 무너지면 무게를 낮추세요.
❌ 몸을 뒤로 젖혀 반동으로 당기는 것
템포를 늦추고 같은 궤적만 반복하세요.
❌ 어깨를 으쓱하며 승모근만 쓰는 것
어깨를 귀에서 멀리 두고 다시 시작하세요.
❌ 손잡이만 당기고 팔꿈치는 안 움직이는 것
자세가 무너지면 무게를 낮추세요.
❌ 한쪽만 먼저 끝내고 반대쪽을 따라가게 하는 것
약한 쪽 속도에 강한 쪽을 맞추세요.

💡 MACHINE FIT PRO TIP
🔥 이 기구는 좌우 암이 독립적으로 움직이는 게 장점입니다. 무게를 올리기 전에 양쪽이 같은 속도로 가는지 확인하세요. 한쪽이 먼저 끝까지 가 버리면 중량보다 밸런스가 먼저입니다.

🎯 MACHINE FIT CHECK
🟢 시트/패드 → 몸에 맞춤
🟢 팔꿈치 → 당김 방향
🟢 좌우 → 같은 속도
🟢 복귀 → 2~3초 통제

### 🔥 이것만 기억하세요

""좌우 같은 속도, 끝에서 1초, 복귀는 통제.""","🏋️ WATSON — PL Low Row · Plate Loaded

🎯 ONE KEY CUE
🔥 ""Pull the handles on a low path toward the waist""

Watson PL Low Row. 아이소래터럴 로우 로우입니다 Lean into the independent arms / plate-loaded design. Do not chase load until the setup feels locked in.

⚙️ ① Setup
🪑 Seat / pads
Pin yourself to the chest/back pad. If you lift off the pad, you are cheating with momentum.
🤲 Grip / hands
Match left and right handle height first — independent arms expose any mismatch immediately.
⚙️ Adjustments
Check 시트, 풋 지지, 독립 암, 플레이트. Match plates on both sides — do not load one arm first. Confirm both sides start from the same position.

💪 ② Start position
Lift the chest and keep the shoulders away from the ears. Prepare the back before the arms.
Double-check both sides start at the same height.
Check only this:
👉 Shoulders not shrugged

🔥 ③ Execution
Match left-right speed. If one side finishes early, fix balance before adding load.
Drive the elbows back/down on the row or pulldown path, then lengthen slowly. Keep both sides honest.

💥 ④ Peak contraction
Stop where the elbows arrive and the back is squeezed.
⏱️ 1-second STOP
Own that position for one second. This is not where you dump the weight.

🐌 ⑤ Controlled return
Do not dump the load.
Take 2–3 seconds on the way back.
Keep the back set as the arms lengthen — do not let the shoulders dump forward.

❌ Common mistakes
❌ Leaning back for momentum
Slow the tempo and repeat one clean path.
❌ Shrugging and turning it into an upper-trap pull
Keep the shoulders away from the ears and restart.
❌ Yank the handles without moving the elbows
If position breaks, cut the load.
❌ Letting one side finish early
Match the stronger side to the weaker side’s speed.
❌ Loading unequal plates
Match both sides, then confirm with a light set.

💡 MACHINE FIT PRO TIP
🔥 Independent arms are the point. Before you load up, confirm both sides move at the same speed. If one side finishes early, fix balance before adding plates or pins.

🎯 MACHINE FIT CHECK
🟢 Seat/pad → fitted
🟢 Elbows → pull direction
🟢 Left/right → same speed
🟢 Return → 2–3 sec control

### 🔥 Remember this

""Match sides, one-second peak, controlled return."""
WATSON,미드 로우,Mid Row,DS Animal Mid to Low Row,VERIFIED,Watson Gym Equipment,Animal Dual Stack,https://watsongym.co.uk/product/animal-dual-stack-mid-to-low-row/,DS Animal Mid to Low Row. 미드~로우 전환형 로우입니다,"시트, 풀리 높이, 그립, 스택 핀","🏋️ WATSON — DS Animal Mid to Low Row · Animal Dual Stack

🎯 ONE KEY CUE
🔥 ""미드 높이에서 팔꿈치를 옆구리로 당기기""

DS Animal Mid to Low Row. 미드~로우 전환형 로우. 왓슨 Plate Loaded·Animal 궤적을 그대로 타는 게 핵심입니다. 처음부터 무게 올리지 말고, 세팅부터 잡으세요.

⚙️ ① 기구 세팅
🪑 좌석 / 패드
가슴/등 패드에 몸을 안정적으로 붙이세요. 패드에서 몸이 들리면 반동이 들어갑니다.
🤲 그립 / 손 위치
그립를 편안한 너비로 잡으세요. 손목이 꺾이지 않게 합니다.
⚙️ 조절 포인트
시트, 풀리 높이, 그립, 스택 핀을 확인하세요.

💪 ② 시작 자세
가슴을 세우고 어깨를 귀에서 멀리 둡니다. 팔보다 등부터 준비합니다.
이 자세에서 이것만 확인하세요.
👉 어깨가 귀 쪽으로 올라가지 않는지

🔥 ③ 운동 방법
손잡이를 몸통으로 당겼다 천천히 복귀.
손잡이를 당긴다고 생각하지 말고, 팔꿈치를 목표 지점으로 보내세요.

💥 ④ 최고 수축
팔꿈치가 목표에 도착해 등이 조여지는 지점에서 멈춥니다.
⏱️ 1초 STOP
튕기지 말고 그 지점에서 1초만 소유하세요. 무게를 놓는 순간이 아닙니다.

🐌 ⑤ 천천히 돌아오기
중량을 그냥 놓지 마세요.
2~3초 동안 통제하면서 복귀합니다.
팔이 펴질 때까지 등을 놓지 말고, 어깨가 앞으로 말리지 않게 버팁니다.

❌ 흔한 실수
❌ 손잡이만 잡고 손목으로 끌어당기는
갈비뼈를 골반 쪽으로 만다는 느낌으로 바꾸세요.
❌ 몸을 뒤로 젖혀 반동으로 당기는 것
템포를 늦추고 같은 궤적만 반복하세요.
❌ 어깨를 으쓱하며 승모근만 쓰는 것
어깨를 귀에서 멀리 두고 다시 시작하세요.
❌ 손잡이만 당기고 팔꿈치는 안 움직이는 것
자세가 무너지면 무게를 낮추세요.

💡 MACHINE FIT PRO TIP
🔥 DS Animal Mid to Low Row의 가이드 궤적을 이용하세요. 첫 2세트는 천천히, 대칭이 확인된 뒤에만 무게를 올립니다.

🎯 MACHINE FIT CHECK
🟢 시트/패드 → 몸에 맞춤
🟢 팔꿈치 → 당김 방향
🟢 어깨 → 으쓱하지 않기
🟢 복귀 → 2~3초 통제

### 🔥 이것만 기억하세요

""미드 높이에서 팔꿈치를 옆구리로 당기기. 끝에서 1초, 복귀는 통제.""","🏋️ WATSON — DS Animal Mid to Low Row · Animal Dual Stack

🎯 ONE KEY CUE
🔥 ""From mid height, pull the elbows toward the ribs""

DS Animal Mid to Low Row. 미드~로우 전환형 로우입니다 Ride the Watson Plate Loaded / Animal path instead of fighting it. Do not chase load until the setup feels locked in.

⚙️ ① Setup
🪑 Seat / pads
Pin yourself to the chest/back pad. If you lift off the pad, you are cheating with momentum.
🤲 Grip / hands
Take a comfortable grip width and keep the wrists stacked, not bent.
⚙️ Adjustments
Check 시트, 풀리 높이, 그립, 스택 핀.

💪 ② Start position
Lift the chest and keep the shoulders away from the ears. Prepare the back before the arms.
Check only this:
👉 Shoulders not shrugged

🔥 ③ Execution
Do not think “pull the handle.” Drive the elbows to the target.
Drive the elbows back/down on the row or pulldown path, then lengthen slowly.

💥 ④ Peak contraction
Stop where the elbows arrive and the back is squeezed.
⏱️ 1-second STOP
Own that position for one second. This is not where you dump the weight.

🐌 ⑤ Controlled return
Do not dump the load.
Take 2–3 seconds on the way back.
Keep the back set as the arms lengthen — do not let the shoulders dump forward.

❌ Common mistakes
❌ Leaning back for momentum
Slow the tempo and repeat one clean path.
❌ Shrugging and turning it into an upper-trap pull
Keep the shoulders away from the ears and restart.
❌ Yank the handles without moving the elbows
If position breaks, cut the load.

💡 MACHINE FIT PRO TIP
🔥 Use the guided path on DS Animal Mid to Low Row. Slow the first two sets, confirm symmetry, then add load.

🎯 MACHINE FIT CHECK
🟢 Seat/pad → fitted
🟢 Elbows → pull direction
🟢 Shoulders → not shrugged
🟢 Return → 2–3 sec control

### 🔥 Remember this

""From mid height, pull the elbows toward the ribs. One-second peak, controlled return."""
WATSON,아이소래터럴 로우,Iso-Lateral Row,PL Animal ISO Linear Row,VERIFIED,Watson Gym Equipment,Animal Plate Loaded,https://watsongym.co.uk/product/animal-iso-linear-row/,PL Animal ISO Linear Row. 아이소래터럴 리니어 로우입니다,"시트, 가슴 패드, 좌·우 암, 플레이트","🏋️ WATSON — PL Animal ISO Linear Row · Animal Plate Loaded

🎯 ONE KEY CUE
🔥 ""좌우를 같은 궤적으로 당기며 균형 확인""

PL Animal ISO Linear Row. 아이소래터럴 리니어 로우. 좌우가 독립으로 움직이는 · 플레이트 로딩 구조입니다. 처음부터 무게 올리지 말고, 세팅부터 잡으세요.

⚙️ ① 기구 세팅
🪑 좌석 / 패드
가슴/등 패드에 몸을 안정적으로 붙이세요. 패드에서 몸이 들리면 반동이 들어갑니다.
🤲 그립 / 손 위치
양손잡이 높이가 좌우 같은지 먼저 보세요. 독립 암이라 한쪽만 어긋나도 바로 느껴집니다.
⚙️ 조절 포인트
시트, 가슴 패드, 좌·우 암, 플레이트를 확인하세요. 양쪽 플레이트를 동일하게 맞추고, 한쪽만 먼저 올리지 마세요. 좌우 시작 위치가 같은지도 같이 봅니다.

💪 ② 시작 자세
가슴을 세우고 어깨를 귀에서 멀리 둡니다. 팔보다 등부터 준비합니다.
좌우가 같은 높이에서 시작하는지 한 번 더 보세요.
이 자세에서 이것만 확인하세요.
👉 어깨가 귀 쪽으로 올라가지 않는지

🔥 ③ 운동 방법
각 팔을 독립적으로 당겼다 복귀.
양쪽을 같은 속도로 움직이세요. 한쪽이 먼저 끝나면 무게를 더 올리기 전에 밸런스부터 잡습니다.

💥 ④ 최고 수축
팔꿈치가 목표에 도착해 등이 조여지는 지점에서 멈춥니다.
⏱️ 1초 STOP
튕기지 말고 그 지점에서 1초만 소유하세요. 무게를 놓는 순간이 아닙니다.

🐌 ⑤ 천천히 돌아오기
중량을 그냥 놓지 마세요.
2~3초 동안 통제하면서 복귀합니다.
팔이 펴질 때까지 등을 놓지 말고, 어깨가 앞으로 말리지 않게 버팁니다.

❌ 흔한 실수
❌ 한쪽만 과하게 당겨 몸이 틀어지는
약한 쪽 속도에 강한 쪽을 맞추세요.
❌ 몸을 뒤로 젖혀 반동으로 당기는 것
템포를 늦추고 같은 궤적만 반복하세요.
❌ 어깨를 으쓱하며 승모근만 쓰는 것
어깨를 귀에서 멀리 두고 다시 시작하세요.
❌ 손잡이만 당기고 팔꿈치는 안 움직이는 것
자세가 무너지면 무게를 낮추세요.
❌ 한쪽만 먼저 끝내고 반대쪽을 따라가게 하는 것
약한 쪽 속도에 강한 쪽을 맞추세요.

💡 MACHINE FIT PRO TIP
🔥 이 기구는 좌우 암이 독립적으로 움직이는 게 장점입니다. 무게를 올리기 전에 양쪽이 같은 속도로 가는지 확인하세요. 한쪽이 먼저 끝까지 가 버리면 중량보다 밸런스가 먼저입니다.

🎯 MACHINE FIT CHECK
🟢 시트/패드 → 몸에 맞춤
🟢 팔꿈치 → 당김 방향
🟢 좌우 → 같은 속도
🟢 복귀 → 2~3초 통제

### 🔥 이것만 기억하세요

""좌우 같은 속도, 끝에서 1초, 복귀는 통제.""","🏋️ WATSON — PL Animal ISO Linear Row · Animal Plate Loaded

🎯 ONE KEY CUE
🔥 ""Row both sides on the same path and check balance""

PL Animal ISO Linear Row. 아이소래터럴 리니어 로우입니다 Lean into the independent arms / plate-loaded design. Do not chase load until the setup feels locked in.

⚙️ ① Setup
🪑 Seat / pads
Pin yourself to the chest/back pad. If you lift off the pad, you are cheating with momentum.
🤲 Grip / hands
Match left and right handle height first — independent arms expose any mismatch immediately.
⚙️ Adjustments
Check 시트, 가슴 패드, 좌·우 암, 플레이트. Match plates on both sides — do not load one arm first. Confirm both sides start from the same position.

💪 ② Start position
Lift the chest and keep the shoulders away from the ears. Prepare the back before the arms.
Double-check both sides start at the same height.
Check only this:
👉 Shoulders not shrugged

🔥 ③ Execution
Match left-right speed. If one side finishes early, fix balance before adding load.
Drive the elbows back/down on the row or pulldown path, then lengthen slowly. Keep both sides honest.

💥 ④ Peak contraction
Stop where the elbows arrive and the back is squeezed.
⏱️ 1-second STOP
Own that position for one second. This is not where you dump the weight.

🐌 ⑤ Controlled return
Do not dump the load.
Take 2–3 seconds on the way back.
Keep the back set as the arms lengthen — do not let the shoulders dump forward.

❌ Common mistakes
❌ Leaning back for momentum
Slow the tempo and repeat one clean path.
❌ Shrugging and turning it into an upper-trap pull
Keep the shoulders away from the ears and restart.
❌ Yank the handles without moving the elbows
If position breaks, cut the load.
❌ Letting one side finish early
Match the stronger side to the weaker side’s speed.
❌ Loading unequal plates
Match both sides, then confirm with a light set.

💡 MACHINE FIT PRO TIP
🔥 Independent arms are the point. Before you load up, confirm both sides move at the same speed. If one side finishes early, fix balance before adding plates or pins.

🎯 MACHINE FIT CHECK
🟢 Seat/pad → fitted
🟢 Elbows → pull direction
🟢 Left/right → same speed
🟢 Return → 2–3 sec control

### 🔥 Remember this

""Match sides, one-second peak, controlled return."""
WATSON,아이소래터럴 로우 로우,Iso-Lateral Low Row,PL Low Row,PARTIALLY_VERIFIED,Watson Gym Equipment,Plate Loaded,https://watsongym.co.uk/product/plate-load-low-row/,PL Low Row가 아이소래터럴 로우 로우에 해당합니다,"시트, 풋 지지, 좌·우 암, 플레이트","🏋️ WATSON — PL Low Row · Plate Loaded

🎯 ONE KEY CUE
🔥 ""낮은 위치에서 좌우를 동일하게 당기기""

PL Low Row가 아이소래터럴 로우 로우에 해당합니다. 좌우가 독립으로 움직이는 · 플레이트 로딩 구조입니다. 처음부터 무게 올리지 말고, 세팅부터 잡으세요.

⚙️ ① 기구 세팅
🪑 좌석 / 패드
가슴/등 패드에 몸을 안정적으로 붙이세요. 패드에서 몸이 들리면 반동이 들어갑니다.
🤲 그립 / 손 위치
양손잡이 높이가 좌우 같은지 먼저 보세요. 독립 암이라 한쪽만 어긋나도 바로 느껴집니다.
⚙️ 조절 포인트
시트, 풋 지지, 좌·우 암, 플레이트를 확인하세요. 양쪽 플레이트를 동일하게 맞추고, 한쪽만 먼저 올리지 마세요. 좌우 시작 위치가 같은지도 같이 봅니다.
이 카테고리는 공식 명칭이 겹칠 수 있으니, 헬스장 기구의 실제 레버·패드 배치를 우선하세요.

💪 ② 시작 자세
가슴을 세우고 어깨를 귀에서 멀리 둡니다. 팔보다 등부터 준비합니다.
좌우가 같은 높이에서 시작하는지 한 번 더 보세요.
이 자세에서 이것만 확인하세요.
👉 어깨가 귀 쪽으로 올라가지 않는지

🔥 ③ 운동 방법
각 팔을 낮게 당겼다 천천히 복귀.
양쪽을 같은 속도로 움직이세요. 한쪽이 먼저 끝나면 무게를 더 올리기 전에 밸런스부터 잡습니다.

💥 ④ 최고 수축
팔꿈치가 목표에 도착해 등이 조여지는 지점에서 멈춥니다.
⏱️ 1초 STOP
튕기지 말고 그 지점에서 1초만 소유하세요. 무게를 놓는 순간이 아닙니다.

🐌 ⑤ 천천히 돌아오기
중량을 그냥 놓지 마세요.
2~3초 동안 통제하면서 복귀합니다.
팔이 펴질 때까지 등을 놓지 말고, 어깨가 앞으로 말리지 않게 버팁니다.

❌ 흔한 실수
❌ 강한 쪽만 먼저 당겨 비대칭을 키우는
자세가 무너지면 무게를 낮추세요.
❌ 몸을 뒤로 젖혀 반동으로 당기는 것
템포를 늦추고 같은 궤적만 반복하세요.
❌ 어깨를 으쓱하며 승모근만 쓰는 것
어깨를 귀에서 멀리 두고 다시 시작하세요.
❌ 손잡이만 당기고 팔꿈치는 안 움직이는 것
자세가 무너지면 무게를 낮추세요.
❌ 한쪽만 먼저 끝내고 반대쪽을 따라가게 하는 것
약한 쪽 속도에 강한 쪽을 맞추세요.

💡 MACHINE FIT PRO TIP
🔥 이 기구는 좌우 암이 독립적으로 움직이는 게 장점입니다. 무게를 올리기 전에 양쪽이 같은 속도로 가는지 확인하세요. 한쪽이 먼저 끝까지 가 버리면 중량보다 밸런스가 먼저입니다.

🎯 MACHINE FIT CHECK
🟢 시트/패드 → 몸에 맞춤
🟢 팔꿈치 → 당김 방향
🟢 좌우 → 같은 속도
🟢 복귀 → 2~3초 통제

### 🔥 이것만 기억하세요

""좌우 같은 속도, 끝에서 1초, 복귀는 통제.""","🏋️ WATSON — PL Low Row · Plate Loaded

🎯 ONE KEY CUE
🔥 ""From a low path, pull both sides evenly""

PL Low Row가 아이소래터럴 로우 로우에 해당합니다 Lean into the independent arms / plate-loaded design. Do not chase load until the setup feels locked in.

⚙️ ① Setup
🪑 Seat / pads
Pin yourself to the chest/back pad. If you lift off the pad, you are cheating with momentum.
🤲 Grip / hands
Match left and right handle height first — independent arms expose any mismatch immediately.
⚙️ Adjustments
Check 시트, 풋 지지, 좌·우 암, 플레이트. Match plates on both sides — do not load one arm first. Confirm both sides start from the same position.
Naming can overlap in this category — trust the levers and pads on the unit in front of you.

💪 ② Start position
Lift the chest and keep the shoulders away from the ears. Prepare the back before the arms.
Double-check both sides start at the same height.
Check only this:
👉 Shoulders not shrugged

🔥 ③ Execution
Match left-right speed. If one side finishes early, fix balance before adding load.
Drive the elbows back/down on the row or pulldown path, then lengthen slowly. Keep both sides honest.

💥 ④ Peak contraction
Stop where the elbows arrive and the back is squeezed.
⏱️ 1-second STOP
Own that position for one second. This is not where you dump the weight.

🐌 ⑤ Controlled return
Do not dump the load.
Take 2–3 seconds on the way back.
Keep the back set as the arms lengthen — do not let the shoulders dump forward.

❌ Common mistakes
❌ Leaning back for momentum
Slow the tempo and repeat one clean path.
❌ Shrugging and turning it into an upper-trap pull
Keep the shoulders away from the ears and restart.
❌ Yank the handles without moving the elbows
If position breaks, cut the load.
❌ Letting one side finish early
Match the stronger side to the weaker side’s speed.
❌ Loading unequal plates
Match both sides, then confirm with a light set.

💡 MACHINE FIT PRO TIP
🔥 Independent arms are the point. Before you load up, confirm both sides move at the same speed. If one side finishes early, fix balance before adding plates or pins.

🎯 MACHINE FIT CHECK
🟢 Seat/pad → fitted
🟢 Elbows → pull direction
🟢 Left/right → same speed
🟢 Return → 2–3 sec control

### 🔥 Remember this

""Match sides, one-second peak, controlled return."""
WATSON,체스트 서포티드 로우,Chest Supported Row,PL Animal Chest Supported T-Bar Row,VERIFIED,Watson Gym Equipment,Animal Plate Loaded,https://watsongym.co.uk/product/animal-chest-supported-t-bar-row/,PL Animal Chest Supported T-Bar Row. 가슴 지지형 T바 로우입니다,"가슴 패드, 풋 지지, 그립, 플레이트","🏋️ WATSON — PL Animal Chest Supported T-Bar Row · Animal Plate Loaded

🎯 ONE KEY CUE
🔥 ""가슴을 패드에 붙인 채 팔꿈치만 뒤로 당기기""

PL Animal Chest Supported T-Bar Row. 가슴 지지형 T바 로우. 플레이트 로딩 · 가슴 지지 구조입니다. 처음부터 무게 올리지 말고, 세팅부터 잡으세요.

⚙️ ① 기구 세팅
🪑 좌석 / 패드
가슴/등 패드에 몸을 안정적으로 붙이세요. 패드에서 몸이 들리면 반동이 들어갑니다.
🤲 그립 / 손 위치
그립를 편안한 너비로 잡으세요. 손목이 꺾이지 않게 합니다.
⚙️ 조절 포인트
가슴 패드, 풋 지지, 그립, 플레이트를 확인하세요. 양쪽 플레이트를 동일하게 맞추고, 한쪽만 먼저 올리지 마세요.

💪 ② 시작 자세
가슴을 세우고 어깨를 귀에서 멀리 둡니다. 팔보다 등부터 준비합니다.
이 자세에서 이것만 확인하세요.
👉 어깨가 귀 쪽으로 올라가지 않는지

🔥 ③ 운동 방법
손잡이를 몸통으로 당겼다 천천히 내리기.
손잡이를 당긴다고 생각하지 말고, 팔꿈치를 목표 지점으로 보내세요.

💥 ④ 최고 수축
팔꿈치가 목표에 도착해 등이 조여지는 지점에서 멈춥니다.
⏱️ 1초 STOP
튕기지 말고 그 지점에서 1초만 소유하세요. 무게를 놓는 순간이 아닙니다.

🐌 ⑤ 천천히 돌아오기
중량을 그냥 놓지 마세요.
2~3초 동안 통제하면서 복귀합니다.
팔이 펴질 때까지 등을 놓지 말고, 어깨가 앞으로 말리지 않게 버팁니다.

❌ 흔한 실수
❌ 가슴을 떼고 상체로 들어 올리는
자세가 무너지면 무게를 낮추세요.
❌ 몸을 뒤로 젖혀 반동으로 당기는 것
템포를 늦추고 같은 궤적만 반복하세요.
❌ 어깨를 으쓱하며 승모근만 쓰는 것
어깨를 귀에서 멀리 두고 다시 시작하세요.
❌ 손잡이만 당기고 팔꿈치는 안 움직이는 것
자세가 무너지면 무게를 낮추세요.
❌ 양쪽 플레이트 무게를 다르게 올리는 것
양쪽을 맞춘 뒤 가벼운 세트로 좌우를 확인하세요.

💡 MACHINE FIT PRO TIP
🔥 가슴 패드가 있는 이유가 반동을 끊기 위해서입니다. 패드를 밀고 일어서지 말고, 가슴을 붙인 채 팔꿈치만 움직이세요.

🎯 MACHINE FIT CHECK
🟢 시트/패드 → 몸에 맞춤
🟢 가슴 → 패드에 고정
🟢 원판 → 좌우 동일
🟢 복귀 → 2~3초 통제

### 🔥 이것만 기억하세요

""가슴은 패드에, 팔꿈치는 뒤로, 끝에서 1초.""","🏋️ WATSON — PL Animal Chest Supported T-Bar Row · Animal Plate Loaded

🎯 ONE KEY CUE
🔥 ""Keep the chest on the pad and row with the elbows only""

PL Animal Chest Supported T-Bar Row. 가슴 지지형 T바 로우입니다 Lean into the plate-loaded / chest-supported design. Do not chase load until the setup feels locked in.

⚙️ ① Setup
🪑 Seat / pads
Pin yourself to the chest/back pad. If you lift off the pad, you are cheating with momentum.
🤲 Grip / hands
Take a comfortable grip width and keep the wrists stacked, not bent.
⚙️ Adjustments
Check 가슴 패드, 풋 지지, 그립, 플레이트. Match plates on both sides — do not load one arm first.

💪 ② Start position
Lift the chest and keep the shoulders away from the ears. Prepare the back before the arms.
Check only this:
👉 Shoulders not shrugged

🔥 ③ Execution
Do not think “pull the handle.” Drive the elbows to the target.
Drive the elbows back/down on the row or pulldown path, then lengthen slowly.

💥 ④ Peak contraction
Stop where the elbows arrive and the back is squeezed.
⏱️ 1-second STOP
Own that position for one second. This is not where you dump the weight.

🐌 ⑤ Controlled return
Do not dump the load.
Take 2–3 seconds on the way back.
Keep the back set as the arms lengthen — do not let the shoulders dump forward.

❌ Common mistakes
❌ Leaning back for momentum
Slow the tempo and repeat one clean path.
❌ Shrugging and turning it into an upper-trap pull
Keep the shoulders away from the ears and restart.
❌ Yank the handles without moving the elbows
If position breaks, cut the load.
❌ Loading unequal plates
Match both sides, then confirm with a light set.

💡 MACHINE FIT PRO TIP
🔥 The chest pad exists to kill momentum. Stay glued to it and move only through the elbows.

🎯 MACHINE FIT CHECK
🟢 Seat/pad → fitted
🟢 Chest → glued to pad
🟢 Plates → matched
🟢 Return → 2–3 sec control

### 🔥 Remember this

""Chest on the pad, elbows back, one-second squeeze."""
WATSON,T바 로우 머신,T-Bar Row,PL T-Bar Row,VERIFIED,Watson Gym Equipment,Plate Loaded,https://watsongym.co.uk/product/plate-load-t-bar-row/,Watson PL T-Bar Row. 스탠딩 T바 로우 머신입니다,"스탠스, 가슴/핸드 그립, 플레이트","🏋️ WATSON — PL T-Bar Row · Plate Loaded

🎯 ONE KEY CUE
🔥 ""힙을 고정하고 팔꿈치로 T바를 몸통으로 당기기""

Watson PL T-Bar Row. 스탠딩 T바 로우 머신. 플레이트 로딩 구조입니다. 처음부터 무게 올리지 말고, 세팅부터 잡으세요.

⚙️ ① 기구 세팅
🤲 그립 / 손 위치
핸드 그립를 편안한 너비로 잡으세요. 손목이 꺾이지 않게 합니다.
⚙️ 조절 포인트
스탠스, 가슴/핸드 그립, 플레이트를 확인하세요. 양쪽 플레이트를 동일하게 맞추고, 한쪽만 먼저 올리지 마세요.

💪 ② 시작 자세
가슴을 세우고 어깨를 귀에서 멀리 둡니다. 팔보다 등부터 준비합니다.
이 자세에서 이것만 확인하세요.
👉 어깨가 귀 쪽으로 올라가지 않는지

🔥 ③ 운동 방법
바를 몸통으로 당겼다 천천히 뻗기.
손잡이를 당긴다고 생각하지 말고, 팔꿈치를 목표 지점으로 보내세요.

💥 ④ 최고 수축
팔꿈치가 목표에 도착해 등이 조여지는 지점에서 멈춥니다.
⏱️ 1초 STOP
튕기지 말고 그 지점에서 1초만 소유하세요. 무게를 놓는 순간이 아닙니다.

🐌 ⑤ 천천히 돌아오기
중량을 그냥 놓지 마세요.
2~3초 동안 통제하면서 복귀합니다.
팔이 펴질 때까지 등을 놓지 말고, 어깨가 앞으로 말리지 않게 버팁니다.

❌ 흔한 실수
❌ 허리를 과도하게 신전하며 반동으로 당기는
템포를 늦추고 같은 궤적만 반복하세요.
❌ 몸을 뒤로 젖혀 반동으로 당기는 것
템포를 늦추고 같은 궤적만 반복하세요.
❌ 어깨를 으쓱하며 승모근만 쓰는 것
어깨를 귀에서 멀리 두고 다시 시작하세요.
❌ 손잡이만 당기고 팔꿈치는 안 움직이는 것
자세가 무너지면 무게를 낮추세요.
❌ 양쪽 플레이트 무게를 다르게 올리는 것
양쪽을 맞춘 뒤 가벼운 세트로 좌우를 확인하세요.

💡 MACHINE FIT PRO TIP
🔥 PL T-Bar Row은 플레이트 로딩입니다. 좌우 원판을 동일하게 맞추고, 첫 세트는 궤적·좌우 대칭만 확인한 다음 무게를 올리세요.

🎯 MACHINE FIT CHECK
🟢 시트/패드 → 몸에 맞춤
🟢 팔꿈치 → 당김 방향
🟢 원판 → 좌우 동일
🟢 복귀 → 2~3초 통제

### 🔥 이것만 기억하세요

""힙을 고정하고 팔꿈치로 T바를 몸통으로 당기기. 끝에서 1초, 복귀는 통제.""","🏋️ WATSON — PL T-Bar Row · Plate Loaded

🎯 ONE KEY CUE
🔥 ""Brace the hips and pull the T-bar to the torso with the elbows""

Watson PL T-Bar Row. 스탠딩 T바 로우 머신입니다 Lean into the plate-loaded design. Do not chase load until the setup feels locked in.

⚙️ ① Setup
🤲 Grip / hands
Take a comfortable grip width and keep the wrists stacked, not bent.
⚙️ Adjustments
Check 스탠스, 가슴/핸드 그립, 플레이트. Match plates on both sides — do not load one arm first.

💪 ② Start position
Lift the chest and keep the shoulders away from the ears. Prepare the back before the arms.
Check only this:
👉 Shoulders not shrugged

🔥 ③ Execution
Do not think “pull the handle.” Drive the elbows to the target.
Drive the elbows back/down on the row or pulldown path, then lengthen slowly.

💥 ④ Peak contraction
Stop where the elbows arrive and the back is squeezed.
⏱️ 1-second STOP
Own that position for one second. This is not where you dump the weight.

🐌 ⑤ Controlled return
Do not dump the load.
Take 2–3 seconds on the way back.
Keep the back set as the arms lengthen — do not let the shoulders dump forward.

❌ Common mistakes
❌ Leaning back for momentum
Slow the tempo and repeat one clean path.
❌ Shrugging and turning it into an upper-trap pull
Keep the shoulders away from the ears and restart.
❌ Yank the handles without moving the elbows
If position breaks, cut the load.
❌ Loading unequal plates
Match both sides, then confirm with a light set.

💡 MACHINE FIT PRO TIP
🔥 PL T-Bar Row is plate-loaded. Match plates, confirm path and left-right symmetry on set one, then add load.

🎯 MACHINE FIT CHECK
🟢 Seat/pad → fitted
🟢 Elbows → pull direction
🟢 Plates → matched
🟢 Return → 2–3 sec control

### 🔥 Remember this

""Brace the hips and pull the T-bar to the torso with the elbows. One-second peak, controlled return."""
WATSON,풀오버,Pullover,PL Independent Pullover,VERIFIED,Watson Gym Equipment,Plate Loaded,https://watsongym.co.uk/product/plate-load-independent-pullover/,Watson PL Independent Pullover. 독립 암 풀오버입니다,"시트, 암 시작, 플레이트","🏋️ WATSON — PL Independent Pullover · Plate Loaded

🎯 ONE KEY CUE
🔥 ""갈비뼈를 내린 채 손잡이를 호를 그리며 내리기""

Watson PL Independent Pullover. 독립 암 풀오버. 좌우가 독립으로 움직이는 · 플레이트 로딩 구조입니다. 처음부터 무게 올리지 말고, 세팅부터 잡으세요.

⚙️ ① 기구 세팅
🪑 좌석 / 패드
가슴/등 패드에 몸을 안정적으로 붙이세요. 패드에서 몸이 들리면 반동이 들어갑니다.
🤲 그립 / 손 위치
양손잡이 높이가 좌우 같은지 먼저 보세요. 독립 암이라 한쪽만 어긋나도 바로 느껴집니다.
⚙️ 조절 포인트
시트, 암 시작, 플레이트를 확인하세요. 양쪽 플레이트를 동일하게 맞추고, 한쪽만 먼저 올리지 마세요. 좌우 시작 위치가 같은지도 같이 봅니다.

💪 ② 시작 자세
가슴을 세우고 어깨를 귀에서 멀리 둡니다. 팔보다 등부터 준비합니다.
좌우가 같은 높이에서 시작하는지 한 번 더 보세요.
이 자세에서 이것만 확인하세요.
👉 어깨가 귀 쪽으로 올라가지 않는지

🔥 ③ 운동 방법
팔을 큰 호로 내렸다 머리 위로 복귀.
양쪽을 같은 속도로 움직이세요. 한쪽이 먼저 끝나면 무게를 더 올리기 전에 밸런스부터 잡습니다.

💥 ④ 최고 수축
팔꿈치가 목표에 도착해 등이 조여지는 지점에서 멈춥니다.
⏱️ 1초 STOP
튕기지 말고 그 지점에서 1초만 소유하세요. 무게를 놓는 순간이 아닙니다.

🐌 ⑤ 천천히 돌아오기
중량을 그냥 놓지 마세요.
2~3초 동안 통제하면서 복귀합니다.
팔이 펴질 때까지 등을 놓지 말고, 어깨가 앞으로 말리지 않게 버팁니다.

❌ 흔한 실수
❌ 허리를 과신전하며 어깨만으로 내리는
자세가 무너지면 무게를 낮추세요.
❌ 몸을 뒤로 젖혀 반동으로 당기는 것
템포를 늦추고 같은 궤적만 반복하세요.
❌ 어깨를 으쓱하며 승모근만 쓰는 것
어깨를 귀에서 멀리 두고 다시 시작하세요.
❌ 손잡이만 당기고 팔꿈치는 안 움직이는 것
자세가 무너지면 무게를 낮추세요.
❌ 한쪽만 먼저 끝내고 반대쪽을 따라가게 하는 것
약한 쪽 속도에 강한 쪽을 맞추세요.

💡 MACHINE FIT PRO TIP
🔥 이 기구는 좌우 암이 독립적으로 움직이는 게 장점입니다. 무게를 올리기 전에 양쪽이 같은 속도로 가는지 확인하세요. 한쪽이 먼저 끝까지 가 버리면 중량보다 밸런스가 먼저입니다.

🎯 MACHINE FIT CHECK
🟢 시트/패드 → 몸에 맞춤
🟢 팔꿈치 → 당김 방향
🟢 좌우 → 같은 속도
🟢 복귀 → 2~3초 통제

### 🔥 이것만 기억하세요

""좌우 같은 속도, 끝에서 1초, 복귀는 통제.""","🏋️ WATSON — PL Independent Pullover · Plate Loaded

🎯 ONE KEY CUE
🔥 ""Keep the ribs down and arc the handles downward""

Watson PL Independent Pullover. 독립 암 풀오버입니다 Lean into the independent arms / plate-loaded design. Do not chase load until the setup feels locked in.

⚙️ ① Setup
🪑 Seat / pads
Pin yourself to the chest/back pad. If you lift off the pad, you are cheating with momentum.
🤲 Grip / hands
Match left and right handle height first — independent arms expose any mismatch immediately.
⚙️ Adjustments
Check 시트, 암 시작, 플레이트. Match plates on both sides — do not load one arm first. Confirm both sides start from the same position.

💪 ② Start position
Lift the chest and keep the shoulders away from the ears. Prepare the back before the arms.
Double-check both sides start at the same height.
Check only this:
👉 Shoulders not shrugged

🔥 ③ Execution
Match left-right speed. If one side finishes early, fix balance before adding load.
Drive the elbows back/down on the row or pulldown path, then lengthen slowly. Keep both sides honest.

💥 ④ Peak contraction
Stop where the elbows arrive and the back is squeezed.
⏱️ 1-second STOP
Own that position for one second. This is not where you dump the weight.

🐌 ⑤ Controlled return
Do not dump the load.
Take 2–3 seconds on the way back.
Keep the back set as the arms lengthen — do not let the shoulders dump forward.

❌ Common mistakes
❌ Leaning back for momentum
Slow the tempo and repeat one clean path.
❌ Shrugging and turning it into an upper-trap pull
Keep the shoulders away from the ears and restart.
❌ Yank the handles without moving the elbows
If position breaks, cut the load.
❌ Letting one side finish early
Match the stronger side to the weaker side’s speed.
❌ Loading unequal plates
Match both sides, then confirm with a light set.

💡 MACHINE FIT PRO TIP
🔥 Independent arms are the point. Before you load up, confirm both sides move at the same speed. If one side finishes early, fix balance before adding plates or pins.

🎯 MACHINE FIT CHECK
🟢 Seat/pad → fitted
🟢 Elbows → pull direction
🟢 Left/right → same speed
🟢 Return → 2–3 sec control

### 🔥 Remember this

""Match sides, one-second peak, controlled return."""
WATSON,어시스트 풀업 / 친업,Assisted Pull-up / Chin-up,SS Assisted Chin / Dip,VERIFIED,Watson Gym Equipment,Single Stack,https://watsongym.co.uk/product/assisted-chin-dip/,SS Assisted Chin / Dip의 친업/풀업 모드입니다,"니패드/어시스트 중량, 그립, 스택 핀","🏋️ WATSON — SS Assisted Chin / Dip · Single Stack

🎯 ONE KEY CUE
🔥 ""가슴을 들고 팔꿈치로 몸을 바 쪽으로 당기기""

SS Assisted Chin / Dip의 친업/풀업 모드. 왓슨 Plate Loaded·Animal 궤적을 그대로 타는 게 핵심입니다. 처음부터 무게 올리지 말고, 세팅부터 잡으세요.

⚙️ ① 기구 세팅
🪑 좌석 / 패드
가슴/등 패드에 몸을 안정적으로 붙이세요. 패드에서 몸이 들리면 반동이 들어갑니다.
🤲 그립 / 손 위치
그립를 편안한 너비로 잡으세요. 손목이 꺾이지 않게 합니다.
⚙️ 조절 포인트
니패드/어시스트 중량, 그립, 스택 핀을 확인하세요.

💪 ② 시작 자세
가슴을 세우고 어깨를 귀에서 멀리 둡니다. 팔보다 등부터 준비합니다.
이 자세에서 이것만 확인하세요.
👉 어깨가 귀 쪽으로 올라가지 않는지

🔥 ③ 운동 방법
몸을 끌어올린 뒤 천천히 하강.
손잡이를 당긴다고 생각하지 말고, 팔꿈치를 목표 지점으로 보내세요.

💥 ④ 최고 수축
팔꿈치가 목표에 도착해 등이 조여지는 지점에서 멈춥니다.
⏱️ 1초 STOP
튕기지 말고 그 지점에서 1초만 소유하세요. 무게를 놓는 순간이 아닙니다.

🐌 ⑤ 천천히 돌아오기
중량을 그냥 놓지 마세요.
2~3초 동안 통제하면서 복귀합니다.
팔이 펴질 때까지 등을 놓지 말고, 어깨가 앞으로 말리지 않게 버팁니다.

❌ 흔한 실수
❌ 반동으로 몸을 흔들어 올라가는
템포를 늦추고 같은 궤적만 반복하세요.
❌ 몸을 뒤로 젖혀 반동으로 당기는 것
템포를 늦추고 같은 궤적만 반복하세요.
❌ 어깨를 으쓱하며 승모근만 쓰는 것
어깨를 귀에서 멀리 두고 다시 시작하세요.
❌ 손잡이만 당기고 팔꿈치는 안 움직이는 것
자세가 무너지면 무게를 낮추세요.

💡 MACHINE FIT PRO TIP
🔥 SS Assisted Chin / Dip의 가이드 궤적을 이용하세요. 첫 2세트는 천천히, 대칭이 확인된 뒤에만 무게를 올립니다.

🎯 MACHINE FIT CHECK
🟢 시트/패드 → 몸에 맞춤
🟢 팔꿈치 → 당김 방향
🟢 어깨 → 으쓱하지 않기
🟢 복귀 → 2~3초 통제

### 🔥 이것만 기억하세요

""가슴을 들고 팔꿈치로 몸을 바 쪽으로 당기기. 끝에서 1초, 복귀는 통제.""","🏋️ WATSON — SS Assisted Chin / Dip · Single Stack

🎯 ONE KEY CUE
🔥 ""Lift the chest and pull the body toward the bar with the elbows""

SS Assisted Chin / Dip의 친업/풀업 모드입니다 Ride the Watson Plate Loaded / Animal path instead of fighting it. Do not chase load until the setup feels locked in.

⚙️ ① Setup
🪑 Seat / pads
Pin yourself to the chest/back pad. If you lift off the pad, you are cheating with momentum.
🤲 Grip / hands
Take a comfortable grip width and keep the wrists stacked, not bent.
⚙️ Adjustments
Check 니패드/어시스트 중량, 그립, 스택 핀.

💪 ② Start position
Lift the chest and keep the shoulders away from the ears. Prepare the back before the arms.
Check only this:
👉 Shoulders not shrugged

🔥 ③ Execution
Do not think “pull the handle.” Drive the elbows to the target.
Drive the elbows back/down on the row or pulldown path, then lengthen slowly.

💥 ④ Peak contraction
Stop where the elbows arrive and the back is squeezed.
⏱️ 1-second STOP
Own that position for one second. This is not where you dump the weight.

🐌 ⑤ Controlled return
Do not dump the load.
Take 2–3 seconds on the way back.
Keep the back set as the arms lengthen — do not let the shoulders dump forward.

❌ Common mistakes
❌ Leaning back for momentum
Slow the tempo and repeat one clean path.
❌ Shrugging and turning it into an upper-trap pull
Keep the shoulders away from the ears and restart.
❌ Yank the handles without moving the elbows
If position breaks, cut the load.

💡 MACHINE FIT PRO TIP
🔥 Use the guided path on SS Assisted Chin / Dip. Slow the first two sets, confirm symmetry, then add load.

🎯 MACHINE FIT CHECK
🟢 Seat/pad → fitted
🟢 Elbows → pull direction
🟢 Shoulders → not shrugged
🟢 Return → 2–3 sec control

### 🔥 Remember this

""Lift the chest and pull the body toward the bar with the elbows. One-second peak, controlled return."""
WATSON,숄더 프레스,Shoulder Press,PL Shoulder Press,VERIFIED,Watson Gym Equipment,Plate Loaded,https://watsongym.co.uk/product/plate-load-shoulder-press/,Watson PL Shoulder Press. 플레이트로드 오버헤드 숄더 프레스입니다,"시트, 시작 위치, 그립, 플레이트","🏋️ WATSON — PL Shoulder Press · Plate Loaded

🎯 ONE KEY CUE
🔥 ""갈비뼈를 고정하고 손잡이를 수직으로 밀어 올리기""

Watson PL Shoulder Press. 플레이트로드 오버헤드 숄더 프레스. 플레이트 로딩 구조입니다. 처음부터 무게 올리지 말고, 세팅부터 잡으세요.

⚙️ ① 기구 세팅
🪑 좌석 / 패드
시트를 몸에 맞추세요. 시작 위치가 어깨·관절에 자연스럽게 오는지 확인합니다.
🤲 그립 / 손 위치
그립를 편안한 너비로 잡으세요. 손목이 꺾이지 않게 합니다.
⚙️ 조절 포인트
시트, 시작 위치, 그립, 플레이트를 확인하세요. 양쪽 플레이트를 동일하게 맞추고, 한쪽만 먼저 올리지 마세요.

💪 ② 시작 자세
갈비뼈를 내리고 허리를 과하게 아치하지 않습니다. 팔꿈치를 시작 궤적에 올립니다.
이 자세에서 이것만 확인하세요.
👉 허리가 과하게 꺾이지 않는지

🔥 ③ 운동 방법
손잡이를 위로 밀었다 천천히 내리기.
반동으로 올리지 마세요. 팔꿈치가 궤적을 주도하게 둡니다.

💥 ④ 최고 수축
목표 근육이 가장 조여지는 끝 지점에서 멈춥니다.
⏱️ 1초 STOP
튕기지 말고 그 지점에서 1초만 소유하세요. 무게를 놓는 순간이 아닙니다.

🐌 ⑤ 천천히 돌아오기
중량을 그냥 놓지 마세요.
2~3초 동안 통제하면서 복귀합니다.
시작 자세로 돌아갈 때도 같은 궤적을 유지하세요.

❌ 흔한 실수
❌ 허리를 과하게 젖혀 전면 삼각만 쓰는
자세가 무너지면 무게를 낮추세요.
❌ 허리를 꺾어 프레스하는 것
자세가 무너지면 무게를 낮추세요.
❌ 어깨를 귀 쪽으로 으쓱하는 것
어깨를 귀에서 멀리 두고 다시 시작하세요.
❌ 반동으로 들어 올리는 것
템포를 늦추고 같은 궤적만 반복하세요.
❌ 양쪽 플레이트 무게를 다르게 올리는 것
양쪽을 맞춘 뒤 가벼운 세트로 좌우를 확인하세요.

💡 MACHINE FIT PRO TIP
🔥 PL Shoulder Press은 플레이트 로딩입니다. 좌우 원판을 동일하게 맞추고, 첫 세트는 궤적·좌우 대칭만 확인한 다음 무게를 올리세요.

🎯 MACHINE FIT CHECK
🟢 시트/패드 → 몸에 맞춤
🟢 팔꿈치 → 미는/드는 방향
🟢 원판 → 좌우 동일
🟢 복귀 → 2~3초 통제

### 🔥 이것만 기억하세요

""갈비뼈를 고정하고 손잡이를 수직으로 밀어 올리기. 끝에서 1초, 복귀는 통제.""","🏋️ WATSON — PL Shoulder Press · Plate Loaded

🎯 ONE KEY CUE
🔥 ""Brace the ribs and press the handles straight overhead""

Watson PL Shoulder Press. 플레이트로드 오버헤드 숄더 프레스입니다 Lean into the plate-loaded design. Do not chase load until the setup feels locked in.

⚙️ ① Setup
🪑 Seat / pads
Fit the seat to your body so the start position sits naturally on the working joint.
🤲 Grip / hands
Take a comfortable grip width and keep the wrists stacked, not bent.
⚙️ Adjustments
Check 시트, 시작 위치, 그립, 플레이트. Match plates on both sides — do not load one arm first.

💪 ② Start position
Drop the ribs — do not over-arch. Set the elbows on the press path.
Check only this:
👉 Low back not over-arched

🔥 ③ Execution
No bounce. Let the elbows own the path.
Press or raise on the guided path, then lower without dumping the shoulders.

💥 ④ Peak contraction
Stop where the target muscle is most shortened.
⏱️ 1-second STOP
Own that position for one second. This is not where you dump the weight.

🐌 ⑤ Controlled return
Do not dump the load.
Take 2–3 seconds on the way back.
Return on the same path you pressed or pulled.

❌ Common mistakes
❌ Pressing with an over-arched low back
If position breaks, cut the load.
❌ Shrugging the shoulders into the ears
Keep the shoulders away from the ears and restart.
❌ Bouncing the weight up
Slow the tempo and repeat one clean path.
❌ Loading unequal plates
Match both sides, then confirm with a light set.

💡 MACHINE FIT PRO TIP
🔥 PL Shoulder Press is plate-loaded. Match plates, confirm path and left-right symmetry on set one, then add load.

🎯 MACHINE FIT CHECK
🟢 Seat/pad → fitted
🟢 Elbows → press/raise direction
🟢 Plates → matched
🟢 Return → 2–3 sec control

### 🔥 Remember this

""Brace the ribs and press the handles straight overhead. One-second peak, controlled return."""
WATSON,아이소래터럴 숄더 프레스,Iso-Lateral Shoulder Press,PL Free Motion Shoulder Press,VERIFIED,Watson Gym Equipment,Plate Loaded,https://watsongym.co.uk/product/plate-load-free-motion-shoulder-press/,PL Free Motion Shoulder Press. 프리모션 독립 암 숄더 프레스입니다,"시트, 좌·우 시작, 그립, 플레이트","🏋️ WATSON — PL Free Motion Shoulder Press · Plate Loaded

🎯 ONE KEY CUE
🔥 ""좌우를 같은 높이로 밀어 올리며 균형 확인""

PL Free Motion Shoulder Press. 프리모션 독립 암 숄더 프레스. 좌우가 독립으로 움직이는 · 플레이트 로딩 구조입니다. 처음부터 무게 올리지 말고, 세팅부터 잡으세요.

⚙️ ① 기구 세팅
🪑 좌석 / 패드
시트를 몸에 맞추세요. 시작 위치가 어깨·관절에 자연스럽게 오는지 확인합니다.
🤲 그립 / 손 위치
양손잡이 높이가 좌우 같은지 먼저 보세요. 독립 암이라 한쪽만 어긋나도 바로 느껴집니다.
⚙️ 조절 포인트
시트, 좌·우 시작, 그립, 플레이트를 확인하세요. 양쪽 플레이트를 동일하게 맞추고, 한쪽만 먼저 올리지 마세요. 좌우 시작 위치가 같은지도 같이 봅니다.

💪 ② 시작 자세
갈비뼈를 내리고 허리를 과하게 아치하지 않습니다. 팔꿈치를 시작 궤적에 올립니다.
좌우가 같은 높이에서 시작하는지 한 번 더 보세요.
이 자세에서 이것만 확인하세요.
👉 허리가 과하게 꺾이지 않는지

🔥 ③ 운동 방법
각 팔을 독립적으로 밀어 올렸다 복귀.
양쪽을 같은 속도로 움직이세요. 한쪽이 먼저 끝나면 무게를 더 올리기 전에 밸런스부터 잡습니다.

💥 ④ 최고 수축
목표 근육이 가장 조여지는 끝 지점에서 멈춥니다.
⏱️ 1초 STOP
튕기지 말고 그 지점에서 1초만 소유하세요. 무게를 놓는 순간이 아닙니다.

🐌 ⑤ 천천히 돌아오기
중량을 그냥 놓지 마세요.
2~3초 동안 통제하면서 복귀합니다.
시작 자세로 돌아갈 때도 같은 궤적을 유지하세요.

❌ 흔한 실수
❌ 한쪽만 먼저 올려 몸이 기울어지는
약한 쪽 속도에 강한 쪽을 맞추세요.
❌ 허리를 꺾어 프레스하는 것
자세가 무너지면 무게를 낮추세요.
❌ 어깨를 귀 쪽으로 으쓱하는 것
어깨를 귀에서 멀리 두고 다시 시작하세요.
❌ 반동으로 들어 올리는 것
템포를 늦추고 같은 궤적만 반복하세요.
❌ 한쪽만 먼저 끝내고 반대쪽을 따라가게 하는 것
약한 쪽 속도에 강한 쪽을 맞추세요.

💡 MACHINE FIT PRO TIP
🔥 이 기구는 좌우 암이 독립적으로 움직이는 게 장점입니다. 무게를 올리기 전에 양쪽이 같은 속도로 가는지 확인하세요. 한쪽이 먼저 끝까지 가 버리면 중량보다 밸런스가 먼저입니다.

🎯 MACHINE FIT CHECK
🟢 시트/패드 → 몸에 맞춤
🟢 팔꿈치 → 미는/드는 방향
🟢 좌우 → 같은 속도
🟢 복귀 → 2~3초 통제

### 🔥 이것만 기억하세요

""좌우 같은 속도, 끝에서 1초, 복귀는 통제.""","🏋️ WATSON — PL Free Motion Shoulder Press · Plate Loaded

🎯 ONE KEY CUE
🔥 ""Press both sides to the same height and check balance""

PL Free Motion Shoulder Press. 프리모션 독립 암 숄더 프레스입니다 Lean into the independent arms / plate-loaded design. Do not chase load until the setup feels locked in.

⚙️ ① Setup
🪑 Seat / pads
Fit the seat to your body so the start position sits naturally on the working joint.
🤲 Grip / hands
Match left and right handle height first — independent arms expose any mismatch immediately.
⚙️ Adjustments
Check 시트, 좌·우 시작, 그립, 플레이트. Match plates on both sides — do not load one arm first. Confirm both sides start from the same position.

💪 ② Start position
Drop the ribs — do not over-arch. Set the elbows on the press path.
Double-check both sides start at the same height.
Check only this:
👉 Low back not over-arched

🔥 ③ Execution
Match left-right speed. If one side finishes early, fix balance before adding load.
Press or raise on the guided path, then lower without dumping the shoulders. Keep both sides honest.

💥 ④ Peak contraction
Stop where the target muscle is most shortened.
⏱️ 1-second STOP
Own that position for one second. This is not where you dump the weight.

🐌 ⑤ Controlled return
Do not dump the load.
Take 2–3 seconds on the way back.
Return on the same path you pressed or pulled.

❌ Common mistakes
❌ Pressing with an over-arched low back
If position breaks, cut the load.
❌ Shrugging the shoulders into the ears
Keep the shoulders away from the ears and restart.
❌ Bouncing the weight up
Slow the tempo and repeat one clean path.
❌ Letting one side finish early
Match the stronger side to the weaker side’s speed.
❌ Loading unequal plates
Match both sides, then confirm with a light set.

💡 MACHINE FIT PRO TIP
🔥 Independent arms are the point. Before you load up, confirm both sides move at the same speed. If one side finishes early, fix balance before adding plates or pins.

🎯 MACHINE FIT CHECK
🟢 Seat/pad → fitted
🟢 Elbows → press/raise direction
🟢 Left/right → same speed
🟢 Return → 2–3 sec control

### 🔥 Remember this

""Match sides, one-second peak, controlled return."""
WATSON,플레이트로드 숄더 프레스,Plate-Loaded Shoulder Press,PL Shoulder Press,VERIFIED,Watson Gym Equipment,Plate Loaded,https://watsongym.co.uk/product/plate-load-shoulder-press/,Watson PL Shoulder Press — 플레이트로드 숄더 프레스입니다,"시트, 시작 위치, 양쪽 플레이트","🏋️ WATSON — PL Shoulder Press · Plate Loaded

🎯 ONE KEY CUE
🔥 ""양쪽 중량을 맞추고 귀 옆으로 밀어 올리기""

Watson PL Shoulder Press — 플레이트로드 숄더 프레스. 플레이트 로딩 구조입니다. 처음부터 무게 올리지 말고, 세팅부터 잡으세요.

⚙️ ① 기구 세팅
🪑 좌석 / 패드
시트를 몸에 맞추세요. 시작 위치가 어깨·관절에 자연스럽게 오는지 확인합니다.
🤲 그립 / 손 위치
손잡이를 편안한 너비로 잡으세요. 손목이 꺾이지 않게 합니다.
⚙️ 조절 포인트
시트, 시작 위치, 양쪽 플레이트를 확인하세요. 양쪽 플레이트를 동일하게 맞추고, 한쪽만 먼저 올리지 마세요.

💪 ② 시작 자세
갈비뼈를 내리고 허리를 과하게 아치하지 않습니다. 팔꿈치를 시작 궤적에 올립니다.
이 자세에서 이것만 확인하세요.
👉 허리가 과하게 꺾이지 않는지

🔥 ③ 운동 방법
손잡이를 위로 밀었다 통제하며 하강.
반동으로 올리지 마세요. 팔꿈치가 궤적을 주도하게 둡니다.

💥 ④ 최고 수축
목표 근육이 가장 조여지는 끝 지점에서 멈춥니다.
⏱️ 1초 STOP
튕기지 말고 그 지점에서 1초만 소유하세요. 무게를 놓는 순간이 아닙니다.

🐌 ⑤ 천천히 돌아오기
중량을 그냥 놓지 마세요.
2~3초 동안 통제하면서 복귀합니다.
시작 자세로 돌아갈 때도 같은 궤적을 유지하세요.

❌ 흔한 실수
❌ 반동으로 다리를 차며 올리는
템포를 늦추고 같은 궤적만 반복하세요.
❌ 허리를 꺾어 프레스하는 것
자세가 무너지면 무게를 낮추세요.
❌ 어깨를 귀 쪽으로 으쓱하는 것
어깨를 귀에서 멀리 두고 다시 시작하세요.
❌ 반동으로 들어 올리는 것
템포를 늦추고 같은 궤적만 반복하세요.
❌ 양쪽 플레이트 무게를 다르게 올리는 것
양쪽을 맞춘 뒤 가벼운 세트로 좌우를 확인하세요.

💡 MACHINE FIT PRO TIP
🔥 PL Shoulder Press은 플레이트 로딩입니다. 좌우 원판을 동일하게 맞추고, 첫 세트는 궤적·좌우 대칭만 확인한 다음 무게를 올리세요.

🎯 MACHINE FIT CHECK
🟢 시트/패드 → 몸에 맞춤
🟢 팔꿈치 → 미는/드는 방향
🟢 원판 → 좌우 동일
🟢 복귀 → 2~3초 통제

### 🔥 이것만 기억하세요

""양쪽 중량을 맞추고 귀 옆으로 밀어 올리기. 끝에서 1초, 복귀는 통제.""","🏋️ WATSON — PL Shoulder Press · Plate Loaded

🎯 ONE KEY CUE
🔥 ""Match plates and press beside the ears overhead""

Watson PL Shoulder Press — 플레이트로드 숄더 프레스입니다 Lean into the plate-loaded design. Do not chase load until the setup feels locked in.

⚙️ ① Setup
🪑 Seat / pads
Fit the seat to your body so the start position sits naturally on the working joint.
🤲 Grip / hands
Take a comfortable grip width and keep the wrists stacked, not bent.
⚙️ Adjustments
Check 시트, 시작 위치, 양쪽 플레이트. Match plates on both sides — do not load one arm first.

💪 ② Start position
Drop the ribs — do not over-arch. Set the elbows on the press path.
Check only this:
👉 Low back not over-arched

🔥 ③ Execution
No bounce. Let the elbows own the path.
Press or raise on the guided path, then lower without dumping the shoulders.

💥 ④ Peak contraction
Stop where the target muscle is most shortened.
⏱️ 1-second STOP
Own that position for one second. This is not where you dump the weight.

🐌 ⑤ Controlled return
Do not dump the load.
Take 2–3 seconds on the way back.
Return on the same path you pressed or pulled.

❌ Common mistakes
❌ Pressing with an over-arched low back
If position breaks, cut the load.
❌ Shrugging the shoulders into the ears
Keep the shoulders away from the ears and restart.
❌ Bouncing the weight up
Slow the tempo and repeat one clean path.
❌ Loading unequal plates
Match both sides, then confirm with a light set.

💡 MACHINE FIT PRO TIP
🔥 PL Shoulder Press is plate-loaded. Match plates, confirm path and left-right symmetry on set one, then add load.

🎯 MACHINE FIT CHECK
🟢 Seat/pad → fitted
🟢 Elbows → press/raise direction
🟢 Plates → matched
🟢 Return → 2–3 sec control

### 🔥 Remember this

""Match plates and press beside the ears overhead. One-second peak, controlled return."""
WATSON,레터럴 레이즈,Lateral Raise,PL Standing Lateral Raise,VERIFIED,Watson Gym Equipment,Plate Loaded,https://watsongym.co.uk/product/plate-load-standing-lateral-raise/,Watson PL Standing Lateral Raise. 스탠딩 레터럴 레이즈입니다,"스탠스, 암 시작, 플레이트","🏋️ WATSON — PL Standing Lateral Raise · Plate Loaded

🎯 ONE KEY CUE
🔥 ""팔꿈치를 살짝 굽힌 채 측면으로 들어 올리기""

Watson PL Standing Lateral Raise. 스탠딩 레터럴 레이즈. 플레이트 로딩 구조입니다. 처음부터 무게 올리지 말고, 세팅부터 잡으세요.

⚙️ ① 기구 세팅
🤲 그립 / 손 위치
손잡이를 편안한 너비로 잡으세요. 손목이 꺾이지 않게 합니다.
⚙️ 조절 포인트
스탠스, 암 시작, 플레이트를 확인하세요. 양쪽 플레이트를 동일하게 맞추고, 한쪽만 먼저 올리지 마세요.

💪 ② 시작 자세
갈비뼈를 내리고 허리를 과하게 아치하지 않습니다. 팔꿈치를 시작 궤적에 올립니다.
이 자세에서 이것만 확인하세요.
👉 허리가 과하게 꺾이지 않는지

🔥 ③ 운동 방법
팔을 옆으로 들어 올렸다 천천히 내리기.
반동으로 올리지 마세요. 팔꿈치가 궤적을 주도하게 둡니다.

💥 ④ 최고 수축
목표 근육이 가장 조여지는 끝 지점에서 멈춥니다.
⏱️ 1초 STOP
튕기지 말고 그 지점에서 1초만 소유하세요. 무게를 놓는 순간이 아닙니다.

🐌 ⑤ 천천히 돌아오기
중량을 그냥 놓지 마세요.
2~3초 동안 통제하면서 복귀합니다.
시작 자세로 돌아갈 때도 같은 궤적을 유지하세요.

❌ 흔한 실수
❌ 승모로 으쓱하며 손만 올리는
어깨를 귀에서 멀리 두고 다시 시작하세요.
❌ 허리를 꺾어 프레스하는 것
자세가 무너지면 무게를 낮추세요.
❌ 어깨를 귀 쪽으로 으쓱하는 것
어깨를 귀에서 멀리 두고 다시 시작하세요.
❌ 반동으로 들어 올리는 것
템포를 늦추고 같은 궤적만 반복하세요.
❌ 양쪽 플레이트 무게를 다르게 올리는 것
양쪽을 맞춘 뒤 가벼운 세트로 좌우를 확인하세요.

💡 MACHINE FIT PRO TIP
🔥 PL Standing Lateral Raise은 플레이트 로딩입니다. 좌우 원판을 동일하게 맞추고, 첫 세트는 궤적·좌우 대칭만 확인한 다음 무게를 올리세요.

🎯 MACHINE FIT CHECK
🟢 시트/패드 → 몸에 맞춤
🟢 팔꿈치 → 미는/드는 방향
🟢 원판 → 좌우 동일
🟢 복귀 → 2~3초 통제

### 🔥 이것만 기억하세요

""팔꿈치를 살짝 굽힌 채 측면으로 들어 올리기. 끝에서 1초, 복귀는 통제.""","🏋️ WATSON — PL Standing Lateral Raise · Plate Loaded

🎯 ONE KEY CUE
🔥 ""With soft elbows, raise the arms out to the sides""

Watson PL Standing Lateral Raise. 스탠딩 레터럴 레이즈입니다 Lean into the plate-loaded design. Do not chase load until the setup feels locked in.

⚙️ ① Setup
🤲 Grip / hands
Take a comfortable grip width and keep the wrists stacked, not bent.
⚙️ Adjustments
Check 스탠스, 암 시작, 플레이트. Match plates on both sides — do not load one arm first.

💪 ② Start position
Drop the ribs — do not over-arch. Set the elbows on the press path.
Check only this:
👉 Low back not over-arched

🔥 ③ Execution
No bounce. Let the elbows own the path.
Press or raise on the guided path, then lower without dumping the shoulders.

💥 ④ Peak contraction
Stop where the target muscle is most shortened.
⏱️ 1-second STOP
Own that position for one second. This is not where you dump the weight.

🐌 ⑤ Controlled return
Do not dump the load.
Take 2–3 seconds on the way back.
Return on the same path you pressed or pulled.

❌ Common mistakes
❌ Pressing with an over-arched low back
If position breaks, cut the load.
❌ Shrugging the shoulders into the ears
Keep the shoulders away from the ears and restart.
❌ Bouncing the weight up
Slow the tempo and repeat one clean path.
❌ Loading unequal plates
Match both sides, then confirm with a light set.

💡 MACHINE FIT PRO TIP
🔥 PL Standing Lateral Raise is plate-loaded. Match plates, confirm path and left-right symmetry on set one, then add load.

🎯 MACHINE FIT CHECK
🟢 Seat/pad → fitted
🟢 Elbows → press/raise direction
🟢 Plates → matched
🟢 Return → 2–3 sec control

### 🔥 Remember this

""With soft elbows, raise the arms out to the sides. One-second peak, controlled return."""
WATSON,머신 레터럴 레이즈,Machine Lateral Raise,SS Standing Lateral Raise,VERIFIED,Watson Gym Equipment,Single Stack,https://watsongym.co.uk/product/single-stack-standing-lateral-raise/,SS Standing Lateral Raise 및 SS Seated Lateral Raise가 머신 레터럴입니다,"시트/스탠스, 암 패드, 스택 핀","🏋️ WATSON — SS Standing Lateral Raise · Single Stack

🎯 ONE KEY CUE
🔥 ""측면 삼각으로만 패드를 들어 올리기""

SS Standing Lateral Raise 및 SS Seated Lateral Raise가 머신 레터럴. 왓슨 Plate Loaded·Animal 궤적을 그대로 타는 게 핵심입니다. 처음부터 무게 올리지 말고, 세팅부터 잡으세요.

⚙️ ① 기구 세팅
🪑 좌석 / 패드
시트를 몸에 맞추세요. 시작 위치가 어깨·관절에 자연스럽게 오는지 확인합니다.
🤲 그립 / 손 위치
손잡이를 편안한 너비로 잡으세요. 손목이 꺾이지 않게 합니다.
⚙️ 조절 포인트
시트/스탠스, 암 패드, 스택 핀을 확인하세요.

💪 ② 시작 자세
갈비뼈를 내리고 허리를 과하게 아치하지 않습니다. 팔꿈치를 시작 궤적에 올립니다.
이 자세에서 이것만 확인하세요.
👉 허리가 과하게 꺾이지 않는지

🔥 ③ 운동 방법
패드를 옆으로 올렸다 천천히 복귀.
반동으로 올리지 마세요. 팔꿈치가 궤적을 주도하게 둡니다.

💥 ④ 최고 수축
목표 근육이 가장 조여지는 끝 지점에서 멈춥니다.
⏱️ 1초 STOP
튕기지 말고 그 지점에서 1초만 소유하세요. 무게를 놓는 순간이 아닙니다.

🐌 ⑤ 천천히 돌아오기
중량을 그냥 놓지 마세요.
2~3초 동안 통제하면서 복귀합니다.
시작 자세로 돌아갈 때도 같은 궤적을 유지하세요.

❌ 흔한 실수
❌ 몸통을 좌우로 흔들어 반동을 쓰는
템포를 늦추고 같은 궤적만 반복하세요.
❌ 허리를 꺾어 프레스하는 것
자세가 무너지면 무게를 낮추세요.
❌ 어깨를 귀 쪽으로 으쓱하는 것
어깨를 귀에서 멀리 두고 다시 시작하세요.
❌ 반동으로 들어 올리는 것
템포를 늦추고 같은 궤적만 반복하세요.

💡 MACHINE FIT PRO TIP
🔥 SS Standing Lateral Raise의 가이드 궤적을 이용하세요. 첫 2세트는 천천히, 대칭이 확인된 뒤에만 무게를 올립니다.

🎯 MACHINE FIT CHECK
🟢 시트/패드 → 몸에 맞춤
🟢 팔꿈치 → 미는/드는 방향
🟢 어깨 → 으쓱하지 않기
🟢 복귀 → 2~3초 통제

### 🔥 이것만 기억하세요

""측면 삼각으로만 패드를 들어 올리기. 끝에서 1초, 복귀는 통제.""","🏋️ WATSON — SS Standing Lateral Raise · Single Stack

🎯 ONE KEY CUE
🔥 ""Raise the pads using the side delts only""

SS Standing Lateral Raise 및 SS Seated Lateral Raise가 머신 레터럴입니다 Ride the Watson Plate Loaded / Animal path instead of fighting it. Do not chase load until the setup feels locked in.

⚙️ ① Setup
🪑 Seat / pads
Fit the seat to your body so the start position sits naturally on the working joint.
🤲 Grip / hands
Take a comfortable grip width and keep the wrists stacked, not bent.
⚙️ Adjustments
Check 시트/스탠스, 암 패드, 스택 핀.

💪 ② Start position
Drop the ribs — do not over-arch. Set the elbows on the press path.
Check only this:
👉 Low back not over-arched

🔥 ③ Execution
No bounce. Let the elbows own the path.
Press or raise on the guided path, then lower without dumping the shoulders.

💥 ④ Peak contraction
Stop where the target muscle is most shortened.
⏱️ 1-second STOP
Own that position for one second. This is not where you dump the weight.

🐌 ⑤ Controlled return
Do not dump the load.
Take 2–3 seconds on the way back.
Return on the same path you pressed or pulled.

❌ Common mistakes
❌ Pressing with an over-arched low back
If position breaks, cut the load.
❌ Shrugging the shoulders into the ears
Keep the shoulders away from the ears and restart.
❌ Bouncing the weight up
Slow the tempo and repeat one clean path.

💡 MACHINE FIT PRO TIP
🔥 Use the guided path on SS Standing Lateral Raise. Slow the first two sets, confirm symmetry, then add load.

🎯 MACHINE FIT CHECK
🟢 Seat/pad → fitted
🟢 Elbows → press/raise direction
🟢 Shoulders → not shrugged
🟢 Return → 2–3 sec control

### 🔥 Remember this

""Raise the pads using the side delts only. One-second peak, controlled return."""
WATSON,리어 델트,Rear Delt,SS Pec Fly / Rear Delt,VERIFIED,Watson Gym Equipment,Single Stack,https://watsongym.co.uk/product/single-stack-pec-fly-rear-delt/,SS Pec Fly / Rear Delt 리어 델트 모드입니다,"시트, 모드, 암 시작, 스택 핀","🏋️ WATSON — SS Pec Fly / Rear Delt · Single Stack

🎯 ONE KEY CUE
🔥 ""가슴을 고정하고 후삼각으로 팔을 벌리기""

SS Pec Fly / Rear Delt 리어 델트 모드. 왓슨 Plate Loaded·Animal 궤적을 그대로 타는 게 핵심입니다. 처음부터 무게 올리지 말고, 세팅부터 잡으세요.

⚙️ ① 기구 세팅
🪑 좌석 / 패드
시트를 몸에 맞추세요. 시작 위치가 어깨·관절에 자연스럽게 오는지 확인합니다.
🤲 그립 / 손 위치
손잡이를 편안한 너비로 잡으세요. 손목이 꺾이지 않게 합니다.
⚙️ 조절 포인트
시트, 모드, 암 시작, 스택 핀을 확인하세요.

💪 ② 시작 자세
갈비뼈를 내리고 허리를 과하게 아치하지 않습니다. 팔꿈치를 시작 궤적에 올립니다.
이 자세에서 이것만 확인하세요.
👉 허리가 과하게 꺾이지 않는지

🔥 ③ 운동 방법
팔을 뒤로 벌렸다 앞으로 복귀.
반동으로 올리지 마세요. 팔꿈치가 궤적을 주도하게 둡니다.

💥 ④ 최고 수축
목표 근육이 가장 조여지는 끝 지점에서 멈춥니다.
⏱️ 1초 STOP
튕기지 말고 그 지점에서 1초만 소유하세요. 무게를 놓는 순간이 아닙니다.

🐌 ⑤ 천천히 돌아오기
중량을 그냥 놓지 마세요.
2~3초 동안 통제하면서 복귀합니다.
시작 자세로 돌아갈 때도 같은 궤적을 유지하세요.

❌ 흔한 실수
❌ 승모·팔꿈치로만 잡아채는
어깨를 귀에서 멀리 두고 다시 시작하세요.
❌ 허리를 꺾어 프레스하는 것
자세가 무너지면 무게를 낮추세요.
❌ 어깨를 귀 쪽으로 으쓱하는 것
어깨를 귀에서 멀리 두고 다시 시작하세요.
❌ 반동으로 들어 올리는 것
템포를 늦추고 같은 궤적만 반복하세요.

💡 MACHINE FIT PRO TIP
🔥 SS Pec Fly / Rear Delt의 가이드 궤적을 이용하세요. 첫 2세트는 천천히, 대칭이 확인된 뒤에만 무게를 올립니다.

🎯 MACHINE FIT CHECK
🟢 시트/패드 → 몸에 맞춤
🟢 팔꿈치 → 미는/드는 방향
🟢 어깨 → 으쓱하지 않기
🟢 복귀 → 2~3초 통제

### 🔥 이것만 기억하세요

""가슴을 고정하고 후삼각으로 팔을 벌리기. 끝에서 1초, 복귀는 통제.""","🏋️ WATSON — SS Pec Fly / Rear Delt · Single Stack

🎯 ONE KEY CUE
🔥 ""Brace the chest and open the arms with the rear delts""

SS Pec Fly / Rear Delt 리어 델트 모드입니다 Ride the Watson Plate Loaded / Animal path instead of fighting it. Do not chase load until the setup feels locked in.

⚙️ ① Setup
🪑 Seat / pads
Fit the seat to your body so the start position sits naturally on the working joint.
🤲 Grip / hands
Take a comfortable grip width and keep the wrists stacked, not bent.
⚙️ Adjustments
Check 시트, 모드, 암 시작, 스택 핀.

💪 ② Start position
Drop the ribs — do not over-arch. Set the elbows on the press path.
Check only this:
👉 Low back not over-arched

🔥 ③ Execution
No bounce. Let the elbows own the path.
Press or raise on the guided path, then lower without dumping the shoulders.

💥 ④ Peak contraction
Stop where the target muscle is most shortened.
⏱️ 1-second STOP
Own that position for one second. This is not where you dump the weight.

🐌 ⑤ Controlled return
Do not dump the load.
Take 2–3 seconds on the way back.
Return on the same path you pressed or pulled.

❌ Common mistakes
❌ Pressing with an over-arched low back
If position breaks, cut the load.
❌ Shrugging the shoulders into the ears
Keep the shoulders away from the ears and restart.
❌ Bouncing the weight up
Slow the tempo and repeat one clean path.

💡 MACHINE FIT PRO TIP
🔥 Use the guided path on SS Pec Fly / Rear Delt. Slow the first two sets, confirm symmetry, then add load.

🎯 MACHINE FIT CHECK
🟢 Seat/pad → fitted
🟢 Elbows → press/raise direction
🟢 Shoulders → not shrugged
🟢 Return → 2–3 sec control

### 🔥 Remember this

""Brace the chest and open the arms with the rear delts. One-second peak, controlled return."""
WATSON,프론트 레이즈,Front Raise,,BRAND_MODEL_NOT_FOUND,Watson Gym Equipment,,https://watsongym.co.uk/product-category/machines/,Watson 카탈로그에 Front Raise 전용 머신 SKU가 없습니다,"스탠스, 그립, 중량","🏋️ WATSON — 프론트 레이즈

🎯 ONE KEY CUE
🔥 ""상완을 앞으로 들어 전면 삼각만 수축""

왓슨 전용 모델이 없는 카테고리입니다. 헬스장에 있는 실제 기구의 패드·레버·안전장치를 먼저 확인한 뒤, 아래 패턴으로 움직이세요.

⚙️ ① 기구 세팅
🤲 그립 / 손 위치
그립를 편안한 너비로 잡으세요. 손목이 꺾이지 않게 합니다.
⚙️ 조절 포인트
스탠스, 그립, 중량을 확인하세요.

💪 ② 시작 자세
갈비뼈를 내리고 허리를 과하게 아치하지 않습니다. 팔꿈치를 시작 궤적에 올립니다.
이 자세에서 이것만 확인하세요.
👉 허리가 과하게 꺾이지 않는지

🔥 ③ 운동 방법
팔을 앞으로 들어 올렸다 천천히 내리기.
반동으로 올리지 마세요. 팔꿈치가 궤적을 주도하게 둡니다.

💥 ④ 최고 수축
목표 근육이 가장 조여지는 끝 지점에서 멈춥니다.
⏱️ 1초 STOP
튕기지 말고 그 지점에서 1초만 소유하세요. 무게를 놓는 순간이 아닙니다.

🐌 ⑤ 천천히 돌아오기
중량을 그냥 놓지 마세요.
2~3초 동안 통제하면서 복귀합니다.
시작 자세로 돌아갈 때도 같은 궤적을 유지하세요.

❌ 흔한 실수
❌ 허리 반동으로 들어 올리는
템포를 늦추고 같은 궤적만 반복하세요.
❌ 허리를 꺾어 프레스하는 것
자세가 무너지면 무게를 낮추세요.
❌ 어깨를 귀 쪽으로 으쓱하는 것
어깨를 귀에서 멀리 두고 다시 시작하세요.
❌ 반동으로 들어 올리는 것
템포를 늦추고 같은 궤적만 반복하세요.

💡 MACHINE FIT PRO TIP
🔥 이 항목은 해머 스트렝스 전용 SKU가 없습니다. ""프론트 레이즈""로 분류된 실제 기구의 패드·레버·안전장치만 믿고, 가벼운 무게로 5회 리허설 후 본 세트를 시작하세요.

🎯 MACHINE FIT CHECK
🟢 시트/패드 → 몸에 맞춤
🟢 팔꿈치 → 미는/드는 방향
🟢 어깨 → 으쓱하지 않기
🟢 복귀 → 2~3초 통제

### 🔥 이것만 기억하세요

""상완을 앞으로 들어 전면 삼각만 수축. 끝에서 1초, 복귀는 통제.""","🏋️ WATSON — Front Raise

🎯 ONE KEY CUE
🔥 ""Raise the upper arms forward and squeeze the front delts""

There is no dedicated Watson SKU for this category. Confirm pads, levers, and safeties on the unit in your gym, then follow the movement pattern below.

⚙️ ① Setup
🤲 Grip / hands
Take a comfortable grip width and keep the wrists stacked, not bent.
⚙️ Adjustments
Check 스탠스, 그립, 중량.

💪 ② Start position
Drop the ribs — do not over-arch. Set the elbows on the press path.
Check only this:
👉 Low back not over-arched

🔥 ③ Execution
No bounce. Let the elbows own the path.
Press or raise on the guided path, then lower without dumping the shoulders.

💥 ④ Peak contraction
Stop where the target muscle is most shortened.
⏱️ 1-second STOP
Own that position for one second. This is not where you dump the weight.

🐌 ⑤ Controlled return
Do not dump the load.
Take 2–3 seconds on the way back.
Return on the same path you pressed or pulled.

❌ Common mistakes
❌ Pressing with an over-arched low back
If position breaks, cut the load.
❌ Shrugging the shoulders into the ears
Keep the shoulders away from the ears and restart.
❌ Bouncing the weight up
Slow the tempo and repeat one clean path.

💡 MACHINE FIT PRO TIP
🔥 No dedicated Hammer Strength SKU for this slot. Trust the pads/levers/safeties on the unit labeled like ""Front Raise"", rehearse five light reps, then start working sets.

🎯 MACHINE FIT CHECK
🟢 Seat/pad → fitted
🟢 Elbows → press/raise direction
🟢 Shoulders → not shrugged
🟢 Return → 2–3 sec control

### 🔥 Remember this

""Raise the upper arms forward and squeeze the front delts. One-second peak, controlled return."""
WATSON,업라이트 로우,Upright Row,,BRAND_MODEL_NOT_FOUND,Watson Gym Equipment,,https://watsongym.co.uk/product-category/machines/,Watson 카탈로그에 Upright Row 전용 머신 SKU가 없습니다,"스탠스, 그립 폭, 중량","🏋️ WATSON — 업라이트 로우

🎯 ONE KEY CUE
🔥 ""팔꿈치를 위로 들며 손을 쇄골 높이로""

왓슨 전용 모델이 없는 카테고리입니다. 헬스장에 있는 실제 기구의 패드·레버·안전장치를 먼저 확인한 뒤, 아래 패턴으로 움직이세요.

⚙️ ① 기구 세팅
🤲 그립 / 손 위치
그립 폭를 편안한 너비로 잡으세요. 손목이 꺾이지 않게 합니다.
⚙️ 조절 포인트
스탠스, 그립 폭, 중량을 확인하세요.

💪 ② 시작 자세
갈비뼈를 내리고 허리를 과하게 아치하지 않습니다. 팔꿈치를 시작 궤적에 올립니다.
이 자세에서 이것만 확인하세요.
👉 허리가 과하게 꺾이지 않는지

🔥 ③ 운동 방법
손잡이를 몸 가까이 위로 당겼다 복귀.
반동으로 올리지 마세요. 팔꿈치가 궤적을 주도하게 둡니다.

💥 ④ 최고 수축
목표 근육이 가장 조여지는 끝 지점에서 멈춥니다.
⏱️ 1초 STOP
튕기지 말고 그 지점에서 1초만 소유하세요. 무게를 놓는 순간이 아닙니다.

🐌 ⑤ 천천히 돌아오기
중량을 그냥 놓지 마세요.
2~3초 동안 통제하면서 복귀합니다.
시작 자세로 돌아갈 때도 같은 궤적을 유지하세요.

❌ 흔한 실수
❌ 손목만 꺾어 어깨를 과도하게 으쓱하는
어깨를 귀에서 멀리 두고 다시 시작하세요.
❌ 허리를 꺾어 프레스하는 것
자세가 무너지면 무게를 낮추세요.
❌ 어깨를 귀 쪽으로 으쓱하는 것
어깨를 귀에서 멀리 두고 다시 시작하세요.
❌ 반동으로 들어 올리는 것
템포를 늦추고 같은 궤적만 반복하세요.

💡 MACHINE FIT PRO TIP
🔥 이 항목은 해머 스트렝스 전용 SKU가 없습니다. ""업라이트 로우""로 분류된 실제 기구의 패드·레버·안전장치만 믿고, 가벼운 무게로 5회 리허설 후 본 세트를 시작하세요.

🎯 MACHINE FIT CHECK
🟢 시트/패드 → 몸에 맞춤
🟢 팔꿈치 → 미는/드는 방향
🟢 어깨 → 으쓱하지 않기
🟢 복귀 → 2~3초 통제

### 🔥 이것만 기억하세요

""팔꿈치를 위로 들며 손을 쇄골 높이로. 끝에서 1초, 복귀는 통제.""","🏋️ WATSON — Upright Row

🎯 ONE KEY CUE
🔥 ""Lead with the elbows and raise the hands to collarbone height""

There is no dedicated Watson SKU for this category. Confirm pads, levers, and safeties on the unit in your gym, then follow the movement pattern below.

⚙️ ① Setup
🤲 Grip / hands
Take a comfortable grip width and keep the wrists stacked, not bent.
⚙️ Adjustments
Check 스탠스, 그립 폭, 중량.

💪 ② Start position
Drop the ribs — do not over-arch. Set the elbows on the press path.
Check only this:
👉 Low back not over-arched

🔥 ③ Execution
No bounce. Let the elbows own the path.
Press or raise on the guided path, then lower without dumping the shoulders.

💥 ④ Peak contraction
Stop where the target muscle is most shortened.
⏱️ 1-second STOP
Own that position for one second. This is not where you dump the weight.

🐌 ⑤ Controlled return
Do not dump the load.
Take 2–3 seconds on the way back.
Return on the same path you pressed or pulled.

❌ Common mistakes
❌ Pressing with an over-arched low back
If position breaks, cut the load.
❌ Shrugging the shoulders into the ears
Keep the shoulders away from the ears and restart.
❌ Bouncing the weight up
Slow the tempo and repeat one clean path.

💡 MACHINE FIT PRO TIP
🔥 No dedicated Hammer Strength SKU for this slot. Trust the pads/levers/safeties on the unit labeled like ""Upright Row"", rehearse five light reps, then start working sets.

🎯 MACHINE FIT CHECK
🟢 Seat/pad → fitted
🟢 Elbows → press/raise direction
🟢 Shoulders → not shrugged
🟢 Return → 2–3 sec control

### 🔥 Remember this

""Lead with the elbows and raise the hands to collarbone height. One-second peak, controlled return."""
WATSON,로테이터 머신,Rotator Machine,SS Rotator Cuff,VERIFIED,Watson Gym Equipment,Single Stack,https://watsongym.co.uk/product/ss-rotator-cuff/,Watson SS Rotator Cuff. 셀렉터 로테이터 커프 머신입니다,"시트/팔꿈치 지지, 가동 범위, 스택 핀","🏋️ WATSON — SS Rotator Cuff · Single Stack

🎯 ONE KEY CUE
🔥 ""팔꿈치를 고정한 채 천천히 외·내회전""

Watson SS Rotator Cuff. 셀렉터 로테이터 커프 머신. 셀렉터 스택 구조입니다. 처음부터 무게 올리지 말고, 세팅부터 잡으세요.

⚙️ ① 기구 세팅
🪑 좌석 / 패드
시트를 몸에 맞추세요. 시작 위치가 어깨·관절에 자연스럽게 오는지 확인합니다.
🤲 그립 / 손 위치
손잡이를 편안한 너비로 잡으세요. 손목이 꺾이지 않게 합니다.
⚙️ 조절 포인트
시트/팔꿈치 지지, 가동 범위, 스택 핀을 확인하세요.

💪 ② 시작 자세
갈비뼈를 내리고 허리를 과하게 아치하지 않습니다. 팔꿈치를 시작 궤적에 올립니다.
이 자세에서 이것만 확인하세요.
👉 허리가 과하게 꺾이지 않는지

🔥 ③ 운동 방법
전완을 호를 그리며 돌렸다 복귀.
반동으로 올리지 마세요. 팔꿈치가 궤적을 주도하게 둡니다.

💥 ④ 최고 수축
목표 근육이 가장 조여지는 끝 지점에서 멈춥니다.
⏱️ 1초 STOP
튕기지 말고 그 지점에서 1초만 소유하세요. 무게를 놓는 순간이 아닙니다.

🐌 ⑤ 천천히 돌아오기
중량을 그냥 놓지 마세요.
2~3초 동안 통제하면서 복귀합니다.
시작 자세로 돌아갈 때도 같은 궤적을 유지하세요.

❌ 흔한 실수
❌ 무거운 무게로 반동 회전하는
템포를 늦추고 같은 궤적만 반복하세요.
❌ 허리를 꺾어 프레스하는 것
자세가 무너지면 무게를 낮추세요.
❌ 어깨를 귀 쪽으로 으쓱하는 것
어깨를 귀에서 멀리 두고 다시 시작하세요.
❌ 반동으로 들어 올리는 것
템포를 늦추고 같은 궤적만 반복하세요.

💡 MACHINE FIT PRO TIP
🔥 Select 라인(SS Rotator Cuff)은 스택 핀 위치가 곧 시작 난이도입니다. 시트부터 맞춘 뒤 핀을 고르고, 첫 세트에서 궤적이 어깨·관절에 맞는지 확인하세요.

🎯 MACHINE FIT CHECK
🟢 시트/패드 → 몸에 맞춤
🟢 팔꿈치 → 미는/드는 방향
🟢 어깨 → 으쓱하지 않기
🟢 복귀 → 2~3초 통제

### 🔥 이것만 기억하세요

""팔꿈치를 고정한 채 천천히 외·내회전. 끝에서 1초, 복귀는 통제.""","🏋️ WATSON — SS Rotator Cuff · Single Stack

🎯 ONE KEY CUE
🔥 ""Keep the elbow fixed and rotate slowly through internal/external rotation""

Watson SS Rotator Cuff. 셀렉터 로테이터 커프 머신입니다 Lean into the selectorized stack design. Do not chase load until the setup feels locked in.

⚙️ ① Setup
🪑 Seat / pads
Fit the seat to your body so the start position sits naturally on the working joint.
🤲 Grip / hands
Take a comfortable grip width and keep the wrists stacked, not bent.
⚙️ Adjustments
Check 시트/팔꿈치 지지, 가동 범위, 스택 핀.

💪 ② Start position
Drop the ribs — do not over-arch. Set the elbows on the press path.
Check only this:
👉 Low back not over-arched

🔥 ③ Execution
No bounce. Let the elbows own the path.
Press or raise on the guided path, then lower without dumping the shoulders.

💥 ④ Peak contraction
Stop where the target muscle is most shortened.
⏱️ 1-second STOP
Own that position for one second. This is not where you dump the weight.

🐌 ⑤ Controlled return
Do not dump the load.
Take 2–3 seconds on the way back.
Return on the same path you pressed or pulled.

❌ Common mistakes
❌ Pressing with an over-arched low back
If position breaks, cut the load.
❌ Shrugging the shoulders into the ears
Keep the shoulders away from the ears and restart.
❌ Bouncing the weight up
Slow the tempo and repeat one clean path.

💡 MACHINE FIT PRO TIP
🔥 On Select (SS Rotator Cuff), the pin is your difficulty. Fit the seat first, choose the pin second, and confirm the path on set one.

🎯 MACHINE FIT CHECK
🟢 Seat/pad → fitted
🟢 Elbows → press/raise direction
🟢 Shoulders → not shrugged
🟢 Return → 2–3 sec control

### 🔥 Remember this

""Keep the elbow fixed and rotate slowly through internal/external rotation. One-second peak, controlled return."""
WATSON,숄더 프레스 / 레터럴 복합 머신,Shoulder Press / Lateral Combo,SS Multi Pec / Delt,PARTIALLY_VERIFIED,Watson Gym Equipment,Single Stack,https://watsongym.co.uk/product/single-stack-multi-pec-delt/,전용 Shoulder+Lateral 콤보 SKU는 없고 SS Multi Pec / Delt·SS Multi-Press가 복합 어깨 패턴입니다,"시트, 모드/암 위치, 스택 핀","🏋️ WATSON — SS Multi Pec / Delt · Single Stack

🎯 ONE KEY CUE
🔥 ""모드에 맞춰 측면 또는 프레스 궤적만 쓰기""

전용 Shoulder+Lateral 콤보 SKU는 없고 SS Multi Pec / Delt·SS Multi-Press가 복합 어깨 패턴. 왓슨 Plate Loaded·Animal 궤적을 그대로 타는 게 핵심입니다. 처음부터 무게 올리지 말고, 세팅부터 잡으세요.

⚙️ ① 기구 세팅
🪑 좌석 / 패드
시트를 몸에 맞추세요. 시작 위치가 어깨·관절에 자연스럽게 오는지 확인합니다.
🤲 그립 / 손 위치
손잡이를 편안한 너비로 잡으세요. 손목이 꺾이지 않게 합니다.
⚙️ 조절 포인트
시트, 모드/암 위치, 스택 핀을 확인하세요.
이 카테고리는 공식 명칭이 겹칠 수 있으니, 헬스장 기구의 실제 레버·패드 배치를 우선하세요.

💪 ② 시작 자세
갈비뼈를 내리고 허리를 과하게 아치하지 않습니다. 팔꿈치를 시작 궤적에 올립니다.
이 자세에서 이것만 확인하세요.
👉 허리가 과하게 꺾이지 않는지

🔥 ③ 운동 방법
선택한 모드의 궤적으로 들었다 복귀.
반동으로 올리지 마세요. 팔꿈치가 궤적을 주도하게 둡니다.

💥 ④ 최고 수축
목표 근육이 가장 조여지는 끝 지점에서 멈춥니다.
⏱️ 1초 STOP
튕기지 말고 그 지점에서 1초만 소유하세요. 무게를 놓는 순간이 아닙니다.

🐌 ⑤ 천천히 돌아오기
중량을 그냥 놓지 마세요.
2~3초 동안 통제하면서 복귀합니다.
시작 자세로 돌아갈 때도 같은 궤적을 유지하세요.

❌ 흔한 실수
❌ 모드를 혼용해 궤적이 흔들리는
자세가 무너지면 무게를 낮추세요.
❌ 허리를 꺾어 프레스하는 것
자세가 무너지면 무게를 낮추세요.
❌ 어깨를 귀 쪽으로 으쓱하는 것
어깨를 귀에서 멀리 두고 다시 시작하세요.
❌ 반동으로 들어 올리는 것
템포를 늦추고 같은 궤적만 반복하세요.

💡 MACHINE FIT PRO TIP
🔥 SS Multi Pec / Delt의 가이드 궤적을 이용하세요. 첫 2세트는 천천히, 대칭이 확인된 뒤에만 무게를 올립니다.

🎯 MACHINE FIT CHECK
🟢 시트/패드 → 몸에 맞춤
🟢 팔꿈치 → 미는/드는 방향
🟢 어깨 → 으쓱하지 않기
🟢 복귀 → 2~3초 통제

### 🔥 이것만 기억하세요

""모드에 맞춰 측면 또는 프레스 궤적만 쓰기. 끝에서 1초, 복귀는 통제.""","🏋️ WATSON — SS Multi Pec / Delt · Single Stack

🎯 ONE KEY CUE
🔥 ""Use only the lateral or press path for the selected mode""

전용 Shoulder+Lateral 콤보 SKU는 없고 SS Multi Pec / Delt·SS Multi-Press가 복합 어깨 패턴입니다 Ride the Watson Plate Loaded / Animal path instead of fighting it. Do not chase load until the setup feels locked in.

⚙️ ① Setup
🪑 Seat / pads
Fit the seat to your body so the start position sits naturally on the working joint.
🤲 Grip / hands
Take a comfortable grip width and keep the wrists stacked, not bent.
⚙️ Adjustments
Check 시트, 모드/암 위치, 스택 핀.
Naming can overlap in this category — trust the levers and pads on the unit in front of you.

💪 ② Start position
Drop the ribs — do not over-arch. Set the elbows on the press path.
Check only this:
👉 Low back not over-arched

🔥 ③ Execution
No bounce. Let the elbows own the path.
Press or raise on the guided path, then lower without dumping the shoulders.

💥 ④ Peak contraction
Stop where the target muscle is most shortened.
⏱️ 1-second STOP
Own that position for one second. This is not where you dump the weight.

🐌 ⑤ Controlled return
Do not dump the load.
Take 2–3 seconds on the way back.
Return on the same path you pressed or pulled.

❌ Common mistakes
❌ Pressing with an over-arched low back
If position breaks, cut the load.
❌ Shrugging the shoulders into the ears
Keep the shoulders away from the ears and restart.
❌ Bouncing the weight up
Slow the tempo and repeat one clean path.

💡 MACHINE FIT PRO TIP
🔥 Use the guided path on SS Multi Pec / Delt. Slow the first two sets, confirm symmetry, then add load.

🎯 MACHINE FIT CHECK
🟢 Seat/pad → fitted
🟢 Elbows → press/raise direction
🟢 Shoulders → not shrugged
🟢 Return → 2–3 sec control

### 🔥 Remember this

""Use only the lateral or press path for the selected mode. One-second peak, controlled return."""
WATSON,레그 프레스,Leg Press,PL Animal Leg Press,VERIFIED,Watson Gym Equipment,Animal Plate Loaded,https://watsongym.co.uk/product/animal-plate-load-leg-press/,PL Animal Leg Press. 아이소래터럴 레그 프레스입니다,"시트, 발 위치, 안전 스토퍼, 플레이트","🏋️ WATSON — PL Animal Leg Press · Animal Plate Loaded

🎯 ONE KEY CUE
🔥 ""발뒤꿈치를 밀며 무릎을 완전히 잠그지 않기""

PL Animal Leg Press. 아이소래터럴 레그 프레스. 좌우가 독립으로 움직이는 · 플레이트 로딩 구조입니다. 처음부터 무게 올리지 말고, 세팅부터 잡으세요.

⚙️ ① 기구 세팅
🪑 좌석 / 패드
시트부터 맞추세요. 밀었을 때 골반이 말리거나 허리가 뜨지 않는 깊이가 시작점입니다.
🦶 발 위치
발판 중앙에 발을 두고, 무릎이 발끝 방향으로 가게 맞추세요. 너무 높거나 낮으면 골반이 먼저 뜹니다.
⚙️ 조절 포인트
시트, 발 위치, 안전 스토퍼, 플레이트를 확인하세요. 양쪽 플레이트를 동일하게 맞추고, 한쪽만 먼저 올리지 마세요. 좌우 시작 위치가 같은지도 같이 봅니다.

💪 ② 시작 자세
골반을 시트/패드에 붙이고 발 전체로 발판을 느낍니다. 무릎·발끝 방향을 맞춥니다.
좌우가 같은 높이에서 시작하는지 한 번 더 보세요.
이 자세에서 이것만 확인하세요.
👉 골반이 말리지 않는 깊이인지

🔥 ③ 운동 방법
발판을 밀어 올렸다 천천히 접기.
양쪽을 같은 속도로 움직이세요. 한쪽이 먼저 끝나면 무게를 더 올리기 전에 밸런스부터 잡습니다.

💥 ④ 최고 수축
무릎을 완전히 잠그기 직전, 허벅지·둔근이 일을 받는 지점에서 멈춥니다.
⏱️ 1초 STOP
튕기지 말고 그 지점에서 1초만 소유하세요. 무게를 놓는 순간이 아닙니다.

🐌 ⑤ 천천히 돌아오기
중량을 그냥 놓지 마세요.
2~3초 동안 통제하면서 복귀합니다.
내려올 때 골반이 말리는 깊이 직전에서 방향을 바꾸세요.

❌ 흔한 실수
❌ 허리를 띄워 요추로 미는
깊이보다 골반 고정이 먼저입니다. 허리가 뜨면 범위를 줄이세요.
❌ 무릎이 안쪽으로 무너지는 것
발끝 방향으로 무릎을 보내세요. 안쪽으로 모이면 바로 중량을 낮춥니다.
❌ 하부 범위에서 요추가 뜨거나 골반이 말리는 것
깊이보다 골반 고정이 먼저입니다. 허리가 뜨면 범위를 줄이세요.
❌ 무릎을 강하게 잠그며 튕기는 것
자세가 무너지면 깊이·무게를 줄이세요.
❌ 한쪽만 먼저 끝내고 반대쪽을 따라가게 하는 것
약한 쪽 속도에 강한 쪽을 맞추세요.

💡 MACHINE FIT PRO TIP
🔥 이 기구는 좌우 암이 독립적으로 움직이는 게 장점입니다. 무게를 올리기 전에 양쪽이 같은 속도로 가는지 확인하세요. 한쪽이 먼저 끝까지 가 버리면 중량보다 밸런스가 먼저입니다.

🎯 MACHINE FIT CHECK
🟢 시트/패드 → 골반 고정
🟢 발 → 발판 중앙·방향 정렬
🟢 좌우 → 같은 속도
🟢 복귀 → 2~3초 통제

### 🔥 이것만 기억하세요

""발 전체로 밀고, 골반은 끝까지 안정적으로.""","🏋️ WATSON — PL Animal Leg Press · Animal Plate Loaded

🎯 ONE KEY CUE
🔥 ""Drive through the heels and avoid locking the knees hard""

PL Animal Leg Press. 아이소래터럴 레그 프레스입니다 Lean into the independent arms / plate-loaded design. Do not chase load until the setup feels locked in.

⚙️ ① Setup
🪑 Seat / pads
Set the seat/back pad first. Your start depth is where the pelvis stays planted and the low back does not peel up.
🦶 Feet
Center the feet. If placement is too high or low, the pelvis lifts first.
⚙️ Adjustments
Check 시트, 발 위치, 안전 스토퍼, 플레이트. Match plates on both sides — do not load one arm first. Confirm both sides start from the same position.

💪 ② Start position
Plant the pelvis and feel the whole foot on the platform. Align knees with toes.
Double-check both sides start at the same height.
Check only this:
👉 Pelvis not curling under

🔥 ③ Execution
Match left-right speed. If one side finishes early, fix balance before adding load.
Bend, press through the mid-foot, and return without bouncing the knees. Keep both sides honest.

💥 ④ Peak contraction
Stop just short of hard lockout where quads/glutes still own the load.
⏱️ 1-second STOP
Own that position for one second. This is not where you dump the weight.

🐌 ⑤ Controlled return
Do not dump the load.
Take 2–3 seconds on the way back.
Reverse before the pelvis curls under.

❌ Common mistakes
❌ Knees collapsing inward
Drive knees with the toes. Reduce load immediately if they cave.
❌ Pelvis curling / low back peeling at the bottom
Own pelvis position before depth.
❌ Snapping into a hard knee lockout
If position breaks, cut the load.
❌ Letting one side finish early
Match the stronger side to the weaker side’s speed.
❌ Loading unequal plates
Match both sides, then confirm with a light set.

💡 MACHINE FIT PRO TIP
🔥 Independent arms are the point. Before you load up, confirm both sides move at the same speed. If one side finishes early, fix balance before adding plates or pins.

🎯 MACHINE FIT CHECK
🟢 Seat/pad → pelvis planted
🟢 Feet → centered and aligned
🟢 Left/right → same speed
🟢 Return → 2–3 sec control

### 🔥 Remember this

""Whole-foot drive, pelvis stays honest."""
WATSON,45도 레그 프레스,45° Leg Press,PL 45° Leg Press,VERIFIED,Watson Gym Equipment,Plate Loaded,https://watsongym.co.uk/product/45-leg-press/,Watson PL 45° Leg Press. 45도 레그 프레스입니다,"시트, 발 위치, 안전 스토퍼, 플레이트","🏋️ WATSON — PL 45° Leg Press · Plate Loaded

🎯 ONE KEY CUE
🔥 ""45도 궤적에서 발뒤꿈치로 일정하게 밀기""

Watson PL 45° Leg Press. 45도 레그 프레스. 플레이트 로딩 구조입니다. 처음부터 무게 올리지 말고, 세팅부터 잡으세요.

⚙️ ① 기구 세팅
🪑 좌석 / 패드
시트부터 맞추세요. 밀었을 때 골반이 말리거나 허리가 뜨지 않는 깊이가 시작점입니다.
🦶 발 위치
발판 중앙에 발을 두고, 무릎이 발끝 방향으로 가게 맞추세요. 너무 높거나 낮으면 골반이 먼저 뜹니다.
⚙️ 조절 포인트
시트, 발 위치, 안전 스토퍼, 플레이트를 확인하세요. 양쪽 플레이트를 동일하게 맞추고, 한쪽만 먼저 올리지 마세요.

💪 ② 시작 자세
골반을 시트/패드에 붙이고 발 전체로 발판을 느낍니다. 무릎·발끝 방향을 맞춥니다.
이 자세에서 이것만 확인하세요.
👉 골반이 말리지 않는 깊이인지

🔥 ③ 운동 방법
sled를 밀어 올렸다 통제하며 하강.
발판을 “발로 차듯” 밀지 말고, 발 전체로 멀리 보낸다는 느낌으로 밀어요. 무릎은 발끝 방향을 따라갑니다.

💥 ④ 최고 수축
무릎을 완전히 잠그기 직전, 허벅지·둔근이 일을 받는 지점에서 멈춥니다.
⏱️ 1초 STOP
튕기지 말고 그 지점에서 1초만 소유하세요. 무게를 놓는 순간이 아닙니다.

🐌 ⑤ 천천히 돌아오기
중량을 그냥 놓지 마세요.
2~3초 동안 통제하면서 복귀합니다.
내려올 때 골반이 말리는 깊이 직전에서 방향을 바꾸세요.

❌ 흔한 실수
❌ 무릎이 안쪽으로 무너지는 것
발끝 방향으로 무릎을 보내세요. 안쪽으로 모이면 바로 중량을 낮춥니다.
❌ 하부 범위에서 요추가 뜨거나 골반이 말리는 것
깊이보다 골반 고정이 먼저입니다. 허리가 뜨면 범위를 줄이세요.
❌ 무릎을 강하게 잠그며 튕기는 것
자세가 무너지면 깊이·무게를 줄이세요.
❌ 양쪽 플레이트 무게를 다르게 올리는 것
양쪽을 맞춘 뒤 가벼운 세트로 좌우를 확인하세요.

💡 MACHINE FIT PRO TIP
🔥 PL 45° Leg Press은 플레이트 로딩 레그 프레스입니다. 양쪽 원판을 맞춘 뒤, 안전 스톱을 내 가동범위에 먼저 걸고 시작하세요. 첫 2세트는 템포를 늦춰 골반이 뜨는지 확인합니다.

🎯 MACHINE FIT CHECK
🟢 시트/패드 → 골반 고정
🟢 발 → 발판 중앙·방향 정렬
🟢 원판 → 좌우 동일
🟢 복귀 → 2~3초 통제

### 🔥 이것만 기억하세요

""발 전체로 밀고, 골반은 끝까지 안정적으로.""","🏋️ WATSON — PL 45° Leg Press · Plate Loaded

🎯 ONE KEY CUE
🔥 ""On the 45° sled, drive evenly through the heels""

Watson PL 45° Leg Press. 45도 레그 프레스입니다 Lean into the plate-loaded design. Do not chase load until the setup feels locked in.

⚙️ ① Setup
🪑 Seat / pads
Set the seat/back pad first. Your start depth is where the pelvis stays planted and the low back does not peel up.
🦶 Feet
Center the feet. If placement is too high or low, the pelvis lifts first.
⚙️ Adjustments
Check 시트, 발 위치, 안전 스토퍼, 플레이트. Match plates on both sides — do not load one arm first.

💪 ② Start position
Plant the pelvis and feel the whole foot on the platform. Align knees with toes.
Check only this:
👉 Pelvis not curling under

🔥 ③ Execution
Do not kick the platform. Drive it away through the whole foot and let the knees track the toes.
Bend, press through the mid-foot, and return without bouncing the knees.

💥 ④ Peak contraction
Stop just short of hard lockout where quads/glutes still own the load.
⏱️ 1-second STOP
Own that position for one second. This is not where you dump the weight.

🐌 ⑤ Controlled return
Do not dump the load.
Take 2–3 seconds on the way back.
Reverse before the pelvis curls under.

❌ Common mistakes
❌ Knees collapsing inward
Drive knees with the toes. Reduce load immediately if they cave.
❌ Pelvis curling / low back peeling at the bottom
Own pelvis position before depth.
❌ Snapping into a hard knee lockout
If position breaks, cut the load.
❌ Loading unequal plates
Match both sides, then confirm with a light set.

💡 MACHINE FIT PRO TIP
🔥 PL 45° Leg Press is plate-loaded. Match both sides, set the safety stops to your range first, and use the first two sets to confirm the pelvis stays down.

🎯 MACHINE FIT CHECK
🟢 Seat/pad → pelvis planted
🟢 Feet → centered and aligned
🟢 Plates → matched
🟢 Return → 2–3 sec control

### 🔥 Remember this

""Whole-foot drive, pelvis stays honest."""
WATSON,수평 레그 프레스,Horizontal Leg Press,PL Animal Horizontal Leg Press,VERIFIED,Watson Gym Equipment,Animal Plate Loaded,https://watsongym.co.uk/product/animal-horizontal-leg-press/,PL Animal Horizontal Leg Press. 수평 레그 프레스입니다,"시트, 발 위치, 안전 스토퍼, 플레이트","🏋️ WATSON — PL Animal Horizontal Leg Press · Animal Plate Loaded

🎯 ONE KEY CUE
🔥 ""수평 레일에서 발바닥 전체로 밀기""

PL Animal Horizontal Leg Press. 수평 레그 프레스. 플레이트 로딩 구조입니다. 처음부터 무게 올리지 말고, 세팅부터 잡으세요.

⚙️ ① 기구 세팅
🪑 좌석 / 패드
시트부터 맞추세요. 밀었을 때 골반이 말리거나 허리가 뜨지 않는 깊이가 시작점입니다.
🦶 발 위치
수평 궤적에 맞춰 발판 중앙에 발을 안정적으로 두세요. 무릎·발끝 방향을 맞춥니다.
⚙️ 조절 포인트
시트, 발 위치, 안전 스토퍼, 플레이트를 확인하세요. 양쪽 플레이트를 동일하게 맞추고, 한쪽만 먼저 올리지 마세요.

💪 ② 시작 자세
골반을 시트/패드에 붙이고 발 전체로 발판을 느낍니다. 무릎·발끝 방향을 맞춥니다.
이 자세에서 이것만 확인하세요.
👉 골반이 말리지 않는 깊이인지

🔥 ③ 운동 방법
발판을 수평으로 밀었다 천천히 복귀.
발판을 “발로 차듯” 밀지 말고, 발 전체로 멀리 보낸다는 느낌으로 밀어요. 무릎은 발끝 방향을 따라갑니다.

💥 ④ 최고 수축
무릎을 완전히 잠그기 직전, 허벅지·둔근이 일을 받는 지점에서 멈춥니다.
⏱️ 1초 STOP
튕기지 말고 그 지점에서 1초만 소유하세요. 무게를 놓는 순간이 아닙니다.

🐌 ⑤ 천천히 돌아오기
중량을 그냥 놓지 마세요.
2~3초 동안 통제하면서 복귀합니다.
내려올 때 골반이 말리는 깊이 직전에서 방향을 바꾸세요.

❌ 흔한 실수
❌ 엉덩이가 시트에서 뜨는
자세가 무너지면 깊이·무게를 줄이세요.
❌ 무릎이 안쪽으로 무너지는 것
발끝 방향으로 무릎을 보내세요. 안쪽으로 모이면 바로 중량을 낮춥니다.
❌ 하부 범위에서 요추가 뜨거나 골반이 말리는 것
깊이보다 골반 고정이 먼저입니다. 허리가 뜨면 범위를 줄이세요.
❌ 무릎을 강하게 잠그며 튕기는 것
자세가 무너지면 깊이·무게를 줄이세요.
❌ 양쪽 플레이트 무게를 다르게 올리는 것
양쪽을 맞춘 뒤 가벼운 세트로 좌우를 확인하세요.

💡 MACHINE FIT PRO TIP
🔥 PL Animal Horizontal Leg Press은 플레이트 로딩 레그 프레스입니다. 양쪽 원판을 맞춘 뒤, 안전 스톱을 내 가동범위에 먼저 걸고 시작하세요. 첫 2세트는 템포를 늦춰 골반이 뜨는지 확인합니다.

🎯 MACHINE FIT CHECK
🟢 시트/패드 → 골반 고정
🟢 발 → 발판 중앙·방향 정렬
🟢 원판 → 좌우 동일
🟢 복귀 → 2~3초 통제

### 🔥 이것만 기억하세요

""골반은 시트에, 발 전체로 수평으로 밀고, 복귀는 2~3초.""","🏋️ WATSON — PL Animal Horizontal Leg Press · Animal Plate Loaded

🎯 ONE KEY CUE
🔥 ""On the horizontal rail, press through the whole foot""

PL Animal Horizontal Leg Press. 수평 레그 프레스입니다 Lean into the plate-loaded design. Do not chase load until the setup feels locked in.

⚙️ ① Setup
🪑 Seat / pads
Set the seat/back pad first. Your start depth is where the pelvis stays planted and the low back does not peel up.
🦶 Feet
Center the feet on the horizontal path and keep knees tracking with toes.
⚙️ Adjustments
Check 시트, 발 위치, 안전 스토퍼, 플레이트. Match plates on both sides — do not load one arm first.

💪 ② Start position
Plant the pelvis and feel the whole foot on the platform. Align knees with toes.
Check only this:
👉 Pelvis not curling under

🔥 ③ Execution
Do not kick the platform. Drive it away through the whole foot and let the knees track the toes.
Bend, press through the mid-foot, and return without bouncing the knees.

💥 ④ Peak contraction
Stop just short of hard lockout where quads/glutes still own the load.
⏱️ 1-second STOP
Own that position for one second. This is not where you dump the weight.

🐌 ⑤ Controlled return
Do not dump the load.
Take 2–3 seconds on the way back.
Reverse before the pelvis curls under.

❌ Common mistakes
❌ Knees collapsing inward
Drive knees with the toes. Reduce load immediately if they cave.
❌ Pelvis curling / low back peeling at the bottom
Own pelvis position before depth.
❌ Snapping into a hard knee lockout
If position breaks, cut the load.
❌ Loading unequal plates
Match both sides, then confirm with a light set.

💡 MACHINE FIT PRO TIP
🔥 PL Animal Horizontal Leg Press is plate-loaded. Match both sides, set the safety stops to your range first, and use the first two sets to confirm the pelvis stays down.

🎯 MACHINE FIT CHECK
🟢 Seat/pad → pelvis planted
🟢 Feet → centered and aligned
🟢 Plates → matched
🟢 Return → 2–3 sec control

### 🔥 Remember this

""Pelvis glued, whole-foot horizontal drive, 2–3 sec return."""
WATSON,핵 스쿼트,Hack Squat,PL Animal Adjustable Hack Squat,VERIFIED,Watson Gym Equipment,Animal Plate Loaded,https://watsongym.co.uk/product/adjustable-hack-squat/,PL Animal Adjustable Hack Squat. 각도 조절형 핵 스쿼트입니다,"등판 각도, 어깨 패드, 발 위치, 플레이트","🏋️ WATSON — PL Animal Adjustable Hack Squat · Animal Plate Loaded

🎯 ONE KEY CUE
🔥 ""등판에 등을 붙이고 발뒤꿈치로 일어서기""

PL Animal Adjustable Hack Squat. 각도 조절형 핵 스쿼트. 플레이트 로딩 구조입니다. 처음부터 무게 올리지 말고, 세팅부터 잡으세요.

⚙️ ① 기구 세팅
🪑 좌석 / 패드
시트·백패드를 먼저 맞추세요. 밀었을 때 골반이 말리거나 허리가 뜨지 않는 깊이가 시작점입니다.
🦶 발 위치
발판 중앙에 발을 두고, 무릎이 발끝 방향으로 가게 맞추세요. 너무 높거나 낮으면 골반이 먼저 뜹니다.
⚙️ 조절 포인트
등판 각도, 어깨 패드, 발 위치, 플레이트를 확인하세요. 양쪽 플레이트를 동일하게 맞추고, 한쪽만 먼저 올리지 마세요.

💪 ② 시작 자세
골반을 시트/패드에 붙이고 발 전체로 발판을 느낍니다. 무릎·발끝 방향을 맞춥니다.
이 자세에서 이것만 확인하세요.
👉 골반이 말리지 않는 깊이인지

🔥 ③ 운동 방법
내려앉았다가 발판을 밀며 상승.
발판을 “발로 차듯” 밀지 말고, 발 전체로 멀리 보낸다는 느낌으로 밀어요. 무릎은 발끝 방향을 따라갑니다.

💥 ④ 최고 수축
무릎을 완전히 잠그기 직전, 허벅지·둔근이 일을 받는 지점에서 멈춥니다.
⏱️ 1초 STOP
튕기지 말고 그 지점에서 1초만 소유하세요. 무게를 놓는 순간이 아닙니다.

🐌 ⑤ 천천히 돌아오기
중량을 그냥 놓지 마세요.
2~3초 동안 통제하면서 복귀합니다.
내려올 때 골반이 말리는 깊이 직전에서 방향을 바꾸세요.

❌ 흔한 실수
❌ 무릎만 과도하게 앞으로 내미는
자세가 무너지면 깊이·무게를 줄이세요.
❌ 무릎이 안쪽으로 무너지는 것
발끝 방향으로 무릎을 보내세요. 안쪽으로 모이면 바로 중량을 낮춥니다.
❌ 하부 범위에서 요추가 뜨거나 골반이 말리는 것
깊이보다 골반 고정이 먼저입니다. 허리가 뜨면 범위를 줄이세요.
❌ 무릎을 강하게 잠그며 튕기는 것
자세가 무너지면 깊이·무게를 줄이세요.
❌ 양쪽 플레이트 무게를 다르게 올리는 것
양쪽을 맞춘 뒤 가벼운 세트로 좌우를 확인하세요.

💡 MACHINE FIT PRO TIP
🔥 PL Animal Adjustable Hack Squat은 플레이트 로딩 레그 프레스입니다. 양쪽 원판을 맞춘 뒤, 안전 스톱을 내 가동범위에 먼저 걸고 시작하세요. 첫 2세트는 템포를 늦춰 골반이 뜨는지 확인합니다.

🎯 MACHINE FIT CHECK
🟢 시트/패드 → 골반 고정
🟢 발 → 발판 중앙·방향 정렬
🟢 원판 → 좌우 동일
🟢 복귀 → 2~3초 통제

### 🔥 이것만 기억하세요

""발 전체로 밀고, 골반은 끝까지 안정적으로.""","🏋️ WATSON — PL Animal Adjustable Hack Squat · Animal Plate Loaded

🎯 ONE KEY CUE
🔥 ""Keep the back on the pad and stand up through the heels""

PL Animal Adjustable Hack Squat. 각도 조절형 핵 스쿼트입니다 Lean into the plate-loaded design. Do not chase load until the setup feels locked in.

⚙️ ① Setup
🪑 Seat / pads
Set the seat/back pad first. Your start depth is where the pelvis stays planted and the low back does not peel up.
🦶 Feet
Center the feet. If placement is too high or low, the pelvis lifts first.
⚙️ Adjustments
Check 등판 각도, 어깨 패드, 발 위치, 플레이트. Match plates on both sides — do not load one arm first.

💪 ② Start position
Plant the pelvis and feel the whole foot on the platform. Align knees with toes.
Check only this:
👉 Pelvis not curling under

🔥 ③ Execution
Do not kick the platform. Drive it away through the whole foot and let the knees track the toes.
Bend, press through the mid-foot, and return without bouncing the knees.

💥 ④ Peak contraction
Stop just short of hard lockout where quads/glutes still own the load.
⏱️ 1-second STOP
Own that position for one second. This is not where you dump the weight.

🐌 ⑤ Controlled return
Do not dump the load.
Take 2–3 seconds on the way back.
Reverse before the pelvis curls under.

❌ Common mistakes
❌ Knees collapsing inward
Drive knees with the toes. Reduce load immediately if they cave.
❌ Pelvis curling / low back peeling at the bottom
Own pelvis position before depth.
❌ Snapping into a hard knee lockout
If position breaks, cut the load.
❌ Loading unequal plates
Match both sides, then confirm with a light set.

💡 MACHINE FIT PRO TIP
🔥 PL Animal Adjustable Hack Squat is plate-loaded. Match both sides, set the safety stops to your range first, and use the first two sets to confirm the pelvis stays down.

🎯 MACHINE FIT CHECK
🟢 Seat/pad → pelvis planted
🟢 Feet → centered and aligned
🟢 Plates → matched
🟢 Return → 2–3 sec control

### 🔥 Remember this

""Whole-foot drive, pelvis stays honest."""
WATSON,스쿼트 프레스,Squat Press,PL Tru Squat,PARTIALLY_VERIFIED,Watson Gym Equipment,Plate Loaded,https://watsongym.co.uk/product/trusquat/,스쿼트 프레스 명칭 SKU는 없고 PL Tru Squat·Power Squat·Leverage Squat가 가장 가깝습니다,"어깨/힙 패드, 발 위치, 플레이트","🏋️ WATSON — PL Tru Squat · Plate Loaded

🎯 ONE KEY CUE
🔥 ""코어를 조인 채 수직에 가깝게 일어서기""

스쿼트 프레스 명칭 SKU는 없고 PL Tru Squat·Power Squat·Leverage Squat가 가장 가깝습니다. 플레이트 로딩 구조입니다. 처음부터 무게 올리지 말고, 세팅부터 잡으세요.

⚙️ ① 기구 세팅
🪑 좌석 / 패드
시트·백패드를 먼저 맞추세요. 밀었을 때 골반이 말리거나 허리가 뜨지 않는 깊이가 시작점입니다.
🦶 발 위치
발판 중앙에 발을 두고, 무릎이 발끝 방향으로 가게 맞추세요. 너무 높거나 낮으면 골반이 먼저 뜹니다.
⚙️ 조절 포인트
어깨/힙 패드, 발 위치, 플레이트를 확인하세요. 양쪽 플레이트를 동일하게 맞추고, 한쪽만 먼저 올리지 마세요.
이 카테고리는 공식 명칭이 겹칠 수 있으니, 헬스장 기구의 실제 레버·패드 배치를 우선하세요.

💪 ② 시작 자세
골반을 시트/패드에 붙이고 발 전체로 발판을 느낍니다. 무릎·발끝 방향을 맞춥니다.
이 자세에서 이것만 확인하세요.
👉 골반이 말리지 않는 깊이인지

🔥 ③ 운동 방법
앉았다 일어서며 발판을 밀기.
발판을 “발로 차듯” 밀지 말고, 발 전체로 멀리 보낸다는 느낌으로 밀어요. 무릎은 발끝 방향을 따라갑니다.

💥 ④ 최고 수축
무릎을 완전히 잠그기 직전, 허벅지·둔근이 일을 받는 지점에서 멈춥니다.
⏱️ 1초 STOP
튕기지 말고 그 지점에서 1초만 소유하세요. 무게를 놓는 순간이 아닙니다.

🐌 ⑤ 천천히 돌아오기
중량을 그냥 놓지 마세요.
2~3초 동안 통제하면서 복귀합니다.
내려올 때 골반이 말리는 깊이 직전에서 방향을 바꾸세요.

❌ 흔한 실수
❌ 무릎이 안쪽으로 무너지는 것
발끝 방향으로 무릎을 보내세요. 안쪽으로 모이면 바로 중량을 낮춥니다.
❌ 하부 범위에서 요추가 뜨거나 골반이 말리는 것
깊이보다 골반 고정이 먼저입니다. 허리가 뜨면 범위를 줄이세요.
❌ 무릎을 강하게 잠그며 튕기는 것
자세가 무너지면 깊이·무게를 줄이세요.
❌ 양쪽 플레이트 무게를 다르게 올리는 것
양쪽을 맞춘 뒤 가벼운 세트로 좌우를 확인하세요.

💡 MACHINE FIT PRO TIP
🔥 PL Tru Squat은 플레이트 로딩 레그 프레스입니다. 양쪽 원판을 맞춘 뒤, 안전 스톱을 내 가동범위에 먼저 걸고 시작하세요. 첫 2세트는 템포를 늦춰 골반이 뜨는지 확인합니다.

🎯 MACHINE FIT CHECK
🟢 시트/패드 → 골반 고정
🟢 발 → 발판 중앙·방향 정렬
🟢 원판 → 좌우 동일
🟢 복귀 → 2~3초 통제

### 🔥 이것만 기억하세요

""발 전체로 밀고, 골반은 끝까지 안정적으로.""","🏋️ WATSON — PL Tru Squat · Plate Loaded

🎯 ONE KEY CUE
🔥 ""Brace the core and stand up on a near-vertical path""

스쿼트 프레스 명칭 SKU는 없고 PL Tru Squat·Power Squat·Leverage Squat가 가장 가깝습니다 Lean into the plate-loaded design. Do not chase load until the setup feels locked in.

⚙️ ① Setup
🪑 Seat / pads
Set the seat/back pad first. Your start depth is where the pelvis stays planted and the low back does not peel up.
🦶 Feet
Center the feet. If placement is too high or low, the pelvis lifts first.
⚙️ Adjustments
Check 어깨/힙 패드, 발 위치, 플레이트. Match plates on both sides — do not load one arm first.
Naming can overlap in this category — trust the levers and pads on the unit in front of you.

💪 ② Start position
Plant the pelvis and feel the whole foot on the platform. Align knees with toes.
Check only this:
👉 Pelvis not curling under

🔥 ③ Execution
Do not kick the platform. Drive it away through the whole foot and let the knees track the toes.
Bend, press through the mid-foot, and return without bouncing the knees.

💥 ④ Peak contraction
Stop just short of hard lockout where quads/glutes still own the load.
⏱️ 1-second STOP
Own that position for one second. This is not where you dump the weight.

🐌 ⑤ Controlled return
Do not dump the load.
Take 2–3 seconds on the way back.
Reverse before the pelvis curls under.

❌ Common mistakes
❌ Knees collapsing inward
Drive knees with the toes. Reduce load immediately if they cave.
❌ Pelvis curling / low back peeling at the bottom
Own pelvis position before depth.
❌ Snapping into a hard knee lockout
If position breaks, cut the load.
❌ Loading unequal plates
Match both sides, then confirm with a light set.

💡 MACHINE FIT PRO TIP
🔥 PL Tru Squat is plate-loaded. Match both sides, set the safety stops to your range first, and use the first two sets to confirm the pelvis stays down.

🎯 MACHINE FIT CHECK
🟢 Seat/pad → pelvis planted
🟢 Feet → centered and aligned
🟢 Plates → matched
🟢 Return → 2–3 sec control

### 🔥 Remember this

""Whole-foot drive, pelvis stays honest."""
WATSON,벨트 스쿼트,Belt Squat,PL Hip Belt Squat,VERIFIED,Watson Gym Equipment,Plate Loaded,https://watsongym.co.uk/product/hip-belt-squat/,Watson PL Hip Belt Squat. 힙 벨트 스쿼트입니다,"벨트 높이, 발 위치, 플레이트","🏋️ WATSON — PL Hip Belt Squat · Plate Loaded

🎯 ONE KEY CUE
🔥 ""벨트로 부하를 받고 상체는 세운 채 앉았다 일어서기""

Watson PL Hip Belt Squat. 힙 벨트 스쿼트. 플레이트 로딩 구조입니다. 처음부터 무게 올리지 말고, 세팅부터 잡으세요.

⚙️ ① 기구 세팅
🦶 발 위치
발판 중앙에 발을 두고, 무릎이 발끝 방향으로 가게 맞추세요. 너무 높거나 낮으면 골반이 먼저 뜹니다.
⚙️ 조절 포인트
벨트 높이, 발 위치, 플레이트를 확인하세요. 양쪽 플레이트를 동일하게 맞추고, 한쪽만 먼저 올리지 마세요.

💪 ② 시작 자세
골반을 시트/패드에 붙이고 발 전체로 발판을 느낍니다. 무릎·발끝 방향을 맞춥니다.
이 자세에서 이것만 확인하세요.
👉 골반이 말리지 않는 깊이인지

🔥 ③ 운동 방법
벨트를 착용한 채 앉았다 일어서기.
발판을 “발로 차듯” 밀지 말고, 발 전체로 멀리 보낸다는 느낌으로 밀어요. 무릎은 발끝 방향을 따라갑니다.

💥 ④ 최고 수축
무릎을 완전히 잠그기 직전, 허벅지·둔근이 일을 받는 지점에서 멈춥니다.
⏱️ 1초 STOP
튕기지 말고 그 지점에서 1초만 소유하세요. 무게를 놓는 순간이 아닙니다.

🐌 ⑤ 천천히 돌아오기
중량을 그냥 놓지 마세요.
2~3초 동안 통제하면서 복귀합니다.
내려올 때 골반이 말리는 깊이 직전에서 방향을 바꾸세요.

❌ 흔한 실수
❌ 상체를 과도하게 숙여 힙 힌지만 하는
자세가 무너지면 깊이·무게를 줄이세요.
❌ 무릎이 안쪽으로 무너지는 것
발끝 방향으로 무릎을 보내세요. 안쪽으로 모이면 바로 중량을 낮춥니다.
❌ 하부 범위에서 요추가 뜨거나 골반이 말리는 것
깊이보다 골반 고정이 먼저입니다. 허리가 뜨면 범위를 줄이세요.
❌ 무릎을 강하게 잠그며 튕기는 것
자세가 무너지면 깊이·무게를 줄이세요.
❌ 양쪽 플레이트 무게를 다르게 올리는 것
양쪽을 맞춘 뒤 가벼운 세트로 좌우를 확인하세요.

💡 MACHINE FIT PRO TIP
🔥 PL Hip Belt Squat은 플레이트 로딩 레그 프레스입니다. 양쪽 원판을 맞춘 뒤, 안전 스톱을 내 가동범위에 먼저 걸고 시작하세요. 첫 2세트는 템포를 늦춰 골반이 뜨는지 확인합니다.

🎯 MACHINE FIT CHECK
🟢 시트/패드 → 골반 고정
🟢 발 → 발판 중앙·방향 정렬
🟢 원판 → 좌우 동일
🟢 복귀 → 2~3초 통제

### 🔥 이것만 기억하세요

""발 전체로 밀고, 골반은 끝까지 안정적으로.""","🏋️ WATSON — PL Hip Belt Squat · Plate Loaded

🎯 ONE KEY CUE
🔥 ""Load through the belt, keep the torso tall, and squat""

Watson PL Hip Belt Squat. 힙 벨트 스쿼트입니다 Lean into the plate-loaded design. Do not chase load until the setup feels locked in.

⚙️ ① Setup
🦶 Feet
Center the feet. If placement is too high or low, the pelvis lifts first.
⚙️ Adjustments
Check 벨트 높이, 발 위치, 플레이트. Match plates on both sides — do not load one arm first.

💪 ② Start position
Plant the pelvis and feel the whole foot on the platform. Align knees with toes.
Check only this:
👉 Pelvis not curling under

🔥 ③ Execution
Do not kick the platform. Drive it away through the whole foot and let the knees track the toes.
Bend, press through the mid-foot, and return without bouncing the knees.

💥 ④ Peak contraction
Stop just short of hard lockout where quads/glutes still own the load.
⏱️ 1-second STOP
Own that position for one second. This is not where you dump the weight.

🐌 ⑤ Controlled return
Do not dump the load.
Take 2–3 seconds on the way back.
Reverse before the pelvis curls under.

❌ Common mistakes
❌ Knees collapsing inward
Drive knees with the toes. Reduce load immediately if they cave.
❌ Pelvis curling / low back peeling at the bottom
Own pelvis position before depth.
❌ Snapping into a hard knee lockout
If position breaks, cut the load.
❌ Loading unequal plates
Match both sides, then confirm with a light set.

💡 MACHINE FIT PRO TIP
🔥 PL Hip Belt Squat is plate-loaded. Match both sides, set the safety stops to your range first, and use the first two sets to confirm the pelvis stays down.

🎯 MACHINE FIT CHECK
🟢 Seat/pad → pelvis planted
🟢 Feet → centered and aligned
🟢 Plates → matched
🟢 Return → 2–3 sec control

### 🔥 Remember this

""Whole-foot drive, pelvis stays honest."""
WATSON,레그 익스텐션,Leg Extension,PL Leg Extension,VERIFIED,Watson Gym Equipment,Plate Loaded,https://watsongym.co.uk/product/plate-load-leg-extension/,Watson PL Leg Extension. 아이소래터럴 레그 익스텐션입니다,"시트, 발목 패드, 시작 각도, 플레이트","🏋️ WATSON — PL Leg Extension · Plate Loaded

🎯 ONE KEY CUE
🔥 ""무릎만으로 펴며 상단에서 대퇴사두 수축""

Watson PL Leg Extension. 아이소래터럴 레그 익스텐션. 좌우가 독립으로 움직이는 · 플레이트 로딩 구조입니다. 처음부터 무게 올리지 말고, 세팅부터 잡으세요.

⚙️ ① 기구 세팅
🪑 좌석 / 패드
시트부터 맞추세요. 밀었을 때 골반이 말리거나 허리가 뜨지 않는 깊이가 시작점입니다.
🦶 발 위치
발판 중앙에 발을 두고, 무릎이 발끝 방향으로 가게 맞추세요. 너무 높거나 낮으면 골반이 먼저 뜹니다.
⚙️ 조절 포인트
시트, 발목 패드, 시작 각도, 플레이트를 확인하세요. 양쪽 플레이트를 동일하게 맞추고, 한쪽만 먼저 올리지 마세요. 좌우 시작 위치가 같은지도 같이 봅니다.

💪 ② 시작 자세
골반을 시트/패드에 붙이고 발 전체로 발판을 느낍니다. 무릎·발끝 방향을 맞춥니다.
좌우가 같은 높이에서 시작하는지 한 번 더 보세요.
이 자세에서 이것만 확인하세요.
👉 골반이 말리지 않는 깊이인지

🔥 ③ 운동 방법
정강이를 위로 펴 올렸다 천천히 접기.
양쪽을 같은 속도로 움직이세요. 한쪽이 먼저 끝나면 무게를 더 올리기 전에 밸런스부터 잡습니다.

💥 ④ 최고 수축
무릎을 완전히 잠그기 직전, 허벅지·둔근이 일을 받는 지점에서 멈춥니다.
⏱️ 1초 STOP
튕기지 말고 그 지점에서 1초만 소유하세요. 무게를 놓는 순간이 아닙니다.

🐌 ⑤ 천천히 돌아오기
중량을 그냥 놓지 마세요.
2~3초 동안 통제하면서 복귀합니다.
내려올 때 골반이 말리는 깊이 직전에서 방향을 바꾸세요.

❌ 흔한 실수
❌ 엉덩이를 들어 올려 반동으로 펴는
템포를 늦추고 같은 궤적만 반복하세요.
❌ 무릎이 안쪽으로 무너지는 것
발끝 방향으로 무릎을 보내세요. 안쪽으로 모이면 바로 중량을 낮춥니다.
❌ 하부 범위에서 요추가 뜨거나 골반이 말리는 것
깊이보다 골반 고정이 먼저입니다. 허리가 뜨면 범위를 줄이세요.
❌ 무릎을 강하게 잠그며 튕기는 것
자세가 무너지면 깊이·무게를 줄이세요.
❌ 한쪽만 먼저 끝내고 반대쪽을 따라가게 하는 것
약한 쪽 속도에 강한 쪽을 맞추세요.

💡 MACHINE FIT PRO TIP
🔥 이 기구는 좌우 암이 독립적으로 움직이는 게 장점입니다. 무게를 올리기 전에 양쪽이 같은 속도로 가는지 확인하세요. 한쪽이 먼저 끝까지 가 버리면 중량보다 밸런스가 먼저입니다.

🎯 MACHINE FIT CHECK
🟢 시트/패드 → 골반 고정
🟢 발 → 발판 중앙·방향 정렬
🟢 좌우 → 같은 속도
🟢 복귀 → 2~3초 통제

### 🔥 이것만 기억하세요

""발 전체로 밀고, 골반은 끝까지 안정적으로.""","🏋️ WATSON — PL Leg Extension · Plate Loaded

🎯 ONE KEY CUE
🔥 ""Extend from the knees only and squeeze quads at the top""

Watson PL Leg Extension. 아이소래터럴 레그 익스텐션입니다 Lean into the independent arms / plate-loaded design. Do not chase load until the setup feels locked in.

⚙️ ① Setup
🪑 Seat / pads
Set the seat/back pad first. Your start depth is where the pelvis stays planted and the low back does not peel up.
🦶 Feet
Center the feet. If placement is too high or low, the pelvis lifts first.
⚙️ Adjustments
Check 시트, 발목 패드, 시작 각도, 플레이트. Match plates on both sides — do not load one arm first. Confirm both sides start from the same position.

💪 ② Start position
Plant the pelvis and feel the whole foot on the platform. Align knees with toes.
Double-check both sides start at the same height.
Check only this:
👉 Pelvis not curling under

🔥 ③ Execution
Match left-right speed. If one side finishes early, fix balance before adding load.
Bend, press through the mid-foot, and return without bouncing the knees. Keep both sides honest.

💥 ④ Peak contraction
Stop just short of hard lockout where quads/glutes still own the load.
⏱️ 1-second STOP
Own that position for one second. This is not where you dump the weight.

🐌 ⑤ Controlled return
Do not dump the load.
Take 2–3 seconds on the way back.
Reverse before the pelvis curls under.

❌ Common mistakes
❌ Knees collapsing inward
Drive knees with the toes. Reduce load immediately if they cave.
❌ Pelvis curling / low back peeling at the bottom
Own pelvis position before depth.
❌ Snapping into a hard knee lockout
If position breaks, cut the load.
❌ Letting one side finish early
Match the stronger side to the weaker side’s speed.
❌ Loading unequal plates
Match both sides, then confirm with a light set.

💡 MACHINE FIT PRO TIP
🔥 Independent arms are the point. Before you load up, confirm both sides move at the same speed. If one side finishes early, fix balance before adding plates or pins.

🎯 MACHINE FIT CHECK
🟢 Seat/pad → pelvis planted
🟢 Feet → centered and aligned
🟢 Left/right → same speed
🟢 Return → 2–3 sec control

### 🔥 Remember this

""Whole-foot drive, pelvis stays honest."""
WATSON,시티드 레그 컬,Seated Leg Curl,SS Seated Leg Curl,VERIFIED,Watson Gym Equipment,Single Stack,https://watsongym.co.uk/product/seated-leg-curl/,Watson SS Seated Leg Curl. 시티드 레그 컬입니다,"시트, 허벅지 패드, 발목 롤러, 스택 핀","🏋️ WATSON — SS Seated Leg Curl · Single Stack

🎯 ONE KEY CUE
🔥 ""허벅지를 고정한 채 발뒤꿈치로 당기기""

Watson SS Seated Leg Curl. 시티드 레그 컬. 왓슨 Plate Loaded·Animal 궤적을 그대로 타는 게 핵심입니다. 처음부터 무게 올리지 말고, 세팅부터 잡으세요.

⚙️ ① 기구 세팅
🪑 좌석 / 패드
시트부터 맞추세요. 밀었을 때 골반이 말리거나 허리가 뜨지 않는 깊이가 시작점입니다.
🦶 발 위치
발판 중앙에 발을 두고, 무릎이 발끝 방향으로 가게 맞추세요. 너무 높거나 낮으면 골반이 먼저 뜹니다.
⚙️ 조절 포인트
시트, 허벅지 패드, 발목 롤러, 스택 핀을 확인하세요.

💪 ② 시작 자세
골반을 시트/패드에 붙이고 발 전체로 발판을 느낍니다. 무릎·발끝 방향을 맞춥니다.
이 자세에서 이것만 확인하세요.
👉 골반이 말리지 않는 깊이인지

🔥 ③ 운동 방법
발뒤꿈치를 엉덩이 쪽으로 당겼다 복귀.
발판을 “발로 차듯” 밀지 말고, 발 전체로 멀리 보낸다는 느낌으로 밀어요. 무릎은 발끝 방향을 따라갑니다.

💥 ④ 최고 수축
무릎을 완전히 잠그기 직전, 허벅지·둔근이 일을 받는 지점에서 멈춥니다.
⏱️ 1초 STOP
튕기지 말고 그 지점에서 1초만 소유하세요. 무게를 놓는 순간이 아닙니다.

🐌 ⑤ 천천히 돌아오기
중량을 그냥 놓지 마세요.
2~3초 동안 통제하면서 복귀합니다.
내려올 때 골반이 말리는 깊이 직전에서 방향을 바꾸세요.

❌ 흔한 실수
❌ 엉덩이가 들리며 허리가 말리는
자세가 무너지면 깊이·무게를 줄이세요.
❌ 무릎이 안쪽으로 무너지는 것
발끝 방향으로 무릎을 보내세요. 안쪽으로 모이면 바로 중량을 낮춥니다.
❌ 하부 범위에서 요추가 뜨거나 골반이 말리는 것
깊이보다 골반 고정이 먼저입니다. 허리가 뜨면 범위를 줄이세요.
❌ 무릎을 강하게 잠그며 튕기는 것
자세가 무너지면 깊이·무게를 줄이세요.

💡 MACHINE FIT PRO TIP
🔥 SS Seated Leg Curl의 가이드 궤적을 이용하세요. 첫 2세트는 천천히, 대칭이 확인된 뒤에만 무게를 올립니다.

🎯 MACHINE FIT CHECK
🟢 시트/패드 → 골반 고정
🟢 발 → 발판 중앙·방향 정렬
🟢 무릎 → 발끝 방향
🟢 복귀 → 2~3초 통제

### 🔥 이것만 기억하세요

""발 전체로 밀고, 골반은 끝까지 안정적으로.""","🏋️ WATSON — SS Seated Leg Curl · Single Stack

🎯 ONE KEY CUE
🔥 ""Pin the thighs down and curl by pulling the heels back""

Watson SS Seated Leg Curl. 시티드 레그 컬입니다 Ride the Watson Plate Loaded / Animal path instead of fighting it. Do not chase load until the setup feels locked in.

⚙️ ① Setup
🪑 Seat / pads
Set the seat/back pad first. Your start depth is where the pelvis stays planted and the low back does not peel up.
🦶 Feet
Center the feet. If placement is too high or low, the pelvis lifts first.
⚙️ Adjustments
Check 시트, 허벅지 패드, 발목 롤러, 스택 핀.

💪 ② Start position
Plant the pelvis and feel the whole foot on the platform. Align knees with toes.
Check only this:
👉 Pelvis not curling under

🔥 ③ Execution
Do not kick the platform. Drive it away through the whole foot and let the knees track the toes.
Bend, press through the mid-foot, and return without bouncing the knees.

💥 ④ Peak contraction
Stop just short of hard lockout where quads/glutes still own the load.
⏱️ 1-second STOP
Own that position for one second. This is not where you dump the weight.

🐌 ⑤ Controlled return
Do not dump the load.
Take 2–3 seconds on the way back.
Reverse before the pelvis curls under.

❌ Common mistakes
❌ Knees collapsing inward
Drive knees with the toes. Reduce load immediately if they cave.
❌ Pelvis curling / low back peeling at the bottom
Own pelvis position before depth.
❌ Snapping into a hard knee lockout
If position breaks, cut the load.

💡 MACHINE FIT PRO TIP
🔥 Use the guided path on SS Seated Leg Curl. Slow the first two sets, confirm symmetry, then add load.

🎯 MACHINE FIT CHECK
🟢 Seat/pad → pelvis planted
🟢 Feet → centered and aligned
🟢 Knees → track toes
🟢 Return → 2–3 sec control

### 🔥 Remember this

""Whole-foot drive, pelvis stays honest."""
WATSON,라잉 레그 컬,Lying Leg Curl,SS Lying Leg Curl,VERIFIED,Watson Gym Equipment,Single Stack,https://watsongym.co.uk/product/lying-leg-curl/,Watson SS Lying Leg Curl. 라잉(prone) 레그 컬입니다,"힙 패드, 발목 롤러, 스택 핀","🏋️ WATSON — SS Lying Leg Curl · Single Stack

🎯 ONE KEY CUE
🔥 ""골반을 패드에 붙인 채 발뒤꿈치만 당기기""

Watson SS Lying Leg Curl. 라잉(prone) 레그 컬. 왓슨 Plate Loaded·Animal 궤적을 그대로 타는 게 핵심입니다. 처음부터 무게 올리지 말고, 세팅부터 잡으세요.

⚙️ ① 기구 세팅
🪑 좌석 / 패드
시트·백패드를 먼저 맞추세요. 밀었을 때 골반이 말리거나 허리가 뜨지 않는 깊이가 시작점입니다.
🦶 발 위치
발판 중앙에 발을 두고, 무릎이 발끝 방향으로 가게 맞추세요. 너무 높거나 낮으면 골반이 먼저 뜹니다.
⚙️ 조절 포인트
힙 패드, 발목 롤러, 스택 핀을 확인하세요.

💪 ② 시작 자세
골반을 시트/패드에 붙이고 발 전체로 발판을 느낍니다. 무릎·발끝 방향을 맞춥니다.
이 자세에서 이것만 확인하세요.
👉 골반이 말리지 않는 깊이인지

🔥 ③ 운동 방법
발뒤꿈치를 엉덩이로 당겼다 천천히 펴기.
발판을 “발로 차듯” 밀지 말고, 발 전체로 멀리 보낸다는 느낌으로 밀어요. 무릎은 발끝 방향을 따라갑니다.

💥 ④ 최고 수축
무릎을 완전히 잠그기 직전, 허벅지·둔근이 일을 받는 지점에서 멈춥니다.
⏱️ 1초 STOP
튕기지 말고 그 지점에서 1초만 소유하세요. 무게를 놓는 순간이 아닙니다.

🐌 ⑤ 천천히 돌아오기
중량을 그냥 놓지 마세요.
2~3초 동안 통제하면서 복귀합니다.
내려올 때 골반이 말리는 깊이 직전에서 방향을 바꾸세요.

❌ 흔한 실수
❌ 상체를 들어 올려 반동으로 컬하는
템포를 늦추고 같은 궤적만 반복하세요.
❌ 무릎이 안쪽으로 무너지는 것
발끝 방향으로 무릎을 보내세요. 안쪽으로 모이면 바로 중량을 낮춥니다.
❌ 하부 범위에서 요추가 뜨거나 골반이 말리는 것
깊이보다 골반 고정이 먼저입니다. 허리가 뜨면 범위를 줄이세요.
❌ 무릎을 강하게 잠그며 튕기는 것
자세가 무너지면 깊이·무게를 줄이세요.

💡 MACHINE FIT PRO TIP
🔥 SS Lying Leg Curl의 가이드 궤적을 이용하세요. 첫 2세트는 천천히, 대칭이 확인된 뒤에만 무게를 올립니다.

🎯 MACHINE FIT CHECK
🟢 시트/패드 → 골반 고정
🟢 발 → 발판 중앙·방향 정렬
🟢 무릎 → 발끝 방향
🟢 복귀 → 2~3초 통제

### 🔥 이것만 기억하세요

""발 전체로 밀고, 골반은 끝까지 안정적으로.""","🏋️ WATSON — SS Lying Leg Curl · Single Stack

🎯 ONE KEY CUE
🔥 ""Keep the hips on the pad and curl with the heels only""

Watson SS Lying Leg Curl. 라잉(prone) 레그 컬입니다 Ride the Watson Plate Loaded / Animal path instead of fighting it. Do not chase load until the setup feels locked in.

⚙️ ① Setup
🪑 Seat / pads
Set the seat/back pad first. Your start depth is where the pelvis stays planted and the low back does not peel up.
🦶 Feet
Center the feet. If placement is too high or low, the pelvis lifts first.
⚙️ Adjustments
Check 힙 패드, 발목 롤러, 스택 핀.

💪 ② Start position
Plant the pelvis and feel the whole foot on the platform. Align knees with toes.
Check only this:
👉 Pelvis not curling under

🔥 ③ Execution
Do not kick the platform. Drive it away through the whole foot and let the knees track the toes.
Bend, press through the mid-foot, and return without bouncing the knees.

💥 ④ Peak contraction
Stop just short of hard lockout where quads/glutes still own the load.
⏱️ 1-second STOP
Own that position for one second. This is not where you dump the weight.

🐌 ⑤ Controlled return
Do not dump the load.
Take 2–3 seconds on the way back.
Reverse before the pelvis curls under.

❌ Common mistakes
❌ Knees collapsing inward
Drive knees with the toes. Reduce load immediately if they cave.
❌ Pelvis curling / low back peeling at the bottom
Own pelvis position before depth.
❌ Snapping into a hard knee lockout
If position breaks, cut the load.

💡 MACHINE FIT PRO TIP
🔥 Use the guided path on SS Lying Leg Curl. Slow the first two sets, confirm symmetry, then add load.

🎯 MACHINE FIT CHECK
🟢 Seat/pad → pelvis planted
🟢 Feet → centered and aligned
🟢 Knees → track toes
🟢 Return → 2–3 sec control

### 🔥 Remember this

""Whole-foot drive, pelvis stays honest."""
WATSON,스탠딩 레그 컬,Standing Leg Curl,PL Standing Leg Curl,VERIFIED,Watson Gym Equipment,Plate Loaded,https://watsongym.co.uk/product/plate-loaded-standing-leg-curl/,Watson PL Standing Leg Curl. 스탠딩 레그 컬입니다,"지지 패드, 발목 롤러, 플레이트","🏋️ WATSON — PL Standing Leg Curl · Plate Loaded

🎯 ONE KEY CUE
🔥 ""지지측 다리로 균형을 잡고 작업측만 컬""

Watson PL Standing Leg Curl. 스탠딩 레그 컬. 플레이트 로딩 구조입니다. 처음부터 무게 올리지 말고, 세팅부터 잡으세요.

⚙️ ① 기구 세팅
🪑 좌석 / 패드
시트·백패드를 먼저 맞추세요. 밀었을 때 골반이 말리거나 허리가 뜨지 않는 깊이가 시작점입니다.
🦶 발 위치
발판 중앙에 발을 두고, 무릎이 발끝 방향으로 가게 맞추세요. 너무 높거나 낮으면 골반이 먼저 뜹니다.
⚙️ 조절 포인트
지지 패드, 발목 롤러, 플레이트를 확인하세요. 양쪽 플레이트를 동일하게 맞추고, 한쪽만 먼저 올리지 마세요.

💪 ② 시작 자세
골반을 시트/패드에 붙이고 발 전체로 발판을 느낍니다. 무릎·발끝 방향을 맞춥니다.
이 자세에서 이것만 확인하세요.
👉 골반이 말리지 않는 깊이인지

🔥 ③ 운동 방법
발뒤꿈치를 엉덩이로 당겼다 펴기.
발판을 “발로 차듯” 밀지 말고, 발 전체로 멀리 보낸다는 느낌으로 밀어요. 무릎은 발끝 방향을 따라갑니다.

💥 ④ 최고 수축
무릎을 완전히 잠그기 직전, 허벅지·둔근이 일을 받는 지점에서 멈춥니다.
⏱️ 1초 STOP
튕기지 말고 그 지점에서 1초만 소유하세요. 무게를 놓는 순간이 아닙니다.

🐌 ⑤ 천천히 돌아오기
중량을 그냥 놓지 마세요.
2~3초 동안 통제하면서 복귀합니다.
내려올 때 골반이 말리는 깊이 직전에서 방향을 바꾸세요.

❌ 흔한 실수
❌ 상체를 과도하게 숙여 반동을 쓰는
템포를 늦추고 같은 궤적만 반복하세요.
❌ 무릎이 안쪽으로 무너지는 것
발끝 방향으로 무릎을 보내세요. 안쪽으로 모이면 바로 중량을 낮춥니다.
❌ 하부 범위에서 요추가 뜨거나 골반이 말리는 것
깊이보다 골반 고정이 먼저입니다. 허리가 뜨면 범위를 줄이세요.
❌ 무릎을 강하게 잠그며 튕기는 것
자세가 무너지면 깊이·무게를 줄이세요.
❌ 양쪽 플레이트 무게를 다르게 올리는 것
양쪽을 맞춘 뒤 가벼운 세트로 좌우를 확인하세요.

💡 MACHINE FIT PRO TIP
🔥 PL Standing Leg Curl은 플레이트 로딩 레그 프레스입니다. 양쪽 원판을 맞춘 뒤, 안전 스톱을 내 가동범위에 먼저 걸고 시작하세요. 첫 2세트는 템포를 늦춰 골반이 뜨는지 확인합니다.

🎯 MACHINE FIT CHECK
🟢 시트/패드 → 골반 고정
🟢 발 → 발판 중앙·방향 정렬
🟢 원판 → 좌우 동일
🟢 복귀 → 2~3초 통제

### 🔥 이것만 기억하세요

""발 전체로 밀고, 골반은 끝까지 안정적으로.""","🏋️ WATSON — PL Standing Leg Curl · Plate Loaded

🎯 ONE KEY CUE
🔥 ""Brace on the support leg and curl only the working leg""

Watson PL Standing Leg Curl. 스탠딩 레그 컬입니다 Lean into the plate-loaded design. Do not chase load until the setup feels locked in.

⚙️ ① Setup
🪑 Seat / pads
Set the seat/back pad first. Your start depth is where the pelvis stays planted and the low back does not peel up.
🦶 Feet
Center the feet. If placement is too high or low, the pelvis lifts first.
⚙️ Adjustments
Check 지지 패드, 발목 롤러, 플레이트. Match plates on both sides — do not load one arm first.

💪 ② Start position
Plant the pelvis and feel the whole foot on the platform. Align knees with toes.
Check only this:
👉 Pelvis not curling under

🔥 ③ Execution
Do not kick the platform. Drive it away through the whole foot and let the knees track the toes.
Bend, press through the mid-foot, and return without bouncing the knees.

💥 ④ Peak contraction
Stop just short of hard lockout where quads/glutes still own the load.
⏱️ 1-second STOP
Own that position for one second. This is not where you dump the weight.

🐌 ⑤ Controlled return
Do not dump the load.
Take 2–3 seconds on the way back.
Reverse before the pelvis curls under.

❌ Common mistakes
❌ Knees collapsing inward
Drive knees with the toes. Reduce load immediately if they cave.
❌ Pelvis curling / low back peeling at the bottom
Own pelvis position before depth.
❌ Snapping into a hard knee lockout
If position breaks, cut the load.
❌ Loading unequal plates
Match both sides, then confirm with a light set.

💡 MACHINE FIT PRO TIP
🔥 PL Standing Leg Curl is plate-loaded. Match both sides, set the safety stops to your range first, and use the first two sets to confirm the pelvis stays down.

🎯 MACHINE FIT CHECK
🟢 Seat/pad → pelvis planted
🟢 Feet → centered and aligned
🟢 Plates → matched
🟢 Return → 2–3 sec control

### 🔥 Remember this

""Whole-foot drive, pelvis stays honest."""
WATSON,싱글 레그 컬,Single Leg Curl,SS Standing Leg Curl,PARTIALLY_VERIFIED,Watson Gym Equipment,Single Stack,https://watsongym.co.uk/product/standing-leg-curl/,싱글 전용 SKU명은 없고 SS/PL Standing Leg Curl이 편측 레그 컬입니다,"지지 패드, 발목 롤러, 스택/플레이트","🏋️ WATSON — SS Standing Leg Curl · Single Stack

🎯 ONE KEY CUE
🔥 ""한 다리만으로 천천히 컬하며 균형 유지""

싱글 전용 SKU명은 없고 SS/PL Standing Leg Curl이 편측 레그 컬. 왓슨 Plate Loaded·Animal 궤적을 그대로 타는 게 핵심입니다. 처음부터 무게 올리지 말고, 세팅부터 잡으세요.

⚙️ ① 기구 세팅
🪑 좌석 / 패드
시트·백패드를 먼저 맞추세요. 밀었을 때 골반이 말리거나 허리가 뜨지 않는 깊이가 시작점입니다.
🦶 발 위치
발판 중앙에 발을 두고, 무릎이 발끝 방향으로 가게 맞추세요. 너무 높거나 낮으면 골반이 먼저 뜹니다.
⚙️ 조절 포인트
지지 패드, 발목 롤러, 스택/플레이트를 확인하세요.
이 카테고리는 공식 명칭이 겹칠 수 있으니, 헬스장 기구의 실제 레버·패드 배치를 우선하세요.

💪 ② 시작 자세
골반을 시트/패드에 붙이고 발 전체로 발판을 느낍니다. 무릎·발끝 방향을 맞춥니다.
이 자세에서 이것만 확인하세요.
👉 골반이 말리지 않는 깊이인지

🔥 ③ 운동 방법
편측으로 당겼다 천천히 펴기.
발판을 “발로 차듯” 밀지 말고, 발 전체로 멀리 보낸다는 느낌으로 밀어요. 무릎은 발끝 방향을 따라갑니다.

💥 ④ 최고 수축
무릎을 완전히 잠그기 직전, 허벅지·둔근이 일을 받는 지점에서 멈춥니다.
⏱️ 1초 STOP
튕기지 말고 그 지점에서 1초만 소유하세요. 무게를 놓는 순간이 아닙니다.

🐌 ⑤ 천천히 돌아오기
중량을 그냥 놓지 마세요.
2~3초 동안 통제하면서 복귀합니다.
내려올 때 골반이 말리는 깊이 직전에서 방향을 바꾸세요.

❌ 흔한 실수
❌ 지지측으로 체중을 넘기며 흔들리는
자세가 무너지면 깊이·무게를 줄이세요.
❌ 무릎이 안쪽으로 무너지는 것
발끝 방향으로 무릎을 보내세요. 안쪽으로 모이면 바로 중량을 낮춥니다.
❌ 하부 범위에서 요추가 뜨거나 골반이 말리는 것
깊이보다 골반 고정이 먼저입니다. 허리가 뜨면 범위를 줄이세요.
❌ 무릎을 강하게 잠그며 튕기는 것
자세가 무너지면 깊이·무게를 줄이세요.

💡 MACHINE FIT PRO TIP
🔥 SS Standing Leg Curl의 가이드 궤적을 이용하세요. 첫 2세트는 천천히, 대칭이 확인된 뒤에만 무게를 올립니다.

🎯 MACHINE FIT CHECK
🟢 시트/패드 → 골반 고정
🟢 발 → 발판 중앙·방향 정렬
🟢 무릎 → 발끝 방향
🟢 복귀 → 2~3초 통제

### 🔥 이것만 기억하세요

""발 전체로 밀고, 골반은 끝까지 안정적으로.""","🏋️ WATSON — SS Standing Leg Curl · Single Stack

🎯 ONE KEY CUE
🔥 ""Curl one leg slowly while keeping balance""

싱글 전용 SKU명은 없고 SS/PL Standing Leg Curl이 편측 레그 컬입니다 Ride the Watson Plate Loaded / Animal path instead of fighting it. Do not chase load until the setup feels locked in.

⚙️ ① Setup
🪑 Seat / pads
Set the seat/back pad first. Your start depth is where the pelvis stays planted and the low back does not peel up.
🦶 Feet
Center the feet. If placement is too high or low, the pelvis lifts first.
⚙️ Adjustments
Check 지지 패드, 발목 롤러, 스택/플레이트.
Naming can overlap in this category — trust the levers and pads on the unit in front of you.

💪 ② Start position
Plant the pelvis and feel the whole foot on the platform. Align knees with toes.
Check only this:
👉 Pelvis not curling under

🔥 ③ Execution
Do not kick the platform. Drive it away through the whole foot and let the knees track the toes.
Bend, press through the mid-foot, and return without bouncing the knees.

💥 ④ Peak contraction
Stop just short of hard lockout where quads/glutes still own the load.
⏱️ 1-second STOP
Own that position for one second. This is not where you dump the weight.

🐌 ⑤ Controlled return
Do not dump the load.
Take 2–3 seconds on the way back.
Reverse before the pelvis curls under.

❌ Common mistakes
❌ Knees collapsing inward
Drive knees with the toes. Reduce load immediately if they cave.
❌ Pelvis curling / low back peeling at the bottom
Own pelvis position before depth.
❌ Snapping into a hard knee lockout
If position breaks, cut the load.

💡 MACHINE FIT PRO TIP
🔥 Use the guided path on SS Standing Leg Curl. Slow the first two sets, confirm symmetry, then add load.

🎯 MACHINE FIT CHECK
🟢 Seat/pad → pelvis planted
🟢 Feet → centered and aligned
🟢 Knees → track toes
🟢 Return → 2–3 sec control

### 🔥 Remember this

""Whole-foot drive, pelvis stays honest."""
WATSON,힙 쓰러스트,Hip Thrust,PL Standing Hip Thrust,VERIFIED,Watson Gym Equipment,Plate Loaded,https://watsongym.co.uk/product/pl-standing-hip-thrust/,Watson PL Standing Hip Thrust. 스탠딩 힙 쓰러스트입니다,"벨트/패드 높이, 발 위치, 플레이트","🏋️ WATSON — PL Standing Hip Thrust · Plate Loaded

🎯 ONE KEY CUE
🔥 ""상단에서 둔근으로 골반을 밀어 올리기""

Watson PL Standing Hip Thrust. 스탠딩 힙 쓰러스트. 플레이트 로딩 구조입니다. 처음부터 무게 올리지 말고, 세팅부터 잡으세요.

⚙️ ① 기구 세팅
🪑 좌석 / 패드
시트·백패드를 먼저 맞추세요. 밀었을 때 골반이 말리거나 허리가 뜨지 않는 깊이가 시작점입니다.
🦶 발 위치
지지하는 발을 먼저 고정하세요. 흔들리면 중량을 낮춥니다.
⚙️ 조절 포인트
벨트/패드 높이, 발 위치, 플레이트를 확인하세요. 양쪽 플레이트를 동일하게 맞추고, 한쪽만 먼저 올리지 마세요.

💪 ② 시작 자세
골반 위치를 먼저 고정합니다. 허리로 높이 만들 준비를 하지 마세요.
이 자세에서 이것만 확인하세요.
👉 허리가 아니라 엉덩이가 일을 받을 준비인지

🔥 ③ 운동 방법
골반을 앞으로 밀어 올렸다 천천히 내리기.
허리로 높이를 만들지 말고 골반·엉덩이로 밀어 마무리하세요.

💥 ④ 최고 수축
목표 근육이 가장 조여지는 끝 지점에서 멈춥니다.
⏱️ 1초 STOP
튕기지 말고 그 지점에서 1초만 소유하세요. 무게를 놓는 순간이 아닙니다.

🐌 ⑤ 천천히 돌아오기
중량을 그냥 놓지 마세요.
2~3초 동안 통제하면서 복귀합니다.
시작 자세로 돌아갈 때도 같은 궤적을 유지하세요.

❌ 흔한 실수
❌ 허리를 과신전하며 마무리하는
자세가 무너지면 무게를 낮추세요.
❌ 허리로 높이 만드는 것
자세가 무너지면 무게를 낮추세요.
❌ 골반이 돌아가며 한쪽만 미는 것
약한 쪽 속도에 강한 쪽을 맞추세요.
❌ 반동으로 올리는 것
템포를 늦추고 같은 궤적만 반복하세요.
❌ 양쪽 플레이트 무게를 다르게 올리는 것
양쪽을 맞춘 뒤 가벼운 세트로 좌우를 확인하세요.

💡 MACHINE FIT PRO TIP
🔥 PL Standing Hip Thrust은 플레이트 로딩입니다. 좌우 원판을 동일하게 맞추고, 첫 세트는 궤적·좌우 대칭만 확인한 다음 무게를 올리세요.

🎯 MACHINE FIT CHECK
🟢 발 → 발판 중앙·방향 정렬
🟢 원판 → 좌우 동일
🟢 복귀 → 2~3초 통제

### 🔥 이것만 기억하세요

""상단에서 둔근으로 골반을 밀어 올리기. 끝에서 1초, 복귀는 통제.""","🏋️ WATSON — PL Standing Hip Thrust · Plate Loaded

🎯 ONE KEY CUE
🔥 ""Drive the hips up at the top with the glutes""

Watson PL Standing Hip Thrust. 스탠딩 힙 쓰러스트입니다 Lean into the plate-loaded design. Do not chase load until the setup feels locked in.

⚙️ ① Setup
🪑 Seat / pads
Set the seat/back pad first. Your start depth is where the pelvis stays planted and the low back does not peel up.
🦶 Feet
Lock in the support foot before you move. Reduce load if you wobble.
⚙️ Adjustments
Check 벨트/패드 높이, 발 위치, 플레이트. Match plates on both sides — do not load one arm first.

💪 ② Start position
Set the pelvis first. Do not plan to create height with the lower back.
Check only this:
👉 Glutes ready to drive, not the lumbar spine

🔥 ③ Execution
Finish with the hips/glutes — do not manufacture height with the lumbar spine.
Drive the hips, squeeze, then lower without lumbar snap.

💥 ④ Peak contraction
Stop where the target muscle is most shortened.
⏱️ 1-second STOP
Own that position for one second. This is not where you dump the weight.

🐌 ⑤ Controlled return
Do not dump the load.
Take 2–3 seconds on the way back.
Return on the same path you pressed or pulled.

❌ Common mistakes
❌ Creating height with the lumbar spine
If position breaks, cut the load.
❌ Rotating the pelvis and favoring one side
If position breaks, cut the load.
❌ Bouncing the lockout
Slow the tempo and repeat one clean path.
❌ Loading unequal plates
Match both sides, then confirm with a light set.

💡 MACHINE FIT PRO TIP
🔥 PL Standing Hip Thrust is plate-loaded. Match plates, confirm path and left-right symmetry on set one, then add load.

🎯 MACHINE FIT CHECK
🟢 Feet → centered and aligned
🟢 Plates → matched
🟢 Return → 2–3 sec control

### 🔥 Remember this

""Drive the hips up at the top with the glutes. One-second peak, controlled return."""
WATSON,글루트 드라이브,Glute Drive,PL Glute Blaster,VERIFIED,Watson Gym Equipment,Plate Loaded,https://watsongym.co.uk/product/plate-load-glute-blaster/,Watson PL Glute Blaster. 글루트 브리지/힙 쓰러스트형 머신입니다,"등/힙 패드, 발 위치, 플레이트","🏋️ WATSON — PL Glute Blaster · Plate Loaded

🎯 ONE KEY CUE
🔥 ""발뒤꿈치로 밀며 둔근으로 골반을 잠그기""

Watson PL Glute Blaster. 글루트 브리지/힙 쓰러스트형 머신. 플레이트 로딩 구조입니다. 처음부터 무게 올리지 말고, 세팅부터 잡으세요.

⚙️ ① 기구 세팅
🪑 좌석 / 패드
시트·백패드를 먼저 맞추세요. 밀었을 때 골반이 말리거나 허리가 뜨지 않는 깊이가 시작점입니다.
🦶 발 위치
지지하는 발을 먼저 고정하세요. 흔들리면 중량을 낮춥니다.
⚙️ 조절 포인트
등/힙 패드, 발 위치, 플레이트를 확인하세요. 양쪽 플레이트를 동일하게 맞추고, 한쪽만 먼저 올리지 마세요.

💪 ② 시작 자세
골반 위치를 먼저 고정합니다. 허리로 높이 만들 준비를 하지 마세요.
이 자세에서 이것만 확인하세요.
👉 허리가 아니라 엉덩이가 일을 받을 준비인지

🔥 ③ 운동 방법
골반을 밀어 올렸다 통제하며 하강.
허리로 높이를 만들지 말고 골반·엉덩이로 밀어 마무리하세요.

💥 ④ 최고 수축
목표 근육이 가장 조여지는 끝 지점에서 멈춥니다.
⏱️ 1초 STOP
튕기지 말고 그 지점에서 1초만 소유하세요. 무게를 놓는 순간이 아닙니다.

🐌 ⑤ 천천히 돌아오기
중량을 그냥 놓지 마세요.
2~3초 동안 통제하면서 복귀합니다.
시작 자세로 돌아갈 때도 같은 궤적을 유지하세요.

❌ 흔한 실수
❌ 무릎만 흔들며 둔근 수축이 없는
자세가 무너지면 무게를 낮추세요.
❌ 허리로 높이 만드는 것
자세가 무너지면 무게를 낮추세요.
❌ 골반이 돌아가며 한쪽만 미는 것
약한 쪽 속도에 강한 쪽을 맞추세요.
❌ 반동으로 올리는 것
템포를 늦추고 같은 궤적만 반복하세요.
❌ 양쪽 플레이트 무게를 다르게 올리는 것
양쪽을 맞춘 뒤 가벼운 세트로 좌우를 확인하세요.

💡 MACHINE FIT PRO TIP
🔥 PL Glute Blaster은 플레이트 로딩입니다. 좌우 원판을 동일하게 맞추고, 첫 세트는 궤적·좌우 대칭만 확인한 다음 무게를 올리세요.

🎯 MACHINE FIT CHECK
🟢 발 → 발판 중앙·방향 정렬
🟢 원판 → 좌우 동일
🟢 복귀 → 2~3초 통제

### 🔥 이것만 기억하세요

""발뒤꿈치로 밀며 둔근으로 골반을 잠그기. 끝에서 1초, 복귀는 통제.""","🏋️ WATSON — PL Glute Blaster · Plate Loaded

🎯 ONE KEY CUE
🔥 ""Drive through the heels and lock the hips with the glutes""

Watson PL Glute Blaster. 글루트 브리지/힙 쓰러스트형 머신입니다 Lean into the plate-loaded design. Do not chase load until the setup feels locked in.

⚙️ ① Setup
🪑 Seat / pads
Set the seat/back pad first. Your start depth is where the pelvis stays planted and the low back does not peel up.
🦶 Feet
Lock in the support foot before you move. Reduce load if you wobble.
⚙️ Adjustments
Check 등/힙 패드, 발 위치, 플레이트. Match plates on both sides — do not load one arm first.

💪 ② Start position
Set the pelvis first. Do not plan to create height with the lower back.
Check only this:
👉 Glutes ready to drive, not the lumbar spine

🔥 ③ Execution
Finish with the hips/glutes — do not manufacture height with the lumbar spine.
Drive the hips, squeeze, then lower without lumbar snap.

💥 ④ Peak contraction
Stop where the target muscle is most shortened.
⏱️ 1-second STOP
Own that position for one second. This is not where you dump the weight.

🐌 ⑤ Controlled return
Do not dump the load.
Take 2–3 seconds on the way back.
Return on the same path you pressed or pulled.

❌ Common mistakes
❌ Creating height with the lumbar spine
If position breaks, cut the load.
❌ Rotating the pelvis and favoring one side
If position breaks, cut the load.
❌ Bouncing the lockout
Slow the tempo and repeat one clean path.
❌ Loading unequal plates
Match both sides, then confirm with a light set.

💡 MACHINE FIT PRO TIP
🔥 PL Glute Blaster is plate-loaded. Match plates, confirm path and left-right symmetry on set one, then add load.

🎯 MACHINE FIT CHECK
🟢 Feet → centered and aligned
🟢 Plates → matched
🟢 Return → 2–3 sec control

### 🔥 Remember this

""Drive through the heels and lock the hips with the glutes. One-second peak, controlled return."""
WATSON,글루트 킥백,Glute Kickback,SS Glute Machine,VERIFIED,Watson Gym Equipment,Single Stack,https://watsongym.co.uk/product/single-stack-glute-machine/,SS Glute Machine. 글루트 킥백 머신입니다,"힙/가슴 지지, 발목 패드, 스택 핀","🏋️ WATSON — SS Glute Machine · Single Stack

🎯 ONE KEY CUE
🔥 ""골반을 고정하고 발뒤꿈치로 뒤로 차기""

SS Glute Machine. 글루트 킥백 머신. 왓슨 Plate Loaded·Animal 궤적을 그대로 타는 게 핵심입니다. 처음부터 무게 올리지 말고, 세팅부터 잡으세요.

⚙️ ① 기구 세팅
🪑 좌석 / 패드
시트·백패드를 먼저 맞추세요. 밀었을 때 골반이 말리거나 허리가 뜨지 않는 깊이가 시작점입니다.
🦶 발 위치
지지하는 발을 먼저 고정하세요. 흔들리면 중량을 낮춥니다.
⚙️ 조절 포인트
힙/가슴 지지, 발목 패드, 스택 핀을 확인하세요.

💪 ② 시작 자세
골반 위치를 먼저 고정합니다. 허리로 높이 만들 준비를 하지 마세요.
이 자세에서 이것만 확인하세요.
👉 허리가 아니라 엉덩이가 일을 받을 준비인지

🔥 ③ 운동 방법
다리를 뒤로 뻗었다 천천히 복귀.
허리로 높이를 만들지 말고 골반·엉덩이로 밀어 마무리하세요.

💥 ④ 최고 수축
목표 근육이 가장 조여지는 끝 지점에서 멈춥니다.
⏱️ 1초 STOP
튕기지 말고 그 지점에서 1초만 소유하세요. 무게를 놓는 순간이 아닙니다.

🐌 ⑤ 천천히 돌아오기
중량을 그냥 놓지 마세요.
2~3초 동안 통제하면서 복귀합니다.
시작 자세로 돌아갈 때도 같은 궤적을 유지하세요.

❌ 흔한 실수
❌ 허리를 젖히며 반동으로 차는
템포를 늦추고 같은 궤적만 반복하세요.
❌ 허리로 높이 만드는 것
자세가 무너지면 무게를 낮추세요.
❌ 골반이 돌아가며 한쪽만 미는 것
약한 쪽 속도에 강한 쪽을 맞추세요.
❌ 반동으로 올리는 것
템포를 늦추고 같은 궤적만 반복하세요.

💡 MACHINE FIT PRO TIP
🔥 SS Glute Machine의 가이드 궤적을 이용하세요. 첫 2세트는 천천히, 대칭이 확인된 뒤에만 무게를 올립니다.

🎯 MACHINE FIT CHECK
🟢 발 → 발판 중앙·방향 정렬
🟢 어깨 → 으쓱하지 않기
🟢 복귀 → 2~3초 통제

### 🔥 이것만 기억하세요

""골반을 고정하고 발뒤꿈치로 뒤로 차기. 끝에서 1초, 복귀는 통제.""","🏋️ WATSON — SS Glute Machine · Single Stack

🎯 ONE KEY CUE
🔥 ""Brace the hips and kick back through the heel""

SS Glute Machine. 글루트 킥백 머신입니다 Ride the Watson Plate Loaded / Animal path instead of fighting it. Do not chase load until the setup feels locked in.

⚙️ ① Setup
🪑 Seat / pads
Set the seat/back pad first. Your start depth is where the pelvis stays planted and the low back does not peel up.
🦶 Feet
Lock in the support foot before you move. Reduce load if you wobble.
⚙️ Adjustments
Check 힙/가슴 지지, 발목 패드, 스택 핀.

💪 ② Start position
Set the pelvis first. Do not plan to create height with the lower back.
Check only this:
👉 Glutes ready to drive, not the lumbar spine

🔥 ③ Execution
Finish with the hips/glutes — do not manufacture height with the lumbar spine.
Drive the hips, squeeze, then lower without lumbar snap.

💥 ④ Peak contraction
Stop where the target muscle is most shortened.
⏱️ 1-second STOP
Own that position for one second. This is not where you dump the weight.

🐌 ⑤ Controlled return
Do not dump the load.
Take 2–3 seconds on the way back.
Return on the same path you pressed or pulled.

❌ Common mistakes
❌ Creating height with the lumbar spine
If position breaks, cut the load.
❌ Rotating the pelvis and favoring one side
If position breaks, cut the load.
❌ Bouncing the lockout
Slow the tempo and repeat one clean path.

💡 MACHINE FIT PRO TIP
🔥 Use the guided path on SS Glute Machine. Slow the first two sets, confirm symmetry, then add load.

🎯 MACHINE FIT CHECK
🟢 Feet → centered and aligned
🟢 Shoulders → not shrugged
🟢 Return → 2–3 sec control

### 🔥 Remember this

""Brace the hips and kick back through the heel. One-second peak, controlled return."""
WATSON,힙 어브덕션,Hip Abduction,PL Hip Abductor,VERIFIED,Watson Gym Equipment,Plate Loaded,https://watsongym.co.uk/product/pl-hip-abductor/,Watson PL Hip Abductor. 플레이트로드 힙 외전 머신입니다,"시트, 무릎/허벅지 패드, 플레이트","🏋️ WATSON — PL Hip Abductor · Plate Loaded

🎯 ONE KEY CUE
🔥 ""무릎을 바깥으로 벌리며 중둔근 수축""

Watson PL Hip Abductor. 플레이트로드 힙 외전 머신. 플레이트 로딩 구조입니다. 처음부터 무게 올리지 말고, 세팅부터 잡으세요.

⚙️ ① 기구 세팅
🪑 좌석 / 패드
시트부터 맞추세요. 밀었을 때 골반이 말리거나 허리가 뜨지 않는 깊이가 시작점입니다.
🦶 발 위치
지지하는 발을 먼저 고정하세요. 흔들리면 중량을 낮춥니다.
⚙️ 조절 포인트
시트, 무릎/허벅지 패드, 플레이트를 확인하세요. 양쪽 플레이트를 동일하게 맞추고, 한쪽만 먼저 올리지 마세요.

💪 ② 시작 자세
골반 위치를 먼저 고정합니다. 허리로 높이 만들 준비를 하지 마세요.
이 자세에서 이것만 확인하세요.
👉 허리가 아니라 엉덩이가 일을 받을 준비인지

🔥 ③ 운동 방법
패드를 바깥으로 벌렸다 천천히 모으기.
허리로 높이를 만들지 말고 골반·엉덩이로 밀어 마무리하세요.

💥 ④ 최고 수축
목표 근육이 가장 조여지는 끝 지점에서 멈춥니다.
⏱️ 1초 STOP
튕기지 말고 그 지점에서 1초만 소유하세요. 무게를 놓는 순간이 아닙니다.

🐌 ⑤ 천천히 돌아오기
중량을 그냥 놓지 마세요.
2~3초 동안 통제하면서 복귀합니다.
시작 자세로 돌아갈 때도 같은 궤적을 유지하세요.

❌ 흔한 실수
❌ 상체를 뒤로 젖혀 반동으로 벌리는
템포를 늦추고 같은 궤적만 반복하세요.
❌ 허리로 높이 만드는 것
자세가 무너지면 무게를 낮추세요.
❌ 골반이 돌아가며 한쪽만 미는 것
약한 쪽 속도에 강한 쪽을 맞추세요.
❌ 반동으로 올리는 것
템포를 늦추고 같은 궤적만 반복하세요.
❌ 양쪽 플레이트 무게를 다르게 올리는 것
양쪽을 맞춘 뒤 가벼운 세트로 좌우를 확인하세요.

💡 MACHINE FIT PRO TIP
🔥 PL Hip Abductor은 플레이트 로딩입니다. 좌우 원판을 동일하게 맞추고, 첫 세트는 궤적·좌우 대칭만 확인한 다음 무게를 올리세요.

🎯 MACHINE FIT CHECK
🟢 시트/패드 → 몸에 맞춤
🟢 발 → 발판 중앙·방향 정렬
🟢 원판 → 좌우 동일
🟢 복귀 → 2~3초 통제

### 🔥 이것만 기억하세요

""무릎을 바깥으로 벌리며 중둔근 수축. 끝에서 1초, 복귀는 통제.""","🏋️ WATSON — PL Hip Abductor · Plate Loaded

🎯 ONE KEY CUE
🔥 ""Drive the knees outward and squeeze the glute medius""

Watson PL Hip Abductor. 플레이트로드 힙 외전 머신입니다 Lean into the plate-loaded design. Do not chase load until the setup feels locked in.

⚙️ ① Setup
🪑 Seat / pads
Set the seat/back pad first. Your start depth is where the pelvis stays planted and the low back does not peel up.
🦶 Feet
Lock in the support foot before you move. Reduce load if you wobble.
⚙️ Adjustments
Check 시트, 무릎/허벅지 패드, 플레이트. Match plates on both sides — do not load one arm first.

💪 ② Start position
Set the pelvis first. Do not plan to create height with the lower back.
Check only this:
👉 Glutes ready to drive, not the lumbar spine

🔥 ③ Execution
Finish with the hips/glutes — do not manufacture height with the lumbar spine.
Drive the hips, squeeze, then lower without lumbar snap.

💥 ④ Peak contraction
Stop where the target muscle is most shortened.
⏱️ 1-second STOP
Own that position for one second. This is not where you dump the weight.

🐌 ⑤ Controlled return
Do not dump the load.
Take 2–3 seconds on the way back.
Return on the same path you pressed or pulled.

❌ Common mistakes
❌ Creating height with the lumbar spine
If position breaks, cut the load.
❌ Rotating the pelvis and favoring one side
If position breaks, cut the load.
❌ Bouncing the lockout
Slow the tempo and repeat one clean path.
❌ Loading unequal plates
Match both sides, then confirm with a light set.

💡 MACHINE FIT PRO TIP
🔥 PL Hip Abductor is plate-loaded. Match plates, confirm path and left-right symmetry on set one, then add load.

🎯 MACHINE FIT CHECK
🟢 Seat/pad → fitted
🟢 Feet → centered and aligned
🟢 Plates → matched
🟢 Return → 2–3 sec control

### 🔥 Remember this

""Drive the knees outward and squeeze the glute medius. One-second peak, controlled return."""
WATSON,힙 어덕션,Hip Adduction,PL Hip Adductor,VERIFIED,Watson Gym Equipment,Plate Loaded,https://watsongym.co.uk/product/pl-hip-adductor/,Watson PL Hip Adductor. 플레이트로드 힙 내전 머신입니다,"시트, 무릎/허벅지 패드, 플레이트","🏋️ WATSON — PL Hip Adductor · Plate Loaded

🎯 ONE KEY CUE
🔥 ""무릎을 안쪽으로 모으며 내전근 수축""

Watson PL Hip Adductor. 플레이트로드 힙 내전 머신. 플레이트 로딩 구조입니다. 처음부터 무게 올리지 말고, 세팅부터 잡으세요.

⚙️ ① 기구 세팅
🪑 좌석 / 패드
시트부터 맞추세요. 밀었을 때 골반이 말리거나 허리가 뜨지 않는 깊이가 시작점입니다.
🦶 발 위치
지지하는 발을 먼저 고정하세요. 흔들리면 중량을 낮춥니다.
⚙️ 조절 포인트
시트, 무릎/허벅지 패드, 플레이트를 확인하세요. 양쪽 플레이트를 동일하게 맞추고, 한쪽만 먼저 올리지 마세요.

💪 ② 시작 자세
골반 위치를 먼저 고정합니다. 허리로 높이 만들 준비를 하지 마세요.
이 자세에서 이것만 확인하세요.
👉 허리가 아니라 엉덩이가 일을 받을 준비인지

🔥 ③ 운동 방법
패드를 모아 조인 뒤 천천히 벌리기.
허리로 높이를 만들지 말고 골반·엉덩이로 밀어 마무리하세요.

💥 ④ 최고 수축
목표 근육이 가장 조여지는 끝 지점에서 멈춥니다.
⏱️ 1초 STOP
튕기지 말고 그 지점에서 1초만 소유하세요. 무게를 놓는 순간이 아닙니다.

🐌 ⑤ 천천히 돌아오기
중량을 그냥 놓지 마세요.
2~3초 동안 통제하면서 복귀합니다.
시작 자세로 돌아갈 때도 같은 궤적을 유지하세요.

❌ 흔한 실수
❌ 발을 들어 올려 궤적을 짧게 만드는
자세가 무너지면 무게를 낮추세요.
❌ 허리로 높이 만드는 것
자세가 무너지면 무게를 낮추세요.
❌ 골반이 돌아가며 한쪽만 미는 것
약한 쪽 속도에 강한 쪽을 맞추세요.
❌ 반동으로 올리는 것
템포를 늦추고 같은 궤적만 반복하세요.
❌ 양쪽 플레이트 무게를 다르게 올리는 것
양쪽을 맞춘 뒤 가벼운 세트로 좌우를 확인하세요.

💡 MACHINE FIT PRO TIP
🔥 PL Hip Adductor은 플레이트 로딩입니다. 좌우 원판을 동일하게 맞추고, 첫 세트는 궤적·좌우 대칭만 확인한 다음 무게를 올리세요.

🎯 MACHINE FIT CHECK
🟢 시트/패드 → 몸에 맞춤
🟢 발 → 발판 중앙·방향 정렬
🟢 원판 → 좌우 동일
🟢 복귀 → 2~3초 통제

### 🔥 이것만 기억하세요

""무릎을 안쪽으로 모으며 내전근 수축. 끝에서 1초, 복귀는 통제.""","🏋️ WATSON — PL Hip Adductor · Plate Loaded

🎯 ONE KEY CUE
🔥 ""Squeeze the knees inward and contract the adductors""

Watson PL Hip Adductor. 플레이트로드 힙 내전 머신입니다 Lean into the plate-loaded design. Do not chase load until the setup feels locked in.

⚙️ ① Setup
🪑 Seat / pads
Set the seat/back pad first. Your start depth is where the pelvis stays planted and the low back does not peel up.
🦶 Feet
Lock in the support foot before you move. Reduce load if you wobble.
⚙️ Adjustments
Check 시트, 무릎/허벅지 패드, 플레이트. Match plates on both sides — do not load one arm first.

💪 ② Start position
Set the pelvis first. Do not plan to create height with the lower back.
Check only this:
👉 Glutes ready to drive, not the lumbar spine

🔥 ③ Execution
Finish with the hips/glutes — do not manufacture height with the lumbar spine.
Drive the hips, squeeze, then lower without lumbar snap.

💥 ④ Peak contraction
Stop where the target muscle is most shortened.
⏱️ 1-second STOP
Own that position for one second. This is not where you dump the weight.

🐌 ⑤ Controlled return
Do not dump the load.
Take 2–3 seconds on the way back.
Return on the same path you pressed or pulled.

❌ Common mistakes
❌ Creating height with the lumbar spine
If position breaks, cut the load.
❌ Rotating the pelvis and favoring one side
If position breaks, cut the load.
❌ Bouncing the lockout
Slow the tempo and repeat one clean path.
❌ Loading unequal plates
Match both sides, then confirm with a light set.

💡 MACHINE FIT PRO TIP
🔥 PL Hip Adductor is plate-loaded. Match plates, confirm path and left-right symmetry on set one, then add load.

🎯 MACHINE FIT CHECK
🟢 Seat/pad → fitted
🟢 Feet → centered and aligned
🟢 Plates → matched
🟢 Return → 2–3 sec control

### 🔥 Remember this

""Squeeze the knees inward and contract the adductors. One-second peak, controlled return."""
WATSON,글루트 / 힙 머신,Glute / Hip Machine,SS Multi-Hip,VERIFIED,Watson Gym Equipment,Single Stack,https://watsongym.co.uk/product/single-stack-multi-hip/,SS Multi-Hip 및 SS Glute Machine이 글루트/힙 복합 머신입니다,"패드 높이, 모드, 스택 핀","🏋️ WATSON — SS Multi-Hip · Single Stack

🎯 ONE KEY CUE
🔥 ""선택한 힙 동작에서 골반을 고정하고 둔근으로만 움직이기""

SS Multi-Hip 및 SS Glute Machine이 글루트/힙 복합 머신. 왓슨 Plate Loaded·Animal 궤적을 그대로 타는 게 핵심입니다. 처음부터 무게 올리지 말고, 세팅부터 잡으세요.

⚙️ ① 기구 세팅
🪑 좌석 / 패드
시트·백패드를 먼저 맞추세요. 밀었을 때 골반이 말리거나 허리가 뜨지 않는 깊이가 시작점입니다.
🦶 발 위치
지지하는 발을 먼저 고정하세요. 흔들리면 중량을 낮춥니다.
⚙️ 조절 포인트
패드 높이, 모드, 스택 핀을 확인하세요.

💪 ② 시작 자세
골반 위치를 먼저 고정합니다. 허리로 높이 만들 준비를 하지 마세요.
이 자세에서 이것만 확인하세요.
👉 허리가 아니라 엉덩이가 일을 받을 준비인지

🔥 ③ 운동 방법
모드 궤적에 맞춰 다리를 밀었다 복귀.
허리로 높이를 만들지 말고 골반·엉덩이로 밀어 마무리하세요.

💥 ④ 최고 수축
목표 근육이 가장 조여지는 끝 지점에서 멈춥니다.
⏱️ 1초 STOP
튕기지 말고 그 지점에서 1초만 소유하세요. 무게를 놓는 순간이 아닙니다.

🐌 ⑤ 천천히 돌아오기
중량을 그냥 놓지 마세요.
2~3초 동안 통제하면서 복귀합니다.
시작 자세로 돌아갈 때도 같은 궤적을 유지하세요.

❌ 흔한 실수
❌ 허리로 밀어 요추에 부하를 주는
깊이보다 골반 고정이 먼저입니다. 허리가 뜨면 범위를 줄이세요.
❌ 허리로 높이 만드는 것
자세가 무너지면 무게를 낮추세요.
❌ 골반이 돌아가며 한쪽만 미는 것
약한 쪽 속도에 강한 쪽을 맞추세요.
❌ 반동으로 올리는 것
템포를 늦추고 같은 궤적만 반복하세요.

💡 MACHINE FIT PRO TIP
🔥 SS Multi-Hip의 가이드 궤적을 이용하세요. 첫 2세트는 천천히, 대칭이 확인된 뒤에만 무게를 올립니다.

🎯 MACHINE FIT CHECK
🟢 발 → 발판 중앙·방향 정렬
🟢 어깨 → 으쓱하지 않기
🟢 복귀 → 2~3초 통제

### 🔥 이것만 기억하세요

""선택한 힙 동작에서 골반을 고정하고 둔근으로만 움직이기. 끝에서 1초, 복귀는 통제.""","🏋️ WATSON — SS Multi-Hip · Single Stack

🎯 ONE KEY CUE
🔥 ""In the chosen hip pattern, brace the pelvis and move with the glutes only""

SS Multi-Hip 및 SS Glute Machine이 글루트/힙 복합 머신입니다 Ride the Watson Plate Loaded / Animal path instead of fighting it. Do not chase load until the setup feels locked in.

⚙️ ① Setup
🪑 Seat / pads
Set the seat/back pad first. Your start depth is where the pelvis stays planted and the low back does not peel up.
🦶 Feet
Lock in the support foot before you move. Reduce load if you wobble.
⚙️ Adjustments
Check 패드 높이, 모드, 스택 핀.

💪 ② Start position
Set the pelvis first. Do not plan to create height with the lower back.
Check only this:
👉 Glutes ready to drive, not the lumbar spine

🔥 ③ Execution
Finish with the hips/glutes — do not manufacture height with the lumbar spine.
Drive the hips, squeeze, then lower without lumbar snap.

💥 ④ Peak contraction
Stop where the target muscle is most shortened.
⏱️ 1-second STOP
Own that position for one second. This is not where you dump the weight.

🐌 ⑤ Controlled return
Do not dump the load.
Take 2–3 seconds on the way back.
Return on the same path you pressed or pulled.

❌ Common mistakes
❌ Creating height with the lumbar spine
If position breaks, cut the load.
❌ Rotating the pelvis and favoring one side
If position breaks, cut the load.
❌ Bouncing the lockout
Slow the tempo and repeat one clean path.

💡 MACHINE FIT PRO TIP
🔥 Use the guided path on SS Multi-Hip. Slow the first two sets, confirm symmetry, then add load.

🎯 MACHINE FIT CHECK
🟢 Feet → centered and aligned
🟢 Shoulders → not shrugged
🟢 Return → 2–3 sec control

### 🔥 Remember this

""In the chosen hip pattern, brace the pelvis and move with the glutes only. One-second peak, controlled return."""
WATSON,스탠딩 카프,Standing Calf,SS Calf Raise,VERIFIED,Watson Gym Equipment,Single Stack,https://watsongym.co.uk/product/standing-single-stack-calf-raise/,SS Calf Raise(Standing). 스탠딩 카프 레이즈입니다,"어깨 패드, 발끝 위치, 스택 핀","🏋️ WATSON — SS Calf Raise · Single Stack

🎯 ONE KEY CUE
🔥 ""발끝으로 끝까지 들어 올리며 비복근 수축""

SS Calf Raise(Standing). 스탠딩 카프 레이즈. 왓슨 Plate Loaded·Animal 궤적을 그대로 타는 게 핵심입니다. 처음부터 무게 올리지 말고, 세팅부터 잡으세요.

⚙️ ① 기구 세팅
🪑 좌석 / 패드
시트를 몸에 맞추세요. 시작 위치가 목표 관절 높이에 오는지 확인합니다.
🦶 발 위치
발볼만 발판에 올리고 발뒤꿈치는 아래로 떨어질 여유를 남기세요.
⚙️ 조절 포인트
어깨 패드, 발끝 위치, 스택 핀을 확인하세요.

💪 ② 시작 자세
무릎 각도를 고정한 채 발볼로만 움직일 준비를 합니다.
이 자세에서 이것만 확인하세요.
👉 무릎이 같이 굽혀지지 않는지

🔥 ③ 운동 방법
발뒤꿈치를 들어 올렸다 천천히 내리기.
무릎으로 밀지 말고 발목 가동범위로만 위아래를 만듭니다.

💥 ④ 최고 수축
발볼로 최대한 올린 꼭대기에서 멈춥니다.
⏱️ 1초 STOP
튕기지 말고 그 지점에서 1초만 소유하세요. 무게를 놓는 순간이 아닙니다.

🐌 ⑤ 천천히 돌아오기
중량을 그냥 놓지 마세요.
2~3초 동안 통제하면서 복귀합니다.
시작 자세로 돌아갈 때도 같은 궤적을 유지하세요.

❌ 흔한 실수
❌ 무릎을 굽혀 반동으로 튕기는
템포를 늦추고 같은 궤적만 반복하세요.
❌ 무릎을 같이 굽혀 카프가 아닌 다리로 미는 것
자세가 무너지면 무게를 낮추세요.
❌ 발뒤꿈치를 튕기는 것
자세가 무너지면 무게를 낮추세요.
❌ 가동범위를 너무 짧게 가져가는 것
자세가 무너지면 무게를 낮추세요.

💡 MACHINE FIT PRO TIP
🔥 SS Calf Raise의 가이드 궤적을 이용하세요. 첫 2세트는 천천히, 대칭이 확인된 뒤에만 무게를 올립니다.

🎯 MACHINE FIT CHECK
🟢 발 → 발판 중앙·방향 정렬
🟢 어깨 → 으쓱하지 않기
🟢 복귀 → 2~3초 통제

### 🔥 이것만 기억하세요

""발볼로만, 꼭대기 1초, 튕기지 않기.""","🏋️ WATSON — SS Calf Raise · Single Stack

🎯 ONE KEY CUE
🔥 ""Rise all the way onto the toes and squeeze the calves""

SS Calf Raise(Standing). 스탠딩 카프 레이즈입니다 Ride the Watson Plate Loaded / Animal path instead of fighting it. Do not chase load until the setup feels locked in.

⚙️ ① Setup
🪑 Seat / pads
Fit the seat to your body so the start position sits naturally on the working joint.
🦶 Feet
Balls of the feet on the platform; leave room for the heels to drop.
⚙️ Adjustments
Check 어깨 패드, 발끝 위치, 스택 핀.

💪 ② Start position
Lock the knee angle and prepare to move only through the ankles.
Check only this:
👉 Knees not bending with the calves

🔥 ③ Execution
Do not press with the knees. Use ankle range only.
Lower the heels, rise through the balls of the feet, pause, then lower.

💥 ④ Peak contraction
Stop at the top of the rise through the balls of the feet.
⏱️ 1-second STOP
Own that position for one second. This is not where you dump the weight.

🐌 ⑤ Controlled return
Do not dump the load.
Take 2–3 seconds on the way back.
Return on the same path you pressed or pulled.

❌ Common mistakes
❌ Bending the knees and turning it into a leg press
If position breaks, cut the load.
❌ Bouncing the heels
Slow the tempo and repeat one clean path.
❌ Cutting the range too short
If position breaks, cut the load.

💡 MACHINE FIT PRO TIP
🔥 Use the guided path on SS Calf Raise. Slow the first two sets, confirm symmetry, then add load.

🎯 MACHINE FIT CHECK
🟢 Feet → centered and aligned
🟢 Shoulders → not shrugged
🟢 Return → 2–3 sec control

### 🔥 Remember this

""Balls of the feet only, pause on top, no bounce."""
WATSON,시티드 카프,Seated Calf,PL Seated Calf Raise,VERIFIED,Watson Gym Equipment,Plate Loaded,https://watsongym.co.uk/product/seated-plate-load-calf-raise/,Watson PL Seated Calf Raise. 시티드 카프 레이즈입니다,"무릎 패드, 발끝 위치, 플레이트","🏋️ WATSON — PL Seated Calf Raise · Plate Loaded

🎯 ONE KEY CUE
🔥 ""무릎을 고정한 채 발뒤꿈치를 들어 올리기""

Watson PL Seated Calf Raise. 시티드 카프 레이즈. 플레이트 로딩 구조입니다. 처음부터 무게 올리지 말고, 세팅부터 잡으세요.

⚙️ ① 기구 세팅
🪑 좌석 / 패드
시트를 몸에 맞추세요. 시작 위치가 목표 관절 높이에 오는지 확인합니다.
🦶 발 위치
발볼만 발판에 올리고 발뒤꿈치는 아래로 떨어질 여유를 남기세요.
⚙️ 조절 포인트
무릎 패드, 발끝 위치, 플레이트를 확인하세요. 양쪽 플레이트를 동일하게 맞추고, 한쪽만 먼저 올리지 마세요.

💪 ② 시작 자세
무릎 각도를 고정한 채 발볼로만 움직일 준비를 합니다.
이 자세에서 이것만 확인하세요.
👉 무릎이 같이 굽혀지지 않는지

🔥 ③ 운동 방법
발뒤꿈치를 올렸다 천천히 스트레치.
무릎으로 밀지 말고 발목 가동범위로만 위아래를 만듭니다.

💥 ④ 최고 수축
발볼로 최대한 올린 꼭대기에서 멈춥니다.
⏱️ 1초 STOP
튕기지 말고 그 지점에서 1초만 소유하세요. 무게를 놓는 순간이 아닙니다.

🐌 ⑤ 천천히 돌아오기
중량을 그냥 놓지 마세요.
2~3초 동안 통제하면서 복귀합니다.
시작 자세로 돌아갈 때도 같은 궤적을 유지하세요.

❌ 흔한 실수
❌ 무릎 패드를 들어 올려 반동을 쓰는
템포를 늦추고 같은 궤적만 반복하세요.
❌ 무릎을 같이 굽혀 카프가 아닌 다리로 미는 것
자세가 무너지면 무게를 낮추세요.
❌ 발뒤꿈치를 튕기는 것
자세가 무너지면 무게를 낮추세요.
❌ 가동범위를 너무 짧게 가져가는 것
자세가 무너지면 무게를 낮추세요.
❌ 양쪽 플레이트 무게를 다르게 올리는 것
양쪽을 맞춘 뒤 가벼운 세트로 좌우를 확인하세요.

💡 MACHINE FIT PRO TIP
🔥 PL Seated Calf Raise은 플레이트 로딩입니다. 좌우 원판을 동일하게 맞추고, 첫 세트는 궤적·좌우 대칭만 확인한 다음 무게를 올리세요.

🎯 MACHINE FIT CHECK
🟢 발 → 발판 중앙·방향 정렬
🟢 원판 → 좌우 동일
🟢 복귀 → 2~3초 통제

### 🔥 이것만 기억하세요

""발볼로만, 꼭대기 1초, 튕기지 않기.""","🏋️ WATSON — PL Seated Calf Raise · Plate Loaded

🎯 ONE KEY CUE
🔥 ""Keep the knees fixed and lift the heels""

Watson PL Seated Calf Raise. 시티드 카프 레이즈입니다 Lean into the plate-loaded design. Do not chase load until the setup feels locked in.

⚙️ ① Setup
🪑 Seat / pads
Fit the seat to your body so the start position sits naturally on the working joint.
🦶 Feet
Balls of the feet on the platform; leave room for the heels to drop.
⚙️ Adjustments
Check 무릎 패드, 발끝 위치, 플레이트. Match plates on both sides — do not load one arm first.

💪 ② Start position
Lock the knee angle and prepare to move only through the ankles.
Check only this:
👉 Knees not bending with the calves

🔥 ③ Execution
Do not press with the knees. Use ankle range only.
Lower the heels, rise through the balls of the feet, pause, then lower.

💥 ④ Peak contraction
Stop at the top of the rise through the balls of the feet.
⏱️ 1-second STOP
Own that position for one second. This is not where you dump the weight.

🐌 ⑤ Controlled return
Do not dump the load.
Take 2–3 seconds on the way back.
Return on the same path you pressed or pulled.

❌ Common mistakes
❌ Bending the knees and turning it into a leg press
If position breaks, cut the load.
❌ Bouncing the heels
Slow the tempo and repeat one clean path.
❌ Cutting the range too short
If position breaks, cut the load.
❌ Loading unequal plates
Match both sides, then confirm with a light set.

💡 MACHINE FIT PRO TIP
🔥 PL Seated Calf Raise is plate-loaded. Match plates, confirm path and left-right symmetry on set one, then add load.

🎯 MACHINE FIT CHECK
🟢 Feet → centered and aligned
🟢 Plates → matched
🟢 Return → 2–3 sec control

### 🔥 Remember this

""Balls of the feet only, pause on top, no bounce."""
WATSON,레그 프레스 카프,Leg Press Calf,Calf Raise Attachment for Hack Squat,PARTIALLY_VERIFIED,Watson Gym Equipment,Plate Loaded,https://watsongym.co.uk/product/calf-raise-attachment-for-hack-squat/,전용 Leg Press Calf SKU는 없고 Hack Squat용 Calf Raise Attachment·45º Calf가 유사합니다,"발끝 위치, 안전 스토퍼, 플레이트","🏋️ WATSON — Calf Raise Attachment for Hack Squat · Plate Loaded

🎯 ONE KEY CUE
🔥 ""무릎을 편 채 발끝으로만 밀어 올리기""

전용 Leg Press Calf SKU는 없고 Hack Squat용 Calf Raise Attachment·45º Calf가 유사합니다. 플레이트 로딩 구조입니다. 처음부터 무게 올리지 말고, 세팅부터 잡으세요.

⚙️ ① 기구 세팅
🦶 발 위치
발볼만 발판에 올리고 발뒤꿈치는 아래로 떨어질 여유를 남기세요.
⚙️ 조절 포인트
발끝 위치, 안전 스토퍼, 플레이트를 확인하세요. 양쪽 플레이트를 동일하게 맞추고, 한쪽만 먼저 올리지 마세요.
이 카테고리는 공식 명칭이 겹칠 수 있으니, 헬스장 기구의 실제 레버·패드 배치를 우선하세요.

💪 ② 시작 자세
무릎 각도를 고정한 채 발볼로만 움직일 준비를 합니다.
이 자세에서 이것만 확인하세요.
👉 무릎이 같이 굽혀지지 않는지

🔥 ③ 운동 방법
발앞꿈치로 밀어 올렸다 천천히 내리기.
무릎으로 밀지 말고 발목 가동범위로만 위아래를 만듭니다.

💥 ④ 최고 수축
발볼로 최대한 올린 꼭대기에서 멈춥니다.
⏱️ 1초 STOP
튕기지 말고 그 지점에서 1초만 소유하세요. 무게를 놓는 순간이 아닙니다.

🐌 ⑤ 천천히 돌아오기
중량을 그냥 놓지 마세요.
2~3초 동안 통제하면서 복귀합니다.
시작 자세로 돌아갈 때도 같은 궤적을 유지하세요.

❌ 흔한 실수
❌ 무릎을 굽혀 레그프레스처럼 미는
자세가 무너지면 무게를 낮추세요.
❌ 무릎을 같이 굽혀 카프가 아닌 다리로 미는 것
자세가 무너지면 무게를 낮추세요.
❌ 발뒤꿈치를 튕기는 것
자세가 무너지면 무게를 낮추세요.
❌ 가동범위를 너무 짧게 가져가는 것
자세가 무너지면 무게를 낮추세요.
❌ 양쪽 플레이트 무게를 다르게 올리는 것
양쪽을 맞춘 뒤 가벼운 세트로 좌우를 확인하세요.

💡 MACHINE FIT PRO TIP
🔥 Calf Raise Attachment for Hack Squat은 플레이트 로딩입니다. 좌우 원판을 동일하게 맞추고, 첫 세트는 궤적·좌우 대칭만 확인한 다음 무게를 올리세요.

🎯 MACHINE FIT CHECK
🟢 발 → 발판 중앙·방향 정렬
🟢 원판 → 좌우 동일
🟢 복귀 → 2~3초 통제

### 🔥 이것만 기억하세요

""발볼로만, 꼭대기 1초, 튕기지 않기.""","🏋️ WATSON — Calf Raise Attachment for Hack Squat · Plate Loaded

🎯 ONE KEY CUE
🔥 ""Keep the knees soft-locked and press only through the toes""

전용 Leg Press Calf SKU는 없고 Hack Squat용 Calf Raise Attachment·45º Calf가 유사합니다 Lean into the plate-loaded design. Do not chase load until the setup feels locked in.

⚙️ ① Setup
🦶 Feet
Balls of the feet on the platform; leave room for the heels to drop.
⚙️ Adjustments
Check 발끝 위치, 안전 스토퍼, 플레이트. Match plates on both sides — do not load one arm first.
Naming can overlap in this category — trust the levers and pads on the unit in front of you.

💪 ② Start position
Lock the knee angle and prepare to move only through the ankles.
Check only this:
👉 Knees not bending with the calves

🔥 ③ Execution
Do not press with the knees. Use ankle range only.
Lower the heels, rise through the balls of the feet, pause, then lower.

💥 ④ Peak contraction
Stop at the top of the rise through the balls of the feet.
⏱️ 1-second STOP
Own that position for one second. This is not where you dump the weight.

🐌 ⑤ Controlled return
Do not dump the load.
Take 2–3 seconds on the way back.
Return on the same path you pressed or pulled.

❌ Common mistakes
❌ Bending the knees and turning it into a leg press
If position breaks, cut the load.
❌ Bouncing the heels
Slow the tempo and repeat one clean path.
❌ Cutting the range too short
If position breaks, cut the load.
❌ Loading unequal plates
Match both sides, then confirm with a light set.

💡 MACHINE FIT PRO TIP
🔥 Calf Raise Attachment for Hack Squat is plate-loaded. Match plates, confirm path and left-right symmetry on set one, then add load.

🎯 MACHINE FIT CHECK
🟢 Feet → centered and aligned
🟢 Plates → matched
🟢 Return → 2–3 sec control

### 🔥 Remember this

""Balls of the feet only, pause on top, no bounce."""
WATSON,바이셉 컬,Biceps Curl,PL Bicep Curl,VERIFIED,Watson Gym Equipment,Plate Loaded,https://watsongym.co.uk/product/plate-loaded-bicep-curl/,Watson PL Bicep Curl. 플레이트로드 바이셉 컬입니다,"시트, 팔꿈치 패드, 그립, 플레이트","🏋️ WATSON — PL Bicep Curl · Plate Loaded

🎯 ONE KEY CUE
🔥 ""팔꿈치를 고정한 채 손잡이만 들어 올리기""

Watson PL Bicep Curl. 플레이트로드 바이셉 컬. 플레이트 로딩 구조입니다. 처음부터 무게 올리지 말고, 세팅부터 잡으세요.

⚙️ ① 기구 세팅
🪑 좌석 / 패드
시트를 몸에 맞추세요. 시작 위치가 어깨·관절에 자연스럽게 오는지 확인합니다.
🤲 그립 / 손 위치
그립를 편안한 너비로 잡으세요. 손목이 꺾이지 않게 합니다.
⚙️ 조절 포인트
시트, 팔꿈치 패드, 그립, 플레이트를 확인하세요. 양쪽 플레이트를 동일하게 맞추고, 한쪽만 먼저 올리지 마세요.

💪 ② 시작 자세
팔꿈치 위치를 패드나 몸 옆에 고정합니다. 몸통 반동은 끕니다.
이 자세에서 이것만 확인하세요.
👉 팔꿈치가 앞으로 흘러가지 않는지

🔥 ③ 운동 방법
손잡이를 들어 올렸다 천천히 내리기.
몸통은 고정, 팔꿈치 아래만 움직입니다.

💥 ④ 최고 수축
목표 근육이 가장 조여지는 끝 지점에서 멈춥니다.
⏱️ 1초 STOP
튕기지 말고 그 지점에서 1초만 소유하세요. 무게를 놓는 순간이 아닙니다.

🐌 ⑤ 천천히 돌아오기
중량을 그냥 놓지 마세요.
2~3초 동안 통제하면서 복귀합니다.
시작 자세로 돌아갈 때도 같은 궤적을 유지하세요.

❌ 흔한 실수
❌ 상체를 흔들어 반동 컬하는
템포를 늦추고 같은 궤적만 반복하세요.
❌ 팔꿈치가 앞으로 흘러가며 어깨가 개입하는 것
자세가 무너지면 무게를 낮추세요.
❌ 몸통 반동으로 올리는 것
템포를 늦추고 같은 궤적만 반복하세요.
❌ 손목을 과하게 꺾는 것
자세가 무너지면 무게를 낮추세요.
❌ 양쪽 플레이트 무게를 다르게 올리는 것
양쪽을 맞춘 뒤 가벼운 세트로 좌우를 확인하세요.

💡 MACHINE FIT PRO TIP
🔥 PL Bicep Curl은 플레이트 로딩입니다. 좌우 원판을 동일하게 맞추고, 첫 세트는 궤적·좌우 대칭만 확인한 다음 무게를 올리세요.

🎯 MACHINE FIT CHECK
🟢 시트/패드 → 몸에 맞춤
🟢 팔꿈치 → 미는/드는 방향
🟢 원판 → 좌우 동일
🟢 복귀 → 2~3초 통제

### 🔥 이것만 기억하세요

""팔꿈치를 고정한 채 손잡이만 들어 올리기. 끝에서 1초, 복귀는 통제.""","🏋️ WATSON — PL Bicep Curl · Plate Loaded

🎯 ONE KEY CUE
🔥 ""Keep the elbows fixed and curl only the handles up""

Watson PL Bicep Curl. 플레이트로드 바이셉 컬입니다 Lean into the plate-loaded design. Do not chase load until the setup feels locked in.

⚙️ ① Setup
🪑 Seat / pads
Fit the seat to your body so the start position sits naturally on the working joint.
🤲 Grip / hands
Take a comfortable grip width and keep the wrists stacked, not bent.
⚙️ Adjustments
Check 시트, 팔꿈치 패드, 그립, 플레이트. Match plates on both sides — do not load one arm first.

💪 ② Start position
Fix the elbows on the pad or at your sides. Kill torso swing.
Check only this:
👉 Elbows not drifting forward

🔥 ③ Execution
Torso stays quiet. Move only below the elbows.
Curl or extend only at the elbow, then reverse slowly.

💥 ④ Peak contraction
Stop where the target muscle is most shortened.
⏱️ 1-second STOP
Own that position for one second. This is not where you dump the weight.

🐌 ⑤ Controlled return
Do not dump the load.
Take 2–3 seconds on the way back.
Return on the same path you pressed or pulled.

❌ Common mistakes
❌ Letting the elbows drift so the shoulders take over
If position breaks, cut the load.
❌ Swinging the torso
If position breaks, cut the load.
❌ Over-bending the wrists
If position breaks, cut the load.
❌ Loading unequal plates
Match both sides, then confirm with a light set.

💡 MACHINE FIT PRO TIP
🔥 PL Bicep Curl is plate-loaded. Match plates, confirm path and left-right symmetry on set one, then add load.

🎯 MACHINE FIT CHECK
🟢 Seat/pad → fitted
🟢 Elbows → press/raise direction
🟢 Plates → matched
🟢 Return → 2–3 sec control

### 🔥 Remember this

""Keep the elbows fixed and curl only the handles up. One-second peak, controlled return."""
WATSON,프리처 컬,Preacher Curl,Preacher Curl Bench,VERIFIED,Watson Gym Equipment,Stations / Benches,https://watsongym.co.uk/product/preacher-curl-bench/,Watson Preacher Curl Bench 및 Standing Preacher가 프리처 컬입니다,"시트/스탠드 높이, 팔꿈치 패드, 바/덤벨","🏋️ WATSON — Preacher Curl Bench · Stations / Benches

🎯 ONE KEY CUE
🔥 ""상완을 패드에 붙인 채 전완만 컬""

Watson Preacher Curl Bench 및 Standing Preacher가 프리처 컬. 왓슨 Plate Loaded·Animal 궤적을 그대로 타는 게 핵심입니다. 처음부터 무게 올리지 말고, 세팅부터 잡으세요.

⚙️ ① 기구 세팅
🪑 좌석 / 패드
시트를 몸에 맞추세요. 시작 위치가 어깨·관절에 자연스럽게 오는지 확인합니다.
🤲 그립 / 손 위치
손잡이를 편안한 너비로 잡으세요. 손목이 꺾이지 않게 합니다.
⚙️ 조절 포인트
시트/스탠드 높이, 팔꿈치 패드, 바/덤벨을 확인하세요.

💪 ② 시작 자세
팔꿈치 위치를 패드나 몸 옆에 고정합니다. 몸통 반동은 끕니다.
이 자세에서 이것만 확인하세요.
👉 팔꿈치가 앞으로 흘러가지 않는지

🔥 ③ 운동 방법
바를 들어 올렸다 천천히 펴기.
몸통은 고정, 팔꿈치 아래만 움직입니다.

💥 ④ 최고 수축
목표 근육이 가장 조여지는 끝 지점에서 멈춥니다.
⏱️ 1초 STOP
튕기지 말고 그 지점에서 1초만 소유하세요. 무게를 놓는 순간이 아닙니다.

🐌 ⑤ 천천히 돌아오기
중량을 그냥 놓지 마세요.
2~3초 동안 통제하면서 복귀합니다.
시작 자세로 돌아갈 때도 같은 궤적을 유지하세요.

❌ 흔한 실수
❌ 팔꿈치를 패드에서 떼며 어깨로 들어 올리는
자세가 무너지면 무게를 낮추세요.
❌ 팔꿈치가 앞으로 흘러가며 어깨가 개입하는 것
자세가 무너지면 무게를 낮추세요.
❌ 몸통 반동으로 올리는 것
템포를 늦추고 같은 궤적만 반복하세요.
❌ 손목을 과하게 꺾는 것
자세가 무너지면 무게를 낮추세요.

💡 MACHINE FIT PRO TIP
🔥 Preacher Curl Bench의 가이드 궤적을 이용하세요. 첫 2세트는 천천히, 대칭이 확인된 뒤에만 무게를 올립니다.

🎯 MACHINE FIT CHECK
🟢 시트/패드 → 몸에 맞춤
🟢 팔꿈치 → 미는/드는 방향
🟢 어깨 → 으쓱하지 않기
🟢 복귀 → 2~3초 통제

### 🔥 이것만 기억하세요

""상완을 패드에 붙인 채 전완만 컬. 끝에서 1초, 복귀는 통제.""","🏋️ WATSON — Preacher Curl Bench · Stations / Benches

🎯 ONE KEY CUE
🔥 ""Keep the upper arms on the pad and curl with the forearms only""

Watson Preacher Curl Bench 및 Standing Preacher가 프리처 컬입니다 Ride the Watson Plate Loaded / Animal path instead of fighting it. Do not chase load until the setup feels locked in.

⚙️ ① Setup
🪑 Seat / pads
Fit the seat to your body so the start position sits naturally on the working joint.
🤲 Grip / hands
Take a comfortable grip width and keep the wrists stacked, not bent.
⚙️ Adjustments
Check 시트/스탠드 높이, 팔꿈치 패드, 바/덤벨.

💪 ② Start position
Fix the elbows on the pad or at your sides. Kill torso swing.
Check only this:
👉 Elbows not drifting forward

🔥 ③ Execution
Torso stays quiet. Move only below the elbows.
Curl or extend only at the elbow, then reverse slowly.

💥 ④ Peak contraction
Stop where the target muscle is most shortened.
⏱️ 1-second STOP
Own that position for one second. This is not where you dump the weight.

🐌 ⑤ Controlled return
Do not dump the load.
Take 2–3 seconds on the way back.
Return on the same path you pressed or pulled.

❌ Common mistakes
❌ Letting the elbows drift so the shoulders take over
If position breaks, cut the load.
❌ Swinging the torso
If position breaks, cut the load.
❌ Over-bending the wrists
If position breaks, cut the load.

💡 MACHINE FIT PRO TIP
🔥 Use the guided path on Preacher Curl Bench. Slow the first two sets, confirm symmetry, then add load.

🎯 MACHINE FIT CHECK
🟢 Seat/pad → fitted
🟢 Elbows → press/raise direction
🟢 Shoulders → not shrugged
🟢 Return → 2–3 sec control

### 🔥 Remember this

""Keep the upper arms on the pad and curl with the forearms only. One-second peak, controlled return."""
WATSON,아이소래터럴 바이셉 컬,Iso-Lateral Biceps Curl,DS Animal Bicep Curl,VERIFIED,Watson Gym Equipment,Animal Dual Stack,https://watsongym.co.uk/product/animal-dual-stack-bicep-curl/,DS Animal Bicep Curl. 듀얼 스택 아이소래터럴 바이셉 컬입니다,"시트, 좌·우 스택, 팔꿈치 지지","🏋️ WATSON — DS Animal Bicep Curl · Animal Dual Stack

🎯 ONE KEY CUE
🔥 ""좌우를 같은 속도로 컬하며 불균형 확인""

DS Animal Bicep Curl. 듀얼 스택 아이소래터럴 바이셉 컬. 좌우가 독립으로 움직이는 구조입니다. 처음부터 무게 올리지 말고, 세팅부터 잡으세요.

⚙️ ① 기구 세팅
🪑 좌석 / 패드
시트를 몸에 맞추세요. 시작 위치가 어깨·관절에 자연스럽게 오는지 확인합니다.
🤲 그립 / 손 위치
양손잡이 높이가 좌우 같은지 먼저 보세요. 독립 암이라 한쪽만 어긋나도 바로 느껴집니다.
⚙️ 조절 포인트
시트, 좌·우 스택, 팔꿈치 지지를 확인하세요. 좌우 시작 위치가 같은지도 같이 봅니다.

💪 ② 시작 자세
팔꿈치 위치를 패드나 몸 옆에 고정합니다. 몸통 반동은 끕니다.
좌우가 같은 높이에서 시작하는지 한 번 더 보세요.
이 자세에서 이것만 확인하세요.
👉 팔꿈치가 앞으로 흘러가지 않는지

🔥 ③ 운동 방법
각 팔을 독립적으로 컬했다 복귀.
양쪽을 같은 속도로 움직이세요. 한쪽이 먼저 끝나면 무게를 더 올리기 전에 밸런스부터 잡습니다.

💥 ④ 최고 수축
목표 근육이 가장 조여지는 끝 지점에서 멈춥니다.
⏱️ 1초 STOP
튕기지 말고 그 지점에서 1초만 소유하세요. 무게를 놓는 순간이 아닙니다.

🐌 ⑤ 천천히 돌아오기
중량을 그냥 놓지 마세요.
2~3초 동안 통제하면서 복귀합니다.
시작 자세로 돌아갈 때도 같은 궤적을 유지하세요.

❌ 흔한 실수
❌ 강한 쪽만 먼저 올리는
자세가 무너지면 무게를 낮추세요.
❌ 팔꿈치가 앞으로 흘러가며 어깨가 개입하는 것
자세가 무너지면 무게를 낮추세요.
❌ 몸통 반동으로 올리는 것
템포를 늦추고 같은 궤적만 반복하세요.
❌ 손목을 과하게 꺾는 것
자세가 무너지면 무게를 낮추세요.
❌ 한쪽만 먼저 끝내고 반대쪽을 따라가게 하는 것
약한 쪽 속도에 강한 쪽을 맞추세요.

💡 MACHINE FIT PRO TIP
🔥 이 기구는 좌우 암이 독립적으로 움직이는 게 장점입니다. 무게를 올리기 전에 양쪽이 같은 속도로 가는지 확인하세요. 한쪽이 먼저 끝까지 가 버리면 중량보다 밸런스가 먼저입니다.

🎯 MACHINE FIT CHECK
🟢 시트/패드 → 몸에 맞춤
🟢 팔꿈치 → 미는/드는 방향
🟢 좌우 → 같은 속도
🟢 복귀 → 2~3초 통제

### 🔥 이것만 기억하세요

""좌우 같은 속도, 끝에서 1초, 복귀는 통제.""","🏋️ WATSON — DS Animal Bicep Curl · Animal Dual Stack

🎯 ONE KEY CUE
🔥 ""Curl both sides at the same speed and check imbalances""

DS Animal Bicep Curl. 듀얼 스택 아이소래터럴 바이셉 컬입니다 Lean into the independent arms design. Do not chase load until the setup feels locked in.

⚙️ ① Setup
🪑 Seat / pads
Fit the seat to your body so the start position sits naturally on the working joint.
🤲 Grip / hands
Match left and right handle height first — independent arms expose any mismatch immediately.
⚙️ Adjustments
Check 시트, 좌·우 스택, 팔꿈치 지지. Confirm both sides start from the same position.

💪 ② Start position
Fix the elbows on the pad or at your sides. Kill torso swing.
Double-check both sides start at the same height.
Check only this:
👉 Elbows not drifting forward

🔥 ③ Execution
Match left-right speed. If one side finishes early, fix balance before adding load.
Curl or extend only at the elbow, then reverse slowly. Keep both sides honest.

💥 ④ Peak contraction
Stop where the target muscle is most shortened.
⏱️ 1-second STOP
Own that position for one second. This is not where you dump the weight.

🐌 ⑤ Controlled return
Do not dump the load.
Take 2–3 seconds on the way back.
Return on the same path you pressed or pulled.

❌ Common mistakes
❌ Letting the elbows drift so the shoulders take over
If position breaks, cut the load.
❌ Swinging the torso
If position breaks, cut the load.
❌ Over-bending the wrists
If position breaks, cut the load.
❌ Letting one side finish early
Match the stronger side to the weaker side’s speed.

💡 MACHINE FIT PRO TIP
🔥 Independent arms are the point. Before you load up, confirm both sides move at the same speed. If one side finishes early, fix balance before adding plates or pins.

🎯 MACHINE FIT CHECK
🟢 Seat/pad → fitted
🟢 Elbows → press/raise direction
🟢 Left/right → same speed
🟢 Return → 2–3 sec control

### 🔥 Remember this

""Match sides, one-second peak, controlled return."""
WATSON,암 컬,Arm Curl,SS Bicep Curl,PARTIALLY_VERIFIED,Watson Gym Equipment,Single Stack,https://watsongym.co.uk/product/single-stack-bicep-curl/,암 컬 전용 별도 SKU는 없고 SS/PL Bicep Curl이 해당합니다,"시트, 팔꿈치 패드, 스택/플레이트","🏋️ WATSON — SS Bicep Curl · Single Stack

🎯 ONE KEY CUE
🔥 ""팔꿈치를 몸에 붙인 채 전완만 들어 올리기""

암 컬 전용 별도 SKU는 없고 SS/PL Bicep Curl이 해당합니다. 왓슨 Plate Loaded·Animal 궤적을 그대로 타는 게 핵심입니다. 처음부터 무게 올리지 말고, 세팅부터 잡으세요.

⚙️ ① 기구 세팅
🪑 좌석 / 패드
시트를 몸에 맞추세요. 시작 위치가 어깨·관절에 자연스럽게 오는지 확인합니다.
🤲 그립 / 손 위치
손잡이를 편안한 너비로 잡으세요. 손목이 꺾이지 않게 합니다.
⚙️ 조절 포인트
시트, 팔꿈치 패드, 스택/플레이트를 확인하세요.
이 카테고리는 공식 명칭이 겹칠 수 있으니, 헬스장 기구의 실제 레버·패드 배치를 우선하세요.

💪 ② 시작 자세
팔꿈치 위치를 패드나 몸 옆에 고정합니다. 몸통 반동은 끕니다.
이 자세에서 이것만 확인하세요.
👉 팔꿈치가 앞으로 흘러가지 않는지

🔥 ③ 운동 방법
손잡이를 들어 올렸다 천천히 내리기.
몸통은 고정, 팔꿈치 아래만 움직입니다.

💥 ④ 최고 수축
목표 근육이 가장 조여지는 끝 지점에서 멈춥니다.
⏱️ 1초 STOP
튕기지 말고 그 지점에서 1초만 소유하세요. 무게를 놓는 순간이 아닙니다.

🐌 ⑤ 천천히 돌아오기
중량을 그냥 놓지 마세요.
2~3초 동안 통제하면서 복귀합니다.
시작 자세로 돌아갈 때도 같은 궤적을 유지하세요.

❌ 흔한 실수
❌ 어깨를 들어 올려 승모로 돕는
어깨를 귀에서 멀리 두고 다시 시작하세요.
❌ 팔꿈치가 앞으로 흘러가며 어깨가 개입하는 것
자세가 무너지면 무게를 낮추세요.
❌ 몸통 반동으로 올리는 것
템포를 늦추고 같은 궤적만 반복하세요.
❌ 손목을 과하게 꺾는 것
자세가 무너지면 무게를 낮추세요.

💡 MACHINE FIT PRO TIP
🔥 SS Bicep Curl의 가이드 궤적을 이용하세요. 첫 2세트는 천천히, 대칭이 확인된 뒤에만 무게를 올립니다.

🎯 MACHINE FIT CHECK
🟢 시트/패드 → 몸에 맞춤
🟢 팔꿈치 → 미는/드는 방향
🟢 어깨 → 으쓱하지 않기
🟢 복귀 → 2~3초 통제

### 🔥 이것만 기억하세요

""팔꿈치를 몸에 붙인 채 전완만 들어 올리기. 끝에서 1초, 복귀는 통제.""","🏋️ WATSON — SS Bicep Curl · Single Stack

🎯 ONE KEY CUE
🔥 ""Pin the elbows to the sides and curl the forearms only""

암 컬 전용 별도 SKU는 없고 SS/PL Bicep Curl이 해당합니다 Ride the Watson Plate Loaded / Animal path instead of fighting it. Do not chase load until the setup feels locked in.

⚙️ ① Setup
🪑 Seat / pads
Fit the seat to your body so the start position sits naturally on the working joint.
🤲 Grip / hands
Take a comfortable grip width and keep the wrists stacked, not bent.
⚙️ Adjustments
Check 시트, 팔꿈치 패드, 스택/플레이트.
Naming can overlap in this category — trust the levers and pads on the unit in front of you.

💪 ② Start position
Fix the elbows on the pad or at your sides. Kill torso swing.
Check only this:
👉 Elbows not drifting forward

🔥 ③ Execution
Torso stays quiet. Move only below the elbows.
Curl or extend only at the elbow, then reverse slowly.

💥 ④ Peak contraction
Stop where the target muscle is most shortened.
⏱️ 1-second STOP
Own that position for one second. This is not where you dump the weight.

🐌 ⑤ Controlled return
Do not dump the load.
Take 2–3 seconds on the way back.
Return on the same path you pressed or pulled.

❌ Common mistakes
❌ Letting the elbows drift so the shoulders take over
If position breaks, cut the load.
❌ Swinging the torso
If position breaks, cut the load.
❌ Over-bending the wrists
If position breaks, cut the load.

💡 MACHINE FIT PRO TIP
🔥 Use the guided path on SS Bicep Curl. Slow the first two sets, confirm symmetry, then add load.

🎯 MACHINE FIT CHECK
🟢 Seat/pad → fitted
🟢 Elbows → press/raise direction
🟢 Shoulders → not shrugged
🟢 Return → 2–3 sec control

### 🔥 Remember this

""Pin the elbows to the sides and curl the forearms only. One-second peak, controlled return."""
WATSON,트라이셉스 익스텐션,Triceps Extension,SS Tricep Extension,VERIFIED,Watson Gym Equipment,Single Stack,https://watsongym.co.uk/product/single-stack-tricep-extension/,SS Tricep Extension 및 SS Overhead Tricep Extension입니다,"시트, 팔꿈치 패드, 스택 핀","🏋️ WATSON — SS Tricep Extension · Single Stack

🎯 ONE KEY CUE
🔥 ""팔꿈치를 고정하고 전완만 펴기""

SS Tricep Extension 및 SS Overhead Tricep Extension. 왓슨 Plate Loaded·Animal 궤적을 그대로 타는 게 핵심입니다. 처음부터 무게 올리지 말고, 세팅부터 잡으세요.

⚙️ ① 기구 세팅
🪑 좌석 / 패드
시트를 몸에 맞추세요. 시작 위치가 어깨·관절에 자연스럽게 오는지 확인합니다.
🤲 그립 / 손 위치
손잡이를 편안한 너비로 잡으세요. 손목이 꺾이지 않게 합니다.
⚙️ 조절 포인트
시트, 팔꿈치 패드, 스택 핀을 확인하세요.

💪 ② 시작 자세
팔꿈치 위치를 패드나 몸 옆에 고정합니다. 몸통 반동은 끕니다.
이 자세에서 이것만 확인하세요.
👉 팔꿈치가 앞으로 흘러가지 않는지

🔥 ③ 운동 방법
팔을 펴 올렸다 천천히 접기.
몸통은 고정, 팔꿈치 아래만 움직입니다.

💥 ④ 최고 수축
목표 근육이 가장 조여지는 끝 지점에서 멈춥니다.
⏱️ 1초 STOP
튕기지 말고 그 지점에서 1초만 소유하세요. 무게를 놓는 순간이 아닙니다.

🐌 ⑤ 천천히 돌아오기
중량을 그냥 놓지 마세요.
2~3초 동안 통제하면서 복귀합니다.
시작 자세로 돌아갈 때도 같은 궤적을 유지하세요.

❌ 흔한 실수
❌ 팔꿈치가 벌어지며 어깨로 미는
자세가 무너지면 무게를 낮추세요.
❌ 팔꿈치가 앞으로 흘러가며 어깨가 개입하는 것
자세가 무너지면 무게를 낮추세요.
❌ 몸통 반동으로 올리는 것
템포를 늦추고 같은 궤적만 반복하세요.
❌ 손목을 과하게 꺾는 것
자세가 무너지면 무게를 낮추세요.

💡 MACHINE FIT PRO TIP
🔥 SS Tricep Extension의 가이드 궤적을 이용하세요. 첫 2세트는 천천히, 대칭이 확인된 뒤에만 무게를 올립니다.

🎯 MACHINE FIT CHECK
🟢 시트/패드 → 몸에 맞춤
🟢 팔꿈치 → 미는/드는 방향
🟢 어깨 → 으쓱하지 않기
🟢 복귀 → 2~3초 통제

### 🔥 이것만 기억하세요

""팔꿈치를 고정하고 전완만 펴기. 끝에서 1초, 복귀는 통제.""","🏋️ WATSON — SS Tricep Extension · Single Stack

🎯 ONE KEY CUE
🔥 ""Keep the elbows fixed and extend only the forearms""

SS Tricep Extension 및 SS Overhead Tricep Extension입니다 Ride the Watson Plate Loaded / Animal path instead of fighting it. Do not chase load until the setup feels locked in.

⚙️ ① Setup
🪑 Seat / pads
Fit the seat to your body so the start position sits naturally on the working joint.
🤲 Grip / hands
Take a comfortable grip width and keep the wrists stacked, not bent.
⚙️ Adjustments
Check 시트, 팔꿈치 패드, 스택 핀.

💪 ② Start position
Fix the elbows on the pad or at your sides. Kill torso swing.
Check only this:
👉 Elbows not drifting forward

🔥 ③ Execution
Torso stays quiet. Move only below the elbows.
Curl or extend only at the elbow, then reverse slowly.

💥 ④ Peak contraction
Stop where the target muscle is most shortened.
⏱️ 1-second STOP
Own that position for one second. This is not where you dump the weight.

🐌 ⑤ Controlled return
Do not dump the load.
Take 2–3 seconds on the way back.
Return on the same path you pressed or pulled.

❌ Common mistakes
❌ Letting the elbows drift so the shoulders take over
If position breaks, cut the load.
❌ Swinging the torso
If position breaks, cut the load.
❌ Over-bending the wrists
If position breaks, cut the load.

💡 MACHINE FIT PRO TIP
🔥 Use the guided path on SS Tricep Extension. Slow the first two sets, confirm symmetry, then add load.

🎯 MACHINE FIT CHECK
🟢 Seat/pad → fitted
🟢 Elbows → press/raise direction
🟢 Shoulders → not shrugged
🟢 Return → 2–3 sec control

### 🔥 Remember this

""Keep the elbows fixed and extend only the forearms. One-second peak, controlled return."""
WATSON,트라이셉스 프레스,Triceps Press,SS Tricep Dip,PARTIALLY_VERIFIED,Watson Gym Equipment,Single Stack,https://watsongym.co.uk/product/seated-single-stack-tricep-dip/,트라이셉스 프레스 명칭 SKU는 없고 SS Tricep Dip·PL Seated Dip가 가장 가깝습니다,"시트, 손잡이, 스택/플레이트","🏋️ WATSON — SS Tricep Dip · Single Stack

🎯 ONE KEY CUE
🔥 ""팔꿈치를 몸 옆에 붙인 채 아래로 눌러 펴기""

트라이셉스 프레스 명칭 SKU는 없고 SS Tricep Dip·PL Seated Dip가 가장 가깝습니다. 왓슨 Plate Loaded·Animal 궤적을 그대로 타는 게 핵심입니다. 처음부터 무게 올리지 말고, 세팅부터 잡으세요.

⚙️ ① 기구 세팅
🪑 좌석 / 패드
시트를 몸에 맞추세요. 시작 위치가 어깨·관절에 자연스럽게 오는지 확인합니다.
🤲 그립 / 손 위치
손잡이를 편안한 너비로 잡으세요. 손목이 꺾이지 않게 합니다.
⚙️ 조절 포인트
시트, 손잡이, 스택/플레이트를 확인하세요.
이 카테고리는 공식 명칭이 겹칠 수 있으니, 헬스장 기구의 실제 레버·패드 배치를 우선하세요.

💪 ② 시작 자세
팔꿈치 위치를 패드나 몸 옆에 고정합니다. 몸통 반동은 끕니다.
이 자세에서 이것만 확인하세요.
👉 팔꿈치가 앞으로 흘러가지 않는지

🔥 ③ 운동 방법
손잡이를 아래로 눌러 펴었다 복귀.
몸통은 고정, 팔꿈치 아래만 움직입니다.

💥 ④ 최고 수축
목표 근육이 가장 조여지는 끝 지점에서 멈춥니다.
⏱️ 1초 STOP
튕기지 말고 그 지점에서 1초만 소유하세요. 무게를 놓는 순간이 아닙니다.

🐌 ⑤ 천천히 돌아오기
중량을 그냥 놓지 마세요.
2~3초 동안 통제하면서 복귀합니다.
시작 자세로 돌아갈 때도 같은 궤적을 유지하세요.

❌ 흔한 실수
❌ 어깨를 으쓱하며 승모로 누르는
어깨를 귀에서 멀리 두고 다시 시작하세요.
❌ 팔꿈치가 앞으로 흘러가며 어깨가 개입하는 것
자세가 무너지면 무게를 낮추세요.
❌ 몸통 반동으로 올리는 것
템포를 늦추고 같은 궤적만 반복하세요.
❌ 손목을 과하게 꺾는 것
자세가 무너지면 무게를 낮추세요.

💡 MACHINE FIT PRO TIP
🔥 SS Tricep Dip의 가이드 궤적을 이용하세요. 첫 2세트는 천천히, 대칭이 확인된 뒤에만 무게를 올립니다.

🎯 MACHINE FIT CHECK
🟢 시트/패드 → 몸에 맞춤
🟢 팔꿈치 → 미는/드는 방향
🟢 어깨 → 으쓱하지 않기
🟢 복귀 → 2~3초 통제

### 🔥 이것만 기억하세요

""팔꿈치를 몸 옆에 붙인 채 아래로 눌러 펴기. 끝에서 1초, 복귀는 통제.""","🏋️ WATSON — SS Tricep Dip · Single Stack

🎯 ONE KEY CUE
🔥 ""Keep the elbows by the sides and press down to extension""

트라이셉스 프레스 명칭 SKU는 없고 SS Tricep Dip·PL Seated Dip가 가장 가깝습니다 Ride the Watson Plate Loaded / Animal path instead of fighting it. Do not chase load until the setup feels locked in.

⚙️ ① Setup
🪑 Seat / pads
Fit the seat to your body so the start position sits naturally on the working joint.
🤲 Grip / hands
Take a comfortable grip width and keep the wrists stacked, not bent.
⚙️ Adjustments
Check 시트, 손잡이, 스택/플레이트.
Naming can overlap in this category — trust the levers and pads on the unit in front of you.

💪 ② Start position
Fix the elbows on the pad or at your sides. Kill torso swing.
Check only this:
👉 Elbows not drifting forward

🔥 ③ Execution
Torso stays quiet. Move only below the elbows.
Curl or extend only at the elbow, then reverse slowly.

💥 ④ Peak contraction
Stop where the target muscle is most shortened.
⏱️ 1-second STOP
Own that position for one second. This is not where you dump the weight.

🐌 ⑤ Controlled return
Do not dump the load.
Take 2–3 seconds on the way back.
Return on the same path you pressed or pulled.

❌ Common mistakes
❌ Letting the elbows drift so the shoulders take over
If position breaks, cut the load.
❌ Swinging the torso
If position breaks, cut the load.
❌ Over-bending the wrists
If position breaks, cut the load.

💡 MACHINE FIT PRO TIP
🔥 Use the guided path on SS Tricep Dip. Slow the first two sets, confirm symmetry, then add load.

🎯 MACHINE FIT CHECK
🟢 Seat/pad → fitted
🟢 Elbows → press/raise direction
🟢 Shoulders → not shrugged
🟢 Return → 2–3 sec control

### 🔥 Remember this

""Keep the elbows by the sides and press down to extension. One-second peak, controlled return."""
WATSON,딥 / 트라이셉스 머신,Dip / Triceps Machine,PL Standing ISO Dip,VERIFIED,Watson Gym Equipment,Plate Loaded,https://watsongym.co.uk/product/standing-iso-dip/,PL Standing ISO Dip 및 PL Seated Dip가 딥/트라이셉스 머신입니다,"스탠스/시트, 손잡이, 플레이트","🏋️ WATSON — PL Standing ISO Dip · Plate Loaded

🎯 ONE KEY CUE
🔥 ""어깨를 내린 채 팔꿈치만으로 몸을 밀어 올리기""

PL Standing ISO Dip 및 PL Seated Dip가 딥/트라이셉스 머신. 플레이트 로딩 구조입니다. 처음부터 무게 올리지 말고, 세팅부터 잡으세요.

⚙️ ① 기구 세팅
🪑 좌석 / 패드
시트를 몸에 맞추세요. 시작 위치가 어깨·관절에 자연스럽게 오는지 확인합니다.
🤲 그립 / 손 위치
손잡이를 편안한 너비로 잡으세요. 손목이 꺾이지 않게 합니다.
⚙️ 조절 포인트
스탠스/시트, 손잡이, 플레이트를 확인하세요. 양쪽 플레이트를 동일하게 맞추고, 한쪽만 먼저 올리지 마세요.

💪 ② 시작 자세
팔꿈치 위치를 패드나 몸 옆에 고정합니다. 몸통 반동은 끕니다.
이 자세에서 이것만 확인하세요.
👉 팔꿈치가 앞으로 흘러가지 않는지

🔥 ③ 운동 방법
팔을 펴며 올렸다 천천히 하강.
몸통은 고정, 팔꿈치 아래만 움직입니다.

💥 ④ 최고 수축
목표 근육이 가장 조여지는 끝 지점에서 멈춥니다.
⏱️ 1초 STOP
튕기지 말고 그 지점에서 1초만 소유하세요. 무게를 놓는 순간이 아닙니다.

🐌 ⑤ 천천히 돌아오기
중량을 그냥 놓지 마세요.
2~3초 동안 통제하면서 복귀합니다.
시작 자세로 돌아갈 때도 같은 궤적을 유지하세요.

❌ 흔한 실수
❌ 상체를 과도하게 숙여 전면 어깨에 몰아넣는
자세가 무너지면 무게를 낮추세요.
❌ 팔꿈치가 앞으로 흘러가며 어깨가 개입하는 것
자세가 무너지면 무게를 낮추세요.
❌ 몸통 반동으로 올리는 것
템포를 늦추고 같은 궤적만 반복하세요.
❌ 손목을 과하게 꺾는 것
자세가 무너지면 무게를 낮추세요.
❌ 양쪽 플레이트 무게를 다르게 올리는 것
양쪽을 맞춘 뒤 가벼운 세트로 좌우를 확인하세요.

💡 MACHINE FIT PRO TIP
🔥 PL Standing ISO Dip은 플레이트 로딩입니다. 좌우 원판을 동일하게 맞추고, 첫 세트는 궤적·좌우 대칭만 확인한 다음 무게를 올리세요.

🎯 MACHINE FIT CHECK
🟢 시트/패드 → 몸에 맞춤
🟢 팔꿈치 → 미는/드는 방향
🟢 원판 → 좌우 동일
🟢 복귀 → 2~3초 통제

### 🔥 이것만 기억하세요

""어깨를 내린 채 팔꿈치만으로 몸을 밀어 올리기. 끝에서 1초, 복귀는 통제.""","🏋️ WATSON — PL Standing ISO Dip · Plate Loaded

🎯 ONE KEY CUE
🔥 ""Keep the shoulders down and press up through the elbows only""

PL Standing ISO Dip 및 PL Seated Dip가 딥/트라이셉스 머신입니다 Lean into the plate-loaded design. Do not chase load until the setup feels locked in.

⚙️ ① Setup
🪑 Seat / pads
Fit the seat to your body so the start position sits naturally on the working joint.
🤲 Grip / hands
Take a comfortable grip width and keep the wrists stacked, not bent.
⚙️ Adjustments
Check 스탠스/시트, 손잡이, 플레이트. Match plates on both sides — do not load one arm first.

💪 ② Start position
Fix the elbows on the pad or at your sides. Kill torso swing.
Check only this:
👉 Elbows not drifting forward

🔥 ③ Execution
Torso stays quiet. Move only below the elbows.
Curl or extend only at the elbow, then reverse slowly.

💥 ④ Peak contraction
Stop where the target muscle is most shortened.
⏱️ 1-second STOP
Own that position for one second. This is not where you dump the weight.

🐌 ⑤ Controlled return
Do not dump the load.
Take 2–3 seconds on the way back.
Return on the same path you pressed or pulled.

❌ Common mistakes
❌ Letting the elbows drift so the shoulders take over
If position breaks, cut the load.
❌ Swinging the torso
If position breaks, cut the load.
❌ Over-bending the wrists
If position breaks, cut the load.
❌ Loading unequal plates
Match both sides, then confirm with a light set.

💡 MACHINE FIT PRO TIP
🔥 PL Standing ISO Dip is plate-loaded. Match plates, confirm path and left-right symmetry on set one, then add load.

🎯 MACHINE FIT CHECK
🟢 Seat/pad → fitted
🟢 Elbows → press/raise direction
🟢 Plates → matched
🟢 Return → 2–3 sec control

### 🔥 Remember this

""Keep the shoulders down and press up through the elbows only. One-second peak, controlled return."""
WATSON,바이셉스 / 트라이셉스 복합 머신,Biceps / Triceps Combo,SS Bicep Tricep Machine,VERIFIED,Watson Gym Equipment,Single Stack,https://watsongym.co.uk/product/single-stack-bicep-tricep-machine/,Watson SS Bicep Tricep Machine. 2-in-1 암 복합 머신입니다,"시트, 모드, 팔꿈치 패드, 스택 핀","🏋️ WATSON — SS Bicep Tricep Machine · Single Stack

🎯 ONE KEY CUE
🔥 ""모드에 맞춰 팔꿈치 고정 후 전완만 움직이기""

Watson SS Bicep Tricep Machine. 2-in-1 암 복합 머신. 왓슨 Plate Loaded·Animal 궤적을 그대로 타는 게 핵심입니다. 처음부터 무게 올리지 말고, 세팅부터 잡으세요.

⚙️ ① 기구 세팅
🪑 좌석 / 패드
시트를 몸에 맞추세요. 시작 위치가 어깨·관절에 자연스럽게 오는지 확인합니다.
🤲 그립 / 손 위치
손잡이를 편안한 너비로 잡으세요. 손목이 꺾이지 않게 합니다.
⚙️ 조절 포인트
시트, 모드, 팔꿈치 패드, 스택 핀을 확인하세요.

💪 ② 시작 자세
팔꿈치 위치를 패드나 몸 옆에 고정합니다. 몸통 반동은 끕니다.
이 자세에서 이것만 확인하세요.
👉 팔꿈치가 앞으로 흘러가지 않는지

🔥 ③ 운동 방법
컬 또는 익스텐션 궤적으로 들었다 복귀.
몸통은 고정, 팔꿈치 아래만 움직입니다.

💥 ④ 최고 수축
목표 근육이 가장 조여지는 끝 지점에서 멈춥니다.
⏱️ 1초 STOP
튕기지 말고 그 지점에서 1초만 소유하세요. 무게를 놓는 순간이 아닙니다.

🐌 ⑤ 천천히 돌아오기
중량을 그냥 놓지 마세요.
2~3초 동안 통제하면서 복귀합니다.
시작 자세로 돌아갈 때도 같은 궤적을 유지하세요.

❌ 흔한 실수
❌ 모드를 바꾸지 않고 궤적을 섞는
자세가 무너지면 무게를 낮추세요.
❌ 팔꿈치가 앞으로 흘러가며 어깨가 개입하는 것
자세가 무너지면 무게를 낮추세요.
❌ 몸통 반동으로 올리는 것
템포를 늦추고 같은 궤적만 반복하세요.
❌ 손목을 과하게 꺾는 것
자세가 무너지면 무게를 낮추세요.

💡 MACHINE FIT PRO TIP
🔥 SS Bicep Tricep Machine의 가이드 궤적을 이용하세요. 첫 2세트는 천천히, 대칭이 확인된 뒤에만 무게를 올립니다.

🎯 MACHINE FIT CHECK
🟢 시트/패드 → 몸에 맞춤
🟢 팔꿈치 → 미는/드는 방향
🟢 어깨 → 으쓱하지 않기
🟢 복귀 → 2~3초 통제

### 🔥 이것만 기억하세요

""모드에 맞춰 팔꿈치 고정 후 전완만 움직이기. 끝에서 1초, 복귀는 통제.""","🏋️ WATSON — SS Bicep Tricep Machine · Single Stack

🎯 ONE KEY CUE
🔥 ""For the selected mode, fix the elbows and move only the forearms""

Watson SS Bicep Tricep Machine. 2-in-1 암 복합 머신입니다 Ride the Watson Plate Loaded / Animal path instead of fighting it. Do not chase load until the setup feels locked in.

⚙️ ① Setup
🪑 Seat / pads
Fit the seat to your body so the start position sits naturally on the working joint.
🤲 Grip / hands
Take a comfortable grip width and keep the wrists stacked, not bent.
⚙️ Adjustments
Check 시트, 모드, 팔꿈치 패드, 스택 핀.

💪 ② Start position
Fix the elbows on the pad or at your sides. Kill torso swing.
Check only this:
👉 Elbows not drifting forward

🔥 ③ Execution
Torso stays quiet. Move only below the elbows.
Curl or extend only at the elbow, then reverse slowly.

💥 ④ Peak contraction
Stop where the target muscle is most shortened.
⏱️ 1-second STOP
Own that position for one second. This is not where you dump the weight.

🐌 ⑤ Controlled return
Do not dump the load.
Take 2–3 seconds on the way back.
Return on the same path you pressed or pulled.

❌ Common mistakes
❌ Letting the elbows drift so the shoulders take over
If position breaks, cut the load.
❌ Swinging the torso
If position breaks, cut the load.
❌ Over-bending the wrists
If position breaks, cut the load.

💡 MACHINE FIT PRO TIP
🔥 Use the guided path on SS Bicep Tricep Machine. Slow the first two sets, confirm symmetry, then add load.

🎯 MACHINE FIT CHECK
🟢 Seat/pad → fitted
🟢 Elbows → press/raise direction
🟢 Shoulders → not shrugged
🟢 Return → 2–3 sec control

### 🔥 Remember this

""For the selected mode, fix the elbows and move only the forearms. One-second peak, controlled return."""
WATSON,앱 크런치,Ab Crunch,SS Abdominal Crunch,VERIFIED,Watson Gym Equipment,Single Stack,https://watsongym.co.uk/product/abdominal-crunch/,Watson SS Abdominal Crunch. 시티드 앱 크런치입니다,"시트, 가슴/어깨 패드, 스택 핀","🏋️ WATSON — SS Abdominal Crunch · Single Stack

🎯 ONE KEY CUE
🔥 ""갈비뼈를 골반 쪽으로 말아 복직근 수축""

Watson SS Abdominal Crunch. 시티드 앱 크런치. 왓슨 Plate Loaded·Animal 궤적을 그대로 타는 게 핵심입니다. 처음부터 무게 올리지 말고, 세팅부터 잡으세요.

⚙️ ① 기구 세팅
🪑 좌석 / 패드
시트를 몸에 맞추세요. 시작 위치가 어깨·관절에 자연스럽게 오는지 확인합니다.
⚙️ 조절 포인트
시트, 가슴/어깨 패드, 스택 핀을 확인하세요.

💪 ② 시작 자세
골반을 안정시키고 목으로 당길 생각을 지웁니다.
이 자세에서 이것만 확인하세요.
👉 골반이 고정돼 있는지

🔥 ③ 운동 방법
상체를 말아 내렸다 천천히 펴기.
갈비뼈를 골반 쪽으로 말아 올리는 느낌으로 수축하세요.

💥 ④ 최고 수축
목표 근육이 가장 조여지는 끝 지점에서 멈춥니다.
⏱️ 1초 STOP
튕기지 말고 그 지점에서 1초만 소유하세요. 무게를 놓는 순간이 아닙니다.

🐌 ⑤ 천천히 돌아오기
중량을 그냥 놓지 마세요.
2~3초 동안 통제하면서 복귀합니다.
시작 자세로 돌아갈 때도 같은 궤적을 유지하세요.

❌ 흔한 실수
❌ 목만 당기며 팔을 당기는
자세가 무너지면 무게를 낮추세요.
❌ 목으로 당겨 몸통을 접는 것
갈비뼈를 골반 쪽으로 만다는 느낌으로 바꾸세요.
❌ 골반이 뜨며 반동을 쓰는 것
템포를 늦추고 같은 궤적만 반복하세요.
❌ 너무 큰 범위로 과하게 꺾는 것
자세가 무너지면 무게를 낮추세요.

💡 MACHINE FIT PRO TIP
🔥 SS Abdominal Crunch의 가이드 궤적을 이용하세요. 첫 2세트는 천천히, 대칭이 확인된 뒤에만 무게를 올립니다.

🎯 MACHINE FIT CHECK
🟢 시트/패드 → 몸에 맞춤
🟢 몸통 → 브레스·고정
🟢 어깨 → 으쓱하지 않기
🟢 복귀 → 2~3초 통제

### 🔥 이것만 기억하세요

""목 말고 몸통으로, 끝에서 조이고 천천히.""","🏋️ WATSON — SS Abdominal Crunch · Single Stack

🎯 ONE KEY CUE
🔥 ""Curl the ribs toward the pelvis and squeeze the abs""

Watson SS Abdominal Crunch. 시티드 앱 크런치입니다 Ride the Watson Plate Loaded / Animal path instead of fighting it. Do not chase load until the setup feels locked in.

⚙️ ① Setup
🪑 Seat / pads
Fit the seat to your body so the start position sits naturally on the working joint.
⚙️ Adjustments
Check 시트, 가슴/어깨 패드, 스택 핀.

💪 ② Start position
Stabilize the pelvis and stop thinking about pulling with the neck.
Check only this:
👉 Pelvis locked

🔥 ③ Execution
Curl the ribcage toward the pelvis.
Curl or rotate through the torso, then return without momentum.

💥 ④ Peak contraction
Stop where the target muscle is most shortened.
⏱️ 1-second STOP
Own that position for one second. This is not where you dump the weight.

🐌 ⑤ Controlled return
Do not dump the load.
Take 2–3 seconds on the way back.
Return on the same path you pressed or pulled.

❌ Common mistakes
❌ Pulling with the neck
Curl ribs toward the pelvis instead.
❌ Lifting the pelvis and using momentum
Slow the tempo and repeat one clean path.
❌ Forcing an excessive range
If position breaks, cut the load.

💡 MACHINE FIT PRO TIP
🔥 Use the guided path on SS Abdominal Crunch. Slow the first two sets, confirm symmetry, then add load.

🎯 MACHINE FIT CHECK
🟢 Seat/pad → fitted
🟢 Torso → braced
🟢 Shoulders → not shrugged
🟢 Return → 2–3 sec control

### 🔥 Remember this

""Torso curl, squeeze, slow return — not the neck."""
WATSON,어브도미널,Abdominal,SS Abdominal Crunch,VERIFIED,Watson Gym Equipment,Single Stack,https://watsongym.co.uk/product/abdominal-crunch/,SS Abdominal Crunch가 Watson의 대표 어브도미널 머신입니다,"시트, 패드 위치, 스택 핀","🏋️ WATSON — SS Abdominal Crunch · Single Stack

🎯 ONE KEY CUE
🔥 ""호흡을 내쉬며 복부를 짧게 수축""

SS Abdominal Crunch가 Watson의 대표 어브도미널 머신. 왓슨 Plate Loaded·Animal 궤적을 그대로 타는 게 핵심입니다. 처음부터 무게 올리지 말고, 세팅부터 잡으세요.

⚙️ ① 기구 세팅
🪑 좌석 / 패드
시트를 몸에 맞추세요. 시작 위치가 어깨·관절에 자연스럽게 오는지 확인합니다.
⚙️ 조절 포인트
시트, 패드 위치, 스택 핀을 확인하세요.

💪 ② 시작 자세
골반을 안정시키고 목으로 당길 생각을 지웁니다.
이 자세에서 이것만 확인하세요.
👉 골반이 고정돼 있는지

🔥 ③ 운동 방법
복부를 말아 수축했다 천천히 복귀.
갈비뼈를 골반 쪽으로 말아 올리는 느낌으로 수축하세요.

💥 ④ 최고 수축
목표 근육이 가장 조여지는 끝 지점에서 멈춥니다.
⏱️ 1초 STOP
튕기지 말고 그 지점에서 1초만 소유하세요. 무게를 놓는 순간이 아닙니다.

🐌 ⑤ 천천히 돌아오기
중량을 그냥 놓지 마세요.
2~3초 동안 통제하면서 복귀합니다.
시작 자세로 돌아갈 때도 같은 궤적을 유지하세요.

❌ 흔한 실수
❌ 허리를 과신전한 채 반동으로 움직이는
템포를 늦추고 같은 궤적만 반복하세요.
❌ 목으로 당겨 몸통을 접는 것
갈비뼈를 골반 쪽으로 만다는 느낌으로 바꾸세요.
❌ 골반이 뜨며 반동을 쓰는 것
템포를 늦추고 같은 궤적만 반복하세요.
❌ 너무 큰 범위로 과하게 꺾는 것
자세가 무너지면 무게를 낮추세요.

💡 MACHINE FIT PRO TIP
🔥 SS Abdominal Crunch의 가이드 궤적을 이용하세요. 첫 2세트는 천천히, 대칭이 확인된 뒤에만 무게를 올립니다.

🎯 MACHINE FIT CHECK
🟢 시트/패드 → 몸에 맞춤
🟢 몸통 → 브레스·고정
🟢 어깨 → 으쓱하지 않기
🟢 복귀 → 2~3초 통제

### 🔥 이것만 기억하세요

""목 말고 몸통으로, 끝에서 조이고 천천히.""","🏋️ WATSON — SS Abdominal Crunch · Single Stack

🎯 ONE KEY CUE
🔥 ""Exhale and shorten the abs with a tight crunch""

SS Abdominal Crunch가 Watson의 대표 어브도미널 머신입니다 Ride the Watson Plate Loaded / Animal path instead of fighting it. Do not chase load until the setup feels locked in.

⚙️ ① Setup
🪑 Seat / pads
Fit the seat to your body so the start position sits naturally on the working joint.
⚙️ Adjustments
Check 시트, 패드 위치, 스택 핀.

💪 ② Start position
Stabilize the pelvis and stop thinking about pulling with the neck.
Check only this:
👉 Pelvis locked

🔥 ③ Execution
Curl the ribcage toward the pelvis.
Curl or rotate through the torso, then return without momentum.

💥 ④ Peak contraction
Stop where the target muscle is most shortened.
⏱️ 1-second STOP
Own that position for one second. This is not where you dump the weight.

🐌 ⑤ Controlled return
Do not dump the load.
Take 2–3 seconds on the way back.
Return on the same path you pressed or pulled.

❌ Common mistakes
❌ Pulling with the neck
Curl ribs toward the pelvis instead.
❌ Lifting the pelvis and using momentum
Slow the tempo and repeat one clean path.
❌ Forcing an excessive range
If position breaks, cut the load.

💡 MACHINE FIT PRO TIP
🔥 Use the guided path on SS Abdominal Crunch. Slow the first two sets, confirm symmetry, then add load.

🎯 MACHINE FIT CHECK
🟢 Seat/pad → fitted
🟢 Torso → braced
🟢 Shoulders → not shrugged
🟢 Return → 2–3 sec control

### 🔥 Remember this

""Torso curl, squeeze, slow return — not the neck."""
WATSON,로터리 토르소,Rotary Torso,SS Torso Twist,VERIFIED,Watson Gym Equipment,Single Stack,https://watsongym.co.uk/product/ss-torso-twist/,Watson SS Torso Twist. 로터리 토르소/트위스트 머신입니다,"시트, 패드 높이, 가동 범위, 스택 핀","🏋️ WATSON — SS Torso Twist · Single Stack

🎯 ONE KEY CUE
🔥 ""골반을 고정하고 흉곽만 천천히 회전""

Watson SS Torso Twist. 로터리 토르소/트위스트 머신. 왓슨 Plate Loaded·Animal 궤적을 그대로 타는 게 핵심입니다. 처음부터 무게 올리지 말고, 세팅부터 잡으세요.

⚙️ ① 기구 세팅
🪑 좌석 / 패드
시트를 몸에 맞추세요. 시작 위치가 어깨·관절에 자연스럽게 오는지 확인합니다.
⚙️ 조절 포인트
시트, 패드 높이, 가동 범위, 스택 핀을 확인하세요.

💪 ② 시작 자세
골반을 안정시키고 목으로 당길 생각을 지웁니다.
이 자세에서 이것만 확인하세요.
👉 골반이 고정돼 있는지

🔥 ③ 운동 방법
상체를 좌우로 돌렸다 중앙 복귀.
갈비뼈를 골반 쪽으로 말아 올리는 느낌으로 수축하세요.

💥 ④ 최고 수축
목표 근육이 가장 조여지는 끝 지점에서 멈춥니다.
⏱️ 1초 STOP
튕기지 말고 그 지점에서 1초만 소유하세요. 무게를 놓는 순간이 아닙니다.

🐌 ⑤ 천천히 돌아오기
중량을 그냥 놓지 마세요.
2~3초 동안 통제하면서 복귀합니다.
시작 자세로 돌아갈 때도 같은 궤적을 유지하세요.

❌ 흔한 실수
❌ 무릎까지 돌려 반동으로 비트는
템포를 늦추고 같은 궤적만 반복하세요.
❌ 목으로 당겨 몸통을 접는 것
갈비뼈를 골반 쪽으로 만다는 느낌으로 바꾸세요.
❌ 골반이 뜨며 반동을 쓰는 것
템포를 늦추고 같은 궤적만 반복하세요.
❌ 너무 큰 범위로 과하게 꺾는 것
자세가 무너지면 무게를 낮추세요.

💡 MACHINE FIT PRO TIP
🔥 SS Torso Twist의 가이드 궤적을 이용하세요. 첫 2세트는 천천히, 대칭이 확인된 뒤에만 무게를 올립니다.

🎯 MACHINE FIT CHECK
🟢 시트/패드 → 몸에 맞춤
🟢 몸통 → 브레스·고정
🟢 어깨 → 으쓱하지 않기
🟢 복귀 → 2~3초 통제

### 🔥 이것만 기억하세요

""목 말고 몸통으로, 끝에서 조이고 천천히.""","🏋️ WATSON — SS Torso Twist · Single Stack

🎯 ONE KEY CUE
🔥 ""Brace the pelvis and rotate only the ribcage slowly""

Watson SS Torso Twist. 로터리 토르소/트위스트 머신입니다 Ride the Watson Plate Loaded / Animal path instead of fighting it. Do not chase load until the setup feels locked in.

⚙️ ① Setup
🪑 Seat / pads
Fit the seat to your body so the start position sits naturally on the working joint.
⚙️ Adjustments
Check 시트, 패드 높이, 가동 범위, 스택 핀.

💪 ② Start position
Stabilize the pelvis and stop thinking about pulling with the neck.
Check only this:
👉 Pelvis locked

🔥 ③ Execution
Curl the ribcage toward the pelvis.
Curl or rotate through the torso, then return without momentum.

💥 ④ Peak contraction
Stop where the target muscle is most shortened.
⏱️ 1-second STOP
Own that position for one second. This is not where you dump the weight.

🐌 ⑤ Controlled return
Do not dump the load.
Take 2–3 seconds on the way back.
Return on the same path you pressed or pulled.

❌ Common mistakes
❌ Pulling with the neck
Curl ribs toward the pelvis instead.
❌ Lifting the pelvis and using momentum
Slow the tempo and repeat one clean path.
❌ Forcing an excessive range
If position breaks, cut the load.

💡 MACHINE FIT PRO TIP
🔥 Use the guided path on SS Torso Twist. Slow the first two sets, confirm symmetry, then add load.

🎯 MACHINE FIT CHECK
🟢 Seat/pad → fitted
🟢 Torso → braced
🟢 Shoulders → not shrugged
🟢 Return → 2–3 sec control

### 🔥 Remember this

""Torso curl, squeeze, slow return — not the neck."""
WATSON,사이드 밴드,Side Bend,,BRAND_MODEL_NOT_FOUND,Watson Gym Equipment,,https://watsongym.co.uk/product-category/machines/,Watson 카탈로그에 Side Bend 전용 머신 SKU가 없습니다,"스탠스, 핸드 지지, 중량","🏋️ WATSON — 사이드 밴드

🎯 ONE KEY CUE
🔥 ""골반을 고정하고 옆구리를 짧게 측굴""

왓슨 전용 모델이 없는 카테고리입니다. 헬스장에 있는 실제 기구의 패드·레버·안전장치를 먼저 확인한 뒤, 아래 패턴으로 움직이세요.

⚙️ ① 기구 세팅
⚙️ 조절 포인트
스탠스, 핸드 지지, 중량을 확인하세요.

💪 ② 시작 자세
골반을 안정시키고 목으로 당길 생각을 지웁니다.
이 자세에서 이것만 확인하세요.
👉 골반이 고정돼 있는지

🔥 ③ 운동 방법
상체를 옆으로 숙였다 세워 복귀.
갈비뼈를 골반 쪽으로 말아 올리는 느낌으로 수축하세요.

💥 ④ 최고 수축
목표 근육이 가장 조여지는 끝 지점에서 멈춥니다.
⏱️ 1초 STOP
튕기지 말고 그 지점에서 1초만 소유하세요. 무게를 놓는 순간이 아닙니다.

🐌 ⑤ 천천히 돌아오기
중량을 그냥 놓지 마세요.
2~3초 동안 통제하면서 복귀합니다.
시작 자세로 돌아갈 때도 같은 궤적을 유지하세요.

❌ 흔한 실수
❌ 앞으로 숙이며 반동으로 옆으로 꺾는
템포를 늦추고 같은 궤적만 반복하세요.
❌ 목으로 당겨 몸통을 접는 것
갈비뼈를 골반 쪽으로 만다는 느낌으로 바꾸세요.
❌ 골반이 뜨며 반동을 쓰는 것
템포를 늦추고 같은 궤적만 반복하세요.
❌ 너무 큰 범위로 과하게 꺾는 것
자세가 무너지면 무게를 낮추세요.

💡 MACHINE FIT PRO TIP
🔥 이 항목은 해머 스트렝스 전용 SKU가 없습니다. ""사이드 밴드""로 분류된 실제 기구의 패드·레버·안전장치만 믿고, 가벼운 무게로 5회 리허설 후 본 세트를 시작하세요.

🎯 MACHINE FIT CHECK
🟢 시트/패드 → 몸에 맞춤
🟢 몸통 → 브레스·고정
🟢 어깨 → 으쓱하지 않기
🟢 복귀 → 2~3초 통제

### 🔥 이것만 기억하세요

""목 말고 몸통으로, 끝에서 조이고 천천히.""","🏋️ WATSON — Side Bend

🎯 ONE KEY CUE
🔥 ""Brace the pelvis and side-bend through the oblique only""

There is no dedicated Watson SKU for this category. Confirm pads, levers, and safeties on the unit in your gym, then follow the movement pattern below.

⚙️ ① Setup
⚙️ Adjustments
Check 스탠스, 핸드 지지, 중량.

💪 ② Start position
Stabilize the pelvis and stop thinking about pulling with the neck.
Check only this:
👉 Pelvis locked

🔥 ③ Execution
Curl the ribcage toward the pelvis.
Curl or rotate through the torso, then return without momentum.

💥 ④ Peak contraction
Stop where the target muscle is most shortened.
⏱️ 1-second STOP
Own that position for one second. This is not where you dump the weight.

🐌 ⑤ Controlled return
Do not dump the load.
Take 2–3 seconds on the way back.
Return on the same path you pressed or pulled.

❌ Common mistakes
❌ Pulling with the neck
Curl ribs toward the pelvis instead.
❌ Lifting the pelvis and using momentum
Slow the tempo and repeat one clean path.
❌ Forcing an excessive range
If position breaks, cut the load.

💡 MACHINE FIT PRO TIP
🔥 No dedicated Hammer Strength SKU for this slot. Trust the pads/levers/safeties on the unit labeled like ""Side Bend"", rehearse five light reps, then start working sets.

🎯 MACHINE FIT CHECK
🟢 Seat/pad → fitted
🟢 Torso → braced
🟢 Shoulders → not shrugged
🟢 Return → 2–3 sec control

### 🔥 Remember this

""Torso curl, squeeze, slow return — not the neck."""
WATSON,백 익스텐션,Back Extension,SS Back Extension,VERIFIED,Watson Gym Equipment,Single Stack,https://watsongym.co.uk/product/single-stack-back-extension/,Watson SS Back Extension. 셀렉터 백 익스텐션입니다,"힙 패드, 풋 지지, 스택 핀","🏋️ WATSON — SS Back Extension · Single Stack

🎯 ONE KEY CUE
🔥 ""둔근·척추기립근으로 상체를 중립까지 펴기""

Watson SS Back Extension. 셀렉터 백 익스텐션. 셀렉터 스택 구조입니다. 처음부터 무게 올리지 말고, 세팅부터 잡으세요.

⚙️ ① 기구 세팅
🪑 좌석 / 패드
시트를 몸에 맞추세요. 시작 위치가 목표 관절 높이에 오는지 확인합니다.
⚙️ 조절 포인트
힙 패드, 풋 지지, 스택 핀을 확인하세요.

💪 ② 시작 자세
골반을 안정시키고 목으로 당길 생각을 지웁니다.
이 자세에서 이것만 확인하세요.
👉 골반이 고정돼 있는지

🔥 ③ 운동 방법
상체를 펴 올렸다 천천히 숙이기.
갈비뼈를 골반 쪽으로 말아 올리는 느낌으로 수축하세요.

💥 ④ 최고 수축
목표 근육이 가장 조여지는 끝 지점에서 멈춥니다.
⏱️ 1초 STOP
튕기지 말고 그 지점에서 1초만 소유하세요. 무게를 놓는 순간이 아닙니다.

🐌 ⑤ 천천히 돌아오기
중량을 그냥 놓지 마세요.
2~3초 동안 통제하면서 복귀합니다.
시작 자세로 돌아갈 때도 같은 궤적을 유지하세요.

❌ 흔한 실수
❌ 허리를 과신전하며 튕기듯 올리는
자세가 무너지면 무게를 낮추세요.
❌ 목으로 당겨 몸통을 접는 것
갈비뼈를 골반 쪽으로 만다는 느낌으로 바꾸세요.
❌ 골반이 뜨며 반동을 쓰는 것
템포를 늦추고 같은 궤적만 반복하세요.
❌ 너무 큰 범위로 과하게 꺾는 것
자세가 무너지면 무게를 낮추세요.

💡 MACHINE FIT PRO TIP
🔥 Select 라인(SS Back Extension)은 스택 핀 위치가 곧 시작 난이도입니다. 시트부터 맞춘 뒤 핀을 고르고, 첫 세트에서 궤적이 어깨·관절에 맞는지 확인하세요.

🎯 MACHINE FIT CHECK
🟢 시트/패드 → 몸에 맞춤
🟢 몸통 → 브레스·고정
🟢 어깨 → 으쓱하지 않기
🟢 복귀 → 2~3초 통제

### 🔥 이것만 기억하세요

""목 말고 몸통으로, 끝에서 조이고 천천히.""","🏋️ WATSON — SS Back Extension · Single Stack

🎯 ONE KEY CUE
🔥 ""Extend the torso to neutral using the glutes and erectors""

Watson SS Back Extension. 셀렉터 백 익스텐션입니다 Lean into the selectorized stack design. Do not chase load until the setup feels locked in.

⚙️ ① Setup
🪑 Seat / pads
Fit the seat to your body so the start position sits naturally on the working joint.
⚙️ Adjustments
Check 힙 패드, 풋 지지, 스택 핀.

💪 ② Start position
Stabilize the pelvis and stop thinking about pulling with the neck.
Check only this:
👉 Pelvis locked

🔥 ③ Execution
Curl the ribcage toward the pelvis.
Curl or rotate through the torso, then return without momentum.

💥 ④ Peak contraction
Stop where the target muscle is most shortened.
⏱️ 1-second STOP
Own that position for one second. This is not where you dump the weight.

🐌 ⑤ Controlled return
Do not dump the load.
Take 2–3 seconds on the way back.
Return on the same path you pressed or pulled.

❌ Common mistakes
❌ Pulling with the neck
Curl ribs toward the pelvis instead.
❌ Lifting the pelvis and using momentum
Slow the tempo and repeat one clean path.
❌ Forcing an excessive range
If position breaks, cut the load.

💡 MACHINE FIT PRO TIP
🔥 On Select (SS Back Extension), the pin is your difficulty. Fit the seat first, choose the pin second, and confirm the path on set one.

🎯 MACHINE FIT CHECK
🟢 Seat/pad → fitted
🟢 Torso → braced
🟢 Shoulders → not shrugged
🟢 Return → 2–3 sec control

### 🔥 Remember this

""Torso curl, squeeze, slow return — not the neck."""
WATSON,힙 익스텐션,Hip Extension,PL Westside Ultra Pro Reverse Hyper,PARTIALLY_VERIFIED,Watson Gym Equipment,Westside,https://watsongym.co.uk/product/westside-ultra-pro-reverse-hyper/,힙 익스텐션 전용 명칭 SKU는 없고 Westside Reverse Hyper·SS Multi-Hip이 해당 패턴입니다,"힙 패드, 발목 스트랩, 플레이트/스택","🏋️ WATSON — PL Westside Ultra Pro Reverse Hyper · Westside

🎯 ONE KEY CUE
🔥 ""골반을 패드에 붙인 채 다리를 뒤로 펴기""

힙 익스텐션 전용 명칭 SKU는 없고 Westside Reverse Hyper·SS Multi-Hip이 해당 패턴. Ultra G7 구조입니다. 처음부터 무게 올리지 말고, 세팅부터 잡으세요.

⚙️ ① 기구 세팅
🪑 좌석 / 패드
시트·백패드를 먼저 맞추세요. 밀었을 때 골반이 말리거나 허리가 뜨지 않는 깊이가 시작점입니다.
🦶 발 위치
지지하는 발을 먼저 고정하세요. 흔들리면 중량을 낮춥니다.
⚙️ 조절 포인트
힙 패드, 발목 스트랩, 플레이트/스택을 확인하세요.
이 카테고리는 공식 명칭이 겹칠 수 있으니, 헬스장 기구의 실제 레버·패드 배치를 우선하세요.

💪 ② 시작 자세
골반 위치를 먼저 고정합니다. 허리로 높이 만들 준비를 하지 마세요.
이 자세에서 이것만 확인하세요.
👉 허리가 아니라 엉덩이가 일을 받을 준비인지

🔥 ③ 운동 방법
다리를 뒤로 뻗었다 천천히 내리기.
허리로 높이를 만들지 말고 골반·엉덩이로 밀어 마무리하세요.

💥 ④ 최고 수축
목표 근육이 가장 조여지는 끝 지점에서 멈춥니다.
⏱️ 1초 STOP
튕기지 말고 그 지점에서 1초만 소유하세요. 무게를 놓는 순간이 아닙니다.

🐌 ⑤ 천천히 돌아오기
중량을 그냥 놓지 마세요.
2~3초 동안 통제하면서 복귀합니다.
시작 자세로 돌아갈 때도 같은 궤적을 유지하세요.

❌ 흔한 실수
❌ 허리를 과도하게 젖혀 요추만 쓰는
깊이보다 골반 고정이 먼저입니다. 허리가 뜨면 범위를 줄이세요.
❌ 허리로 높이 만드는 것
자세가 무너지면 무게를 낮추세요.
❌ 골반이 돌아가며 한쪽만 미는 것
약한 쪽 속도에 강한 쪽을 맞추세요.
❌ 반동으로 올리는 것
템포를 늦추고 같은 궤적만 반복하세요.

💡 MACHINE FIT PRO TIP
🔥 PL Westside Ultra Pro Reverse Hyper의 가이드 궤적을 이용하세요. 첫 2세트는 천천히, 대칭이 확인된 뒤에만 무게를 올립니다.

🎯 MACHINE FIT CHECK
🟢 발 → 발판 중앙·방향 정렬
🟢 어깨 → 으쓱하지 않기
🟢 복귀 → 2~3초 통제

### 🔥 이것만 기억하세요

""골반을 패드에 붙인 채 다리를 뒤로 펴기. 끝에서 1초, 복귀는 통제.""","🏋️ WATSON — PL Westside Ultra Pro Reverse Hyper · Westside

🎯 ONE KEY CUE
🔥 ""Keep the hips on the pad and extend the legs back""

힙 익스텐션 전용 명칭 SKU는 없고 Westside Reverse Hyper·SS Multi-Hip이 해당 패턴입니다 Lean into the Ultra G7 design. Do not chase load until the setup feels locked in.

⚙️ ① Setup
🪑 Seat / pads
Set the seat/back pad first. Your start depth is where the pelvis stays planted and the low back does not peel up.
🦶 Feet
Lock in the support foot before you move. Reduce load if you wobble.
⚙️ Adjustments
Check 힙 패드, 발목 스트랩, 플레이트/스택.
Naming can overlap in this category — trust the levers and pads on the unit in front of you.

💪 ② Start position
Set the pelvis first. Do not plan to create height with the lower back.
Check only this:
👉 Glutes ready to drive, not the lumbar spine

🔥 ③ Execution
Finish with the hips/glutes — do not manufacture height with the lumbar spine.
Drive the hips, squeeze, then lower without lumbar snap.

💥 ④ Peak contraction
Stop where the target muscle is most shortened.
⏱️ 1-second STOP
Own that position for one second. This is not where you dump the weight.

🐌 ⑤ Controlled return
Do not dump the load.
Take 2–3 seconds on the way back.
Return on the same path you pressed or pulled.

❌ Common mistakes
❌ Creating height with the lumbar spine
If position breaks, cut the load.
❌ Rotating the pelvis and favoring one side
If position breaks, cut the load.
❌ Bouncing the lockout
Slow the tempo and repeat one clean path.

💡 MACHINE FIT PRO TIP
🔥 Use the guided path on PL Westside Ultra Pro Reverse Hyper. Slow the first two sets, confirm symmetry, then add load.

🎯 MACHINE FIT CHECK
🟢 Feet → centered and aligned
🟢 Shoulders → not shrugged
🟢 Return → 2–3 sec control

### 🔥 Remember this

""Keep the hips on the pad and extend the legs back. One-second peak, controlled return."""
WATSON,복근 / 허리 복합 머신,Abs / Back Combo,PL Total Torso,PARTIALLY_VERIFIED,Watson Gym Equipment,Plate Loaded,https://watsongym.co.uk/product/plate-load-total-torso/,복근+허리 전용 콤보 SKU는 없고 PL Total Torso가 토르소 복합에 가장 가깝습니다,"시트/패드, 손잡이, 플레이트","🏋️ WATSON — PL Total Torso · Plate Loaded

🎯 ONE KEY CUE
🔥 ""코어를 조인 채 토르소 궤적만 따라가기""

복근+허리 전용 콤보 SKU는 없고 PL Total Torso가 토르소 복합에 가장 가깝습니다. 플레이트 로딩 구조입니다. 처음부터 무게 올리지 말고, 세팅부터 잡으세요.

⚙️ ① 기구 세팅
🪑 좌석 / 패드
시트를 몸에 맞추세요. 시작 위치가 어깨·관절에 자연스럽게 오는지 확인합니다.
🤲 그립 / 손 위치
손잡이를 편안한 너비로 잡으세요. 손목이 꺾이지 않게 합니다.
⚙️ 조절 포인트
시트/패드, 손잡이, 플레이트를 확인하세요. 양쪽 플레이트를 동일하게 맞추고, 한쪽만 먼저 올리지 마세요.
이 카테고리는 공식 명칭이 겹칠 수 있으니, 헬스장 기구의 실제 레버·패드 배치를 우선하세요.

💪 ② 시작 자세
골반을 안정시키고 목으로 당길 생각을 지웁니다.
이 자세에서 이것만 확인하세요.
👉 골반이 고정돼 있는지

🔥 ③ 운동 방법
상체를 접었다 펴며 통제된 반복.
갈비뼈를 골반 쪽으로 말아 올리는 느낌으로 수축하세요.

💥 ④ 최고 수축
목표 근육이 가장 조여지는 끝 지점에서 멈춥니다.
⏱️ 1초 STOP
튕기지 말고 그 지점에서 1초만 소유하세요. 무게를 놓는 순간이 아닙니다.

🐌 ⑤ 천천히 돌아오기
중량을 그냥 놓지 마세요.
2~3초 동안 통제하면서 복귀합니다.
시작 자세로 돌아갈 때도 같은 궤적을 유지하세요.

❌ 흔한 실수
❌ 팔·다리 반동으로 무게를 옮기는
템포를 늦추고 같은 궤적만 반복하세요.
❌ 목으로 당겨 몸통을 접는 것
갈비뼈를 골반 쪽으로 만다는 느낌으로 바꾸세요.
❌ 골반이 뜨며 반동을 쓰는 것
템포를 늦추고 같은 궤적만 반복하세요.
❌ 너무 큰 범위로 과하게 꺾는 것
자세가 무너지면 무게를 낮추세요.
❌ 양쪽 플레이트 무게를 다르게 올리는 것
양쪽을 맞춘 뒤 가벼운 세트로 좌우를 확인하세요.

💡 MACHINE FIT PRO TIP
🔥 PL Total Torso은 플레이트 로딩입니다. 좌우 원판을 동일하게 맞추고, 첫 세트는 궤적·좌우 대칭만 확인한 다음 무게를 올리세요.

🎯 MACHINE FIT CHECK
🟢 시트/패드 → 몸에 맞춤
🟢 몸통 → 브레스·고정
🟢 원판 → 좌우 동일
🟢 복귀 → 2~3초 통제

### 🔥 이것만 기억하세요

""목 말고 몸통으로, 끝에서 조이고 천천히.""","🏋️ WATSON — PL Total Torso · Plate Loaded

🎯 ONE KEY CUE
🔥 ""Brace the core and follow only the torso path""

복근+허리 전용 콤보 SKU는 없고 PL Total Torso가 토르소 복합에 가장 가깝습니다 Lean into the plate-loaded design. Do not chase load until the setup feels locked in.

⚙️ ① Setup
🪑 Seat / pads
Fit the seat to your body so the start position sits naturally on the working joint.
🤲 Grip / hands
Take a comfortable grip width and keep the wrists stacked, not bent.
⚙️ Adjustments
Check 시트/패드, 손잡이, 플레이트. Match plates on both sides — do not load one arm first.
Naming can overlap in this category — trust the levers and pads on the unit in front of you.

💪 ② Start position
Stabilize the pelvis and stop thinking about pulling with the neck.
Check only this:
👉 Pelvis locked

🔥 ③ Execution
Curl the ribcage toward the pelvis.
Curl or rotate through the torso, then return without momentum.

💥 ④ Peak contraction
Stop where the target muscle is most shortened.
⏱️ 1-second STOP
Own that position for one second. This is not where you dump the weight.

🐌 ⑤ Controlled return
Do not dump the load.
Take 2–3 seconds on the way back.
Return on the same path you pressed or pulled.

❌ Common mistakes
❌ Pulling with the neck
Curl ribs toward the pelvis instead.
❌ Lifting the pelvis and using momentum
Slow the tempo and repeat one clean path.
❌ Forcing an excessive range
If position breaks, cut the load.
❌ Loading unequal plates
Match both sides, then confirm with a light set.

💡 MACHINE FIT PRO TIP
🔥 PL Total Torso is plate-loaded. Match plates, confirm path and left-right symmetry on set one, then add load.

🎯 MACHINE FIT CHECK
🟢 Seat/pad → fitted
🟢 Torso → braced
🟢 Plates → matched
🟢 Return → 2–3 sec control

### 🔥 Remember this

""Torso curl, squeeze, slow return — not the neck."""
WATSON,케이블 크로스오버,Cable Crossover,DS Cable Crossover,VERIFIED,Watson Gym Equipment,Dual Stack,https://watsongym.co.uk/product/cable-crossover/,Watson DS Cable Crossover. 듀얼 스택 케이블 크로스오버입니다,"풀리 높이, 스탠스, 스택 핀","🏋️ WATSON — DS Cable Crossover · Dual Stack

🎯 ONE KEY CUE
🔥 ""가슴 높이에서 양손을 모아 교차 수축""

Watson DS Cable Crossover. 듀얼 스택 케이블 크로스오버. Cable Motion 구조입니다. 처음부터 무게 올리지 말고, 세팅부터 잡으세요.

⚙️ ① 기구 세팅
⚙️ 조절 포인트
풀리 높이, 스탠스, 스택 핀을 확인하세요.

💪 ② 시작 자세
발 위치를 잡고 몸통을 브레스한 뒤, 케이블 높이부터 확인합니다.
이 자세에서 이것만 확인하세요.
👉 몸이 케이블에 끌려가지 않는지

🔥 ③ 운동 방법
양 케이블을 모아 교차했다 천천히 벌리기.
반동 없이 같은 궤적을 반복하세요. 흔들리면 중량을 낮춥니다.

💥 ④ 최고 수축
목표 근육이 가장 조여지는 끝 지점에서 멈춥니다.
⏱️ 1초 STOP
튕기지 말고 그 지점에서 1초만 소유하세요. 무게를 놓는 순간이 아닙니다.

🐌 ⑤ 천천히 돌아오기
중량을 그냥 놓지 마세요.
2~3초 동안 통제하면서 복귀합니다.
시작 자세로 돌아갈 때도 같은 궤적을 유지하세요.

❌ 흔한 실수
❌ 어깨를 앞으로 말며 승모로 당기는
어깨를 귀에서 멀리 두고 다시 시작하세요.
❌ 케이블에 몸이 끌려가는 것
자세가 무너지면 무게를 낮추세요.
❌ 높이 설정을 대충 하고 시작하는 것
자세가 무너지면 무게를 낮추세요.
❌ 스택을 놓듯 되돌리는 것
자세가 무너지면 무게를 낮추세요.

💡 MACHINE FIT PRO TIP
🔥 DS Cable Crossover의 가이드 궤적을 이용하세요. 첫 2세트는 천천히, 대칭이 확인된 뒤에만 무게를 올립니다.

🎯 MACHINE FIT CHECK
🟢 몸통 → 브레스·고정
🟢 어깨 → 으쓱하지 않기
🟢 복귀 → 2~3초 통제

### 🔥 이것만 기억하세요

""가슴 높이에서 양손을 모아 교차 수축. 끝에서 1초, 복귀는 통제.""","🏋️ WATSON — DS Cable Crossover · Dual Stack

🎯 ONE KEY CUE
🔥 ""At chest height, bring the hands together for a crossover squeeze""

Watson DS Cable Crossover. 듀얼 스택 케이블 크로스오버입니다 Lean into the Cable Motion design. Do not chase load until the setup feels locked in.

⚙️ ① Setup
⚙️ Adjustments
Check 풀리 높이, 스탠스, 스택 핀.

💪 ② Start position
Set the stance, brace, then confirm cable height.
Check only this:
👉 Cable is not towing your torso

🔥 ③ Execution
Repeat the same path without momentum. Reduce load if you wobble.
Set the line of pull, move through the elbows, return without letting the stack yank you.

💥 ④ Peak contraction
Stop where the target muscle is most shortened.
⏱️ 1-second STOP
Own that position for one second. This is not where you dump the weight.

🐌 ⑤ Controlled return
Do not dump the load.
Take 2–3 seconds on the way back.
Return on the same path you pressed or pulled.

❌ Common mistakes
❌ Letting the cable tow the torso
If position breaks, cut the load.
❌ Skipping height setup
If position breaks, cut the load.
❌ Dumping the stack on the return
If position breaks, cut the load.

💡 MACHINE FIT PRO TIP
🔥 Use the guided path on DS Cable Crossover. Slow the first two sets, confirm symmetry, then add load.

🎯 MACHINE FIT CHECK
🟢 Torso → braced
🟢 Shoulders → not shrugged
🟢 Return → 2–3 sec control

### 🔥 Remember this

""At chest height, bring the hands together for a crossover squeeze. One-second peak, controlled return."""
WATSON,듀얼 어저스터블 풀리,Dual Adjustable Pulley,DS Dual Adjustable Pulley,VERIFIED,Watson Gym Equipment,Dual Stack,https://watsongym.co.uk/product/dual-adjustable-pulley/,Watson DS Dual Adjustable Pulley. 듀얼 어저스터블 풀리입니다,"풀리 높이, 케이블 길이, 손잡이, 스택 핀","🏋️ WATSON — DS Dual Adjustable Pulley · Dual Stack

🎯 ONE KEY CUE
🔥 ""풀리 높이를 맞춘 뒤 궤적을 짧게 통제""

Watson DS Dual Adjustable Pulley. 듀얼 어저스터블 풀리. Cable Motion 구조입니다. 처음부터 무게 올리지 말고, 세팅부터 잡으세요.

⚙️ ① 기구 세팅
🤲 그립 / 손 위치
손잡이를 편안한 너비로 잡으세요. 손목이 꺾이지 않게 합니다.
⚙️ 조절 포인트
풀리 높이, 케이블 길이, 손잡이, 스택 핀을 확인하세요.

💪 ② 시작 자세
발 위치를 잡고 몸통을 브레스한 뒤, 케이블 높이부터 확인합니다.
이 자세에서 이것만 확인하세요.
👉 몸이 케이블에 끌려가지 않는지

🔥 ③ 운동 방법
손잡이를 목표 궤적으로 당겼다 복귀.
반동 없이 같은 궤적을 반복하세요. 흔들리면 중량을 낮춥니다.

💥 ④ 최고 수축
목표 근육이 가장 조여지는 끝 지점에서 멈춥니다.
⏱️ 1초 STOP
튕기지 말고 그 지점에서 1초만 소유하세요. 무게를 놓는 순간이 아닙니다.

🐌 ⑤ 천천히 돌아오기
중량을 그냥 놓지 마세요.
2~3초 동안 통제하면서 복귀합니다.
시작 자세로 돌아갈 때도 같은 궤적을 유지하세요.

❌ 흔한 실수
❌ 케이블이 느슨한 채 반동으로 당기는
템포를 늦추고 같은 궤적만 반복하세요.
❌ 케이블에 몸이 끌려가는 것
자세가 무너지면 무게를 낮추세요.
❌ 높이 설정을 대충 하고 시작하는 것
자세가 무너지면 무게를 낮추세요.
❌ 스택을 놓듯 되돌리는 것
자세가 무너지면 무게를 낮추세요.

💡 MACHINE FIT PRO TIP
🔥 DS Dual Adjustable Pulley의 가이드 궤적을 이용하세요. 첫 2세트는 천천히, 대칭이 확인된 뒤에만 무게를 올립니다.

🎯 MACHINE FIT CHECK
🟢 몸통 → 브레스·고정
🟢 어깨 → 으쓱하지 않기
🟢 복귀 → 2~3초 통제

### 🔥 이것만 기억하세요

""풀리 높이를 맞춘 뒤 궤적을 짧게 통제. 끝에서 1초, 복귀는 통제.""","🏋️ WATSON — DS Dual Adjustable Pulley · Dual Stack

🎯 ONE KEY CUE
🔥 ""Set matching pulley heights and keep a short controlled path""

Watson DS Dual Adjustable Pulley. 듀얼 어저스터블 풀리입니다 Lean into the Cable Motion design. Do not chase load until the setup feels locked in.

⚙️ ① Setup
🤲 Grip / hands
Take a comfortable grip width and keep the wrists stacked, not bent.
⚙️ Adjustments
Check 풀리 높이, 케이블 길이, 손잡이, 스택 핀.

💪 ② Start position
Set the stance, brace, then confirm cable height.
Check only this:
👉 Cable is not towing your torso

🔥 ③ Execution
Repeat the same path without momentum. Reduce load if you wobble.
Set the line of pull, move through the elbows, return without letting the stack yank you.

💥 ④ Peak contraction
Stop where the target muscle is most shortened.
⏱️ 1-second STOP
Own that position for one second. This is not where you dump the weight.

🐌 ⑤ Controlled return
Do not dump the load.
Take 2–3 seconds on the way back.
Return on the same path you pressed or pulled.

❌ Common mistakes
❌ Letting the cable tow the torso
If position breaks, cut the load.
❌ Skipping height setup
If position breaks, cut the load.
❌ Dumping the stack on the return
If position breaks, cut the load.

💡 MACHINE FIT PRO TIP
🔥 Use the guided path on DS Dual Adjustable Pulley. Slow the first two sets, confirm symmetry, then add load.

🎯 MACHINE FIT CHECK
🟢 Torso → braced
🟢 Shoulders → not shrugged
🟢 Return → 2–3 sec control

### 🔥 Remember this

""Set matching pulley heights and keep a short controlled path. One-second peak, controlled return."""
WATSON,멀티 정글짐,Multi Jungle Gym,Eight Station Multi-Gym,VERIFIED,Watson Gym Equipment,Multi-Gyms,https://watsongym.co.uk/product/eight-station-multi-gym/,Eight Station Multi-Gym 및 Animal 10 Stack Multi-Gym이 멀티 정글짐입니다,"스테이션 선택, 풀리/핀, 손잡이","🏋️ WATSON — Eight Station Multi-Gym · Multi-Gyms

🎯 ONE KEY CUE
🔥 ""한 스테이션만 쓰고 케이블 경로를 방해하지 않기""

Eight Station Multi-Gym 및 Animal 10 Stack Multi-Gym이 멀티 정글짐. 왓슨 Plate Loaded·Animal 궤적을 그대로 타는 게 핵심입니다. 처음부터 무게 올리지 말고, 세팅부터 잡으세요.

⚙️ ① 기구 세팅
🤲 그립 / 손 위치
손잡이를 편안한 너비로 잡으세요. 손목이 꺾이지 않게 합니다.
⚙️ 조절 포인트
스테이션 선택, 풀리/핀, 손잡이를 확인하세요.

💪 ② 시작 자세
발 위치를 잡고 몸통을 브레스한 뒤, 케이블 높이부터 확인합니다.
이 자세에서 이것만 확인하세요.
👉 몸이 케이블에 끌려가지 않는지

🔥 ③ 운동 방법
선택한 스테이션 궤적으로 당겼다 복귀.
반동 없이 같은 궤적을 반복하세요. 흔들리면 중량을 낮춥니다.

💥 ④ 최고 수축
목표 근육이 가장 조여지는 끝 지점에서 멈춥니다.
⏱️ 1초 STOP
튕기지 말고 그 지점에서 1초만 소유하세요. 무게를 놓는 순간이 아닙니다.

🐌 ⑤ 천천히 돌아오기
중량을 그냥 놓지 마세요.
2~3초 동안 통제하면서 복귀합니다.
시작 자세로 돌아갈 때도 같은 궤적을 유지하세요.

❌ 흔한 실수
❌ 여러 스테이션을 동시에 잡아 케이블이 꼬이는
자세가 무너지면 무게를 낮추세요.
❌ 케이블에 몸이 끌려가는 것
자세가 무너지면 무게를 낮추세요.
❌ 높이 설정을 대충 하고 시작하는 것
자세가 무너지면 무게를 낮추세요.
❌ 스택을 놓듯 되돌리는 것
자세가 무너지면 무게를 낮추세요.

💡 MACHINE FIT PRO TIP
🔥 Eight Station Multi-Gym의 가이드 궤적을 이용하세요. 첫 2세트는 천천히, 대칭이 확인된 뒤에만 무게를 올립니다.

🎯 MACHINE FIT CHECK
🟢 몸통 → 브레스·고정
🟢 어깨 → 으쓱하지 않기
🟢 복귀 → 2~3초 통제

### 🔥 이것만 기억하세요

""한 스테이션만 쓰고 케이블 경로를 방해하지 않기. 끝에서 1초, 복귀는 통제.""","🏋️ WATSON — Eight Station Multi-Gym · Multi-Gyms

🎯 ONE KEY CUE
🔥 ""Use one station at a time and keep the cable path clear""

Eight Station Multi-Gym 및 Animal 10 Stack Multi-Gym이 멀티 정글짐입니다 Ride the Watson Plate Loaded / Animal path instead of fighting it. Do not chase load until the setup feels locked in.

⚙️ ① Setup
🤲 Grip / hands
Take a comfortable grip width and keep the wrists stacked, not bent.
⚙️ Adjustments
Check 스테이션 선택, 풀리/핀, 손잡이.

💪 ② Start position
Set the stance, brace, then confirm cable height.
Check only this:
👉 Cable is not towing your torso

🔥 ③ Execution
Repeat the same path without momentum. Reduce load if you wobble.
Set the line of pull, move through the elbows, return without letting the stack yank you.

💥 ④ Peak contraction
Stop where the target muscle is most shortened.
⏱️ 1-second STOP
Own that position for one second. This is not where you dump the weight.

🐌 ⑤ Controlled return
Do not dump the load.
Take 2–3 seconds on the way back.
Return on the same path you pressed or pulled.

❌ Common mistakes
❌ Letting the cable tow the torso
If position breaks, cut the load.
❌ Skipping height setup
If position breaks, cut the load.
❌ Dumping the stack on the return
If position breaks, cut the load.

💡 MACHINE FIT PRO TIP
🔥 Use the guided path on Eight Station Multi-Gym. Slow the first two sets, confirm symmetry, then add load.

🎯 MACHINE FIT CHECK
🟢 Torso → braced
🟢 Shoulders → not shrugged
🟢 Return → 2–3 sec control

### 🔥 Remember this

""Use one station at a time and keep the cable path clear. One-second peak, controlled return."""
WATSON,어시스트 풀업 / 딥,Assisted Pull-up / Dip,SS Assisted Chin / Dip,VERIFIED,Watson Gym Equipment,Single Stack,https://watsongym.co.uk/product/assisted-chin-dip/,SS Assisted Chin / Dip. 어시스트 풀업·딥 콤보입니다,"니패드/어시스트 중량, 모드(친/딥), 스택 핀","🏋️ WATSON — SS Assisted Chin / Dip · Single Stack

🎯 ONE KEY CUE
🔥 ""모드에 맞춰 팔꿈치로만 몸을 올리고 내리기""

SS Assisted Chin / Dip. 어시스트 풀업·딥 콤보. 왓슨 Plate Loaded·Animal 궤적을 그대로 타는 게 핵심입니다. 처음부터 무게 올리지 말고, 세팅부터 잡으세요.

⚙️ ① 기구 세팅
🪑 좌석 / 패드
시트를 몸에 맞추세요. 시작 위치가 목표 관절 높이에 오는지 확인합니다.
⚙️ 조절 포인트
니패드/어시스트 중량, 모드(친/딥), 스택 핀을 확인하세요.

💪 ② 시작 자세
발 위치를 잡고 몸통을 브레스한 뒤, 케이블 높이부터 확인합니다.
이 자세에서 이것만 확인하세요.
👉 몸이 케이블에 끌려가지 않는지

🔥 ③ 운동 방법
친업 또는 딥 궤적으로 올렸다 하강.
반동 없이 같은 궤적을 반복하세요. 흔들리면 중량을 낮춥니다.

💥 ④ 최고 수축
목표 근육이 가장 조여지는 끝 지점에서 멈춥니다.
⏱️ 1초 STOP
튕기지 말고 그 지점에서 1초만 소유하세요. 무게를 놓는 순간이 아닙니다.

🐌 ⑤ 천천히 돌아오기
중량을 그냥 놓지 마세요.
2~3초 동안 통제하면서 복귀합니다.
시작 자세로 돌아갈 때도 같은 궤적을 유지하세요.

❌ 흔한 실수
❌ 반동으로 뛰어오르듯 전환하는
템포를 늦추고 같은 궤적만 반복하세요.
❌ 케이블에 몸이 끌려가는 것
자세가 무너지면 무게를 낮추세요.
❌ 높이 설정을 대충 하고 시작하는 것
자세가 무너지면 무게를 낮추세요.
❌ 스택을 놓듯 되돌리는 것
자세가 무너지면 무게를 낮추세요.

💡 MACHINE FIT PRO TIP
🔥 SS Assisted Chin / Dip의 가이드 궤적을 이용하세요. 첫 2세트는 천천히, 대칭이 확인된 뒤에만 무게를 올립니다.

🎯 MACHINE FIT CHECK
🟢 몸통 → 브레스·고정
🟢 어깨 → 으쓱하지 않기
🟢 복귀 → 2~3초 통제

### 🔥 이것만 기억하세요

""모드에 맞춰 팔꿈치로만 몸을 올리고 내리기. 끝에서 1초, 복귀는 통제.""","🏋️ WATSON — SS Assisted Chin / Dip · Single Stack

🎯 ONE KEY CUE
🔥 ""In either mode, move the body with the elbows only""

SS Assisted Chin / Dip. 어시스트 풀업·딥 콤보입니다 Ride the Watson Plate Loaded / Animal path instead of fighting it. Do not chase load until the setup feels locked in.

⚙️ ① Setup
🪑 Seat / pads
Fit the seat to your body so the start position sits naturally on the working joint.
⚙️ Adjustments
Check 니패드/어시스트 중량, 모드(친/딥), 스택 핀.

💪 ② Start position
Set the stance, brace, then confirm cable height.
Check only this:
👉 Cable is not towing your torso

🔥 ③ Execution
Repeat the same path without momentum. Reduce load if you wobble.
Set the line of pull, move through the elbows, return without letting the stack yank you.

💥 ④ Peak contraction
Stop where the target muscle is most shortened.
⏱️ 1-second STOP
Own that position for one second. This is not where you dump the weight.

🐌 ⑤ Controlled return
Do not dump the load.
Take 2–3 seconds on the way back.
Return on the same path you pressed or pulled.

❌ Common mistakes
❌ Letting the cable tow the torso
If position breaks, cut the load.
❌ Skipping height setup
If position breaks, cut the load.
❌ Dumping the stack on the return
If position breaks, cut the load.

💡 MACHINE FIT PRO TIP
🔥 Use the guided path on SS Assisted Chin / Dip. Slow the first two sets, confirm symmetry, then add load.

🎯 MACHINE FIT CHECK
🟢 Torso → braced
🟢 Shoulders → not shrugged
🟢 Return → 2–3 sec control

### 🔥 Remember this

""In either mode, move the body with the elbows only. One-second peak, controlled return."""
WATSON,스미스 머신,Smith Machine,PL 4-Way Smith Machine,VERIFIED,Watson Gym Equipment,Plate Loaded / Racks,https://watsongym.co.uk/product/four-way-plate-load-smith-machine-with-horizontal-vertical-stops/,PL 4-Way Smith Machine. 수평·수직 스톱 스미스입니다,"바 높이, 안전 스토퍼, 스탠스, 플레이트","🏋️ WATSON — PL 4-Way Smith Machine · Plate Loaded / Racks

🎯 ONE KEY CUE
🔥 ""바 경로에 맞춰 코어를 고정하고 수직으로 밀기""

PL 4-Way Smith Machine. 수평·수직 스톱 스미스. 플레이트 로딩 구조입니다. 처음부터 무게 올리지 말고, 세팅부터 잡으세요.

⚙️ ① 기구 세팅
⚙️ 조절 포인트
바 높이, 안전 스토퍼, 스탠스, 플레이트를 확인하세요. 양쪽 플레이트를 동일하게 맞추고, 한쪽만 먼저 올리지 마세요.

💪 ② 시작 자세
바·안전 높이를 맞춘 뒤 랙 중앙에 몸을 정렬합니다.
이 자세에서 이것만 확인하세요.
👉 안전바가 내 가동범위에 맞는지

🔥 ③ 운동 방법
바를 레일을 따라 밀었다 천천히 내리기.
반동 없이 같은 궤적을 반복하세요. 흔들리면 중량을 낮춥니다.

💥 ④ 최고 수축
목표 근육이 가장 조여지는 끝 지점에서 멈춥니다.
⏱️ 1초 STOP
튕기지 말고 그 지점에서 1초만 소유하세요. 무게를 놓는 순간이 아닙니다.

🐌 ⑤ 천천히 돌아오기
중량을 그냥 놓지 마세요.
2~3초 동안 통제하면서 복귀합니다.
시작 자세로 돌아갈 때도 같은 궤적을 유지하세요.

❌ 흔한 실수
❌ 바가 가이드에서 비틀리게 미는
자세가 무너지면 무게를 낮추세요.
❌ 안전바 높이를 안 맞추고 올리는 것
세트 전에 안전 위치부터 다시 맞추세요.
❌ 좌우 원판 불균형
자세가 무너지면 무게를 낮추세요.
❌ 바 경로와 발 위치가 어긋나는 것
자세가 무너지면 무게를 낮추세요.
❌ 양쪽 플레이트 무게를 다르게 올리는 것
양쪽을 맞춘 뒤 가벼운 세트로 좌우를 확인하세요.

💡 MACHINE FIT PRO TIP
🔥 PL 4-Way Smith Machine은 플레이트 로딩입니다. 좌우 원판을 동일하게 맞추고, 첫 세트는 궤적·좌우 대칭만 확인한 다음 무게를 올리세요.

🎯 MACHINE FIT CHECK
🟢 안전바 → 가동범위에 맞춤
🟢 원판 → 좌우 동일
🟢 복귀 → 2~3초 통제

### 🔥 이것만 기억하세요

""바 경로에 맞춰 코어를 고정하고 수직으로 밀기. 끝에서 1초, 복귀는 통제.""","🏋️ WATSON — PL 4-Way Smith Machine · Plate Loaded / Racks

🎯 ONE KEY CUE
🔥 ""Brace the core and press vertically along the bar path""

PL 4-Way Smith Machine. 수평·수직 스톱 스미스입니다 Lean into the plate-loaded design. Do not chase load until the setup feels locked in.

⚙️ ① Setup
⚙️ Adjustments
Check 바 높이, 안전 스토퍼, 스탠스, 플레이트. Match plates on both sides — do not load one arm first.

💪 ② Start position
Set bar and safety height, then center yourself in the rack.
Check only this:
👉 Safeties match your range

🔥 ③ Execution
Repeat the same path without momentum. Reduce load if you wobble.
Stay centered on the bar path and control every rep into the safeties.

💥 ④ Peak contraction
Stop where the target muscle is most shortened.
⏱️ 1-second STOP
Own that position for one second. This is not where you dump the weight.

🐌 ⑤ Controlled return
Do not dump the load.
Take 2–3 seconds on the way back.
Return on the same path you pressed or pulled.

❌ Common mistakes
❌ Loading before setting safeties
Reset safety height before the set.
❌ Uneven plates
Match both sides, then confirm with a light set.
❌ Feet fighting the bar path
If position breaks, cut the load.
❌ Loading unequal plates
Match both sides, then confirm with a light set.

💡 MACHINE FIT PRO TIP
🔥 PL 4-Way Smith Machine is plate-loaded. Match plates, confirm path and left-right symmetry on set one, then add load.

🎯 MACHINE FIT CHECK
🟢 Safeties → match your range
🟢 Plates → matched
🟢 Return → 2–3 sec control

### 🔥 Remember this

""Brace the core and press vertically along the bar path. One-second peak, controlled return."""
WATSON,파워 랙,Power Rack,Power Rack,VERIFIED,Watson Gym Equipment,Racks & Platforms,https://watsongym.co.uk/product/power-rack/,Watson Power Rack. 커머셜 파워 랙/케이지입니다,"J훅·안전바 높이, 스탠스, 바벨 위치","🏋️ WATSON — Power Rack · Racks & Platforms

🎯 ONE KEY CUE
🔥 ""안전바를 맞춘 뒤 바를 수직으로 밀거나 당기기""

Watson Power Rack. 커머셜 파워 랙/케이지. 왓슨 Plate Loaded·Animal 궤적을 그대로 타는 게 핵심입니다. 처음부터 무게 올리지 말고, 세팅부터 잡으세요.

⚙️ ① 기구 세팅
⚙️ 조절 포인트
J훅·안전바 높이, 스탠스, 바벨 위치를 확인하세요.

💪 ② 시작 자세
바·안전 높이를 맞춘 뒤 랙 중앙에 몸을 정렬합니다.
이 자세에서 이것만 확인하세요.
👉 안전바가 내 가동범위에 맞는지

🔥 ③ 운동 방법
랙 안에서 바벨을 들어 올렸다 통제 하강.
반동 없이 같은 궤적을 반복하세요. 흔들리면 중량을 낮춥니다.

💥 ④ 최고 수축
목표 근육이 가장 조여지는 끝 지점에서 멈춥니다.
⏱️ 1초 STOP
튕기지 말고 그 지점에서 1초만 소유하세요. 무게를 놓는 순간이 아닙니다.

🐌 ⑤ 천천히 돌아오기
중량을 그냥 놓지 마세요.
2~3초 동안 통제하면서 복귀합니다.
시작 자세로 돌아갈 때도 같은 궤적을 유지하세요.

❌ 흔한 실수
❌ 안전바 없이 고중량을 거는
세트 전에 안전 위치부터 다시 맞추세요.
❌ 안전바 높이를 안 맞추고 올리는 것
세트 전에 안전 위치부터 다시 맞추세요.
❌ 좌우 원판 불균형
자세가 무너지면 무게를 낮추세요.
❌ 바 경로와 발 위치가 어긋나는 것
자세가 무너지면 무게를 낮추세요.

💡 MACHINE FIT PRO TIP
🔥 해머 스트렝스 랙/스미스는 “바 경로에 몸을 맞추는” 장비입니다. 중량보다 안전바·시작 높이·발 위치를 먼저 고정하세요.

🎯 MACHINE FIT CHECK
🟢 안전바 → 가동범위에 맞춤
🟢 어깨 → 으쓱하지 않기
🟢 복귀 → 2~3초 통제

### 🔥 이것만 기억하세요

""안전바를 맞춘 뒤 바를 수직으로 밀거나 당기기. 끝에서 1초, 복귀는 통제.""","🏋️ WATSON — Power Rack · Racks & Platforms

🎯 ONE KEY CUE
🔥 ""Set the safeties, then press or pull the bar vertically""

Watson Power Rack. 커머셜 파워 랙/케이지입니다 Ride the Watson Plate Loaded / Animal path instead of fighting it. Do not chase load until the setup feels locked in.

⚙️ ① Setup
⚙️ Adjustments
Check J훅·안전바 높이, 스탠스, 바벨 위치.

💪 ② Start position
Set bar and safety height, then center yourself in the rack.
Check only this:
👉 Safeties match your range

🔥 ③ Execution
Repeat the same path without momentum. Reduce load if you wobble.
Stay centered on the bar path and control every rep into the safeties.

💥 ④ Peak contraction
Stop where the target muscle is most shortened.
⏱️ 1-second STOP
Own that position for one second. This is not where you dump the weight.

🐌 ⑤ Controlled return
Do not dump the load.
Take 2–3 seconds on the way back.
Return on the same path you pressed or pulled.

❌ Common mistakes
❌ Loading before setting safeties
Reset safety height before the set.
❌ Uneven plates
Match both sides, then confirm with a light set.
❌ Feet fighting the bar path
If position breaks, cut the load.

💡 MACHINE FIT PRO TIP
🔥 Hammer Strength racks/Smith units reward lining your body up to the bar path. Safeties and foot placement beat ego loading.

🎯 MACHINE FIT CHECK
🟢 Safeties → match your range
🟢 Shoulders → not shrugged
🟢 Return → 2–3 sec control

### 🔥 Remember this

""Set the safeties, then press or pull the bar vertically. One-second peak, controlled return."""
WATSON,하프 랙,Half Rack,Animal Half Rack,VERIFIED,Watson Gym Equipment,Animal / Racks,https://watsongym.co.uk/product/animal-half-rack/,Watson Animal Half Rack. 컴팩트 하프 랙입니다,"J훅·안전바 높이, 스탠스, 바벨 위치","🏋️ WATSON — Animal Half Rack · Animal / Racks

🎯 ONE KEY CUE
🔥 ""하프 랙 프레임에 바를 안정적으로 걸어 수행""

Watson Animal Half Rack. 컴팩트 하프 랙. 왓슨 Plate Loaded·Animal 궤적을 그대로 타는 게 핵심입니다. 처음부터 무게 올리지 말고, 세팅부터 잡으세요.

⚙️ ① 기구 세팅
⚙️ 조절 포인트
J훅·안전바 높이, 스탠스, 바벨 위치를 확인하세요.

💪 ② 시작 자세
바·안전 높이를 맞춘 뒤 랙 중앙에 몸을 정렬합니다.
이 자세에서 이것만 확인하세요.
👉 안전바가 내 가동범위에 맞는지

🔥 ③ 운동 방법
바를 걸어 둔 높이에서 들어 올렸다 재랙.
반동 없이 같은 궤적을 반복하세요. 흔들리면 중량을 낮춥니다.

💥 ④ 최고 수축
목표 근육이 가장 조여지는 끝 지점에서 멈춥니다.
⏱️ 1초 STOP
튕기지 말고 그 지점에서 1초만 소유하세요. 무게를 놓는 순간이 아닙니다.

🐌 ⑤ 천천히 돌아오기
중량을 그냥 놓지 마세요.
2~3초 동안 통제하면서 복귀합니다.
시작 자세로 돌아갈 때도 같은 궤적을 유지하세요.

❌ 흔한 실수
❌ 안전바 위치를 무시하고 깊이만 파는
세트 전에 안전 위치부터 다시 맞추세요.
❌ 안전바 높이를 안 맞추고 올리는 것
세트 전에 안전 위치부터 다시 맞추세요.
❌ 좌우 원판 불균형
자세가 무너지면 무게를 낮추세요.
❌ 바 경로와 발 위치가 어긋나는 것
자세가 무너지면 무게를 낮추세요.

💡 MACHINE FIT PRO TIP
🔥 해머 스트렝스 랙/스미스는 “바 경로에 몸을 맞추는” 장비입니다. 중량보다 안전바·시작 높이·발 위치를 먼저 고정하세요.

🎯 MACHINE FIT CHECK
🟢 안전바 → 가동범위에 맞춤
🟢 어깨 → 으쓱하지 않기
🟢 복귀 → 2~3초 통제

### 🔥 이것만 기억하세요

""하프 랙 프레임에 바를 안정적으로 걸어 수행. 끝에서 1초, 복귀는 통제.""","🏋️ WATSON — Animal Half Rack · Animal / Racks

🎯 ONE KEY CUE
🔥 ""Rack the bar securely on the half-rack uprights before each set""

Watson Animal Half Rack. 컴팩트 하프 랙입니다 Ride the Watson Plate Loaded / Animal path instead of fighting it. Do not chase load until the setup feels locked in.

⚙️ ① Setup
⚙️ Adjustments
Check J훅·안전바 높이, 스탠스, 바벨 위치.

💪 ② Start position
Set bar and safety height, then center yourself in the rack.
Check only this:
👉 Safeties match your range

🔥 ③ Execution
Repeat the same path without momentum. Reduce load if you wobble.
Stay centered on the bar path and control every rep into the safeties.

💥 ④ Peak contraction
Stop where the target muscle is most shortened.
⏱️ 1-second STOP
Own that position for one second. This is not where you dump the weight.

🐌 ⑤ Controlled return
Do not dump the load.
Take 2–3 seconds on the way back.
Return on the same path you pressed or pulled.

❌ Common mistakes
❌ Loading before setting safeties
Reset safety height before the set.
❌ Uneven plates
Match both sides, then confirm with a light set.
❌ Feet fighting the bar path
If position breaks, cut the load.

💡 MACHINE FIT PRO TIP
🔥 Hammer Strength racks/Smith units reward lining your body up to the bar path. Safeties and foot placement beat ego loading.

🎯 MACHINE FIT CHECK
🟢 Safeties → match your range
🟢 Shoulders → not shrugged
🟢 Return → 2–3 sec control

### 🔥 Remember this

""Rack the bar securely on the half-rack uprights before each set. One-second peak, controlled return."""
